ISO-10303-21;
HEADER;
FILE_DESCRIPTION(('Open CASCADE Model'),'2;1');
FILE_NAME('Open CASCADE Shape Model','2026-10-01T10:02:15',('Author'),(
    'Open CASCADE'),'Open CASCADE STEP processor 8.0','build123d',
  'Unknown');
FILE_SCHEMA(('AUTOMOTIVE_DESIGN { 1 0 10303 214 1 1 1 1 }'));
ENDSEC;
DATA;
#1 = APPLICATION_PROTOCOL_DEFINITION('international standard',
  'automotive_design',2000,#2);
#2 = APPLICATION_CONTEXT(
  'core data for automotive mechanical design processes');
#3 = SHAPE_DEFINITION_REPRESENTATION(#4,#10);
#4 = PRODUCT_DEFINITION_SHAPE('','',#5);
#5 = PRODUCT_DEFINITION('design','',#6,#9);
#6 = PRODUCT_DEFINITION_FORMATION('','',#7);
#7 = PRODUCT('COMPOUND','COMPOUND','',(#8));
#8 = PRODUCT_CONTEXT('',#2,'mechanical');
#9 = PRODUCT_DEFINITION_CONTEXT('part definition',#2,'design');
#10 = ADVANCED_BREP_SHAPE_REPRESENTATION('',(#11,#15),#17144);
#11 = AXIS2_PLACEMENT_3D('',#12,#13,#14);
#12 = CARTESIAN_POINT('',(0.,0.,0.));
#13 = DIRECTION('',(0.,0.,1.));
#14 = DIRECTION('',(1.,0.,-0.));
#15 = MANIFOLD_SOLID_BREP('',#16);
#16 = CLOSED_SHELL('',(#17,#243,#319,#698,#1773,#1800,#1869,#1916,#1963,
    #1988,#2243,#2433,#2668,#2831,#3066,#3140,#3294,#3543,#3598,#3667,
    #3811,#4038,#4241,#4316,#4369,#4417,#4581,#4629,#4793,#4843,#4896,
    #4944,#5221,#5269,#5521,#5596,#5649,#5697,#5861,#5909,#6073,#6123,
    #6176,#6224,#6501,#6549,#6801,#6904,#6953,#7024,#7188,#7236,#7400,
    #7478,#7527,#7598,#7821,#7869,#8121,#8148,#8175,#8202,#8229,#8256,
    #8283,#8310,#8337,#8406,#8513,#8562,#8637,#8664,#8719,#8746,#8801,
    #8856,#8883,#8938,#9045,#9094,#9169,#9196,#10445,#10849,#10896,
    #11243,#11275,#11311,#11343,#11379,#11404,#11436,#11472,#11504,
    #11540,#11590,#11640,#11690,#11740,#12559,#13378,#14245,#14252,
    #14259,#14314,#14369,#14376,#14403,#14410,#14417,#14424,#14431,
    #14438,#14465,#14492,#14519,#14593,#14647,#14701,#14726,#14800,
    #14854,#14908,#14933,#14992,#15024,#15083,#15115,#15142,#15169,
    #15243,#15297,#15351,#15376,#15450,#15504,#15558,#15583,#15642,
    #15674,#15701,#15728,#15755,#15782,#15841,#15873,#15898,#15923,
    #15930,#15937,#15944,#15951,#15958,#16013,#16068,#16123,#16178,
    #16233,#16288,#16343,#16398,#16453,#16508,#16543,#16578,#16585,
    #16592,#16628,#16664,#16671,#16678,#16714,#16750,#16754,#16758,
    #16762,#16766,#16770,#16774,#16778,#16782,#16786,#16790,#16845,
    #16900,#16955,#17010,#17065,#17120,#17124,#17128,#17132,#17136,
    #17140));
#17 = ADVANCED_FACE('',(#18,#137),#32,.F.);
#18 = FACE_BOUND('',#19,.F.);
#19 = EDGE_LOOP('',(#20,#55,#83,#111));
#20 = ORIENTED_EDGE('',*,*,#21,.F.);
#21 = EDGE_CURVE('',#22,#24,#26,.T.);
#22 = VERTEX_POINT('',#23);
#23 = CARTESIAN_POINT('',(-239.,-38.,45.5));
#24 = VERTEX_POINT('',#25);
#25 = CARTESIAN_POINT('',(-239.,-38.,76.5));
#26 = SURFACE_CURVE('',#27,(#31,#43),.PCURVE_S1.);
#27 = LINE('',#28,#29);
#28 = CARTESIAN_POINT('',(-239.,-38.,45.5));
#29 = VECTOR('',#30,1.);
#30 = DIRECTION('',(0.,0.,1.));
#31 = PCURVE('',#32,#37);
#32 = PLANE('',#33);
#33 = AXIS2_PLACEMENT_3D('',#34,#35,#36);
#34 = CARTESIAN_POINT('',(-239.,-38.,45.5));
#35 = DIRECTION('',(1.,0.,0.));
#36 = DIRECTION('',(0.,0.,1.));
#37 = DEFINITIONAL_REPRESENTATION('',(#38),#42);
#38 = LINE('',#39,#40);
#39 = CARTESIAN_POINT('',(0.,0.));
#40 = VECTOR('',#41,1.);
#41 = DIRECTION('',(1.,0.));
#42 = ( GEOMETRIC_REPRESENTATION_CONTEXT(2) 
PARAMETRIC_REPRESENTATION_CONTEXT() REPRESENTATION_CONTEXT('2D SPACE',''
  ) );
#43 = PCURVE('',#44,#49);
#44 = PLANE('',#45);
#45 = AXIS2_PLACEMENT_3D('',#46,#47,#48);
#46 = CARTESIAN_POINT('',(-239.,-38.,45.5));
#47 = DIRECTION('',(0.,1.,0.));
#48 = DIRECTION('',(0.,0.,1.));
#49 = DEFINITIONAL_REPRESENTATION('',(#50),#54);
#50 = LINE('',#51,#52);
#51 = CARTESIAN_POINT('',(0.,0.));
#52 = VECTOR('',#53,1.);
#53 = DIRECTION('',(1.,0.));
#54 = ( GEOMETRIC_REPRESENTATION_CONTEXT(2) 
PARAMETRIC_REPRESENTATION_CONTEXT() REPRESENTATION_CONTEXT('2D SPACE',''
  ) );
#55 = ORIENTED_EDGE('',*,*,#56,.T.);
#56 = EDGE_CURVE('',#22,#57,#59,.T.);
#57 = VERTEX_POINT('',#58);
#58 = CARTESIAN_POINT('',(-239.,38.,45.5));
#59 = SURFACE_CURVE('',#60,(#64,#71),.PCURVE_S1.);
#60 = LINE('',#61,#62);
#61 = CARTESIAN_POINT('',(-239.,-38.,45.5));
#62 = VECTOR('',#63,1.);
#63 = DIRECTION('',(0.,1.,0.));
#64 = PCURVE('',#32,#65);
#65 = DEFINITIONAL_REPRESENTATION('',(#66),#70);
#66 = LINE('',#67,#68);
#67 = CARTESIAN_POINT('',(0.,0.));
#68 = VECTOR('',#69,1.);
#69 = DIRECTION('',(0.,-1.));
#70 = ( GEOMETRIC_REPRESENTATION_CONTEXT(2) 
PARAMETRIC_REPRESENTATION_CONTEXT() REPRESENTATION_CONTEXT('2D SPACE',''
  ) );
#71 = PCURVE('',#72,#77);
#72 = PLANE('',#73);
#73 = AXIS2_PLACEMENT_3D('',#74,#75,#76);
#74 = CARTESIAN_POINT('',(-239.,-38.,45.5));
#75 = DIRECTION('',(0.,0.,1.));
#76 = DIRECTION('',(1.,0.,0.));
#77 = DEFINITIONAL_REPRESENTATION('',(#78),#82);
#78 = LINE('',#79,#80);
#79 = CARTESIAN_POINT('',(0.,0.));
#80 = VECTOR('',#81,1.);
#81 = DIRECTION('',(0.,1.));
#82 = ( GEOMETRIC_REPRESENTATION_CONTEXT(2) 
PARAMETRIC_REPRESENTATION_CONTEXT() REPRESENTATION_CONTEXT('2D SPACE',''
  ) );
#83 = ORIENTED_EDGE('',*,*,#84,.T.);
#84 = EDGE_CURVE('',#57,#85,#87,.T.);
#85 = VERTEX_POINT('',#86);
#86 = CARTESIAN_POINT('',(-239.,38.,76.5));
#87 = SURFACE_CURVE('',#88,(#92,#99),.PCURVE_S1.);
#88 = LINE('',#89,#90);
#89 = CARTESIAN_POINT('',(-239.,38.,45.5));
#90 = VECTOR('',#91,1.);
#91 = DIRECTION('',(0.,0.,1.));
#92 = PCURVE('',#32,#93);
#93 = DEFINITIONAL_REPRESENTATION('',(#94),#98);
#94 = LINE('',#95,#96);
#95 = CARTESIAN_POINT('',(0.,-76.));
#96 = VECTOR('',#97,1.);
#97 = DIRECTION('',(1.,0.));
#98 = ( GEOMETRIC_REPRESENTATION_CONTEXT(2) 
PARAMETRIC_REPRESENTATION_CONTEXT() REPRESENTATION_CONTEXT('2D SPACE',''
  ) );
#99 = PCURVE('',#100,#105);
#100 = PLANE('',#101);
#101 = AXIS2_PLACEMENT_3D('',#102,#103,#104);
#102 = CARTESIAN_POINT('',(-239.,38.,45.5));
#103 = DIRECTION('',(0.,1.,0.));
#104 = DIRECTION('',(0.,0.,1.));
#105 = DEFINITIONAL_REPRESENTATION('',(#106),#110);
#106 = LINE('',#107,#108);
#107 = CARTESIAN_POINT('',(0.,0.));
#108 = VECTOR('',#109,1.);
#109 = DIRECTION('',(1.,0.));
#110 = ( GEOMETRIC_REPRESENTATION_CONTEXT(2) 
PARAMETRIC_REPRESENTATION_CONTEXT() REPRESENTATION_CONTEXT('2D SPACE',''
  ) );
#111 = ORIENTED_EDGE('',*,*,#112,.F.);
#112 = EDGE_CURVE('',#24,#85,#113,.T.);
#113 = SURFACE_CURVE('',#114,(#118,#125),.PCURVE_S1.);
#114 = LINE('',#115,#116);
#115 = CARTESIAN_POINT('',(-239.,-38.,76.5));
#116 = VECTOR('',#117,1.);
#117 = DIRECTION('',(0.,1.,0.));
#118 = PCURVE('',#32,#119);
#119 = DEFINITIONAL_REPRESENTATION('',(#120),#124);
#120 = LINE('',#121,#122);
#121 = CARTESIAN_POINT('',(31.,0.));
#122 = VECTOR('',#123,1.);
#123 = DIRECTION('',(0.,-1.));
#124 = ( GEOMETRIC_REPRESENTATION_CONTEXT(2) 
PARAMETRIC_REPRESENTATION_CONTEXT() REPRESENTATION_CONTEXT('2D SPACE',''
  ) );
#125 = PCURVE('',#126,#131);
#126 = PLANE('',#127);
#127 = AXIS2_PLACEMENT_3D('',#128,#129,#130);
#128 = CARTESIAN_POINT('',(-239.,-38.,76.5));
#129 = DIRECTION('',(0.,0.,1.));
#130 = DIRECTION('',(1.,0.,-0.));
#131 = DEFINITIONAL_REPRESENTATION('',(#132),#136);
#132 = LINE('',#133,#134);
#133 = CARTESIAN_POINT('',(0.,0.));
#134 = VECTOR('',#135,1.);
#135 = DIRECTION('',(0.,1.));
#136 = ( GEOMETRIC_REPRESENTATION_CONTEXT(2) 
PARAMETRIC_REPRESENTATION_CONTEXT() REPRESENTATION_CONTEXT('2D SPACE',''
  ) );
#137 = FACE_BOUND('',#138,.F.);
#138 = EDGE_LOOP('',(#139,#167,#193,#219));
#139 = ORIENTED_EDGE('',*,*,#140,.T.);
#140 = EDGE_CURVE('',#141,#143,#145,.T.);
#141 = VERTEX_POINT('',#142);
#142 = CARTESIAN_POINT('',(-239.,28.,70.7));
#143 = VERTEX_POINT('',#144);
#144 = CARTESIAN_POINT('',(-239.,18.,70.7));
#145 = SURFACE_CURVE('',#146,(#150,#156),.PCURVE_S1.);
#146 = LINE('',#147,#148);
#147 = CARTESIAN_POINT('',(-239.,-10.,70.7));
#148 = VECTOR('',#149,1.);
#149 = DIRECTION('',(0.,-1.,0.));
#150 = PCURVE('',#32,#151);
#151 = DEFINITIONAL_REPRESENTATION('',(#152),#155);
#152 = B_SPLINE_CURVE_WITH_KNOTS('',1,(#153,#154),.UNSPECIFIED.,.F.,.F.,
  (2,2),(-38.,-28.),.PIECEWISE_BEZIER_KNOTS.);
#153 = CARTESIAN_POINT('',(25.2,-66.));
#154 = CARTESIAN_POINT('',(25.2,-56.));
#155 = ( GEOMETRIC_REPRESENTATION_CONTEXT(2) 
PARAMETRIC_REPRESENTATION_CONTEXT() REPRESENTATION_CONTEXT('2D SPACE',''
  ) );
#156 = PCURVE('',#157,#162);
#157 = PLANE('',#158);
#158 = AXIS2_PLACEMENT_3D('',#159,#160,#161);
#159 = CARTESIAN_POINT('',(-240.,18.,70.7));
#160 = DIRECTION('',(0.,0.,1.));
#161 = DIRECTION('',(1.,0.,0.));
#162 = DEFINITIONAL_REPRESENTATION('',(#163),#166);
#163 = B_SPLINE_CURVE_WITH_KNOTS('',1,(#164,#165),.UNSPECIFIED.,.F.,.F.,
  (2,2),(-38.,-28.),.PIECEWISE_BEZIER_KNOTS.);
#164 = CARTESIAN_POINT('',(1.,10.));
#165 = CARTESIAN_POINT('',(1.,0.));
#166 = ( GEOMETRIC_REPRESENTATION_CONTEXT(2) 
PARAMETRIC_REPRESENTATION_CONTEXT() REPRESENTATION_CONTEXT('2D SPACE',''
  ) );
#167 = ORIENTED_EDGE('',*,*,#168,.T.);
#168 = EDGE_CURVE('',#143,#169,#171,.T.);
#169 = VERTEX_POINT('',#170);
#170 = CARTESIAN_POINT('',(-239.,18.,74.7));
#171 = SURFACE_CURVE('',#172,(#176,#182),.PCURVE_S1.);
#172 = LINE('',#173,#174);
#173 = CARTESIAN_POINT('',(-239.,18.,58.1));
#174 = VECTOR('',#175,1.);
#175 = DIRECTION('',(0.,0.,1.));
#176 = PCURVE('',#32,#177);
#177 = DEFINITIONAL_REPRESENTATION('',(#178),#181);
#178 = B_SPLINE_CURVE_WITH_KNOTS('',1,(#179,#180),.UNSPECIFIED.,.F.,.F.,
  (2,2),(12.6,16.6),.PIECEWISE_BEZIER_KNOTS.);
#179 = CARTESIAN_POINT('',(25.2,-56.));
#180 = CARTESIAN_POINT('',(29.2,-56.));
#181 = ( GEOMETRIC_REPRESENTATION_CONTEXT(2) 
PARAMETRIC_REPRESENTATION_CONTEXT() REPRESENTATION_CONTEXT('2D SPACE',''
  ) );
#182 = PCURVE('',#183,#188);
#183 = PLANE('',#184);
#184 = AXIS2_PLACEMENT_3D('',#185,#186,#187);
#185 = CARTESIAN_POINT('',(-240.,18.,70.7));
#186 = DIRECTION('',(0.,1.,0.));
#187 = DIRECTION('',(0.,0.,1.));
#188 = DEFINITIONAL_REPRESENTATION('',(#189),#192);
#189 = B_SPLINE_CURVE_WITH_KNOTS('',1,(#190,#191),.UNSPECIFIED.,.F.,.F.,
  (2,2),(12.6,16.6),.PIECEWISE_BEZIER_KNOTS.);
#190 = CARTESIAN_POINT('',(0.,1.));
#191 = CARTESIAN_POINT('',(4.,1.));
#192 = ( GEOMETRIC_REPRESENTATION_CONTEXT(2) 
PARAMETRIC_REPRESENTATION_CONTEXT() REPRESENTATION_CONTEXT('2D SPACE',''
  ) );
#193 = ORIENTED_EDGE('',*,*,#194,.F.);
#194 = EDGE_CURVE('',#195,#169,#197,.T.);
#195 = VERTEX_POINT('',#196);
#196 = CARTESIAN_POINT('',(-239.,28.,74.7));
#197 = SURFACE_CURVE('',#198,(#202,#208),.PCURVE_S1.);
#198 = LINE('',#199,#200);
#199 = CARTESIAN_POINT('',(-239.,-10.,74.7));
#200 = VECTOR('',#201,1.);
#201 = DIRECTION('',(0.,-1.,0.));
#202 = PCURVE('',#32,#203);
#203 = DEFINITIONAL_REPRESENTATION('',(#204),#207);
#204 = B_SPLINE_CURVE_WITH_KNOTS('',1,(#205,#206),.UNSPECIFIED.,.F.,.F.,
  (2,2),(-38.,-28.),.PIECEWISE_BEZIER_KNOTS.);
#205 = CARTESIAN_POINT('',(29.2,-66.));
#206 = CARTESIAN_POINT('',(29.2,-56.));
#207 = ( GEOMETRIC_REPRESENTATION_CONTEXT(2) 
PARAMETRIC_REPRESENTATION_CONTEXT() REPRESENTATION_CONTEXT('2D SPACE',''
  ) );
#208 = PCURVE('',#209,#214);
#209 = PLANE('',#210);
#210 = AXIS2_PLACEMENT_3D('',#211,#212,#213);
#211 = CARTESIAN_POINT('',(-240.,18.,74.7));
#212 = DIRECTION('',(0.,0.,1.));
#213 = DIRECTION('',(1.,0.,0.));
#214 = DEFINITIONAL_REPRESENTATION('',(#215),#218);
#215 = B_SPLINE_CURVE_WITH_KNOTS('',1,(#216,#217),.UNSPECIFIED.,.F.,.F.,
  (2,2),(-38.,-28.),.PIECEWISE_BEZIER_KNOTS.);
#216 = CARTESIAN_POINT('',(1.,10.));
#217 = CARTESIAN_POINT('',(1.,0.));
#218 = ( GEOMETRIC_REPRESENTATION_CONTEXT(2) 
PARAMETRIC_REPRESENTATION_CONTEXT() REPRESENTATION_CONTEXT('2D SPACE',''
  ) );
#219 = ORIENTED_EDGE('',*,*,#220,.F.);
#220 = EDGE_CURVE('',#141,#195,#221,.T.);
#221 = SURFACE_CURVE('',#222,(#226,#232),.PCURVE_S1.);
#222 = LINE('',#223,#224);
#223 = CARTESIAN_POINT('',(-239.,28.,58.1));
#224 = VECTOR('',#225,1.);
#225 = DIRECTION('',(0.,0.,1.));
#226 = PCURVE('',#32,#227);
#227 = DEFINITIONAL_REPRESENTATION('',(#228),#231);
#228 = B_SPLINE_CURVE_WITH_KNOTS('',1,(#229,#230),.UNSPECIFIED.,.F.,.F.,
  (2,2),(12.6,16.6),.PIECEWISE_BEZIER_KNOTS.);
#229 = CARTESIAN_POINT('',(25.2,-66.));
#230 = CARTESIAN_POINT('',(29.2,-66.));
#231 = ( GEOMETRIC_REPRESENTATION_CONTEXT(2) 
PARAMETRIC_REPRESENTATION_CONTEXT() REPRESENTATION_CONTEXT('2D SPACE',''
  ) );
#232 = PCURVE('',#233,#238);
#233 = PLANE('',#234);
#234 = AXIS2_PLACEMENT_3D('',#235,#236,#237);
#235 = CARTESIAN_POINT('',(-240.,28.,70.7));
#236 = DIRECTION('',(0.,1.,0.));
#237 = DIRECTION('',(0.,0.,1.));
#238 = DEFINITIONAL_REPRESENTATION('',(#239),#242);
#239 = B_SPLINE_CURVE_WITH_KNOTS('',1,(#240,#241),.UNSPECIFIED.,.F.,.F.,
  (2,2),(12.6,16.6),.PIECEWISE_BEZIER_KNOTS.);
#240 = CARTESIAN_POINT('',(0.,1.));
#241 = CARTESIAN_POINT('',(4.,1.));
#242 = ( GEOMETRIC_REPRESENTATION_CONTEXT(2) 
PARAMETRIC_REPRESENTATION_CONTEXT() REPRESENTATION_CONTEXT('2D SPACE',''
  ) );
#243 = ADVANCED_FACE('',(#244),#44,.F.);
#244 = FACE_BOUND('',#245,.F.);
#245 = EDGE_LOOP('',(#246,#269,#270,#293));
#246 = ORIENTED_EDGE('',*,*,#247,.F.);
#247 = EDGE_CURVE('',#22,#248,#250,.T.);
#248 = VERTEX_POINT('',#249);
#249 = CARTESIAN_POINT('',(-71.,-38.,45.5));
#250 = SURFACE_CURVE('',#251,(#255,#262),.PCURVE_S1.);
#251 = LINE('',#252,#253);
#252 = CARTESIAN_POINT('',(-239.,-38.,45.5));
#253 = VECTOR('',#254,1.);
#254 = DIRECTION('',(1.,0.,0.));
#255 = PCURVE('',#44,#256);
#256 = DEFINITIONAL_REPRESENTATION('',(#257),#261);
#257 = LINE('',#258,#259);
#258 = CARTESIAN_POINT('',(0.,0.));
#259 = VECTOR('',#260,1.);
#260 = DIRECTION('',(0.,1.));
#261 = ( GEOMETRIC_REPRESENTATION_CONTEXT(2) 
PARAMETRIC_REPRESENTATION_CONTEXT() REPRESENTATION_CONTEXT('2D SPACE',''
  ) );
#262 = PCURVE('',#72,#263);
#263 = DEFINITIONAL_REPRESENTATION('',(#264),#268);
#264 = LINE('',#265,#266);
#265 = CARTESIAN_POINT('',(0.,0.));
#266 = VECTOR('',#267,1.);
#267 = DIRECTION('',(1.,0.));
#268 = ( GEOMETRIC_REPRESENTATION_CONTEXT(2) 
PARAMETRIC_REPRESENTATION_CONTEXT() REPRESENTATION_CONTEXT('2D SPACE',''
  ) );
#269 = ORIENTED_EDGE('',*,*,#21,.T.);
#270 = ORIENTED_EDGE('',*,*,#271,.T.);
#271 = EDGE_CURVE('',#24,#272,#274,.T.);
#272 = VERTEX_POINT('',#273);
#273 = CARTESIAN_POINT('',(-71.,-38.,76.5));
#274 = SURFACE_CURVE('',#275,(#279,#286),.PCURVE_S1.);
#275 = LINE('',#276,#277);
#276 = CARTESIAN_POINT('',(-239.,-38.,76.5));
#277 = VECTOR('',#278,1.);
#278 = DIRECTION('',(1.,0.,0.));
#279 = PCURVE('',#44,#280);
#280 = DEFINITIONAL_REPRESENTATION('',(#281),#285);
#281 = LINE('',#282,#283);
#282 = CARTESIAN_POINT('',(31.,0.));
#283 = VECTOR('',#284,1.);
#284 = DIRECTION('',(0.,1.));
#285 = ( GEOMETRIC_REPRESENTATION_CONTEXT(2) 
PARAMETRIC_REPRESENTATION_CONTEXT() REPRESENTATION_CONTEXT('2D SPACE',''
  ) );
#286 = PCURVE('',#126,#287);
#287 = DEFINITIONAL_REPRESENTATION('',(#288),#292);
#288 = LINE('',#289,#290);
#289 = CARTESIAN_POINT('',(0.,0.));
#290 = VECTOR('',#291,1.);
#291 = DIRECTION('',(1.,0.));
#292 = ( GEOMETRIC_REPRESENTATION_CONTEXT(2) 
PARAMETRIC_REPRESENTATION_CONTEXT() REPRESENTATION_CONTEXT('2D SPACE',''
  ) );
#293 = ORIENTED_EDGE('',*,*,#294,.F.);
#294 = EDGE_CURVE('',#248,#272,#295,.T.);
#295 = SURFACE_CURVE('',#296,(#300,#307),.PCURVE_S1.);
#296 = LINE('',#297,#298);
#297 = CARTESIAN_POINT('',(-71.,-38.,45.5));
#298 = VECTOR('',#299,1.);
#299 = DIRECTION('',(0.,0.,1.));
#300 = PCURVE('',#44,#301);
#301 = DEFINITIONAL_REPRESENTATION('',(#302),#306);
#302 = LINE('',#303,#304);
#303 = CARTESIAN_POINT('',(0.,168.));
#304 = VECTOR('',#305,1.);
#305 = DIRECTION('',(1.,0.));
#306 = ( GEOMETRIC_REPRESENTATION_CONTEXT(2) 
PARAMETRIC_REPRESENTATION_CONTEXT() REPRESENTATION_CONTEXT('2D SPACE',''
  ) );
#307 = PCURVE('',#308,#313);
#308 = PLANE('',#309);
#309 = AXIS2_PLACEMENT_3D('',#310,#311,#312);
#310 = CARTESIAN_POINT('',(-71.,-38.,45.5));
#311 = DIRECTION('',(1.,0.,0.));
#312 = DIRECTION('',(0.,0.,1.));
#313 = DEFINITIONAL_REPRESENTATION('',(#314),#318);
#314 = LINE('',#315,#316);
#315 = CARTESIAN_POINT('',(0.,0.));
#316 = VECTOR('',#317,1.);
#317 = DIRECTION('',(1.,0.));
#318 = ( GEOMETRIC_REPRESENTATION_CONTEXT(2) 
PARAMETRIC_REPRESENTATION_CONTEXT() REPRESENTATION_CONTEXT('2D SPACE',''
  ) );
#319 = ADVANCED_FACE('',(#320,#368,#479),#126,.T.);
#320 = FACE_BOUND('',#321,.T.);
#321 = EDGE_LOOP('',(#322,#323,#324,#347));
#322 = ORIENTED_EDGE('',*,*,#112,.F.);
#323 = ORIENTED_EDGE('',*,*,#271,.T.);
#324 = ORIENTED_EDGE('',*,*,#325,.T.);
#325 = EDGE_CURVE('',#272,#326,#328,.T.);
#326 = VERTEX_POINT('',#327);
#327 = CARTESIAN_POINT('',(-71.,38.,76.5));
#328 = SURFACE_CURVE('',#329,(#333,#340),.PCURVE_S1.);
#329 = LINE('',#330,#331);
#330 = CARTESIAN_POINT('',(-71.,-38.,76.5));
#331 = VECTOR('',#332,1.);
#332 = DIRECTION('',(0.,1.,0.));
#333 = PCURVE('',#126,#334);
#334 = DEFINITIONAL_REPRESENTATION('',(#335),#339);
#335 = LINE('',#336,#337);
#336 = CARTESIAN_POINT('',(168.,0.));
#337 = VECTOR('',#338,1.);
#338 = DIRECTION('',(0.,1.));
#339 = ( GEOMETRIC_REPRESENTATION_CONTEXT(2) 
PARAMETRIC_REPRESENTATION_CONTEXT() REPRESENTATION_CONTEXT('2D SPACE',''
  ) );
#340 = PCURVE('',#308,#341);
#341 = DEFINITIONAL_REPRESENTATION('',(#342),#346);
#342 = LINE('',#343,#344);
#343 = CARTESIAN_POINT('',(31.,0.));
#344 = VECTOR('',#345,1.);
#345 = DIRECTION('',(0.,-1.));
#346 = ( GEOMETRIC_REPRESENTATION_CONTEXT(2) 
PARAMETRIC_REPRESENTATION_CONTEXT() REPRESENTATION_CONTEXT('2D SPACE',''
  ) );
#347 = ORIENTED_EDGE('',*,*,#348,.F.);
#348 = EDGE_CURVE('',#85,#326,#349,.T.);
#349 = SURFACE_CURVE('',#350,(#354,#361),.PCURVE_S1.);
#350 = LINE('',#351,#352);
#351 = CARTESIAN_POINT('',(-239.,38.,76.5));
#352 = VECTOR('',#353,1.);
#353 = DIRECTION('',(1.,0.,0.));
#354 = PCURVE('',#126,#355);
#355 = DEFINITIONAL_REPRESENTATION('',(#356),#360);
#356 = LINE('',#357,#358);
#357 = CARTESIAN_POINT('',(0.,76.));
#358 = VECTOR('',#359,1.);
#359 = DIRECTION('',(1.,0.));
#360 = ( GEOMETRIC_REPRESENTATION_CONTEXT(2) 
PARAMETRIC_REPRESENTATION_CONTEXT() REPRESENTATION_CONTEXT('2D SPACE',''
  ) );
#361 = PCURVE('',#100,#362);
#362 = DEFINITIONAL_REPRESENTATION('',(#363),#367);
#363 = LINE('',#364,#365);
#364 = CARTESIAN_POINT('',(31.,0.));
#365 = VECTOR('',#366,1.);
#366 = DIRECTION('',(0.,1.));
#367 = ( GEOMETRIC_REPRESENTATION_CONTEXT(2) 
PARAMETRIC_REPRESENTATION_CONTEXT() REPRESENTATION_CONTEXT('2D SPACE',''
  ) );
#368 = FACE_BOUND('',#369,.T.);
#369 = EDGE_LOOP('',(#370,#399,#427,#454));
#370 = ORIENTED_EDGE('',*,*,#371,.T.);
#371 = EDGE_CURVE('',#372,#374,#376,.T.);
#372 = VERTEX_POINT('',#373);
#373 = CARTESIAN_POINT('',(-73.,-36.,76.5));
#374 = VERTEX_POINT('',#375);
#375 = CARTESIAN_POINT('',(-98.8,-36.,76.5));
#376 = SURFACE_CURVE('',#377,(#381,#388),.PCURVE_S1.);
#377 = LINE('',#378,#379);
#378 = CARTESIAN_POINT('',(-238.,-36.,76.5));
#379 = VECTOR('',#380,1.);
#380 = DIRECTION('',(-1.,-0.,0.));
#381 = PCURVE('',#126,#382);
#382 = DEFINITIONAL_REPRESENTATION('',(#383),#387);
#383 = LINE('',#384,#385);
#384 = CARTESIAN_POINT('',(1.,2.));
#385 = VECTOR('',#386,1.);
#386 = DIRECTION('',(-1.,0.));
#387 = ( GEOMETRIC_REPRESENTATION_CONTEXT(2) 
PARAMETRIC_REPRESENTATION_CONTEXT() REPRESENTATION_CONTEXT('2D SPACE',''
  ) );
#388 = PCURVE('',#389,#394);
#389 = PLANE('',#390);
#390 = AXIS2_PLACEMENT_3D('',#391,#392,#393);
#391 = CARTESIAN_POINT('',(-237.,-36.,48.));
#392 = DIRECTION('',(0.,1.,0.));
#393 = DIRECTION('',(0.,0.,1.));
#394 = DEFINITIONAL_REPRESENTATION('',(#395),#398);
#395 = B_SPLINE_CURVE_WITH_KNOTS('',1,(#396,#397),.UNSPECIFIED.,.F.,.F.,
  (2,2),(-165.,-1.),.PIECEWISE_BEZIER_KNOTS.);
#396 = CARTESIAN_POINT('',(28.5,164.));
#397 = CARTESIAN_POINT('',(28.5,0.));
#398 = ( GEOMETRIC_REPRESENTATION_CONTEXT(2) 
PARAMETRIC_REPRESENTATION_CONTEXT() REPRESENTATION_CONTEXT('2D SPACE',''
  ) );
#399 = ORIENTED_EDGE('',*,*,#400,.T.);
#400 = EDGE_CURVE('',#374,#401,#403,.T.);
#401 = VERTEX_POINT('',#402);
#402 = CARTESIAN_POINT('',(-98.8,36.,76.5));
#403 = SURFACE_CURVE('',#404,(#408,#415),.PCURVE_S1.);
#404 = LINE('',#405,#406);
#405 = CARTESIAN_POINT('',(-98.8,-36.,76.5));
#406 = VECTOR('',#407,1.);
#407 = DIRECTION('',(0.,1.,0.));
#408 = PCURVE('',#126,#409);
#409 = DEFINITIONAL_REPRESENTATION('',(#410),#414);
#410 = LINE('',#411,#412);
#411 = CARTESIAN_POINT('',(140.2,2.));
#412 = VECTOR('',#413,1.);
#413 = DIRECTION('',(0.,1.));
#414 = ( GEOMETRIC_REPRESENTATION_CONTEXT(2) 
PARAMETRIC_REPRESENTATION_CONTEXT() REPRESENTATION_CONTEXT('2D SPACE',''
  ) );
#415 = PCURVE('',#416,#421);
#416 = PLANE('',#417);
#417 = AXIS2_PLACEMENT_3D('',#418,#419,#420);
#418 = CARTESIAN_POINT('',(-98.8,-36.,48.));
#419 = DIRECTION('',(1.,0.,0.));
#420 = DIRECTION('',(0.,0.,1.));
#421 = DEFINITIONAL_REPRESENTATION('',(#422),#426);
#422 = LINE('',#423,#424);
#423 = CARTESIAN_POINT('',(28.5,0.));
#424 = VECTOR('',#425,1.);
#425 = DIRECTION('',(0.,-1.));
#426 = ( GEOMETRIC_REPRESENTATION_CONTEXT(2) 
PARAMETRIC_REPRESENTATION_CONTEXT() REPRESENTATION_CONTEXT('2D SPACE',''
  ) );
#427 = ORIENTED_EDGE('',*,*,#428,.F.);
#428 = EDGE_CURVE('',#429,#401,#431,.T.);
#429 = VERTEX_POINT('',#430);
#430 = CARTESIAN_POINT('',(-73.,36.,76.5));
#431 = SURFACE_CURVE('',#432,(#436,#443),.PCURVE_S1.);
#432 = LINE('',#433,#434);
#433 = CARTESIAN_POINT('',(-238.,36.,76.5));
#434 = VECTOR('',#435,1.);
#435 = DIRECTION('',(-1.,-0.,0.));
#436 = PCURVE('',#126,#437);
#437 = DEFINITIONAL_REPRESENTATION('',(#438),#442);
#438 = LINE('',#439,#440);
#439 = CARTESIAN_POINT('',(1.,74.));
#440 = VECTOR('',#441,1.);
#441 = DIRECTION('',(-1.,0.));
#442 = ( GEOMETRIC_REPRESENTATION_CONTEXT(2) 
PARAMETRIC_REPRESENTATION_CONTEXT() REPRESENTATION_CONTEXT('2D SPACE',''
  ) );
#443 = PCURVE('',#444,#449);
#444 = PLANE('',#445);
#445 = AXIS2_PLACEMENT_3D('',#446,#447,#448);
#446 = CARTESIAN_POINT('',(-237.,36.,48.));
#447 = DIRECTION('',(0.,1.,0.));
#448 = DIRECTION('',(0.,0.,1.));
#449 = DEFINITIONAL_REPRESENTATION('',(#450),#453);
#450 = B_SPLINE_CURVE_WITH_KNOTS('',1,(#451,#452),.UNSPECIFIED.,.F.,.F.,
  (2,2),(-165.,-1.),.PIECEWISE_BEZIER_KNOTS.);
#451 = CARTESIAN_POINT('',(28.5,164.));
#452 = CARTESIAN_POINT('',(28.5,0.));
#453 = ( GEOMETRIC_REPRESENTATION_CONTEXT(2) 
PARAMETRIC_REPRESENTATION_CONTEXT() REPRESENTATION_CONTEXT('2D SPACE',''
  ) );
#454 = ORIENTED_EDGE('',*,*,#455,.F.);
#455 = EDGE_CURVE('',#372,#429,#456,.T.);
#456 = SURFACE_CURVE('',#457,(#461,#468),.PCURVE_S1.);
#457 = LINE('',#458,#459);
#458 = CARTESIAN_POINT('',(-73.,-37.,76.5));
#459 = VECTOR('',#460,1.);
#460 = DIRECTION('',(-0.,1.,0.));
#461 = PCURVE('',#126,#462);
#462 = DEFINITIONAL_REPRESENTATION('',(#463),#467);
#463 = LINE('',#464,#465);
#464 = CARTESIAN_POINT('',(166.,1.));
#465 = VECTOR('',#466,1.);
#466 = DIRECTION('',(0.,1.));
#467 = ( GEOMETRIC_REPRESENTATION_CONTEXT(2) 
PARAMETRIC_REPRESENTATION_CONTEXT() REPRESENTATION_CONTEXT('2D SPACE',''
  ) );
#468 = PCURVE('',#469,#474);
#469 = PLANE('',#470);
#470 = AXIS2_PLACEMENT_3D('',#471,#472,#473);
#471 = CARTESIAN_POINT('',(-73.,-36.,48.));
#472 = DIRECTION('',(1.,0.,0.));
#473 = DIRECTION('',(0.,0.,1.));
#474 = DEFINITIONAL_REPRESENTATION('',(#475),#478);
#475 = B_SPLINE_CURVE_WITH_KNOTS('',1,(#476,#477),.UNSPECIFIED.,.F.,.F.,
  (2,2),(1.,73.),.PIECEWISE_BEZIER_KNOTS.);
#476 = CARTESIAN_POINT('',(28.5,0.));
#477 = CARTESIAN_POINT('',(28.5,-72.));
#478 = ( GEOMETRIC_REPRESENTATION_CONTEXT(2) 
PARAMETRIC_REPRESENTATION_CONTEXT() REPRESENTATION_CONTEXT('2D SPACE',''
  ) );
#479 = FACE_BOUND('',#480,.T.);
#480 = EDGE_LOOP('',(#481,#510,#537,#564,#591,#618,#645,#672));
#481 = ORIENTED_EDGE('',*,*,#482,.T.);
#482 = EDGE_CURVE('',#483,#485,#487,.T.);
#483 = VERTEX_POINT('',#484);
#484 = CARTESIAN_POINT('',(-101.8,-36.,76.5));
#485 = VERTEX_POINT('',#486);
#486 = CARTESIAN_POINT('',(-120.,-36.,76.5));
#487 = SURFACE_CURVE('',#488,(#492,#499),.PCURVE_S1.);
#488 = LINE('',#489,#490);
#489 = CARTESIAN_POINT('',(-238.,-36.,76.5));
#490 = VECTOR('',#491,1.);
#491 = DIRECTION('',(-1.,-0.,0.));
#492 = PCURVE('',#126,#493);
#493 = DEFINITIONAL_REPRESENTATION('',(#494),#498);
#494 = LINE('',#495,#496);
#495 = CARTESIAN_POINT('',(1.,2.));
#496 = VECTOR('',#497,1.);
#497 = DIRECTION('',(-1.,0.));
#498 = ( GEOMETRIC_REPRESENTATION_CONTEXT(2) 
PARAMETRIC_REPRESENTATION_CONTEXT() REPRESENTATION_CONTEXT('2D SPACE',''
  ) );
#499 = PCURVE('',#500,#505);
#500 = PLANE('',#501);
#501 = AXIS2_PLACEMENT_3D('',#502,#503,#504);
#502 = CARTESIAN_POINT('',(-237.,-36.,48.));
#503 = DIRECTION('',(0.,1.,0.));
#504 = DIRECTION('',(0.,0.,1.));
#505 = DEFINITIONAL_REPRESENTATION('',(#506),#509);
#506 = B_SPLINE_CURVE_WITH_KNOTS('',1,(#507,#508),.UNSPECIFIED.,.F.,.F.,
  (2,2),(-165.,-1.),.PIECEWISE_BEZIER_KNOTS.);
#507 = CARTESIAN_POINT('',(28.5,164.));
#508 = CARTESIAN_POINT('',(28.5,0.));
#509 = ( GEOMETRIC_REPRESENTATION_CONTEXT(2) 
PARAMETRIC_REPRESENTATION_CONTEXT() REPRESENTATION_CONTEXT('2D SPACE',''
  ) );
#510 = ORIENTED_EDGE('',*,*,#511,.T.);
#511 = EDGE_CURVE('',#485,#512,#514,.T.);
#512 = VERTEX_POINT('',#513);
#513 = CARTESIAN_POINT('',(-188.,-36.,76.5));
#514 = SURFACE_CURVE('',#515,(#519,#526),.PCURVE_S1.);
#515 = LINE('',#516,#517);
#516 = CARTESIAN_POINT('',(-238.,-36.,76.5));
#517 = VECTOR('',#518,1.);
#518 = DIRECTION('',(-1.,-0.,0.));
#519 = PCURVE('',#126,#520);
#520 = DEFINITIONAL_REPRESENTATION('',(#521),#525);
#521 = LINE('',#522,#523);
#522 = CARTESIAN_POINT('',(1.,2.));
#523 = VECTOR('',#524,1.);
#524 = DIRECTION('',(-1.,0.));
#525 = ( GEOMETRIC_REPRESENTATION_CONTEXT(2) 
PARAMETRIC_REPRESENTATION_CONTEXT() REPRESENTATION_CONTEXT('2D SPACE',''
  ) );
#526 = PCURVE('',#527,#532);
#527 = PLANE('',#528);
#528 = AXIS2_PLACEMENT_3D('',#529,#530,#531);
#529 = CARTESIAN_POINT('',(-237.,-36.,48.));
#530 = DIRECTION('',(0.,1.,0.));
#531 = DIRECTION('',(0.,0.,1.));
#532 = DEFINITIONAL_REPRESENTATION('',(#533),#536);
#533 = B_SPLINE_CURVE_WITH_KNOTS('',1,(#534,#535),.UNSPECIFIED.,.F.,.F.,
  (2,2),(-165.,-1.),.PIECEWISE_BEZIER_KNOTS.);
#534 = CARTESIAN_POINT('',(28.5,164.));
#535 = CARTESIAN_POINT('',(28.5,0.));
#536 = ( GEOMETRIC_REPRESENTATION_CONTEXT(2) 
PARAMETRIC_REPRESENTATION_CONTEXT() REPRESENTATION_CONTEXT('2D SPACE',''
  ) );
#537 = ORIENTED_EDGE('',*,*,#538,.T.);
#538 = EDGE_CURVE('',#512,#539,#541,.T.);
#539 = VERTEX_POINT('',#540);
#540 = CARTESIAN_POINT('',(-237.,-36.,76.5));
#541 = SURFACE_CURVE('',#542,(#546,#553),.PCURVE_S1.);
#542 = LINE('',#543,#544);
#543 = CARTESIAN_POINT('',(-238.,-36.,76.5));
#544 = VECTOR('',#545,1.);
#545 = DIRECTION('',(-1.,-0.,0.));
#546 = PCURVE('',#126,#547);
#547 = DEFINITIONAL_REPRESENTATION('',(#548),#552);
#548 = LINE('',#549,#550);
#549 = CARTESIAN_POINT('',(1.,2.));
#550 = VECTOR('',#551,1.);
#551 = DIRECTION('',(-1.,0.));
#552 = ( GEOMETRIC_REPRESENTATION_CONTEXT(2) 
PARAMETRIC_REPRESENTATION_CONTEXT() REPRESENTATION_CONTEXT('2D SPACE',''
  ) );
#553 = PCURVE('',#554,#559);
#554 = PLANE('',#555);
#555 = AXIS2_PLACEMENT_3D('',#556,#557,#558);
#556 = CARTESIAN_POINT('',(-237.,-36.,48.));
#557 = DIRECTION('',(0.,1.,0.));
#558 = DIRECTION('',(0.,0.,1.));
#559 = DEFINITIONAL_REPRESENTATION('',(#560),#563);
#560 = B_SPLINE_CURVE_WITH_KNOTS('',1,(#561,#562),.UNSPECIFIED.,.F.,.F.,
  (2,2),(-165.,-1.),.PIECEWISE_BEZIER_KNOTS.);
#561 = CARTESIAN_POINT('',(28.5,164.));
#562 = CARTESIAN_POINT('',(28.5,0.));
#563 = ( GEOMETRIC_REPRESENTATION_CONTEXT(2) 
PARAMETRIC_REPRESENTATION_CONTEXT() REPRESENTATION_CONTEXT('2D SPACE',''
  ) );
#564 = ORIENTED_EDGE('',*,*,#565,.T.);
#565 = EDGE_CURVE('',#539,#566,#568,.T.);
#566 = VERTEX_POINT('',#567);
#567 = CARTESIAN_POINT('',(-237.,36.,76.5));
#568 = SURFACE_CURVE('',#569,(#573,#580),.PCURVE_S1.);
#569 = LINE('',#570,#571);
#570 = CARTESIAN_POINT('',(-237.,-37.,76.5));
#571 = VECTOR('',#572,1.);
#572 = DIRECTION('',(-0.,1.,0.));
#573 = PCURVE('',#126,#574);
#574 = DEFINITIONAL_REPRESENTATION('',(#575),#579);
#575 = LINE('',#576,#577);
#576 = CARTESIAN_POINT('',(2.,1.));
#577 = VECTOR('',#578,1.);
#578 = DIRECTION('',(0.,1.));
#579 = ( GEOMETRIC_REPRESENTATION_CONTEXT(2) 
PARAMETRIC_REPRESENTATION_CONTEXT() REPRESENTATION_CONTEXT('2D SPACE',''
  ) );
#580 = PCURVE('',#581,#586);
#581 = PLANE('',#582);
#582 = AXIS2_PLACEMENT_3D('',#583,#584,#585);
#583 = CARTESIAN_POINT('',(-237.,-36.,48.));
#584 = DIRECTION('',(1.,0.,0.));
#585 = DIRECTION('',(0.,0.,1.));
#586 = DEFINITIONAL_REPRESENTATION('',(#587),#590);
#587 = B_SPLINE_CURVE_WITH_KNOTS('',1,(#588,#589),.UNSPECIFIED.,.F.,.F.,
  (2,2),(1.,73.),.PIECEWISE_BEZIER_KNOTS.);
#588 = CARTESIAN_POINT('',(28.5,0.));
#589 = CARTESIAN_POINT('',(28.5,-72.));
#590 = ( GEOMETRIC_REPRESENTATION_CONTEXT(2) 
PARAMETRIC_REPRESENTATION_CONTEXT() REPRESENTATION_CONTEXT('2D SPACE',''
  ) );
#591 = ORIENTED_EDGE('',*,*,#592,.F.);
#592 = EDGE_CURVE('',#593,#566,#595,.T.);
#593 = VERTEX_POINT('',#594);
#594 = CARTESIAN_POINT('',(-188.,36.,76.5));
#595 = SURFACE_CURVE('',#596,(#600,#607),.PCURVE_S1.);
#596 = LINE('',#597,#598);
#597 = CARTESIAN_POINT('',(-238.,36.,76.5));
#598 = VECTOR('',#599,1.);
#599 = DIRECTION('',(-1.,-0.,0.));
#600 = PCURVE('',#126,#601);
#601 = DEFINITIONAL_REPRESENTATION('',(#602),#606);
#602 = LINE('',#603,#604);
#603 = CARTESIAN_POINT('',(1.,74.));
#604 = VECTOR('',#605,1.);
#605 = DIRECTION('',(-1.,0.));
#606 = ( GEOMETRIC_REPRESENTATION_CONTEXT(2) 
PARAMETRIC_REPRESENTATION_CONTEXT() REPRESENTATION_CONTEXT('2D SPACE',''
  ) );
#607 = PCURVE('',#608,#613);
#608 = PLANE('',#609);
#609 = AXIS2_PLACEMENT_3D('',#610,#611,#612);
#610 = CARTESIAN_POINT('',(-237.,36.,48.));
#611 = DIRECTION('',(0.,1.,0.));
#612 = DIRECTION('',(0.,0.,1.));
#613 = DEFINITIONAL_REPRESENTATION('',(#614),#617);
#614 = B_SPLINE_CURVE_WITH_KNOTS('',1,(#615,#616),.UNSPECIFIED.,.F.,.F.,
  (2,2),(-165.,-1.),.PIECEWISE_BEZIER_KNOTS.);
#615 = CARTESIAN_POINT('',(28.5,164.));
#616 = CARTESIAN_POINT('',(28.5,0.));
#617 = ( GEOMETRIC_REPRESENTATION_CONTEXT(2) 
PARAMETRIC_REPRESENTATION_CONTEXT() REPRESENTATION_CONTEXT('2D SPACE',''
  ) );
#618 = ORIENTED_EDGE('',*,*,#619,.F.);
#619 = EDGE_CURVE('',#620,#593,#622,.T.);
#620 = VERTEX_POINT('',#621);
#621 = CARTESIAN_POINT('',(-120.,36.,76.5));
#622 = SURFACE_CURVE('',#623,(#627,#634),.PCURVE_S1.);
#623 = LINE('',#624,#625);
#624 = CARTESIAN_POINT('',(-238.,36.,76.5));
#625 = VECTOR('',#626,1.);
#626 = DIRECTION('',(-1.,-0.,0.));
#627 = PCURVE('',#126,#628);
#628 = DEFINITIONAL_REPRESENTATION('',(#629),#633);
#629 = LINE('',#630,#631);
#630 = CARTESIAN_POINT('',(1.,74.));
#631 = VECTOR('',#632,1.);
#632 = DIRECTION('',(-1.,0.));
#633 = ( GEOMETRIC_REPRESENTATION_CONTEXT(2) 
PARAMETRIC_REPRESENTATION_CONTEXT() REPRESENTATION_CONTEXT('2D SPACE',''
  ) );
#634 = PCURVE('',#635,#640);
#635 = PLANE('',#636);
#636 = AXIS2_PLACEMENT_3D('',#637,#638,#639);
#637 = CARTESIAN_POINT('',(-237.,36.,48.));
#638 = DIRECTION('',(0.,1.,0.));
#639 = DIRECTION('',(0.,0.,1.));
#640 = DEFINITIONAL_REPRESENTATION('',(#641),#644);
#641 = B_SPLINE_CURVE_WITH_KNOTS('',1,(#642,#643),.UNSPECIFIED.,.F.,.F.,
  (2,2),(-165.,-1.),.PIECEWISE_BEZIER_KNOTS.);
#642 = CARTESIAN_POINT('',(28.5,164.));
#643 = CARTESIAN_POINT('',(28.5,0.));
#644 = ( GEOMETRIC_REPRESENTATION_CONTEXT(2) 
PARAMETRIC_REPRESENTATION_CONTEXT() REPRESENTATION_CONTEXT('2D SPACE',''
  ) );
#645 = ORIENTED_EDGE('',*,*,#646,.F.);
#646 = EDGE_CURVE('',#647,#620,#649,.T.);
#647 = VERTEX_POINT('',#648);
#648 = CARTESIAN_POINT('',(-101.8,36.,76.5));
#649 = SURFACE_CURVE('',#650,(#654,#661),.PCURVE_S1.);
#650 = LINE('',#651,#652);
#651 = CARTESIAN_POINT('',(-238.,36.,76.5));
#652 = VECTOR('',#653,1.);
#653 = DIRECTION('',(-1.,-0.,0.));
#654 = PCURVE('',#126,#655);
#655 = DEFINITIONAL_REPRESENTATION('',(#656),#660);
#656 = LINE('',#657,#658);
#657 = CARTESIAN_POINT('',(1.,74.));
#658 = VECTOR('',#659,1.);
#659 = DIRECTION('',(-1.,0.));
#660 = ( GEOMETRIC_REPRESENTATION_CONTEXT(2) 
PARAMETRIC_REPRESENTATION_CONTEXT() REPRESENTATION_CONTEXT('2D SPACE',''
  ) );
#661 = PCURVE('',#662,#667);
#662 = PLANE('',#663);
#663 = AXIS2_PLACEMENT_3D('',#664,#665,#666);
#664 = CARTESIAN_POINT('',(-237.,36.,48.));
#665 = DIRECTION('',(0.,1.,0.));
#666 = DIRECTION('',(0.,0.,1.));
#667 = DEFINITIONAL_REPRESENTATION('',(#668),#671);
#668 = B_SPLINE_CURVE_WITH_KNOTS('',1,(#669,#670),.UNSPECIFIED.,.F.,.F.,
  (2,2),(-165.,-1.),.PIECEWISE_BEZIER_KNOTS.);
#669 = CARTESIAN_POINT('',(28.5,164.));
#670 = CARTESIAN_POINT('',(28.5,0.));
#671 = ( GEOMETRIC_REPRESENTATION_CONTEXT(2) 
PARAMETRIC_REPRESENTATION_CONTEXT() REPRESENTATION_CONTEXT('2D SPACE',''
  ) );
#672 = ORIENTED_EDGE('',*,*,#673,.F.);
#673 = EDGE_CURVE('',#483,#647,#674,.T.);
#674 = SURFACE_CURVE('',#675,(#679,#686),.PCURVE_S1.);
#675 = LINE('',#676,#677);
#676 = CARTESIAN_POINT('',(-101.8,-36.,76.5));
#677 = VECTOR('',#678,1.);
#678 = DIRECTION('',(0.,1.,0.));
#679 = PCURVE('',#126,#680);
#680 = DEFINITIONAL_REPRESENTATION('',(#681),#685);
#681 = LINE('',#682,#683);
#682 = CARTESIAN_POINT('',(137.2,2.));
#683 = VECTOR('',#684,1.);
#684 = DIRECTION('',(0.,1.));
#685 = ( GEOMETRIC_REPRESENTATION_CONTEXT(2) 
PARAMETRIC_REPRESENTATION_CONTEXT() REPRESENTATION_CONTEXT('2D SPACE',''
  ) );
#686 = PCURVE('',#687,#692);
#687 = PLANE('',#688);
#688 = AXIS2_PLACEMENT_3D('',#689,#690,#691);
#689 = CARTESIAN_POINT('',(-101.8,-36.,48.));
#690 = DIRECTION('',(1.,0.,0.));
#691 = DIRECTION('',(0.,0.,1.));
#692 = DEFINITIONAL_REPRESENTATION('',(#693),#697);
#693 = LINE('',#694,#695);
#694 = CARTESIAN_POINT('',(28.5,0.));
#695 = VECTOR('',#696,1.);
#696 = DIRECTION('',(0.,-1.));
#697 = ( GEOMETRIC_REPRESENTATION_CONTEXT(2) 
PARAMETRIC_REPRESENTATION_CONTEXT() REPRESENTATION_CONTEXT('2D SPACE',''
  ) );
#698 = ADVANCED_FACE('',(#699,#747,#1089,#1431),#72,.F.);
#699 = FACE_BOUND('',#700,.F.);
#700 = EDGE_LOOP('',(#701,#702,#703,#726));
#701 = ORIENTED_EDGE('',*,*,#56,.F.);
#702 = ORIENTED_EDGE('',*,*,#247,.T.);
#703 = ORIENTED_EDGE('',*,*,#704,.T.);
#704 = EDGE_CURVE('',#248,#705,#707,.T.);
#705 = VERTEX_POINT('',#706);
#706 = CARTESIAN_POINT('',(-71.,38.,45.5));
#707 = SURFACE_CURVE('',#708,(#712,#719),.PCURVE_S1.);
#708 = LINE('',#709,#710);
#709 = CARTESIAN_POINT('',(-71.,-38.,45.5));
#710 = VECTOR('',#711,1.);
#711 = DIRECTION('',(0.,1.,0.));
#712 = PCURVE('',#72,#713);
#713 = DEFINITIONAL_REPRESENTATION('',(#714),#718);
#714 = LINE('',#715,#716);
#715 = CARTESIAN_POINT('',(168.,0.));
#716 = VECTOR('',#717,1.);
#717 = DIRECTION('',(0.,1.));
#718 = ( GEOMETRIC_REPRESENTATION_CONTEXT(2) 
PARAMETRIC_REPRESENTATION_CONTEXT() REPRESENTATION_CONTEXT('2D SPACE',''
  ) );
#719 = PCURVE('',#308,#720);
#720 = DEFINITIONAL_REPRESENTATION('',(#721),#725);
#721 = LINE('',#722,#723);
#722 = CARTESIAN_POINT('',(0.,0.));
#723 = VECTOR('',#724,1.);
#724 = DIRECTION('',(0.,-1.));
#725 = ( GEOMETRIC_REPRESENTATION_CONTEXT(2) 
PARAMETRIC_REPRESENTATION_CONTEXT() REPRESENTATION_CONTEXT('2D SPACE',''
  ) );
#726 = ORIENTED_EDGE('',*,*,#727,.F.);
#727 = EDGE_CURVE('',#57,#705,#728,.T.);
#728 = SURFACE_CURVE('',#729,(#733,#740),.PCURVE_S1.);
#729 = LINE('',#730,#731);
#730 = CARTESIAN_POINT('',(-239.,38.,45.5));
#731 = VECTOR('',#732,1.);
#732 = DIRECTION('',(1.,0.,0.));
#733 = PCURVE('',#72,#734);
#734 = DEFINITIONAL_REPRESENTATION('',(#735),#739);
#735 = LINE('',#736,#737);
#736 = CARTESIAN_POINT('',(0.,76.));
#737 = VECTOR('',#738,1.);
#738 = DIRECTION('',(1.,0.));
#739 = ( GEOMETRIC_REPRESENTATION_CONTEXT(2) 
PARAMETRIC_REPRESENTATION_CONTEXT() REPRESENTATION_CONTEXT('2D SPACE',''
  ) );
#740 = PCURVE('',#100,#741);
#741 = DEFINITIONAL_REPRESENTATION('',(#742),#746);
#742 = LINE('',#743,#744);
#743 = CARTESIAN_POINT('',(0.,0.));
#744 = VECTOR('',#745,1.);
#745 = DIRECTION('',(0.,1.));
#746 = ( GEOMETRIC_REPRESENTATION_CONTEXT(2) 
PARAMETRIC_REPRESENTATION_CONTEXT() REPRESENTATION_CONTEXT('2D SPACE',''
  ) );
#747 = FACE_BOUND('',#748,.F.);
#748 = EDGE_LOOP('',(#749,#779,#807,#835,#864,#892,#921,#949,#977,#1005,
    #1034,#1062));
#749 = ORIENTED_EDGE('',*,*,#750,.F.);
#750 = EDGE_CURVE('',#751,#753,#755,.T.);
#751 = VERTEX_POINT('',#752);
#752 = CARTESIAN_POINT('',(-221.5,-35.,45.5));
#753 = VERTEX_POINT('',#754);
#754 = CARTESIAN_POINT('',(-221.5,-12.46410161513,45.5));
#755 = SURFACE_CURVE('',#756,(#760,#767),.PCURVE_S1.);
#756 = LINE('',#757,#758);
#757 = CARTESIAN_POINT('',(-221.5,-35.,45.5));
#758 = VECTOR('',#759,1.);
#759 = DIRECTION('',(0.,1.,0.));
#760 = PCURVE('',#72,#761);
#761 = DEFINITIONAL_REPRESENTATION('',(#762),#766);
#762 = LINE('',#763,#764);
#763 = CARTESIAN_POINT('',(17.5,3.));
#764 = VECTOR('',#765,1.);
#765 = DIRECTION('',(0.,1.));
#766 = ( GEOMETRIC_REPRESENTATION_CONTEXT(2) 
PARAMETRIC_REPRESENTATION_CONTEXT() REPRESENTATION_CONTEXT('2D SPACE',''
  ) );
#767 = PCURVE('',#768,#773);
#768 = PLANE('',#769);
#769 = AXIS2_PLACEMENT_3D('',#770,#771,#772);
#770 = CARTESIAN_POINT('',(-221.5,-35.,18.));
#771 = DIRECTION('',(1.,0.,0.));
#772 = DIRECTION('',(0.,0.,1.));
#773 = DEFINITIONAL_REPRESENTATION('',(#774),#778);
#774 = LINE('',#775,#776);
#775 = CARTESIAN_POINT('',(27.5,0.));
#776 = VECTOR('',#777,1.);
#777 = DIRECTION('',(0.,-1.));
#778 = ( GEOMETRIC_REPRESENTATION_CONTEXT(2) 
PARAMETRIC_REPRESENTATION_CONTEXT() REPRESENTATION_CONTEXT('2D SPACE',''
  ) );
#779 = ORIENTED_EDGE('',*,*,#780,.F.);
#780 = EDGE_CURVE('',#781,#751,#783,.T.);
#781 = VERTEX_POINT('',#782);
#782 = CARTESIAN_POINT('',(-225.5,-35.,45.5));
#783 = SURFACE_CURVE('',#784,(#788,#795),.PCURVE_S1.);
#784 = LINE('',#785,#786);
#785 = CARTESIAN_POINT('',(-225.5,-35.,45.5));
#786 = VECTOR('',#787,1.);
#787 = DIRECTION('',(1.,0.,0.));
#788 = PCURVE('',#72,#789);
#789 = DEFINITIONAL_REPRESENTATION('',(#790),#794);
#790 = LINE('',#791,#792);
#791 = CARTESIAN_POINT('',(13.5,3.));
#792 = VECTOR('',#793,1.);
#793 = DIRECTION('',(1.,0.));
#794 = ( GEOMETRIC_REPRESENTATION_CONTEXT(2) 
PARAMETRIC_REPRESENTATION_CONTEXT() REPRESENTATION_CONTEXT('2D SPACE',''
  ) );
#795 = PCURVE('',#796,#801);
#796 = PLANE('',#797);
#797 = AXIS2_PLACEMENT_3D('',#798,#799,#800);
#798 = CARTESIAN_POINT('',(-225.5,-35.,18.));
#799 = DIRECTION('',(0.,1.,0.));
#800 = DIRECTION('',(0.,0.,1.));
#801 = DEFINITIONAL_REPRESENTATION('',(#802),#806);
#802 = LINE('',#803,#804);
#803 = CARTESIAN_POINT('',(27.5,0.));
#804 = VECTOR('',#805,1.);
#805 = DIRECTION('',(0.,1.));
#806 = ( GEOMETRIC_REPRESENTATION_CONTEXT(2) 
PARAMETRIC_REPRESENTATION_CONTEXT() REPRESENTATION_CONTEXT('2D SPACE',''
  ) );
#807 = ORIENTED_EDGE('',*,*,#808,.T.);
#808 = EDGE_CURVE('',#781,#809,#811,.T.);
#809 = VERTEX_POINT('',#810);
#810 = CARTESIAN_POINT('',(-225.5,-12.46410161513,45.5));
#811 = SURFACE_CURVE('',#812,(#816,#823),.PCURVE_S1.);
#812 = LINE('',#813,#814);
#813 = CARTESIAN_POINT('',(-225.5,-35.,45.5));
#814 = VECTOR('',#815,1.);
#815 = DIRECTION('',(0.,1.,0.));
#816 = PCURVE('',#72,#817);
#817 = DEFINITIONAL_REPRESENTATION('',(#818),#822);
#818 = LINE('',#819,#820);
#819 = CARTESIAN_POINT('',(13.5,3.));
#820 = VECTOR('',#821,1.);
#821 = DIRECTION('',(0.,1.));
#822 = ( GEOMETRIC_REPRESENTATION_CONTEXT(2) 
PARAMETRIC_REPRESENTATION_CONTEXT() REPRESENTATION_CONTEXT('2D SPACE',''
  ) );
#823 = PCURVE('',#824,#829);
#824 = PLANE('',#825);
#825 = AXIS2_PLACEMENT_3D('',#826,#827,#828);
#826 = CARTESIAN_POINT('',(-225.5,-35.,18.));
#827 = DIRECTION('',(1.,0.,0.));
#828 = DIRECTION('',(0.,0.,1.));
#829 = DEFINITIONAL_REPRESENTATION('',(#830),#834);
#830 = LINE('',#831,#832);
#831 = CARTESIAN_POINT('',(27.5,0.));
#832 = VECTOR('',#833,1.);
#833 = DIRECTION('',(0.,-1.));
#834 = ( GEOMETRIC_REPRESENTATION_CONTEXT(2) 
PARAMETRIC_REPRESENTATION_CONTEXT() REPRESENTATION_CONTEXT('2D SPACE',''
  ) );
#835 = ORIENTED_EDGE('',*,*,#836,.F.);
#836 = EDGE_CURVE('',#837,#809,#839,.T.);
#837 = VERTEX_POINT('',#838);
#838 = CARTESIAN_POINT('',(-225.5,-5.535898384862,45.5));
#839 = SURFACE_CURVE('',#840,(#845,#852),.PCURVE_S1.);
#840 = CIRCLE('',#841,4.);
#841 = AXIS2_PLACEMENT_3D('',#842,#843,#844);
#842 = CARTESIAN_POINT('',(-223.5,-9.,45.5));
#843 = DIRECTION('',(0.,0.,1.));
#844 = DIRECTION('',(1.,0.,0.));
#845 = PCURVE('',#72,#846);
#846 = DEFINITIONAL_REPRESENTATION('',(#847),#851);
#847 = CIRCLE('',#848,4.);
#848 = AXIS2_PLACEMENT_2D('',#849,#850);
#849 = CARTESIAN_POINT('',(15.5,29.));
#850 = DIRECTION('',(1.,0.));
#851 = ( GEOMETRIC_REPRESENTATION_CONTEXT(2) 
PARAMETRIC_REPRESENTATION_CONTEXT() REPRESENTATION_CONTEXT('2D SPACE',''
  ) );
#852 = PCURVE('',#853,#858);
#853 = CYLINDRICAL_SURFACE('',#854,4.);
#854 = AXIS2_PLACEMENT_3D('',#855,#856,#857);
#855 = CARTESIAN_POINT('',(-223.5,-9.,18.));
#856 = DIRECTION('',(0.,0.,1.));
#857 = DIRECTION('',(1.,0.,0.));
#858 = DEFINITIONAL_REPRESENTATION('',(#859),#863);
#859 = LINE('',#860,#861);
#860 = CARTESIAN_POINT('',(0.,27.5));
#861 = VECTOR('',#862,1.);
#862 = DIRECTION('',(1.,0.));
#863 = ( GEOMETRIC_REPRESENTATION_CONTEXT(2) 
PARAMETRIC_REPRESENTATION_CONTEXT() REPRESENTATION_CONTEXT('2D SPACE',''
  ) );
#864 = ORIENTED_EDGE('',*,*,#865,.T.);
#865 = EDGE_CURVE('',#837,#866,#868,.T.);
#866 = VERTEX_POINT('',#867);
#867 = CARTESIAN_POINT('',(-225.5,5.535898384862,45.5));
#868 = SURFACE_CURVE('',#869,(#873,#880),.PCURVE_S1.);
#869 = LINE('',#870,#871);
#870 = CARTESIAN_POINT('',(-225.5,-35.,45.5));
#871 = VECTOR('',#872,1.);
#872 = DIRECTION('',(0.,1.,0.));
#873 = PCURVE('',#72,#874);
#874 = DEFINITIONAL_REPRESENTATION('',(#875),#879);
#875 = LINE('',#876,#877);
#876 = CARTESIAN_POINT('',(13.5,3.));
#877 = VECTOR('',#878,1.);
#878 = DIRECTION('',(0.,1.));
#879 = ( GEOMETRIC_REPRESENTATION_CONTEXT(2) 
PARAMETRIC_REPRESENTATION_CONTEXT() REPRESENTATION_CONTEXT('2D SPACE',''
  ) );
#880 = PCURVE('',#881,#886);
#881 = PLANE('',#882);
#882 = AXIS2_PLACEMENT_3D('',#883,#884,#885);
#883 = CARTESIAN_POINT('',(-225.5,-35.,18.));
#884 = DIRECTION('',(1.,0.,0.));
#885 = DIRECTION('',(0.,0.,1.));
#886 = DEFINITIONAL_REPRESENTATION('',(#887),#891);
#887 = LINE('',#888,#889);
#888 = CARTESIAN_POINT('',(27.5,0.));
#889 = VECTOR('',#890,1.);
#890 = DIRECTION('',(0.,-1.));
#891 = ( GEOMETRIC_REPRESENTATION_CONTEXT(2) 
PARAMETRIC_REPRESENTATION_CONTEXT() REPRESENTATION_CONTEXT('2D SPACE',''
  ) );
#892 = ORIENTED_EDGE('',*,*,#893,.F.);
#893 = EDGE_CURVE('',#894,#866,#896,.T.);
#894 = VERTEX_POINT('',#895);
#895 = CARTESIAN_POINT('',(-225.5,12.464101615138,45.5));
#896 = SURFACE_CURVE('',#897,(#902,#909),.PCURVE_S1.);
#897 = CIRCLE('',#898,4.);
#898 = AXIS2_PLACEMENT_3D('',#899,#900,#901);
#899 = CARTESIAN_POINT('',(-223.5,9.,45.5));
#900 = DIRECTION('',(0.,0.,1.));
#901 = DIRECTION('',(1.,0.,0.));
#902 = PCURVE('',#72,#903);
#903 = DEFINITIONAL_REPRESENTATION('',(#904),#908);
#904 = CIRCLE('',#905,4.);
#905 = AXIS2_PLACEMENT_2D('',#906,#907);
#906 = CARTESIAN_POINT('',(15.5,47.));
#907 = DIRECTION('',(1.,0.));
#908 = ( GEOMETRIC_REPRESENTATION_CONTEXT(2) 
PARAMETRIC_REPRESENTATION_CONTEXT() REPRESENTATION_CONTEXT('2D SPACE',''
  ) );
#909 = PCURVE('',#910,#915);
#910 = CYLINDRICAL_SURFACE('',#911,4.);
#911 = AXIS2_PLACEMENT_3D('',#912,#913,#914);
#912 = CARTESIAN_POINT('',(-223.5,9.,18.));
#913 = DIRECTION('',(0.,0.,1.));
#914 = DIRECTION('',(1.,0.,0.));
#915 = DEFINITIONAL_REPRESENTATION('',(#916),#920);
#916 = LINE('',#917,#918);
#917 = CARTESIAN_POINT('',(0.,27.5));
#918 = VECTOR('',#919,1.);
#919 = DIRECTION('',(1.,0.));
#920 = ( GEOMETRIC_REPRESENTATION_CONTEXT(2) 
PARAMETRIC_REPRESENTATION_CONTEXT() REPRESENTATION_CONTEXT('2D SPACE',''
  ) );
#921 = ORIENTED_EDGE('',*,*,#922,.T.);
#922 = EDGE_CURVE('',#894,#923,#925,.T.);
#923 = VERTEX_POINT('',#924);
#924 = CARTESIAN_POINT('',(-225.5,35.,45.5));
#925 = SURFACE_CURVE('',#926,(#930,#937),.PCURVE_S1.);
#926 = LINE('',#927,#928);
#927 = CARTESIAN_POINT('',(-225.5,-35.,45.5));
#928 = VECTOR('',#929,1.);
#929 = DIRECTION('',(0.,1.,0.));
#930 = PCURVE('',#72,#931);
#931 = DEFINITIONAL_REPRESENTATION('',(#932),#936);
#932 = LINE('',#933,#934);
#933 = CARTESIAN_POINT('',(13.5,3.));
#934 = VECTOR('',#935,1.);
#935 = DIRECTION('',(0.,1.));
#936 = ( GEOMETRIC_REPRESENTATION_CONTEXT(2) 
PARAMETRIC_REPRESENTATION_CONTEXT() REPRESENTATION_CONTEXT('2D SPACE',''
  ) );
#937 = PCURVE('',#938,#943);
#938 = PLANE('',#939);
#939 = AXIS2_PLACEMENT_3D('',#940,#941,#942);
#940 = CARTESIAN_POINT('',(-225.5,-35.,18.));
#941 = DIRECTION('',(1.,0.,0.));
#942 = DIRECTION('',(0.,0.,1.));
#943 = DEFINITIONAL_REPRESENTATION('',(#944),#948);
#944 = LINE('',#945,#946);
#945 = CARTESIAN_POINT('',(27.5,0.));
#946 = VECTOR('',#947,1.);
#947 = DIRECTION('',(0.,-1.));
#948 = ( GEOMETRIC_REPRESENTATION_CONTEXT(2) 
PARAMETRIC_REPRESENTATION_CONTEXT() REPRESENTATION_CONTEXT('2D SPACE',''
  ) );
#949 = ORIENTED_EDGE('',*,*,#950,.T.);
#950 = EDGE_CURVE('',#923,#951,#953,.T.);
#951 = VERTEX_POINT('',#952);
#952 = CARTESIAN_POINT('',(-221.5,35.,45.5));
#953 = SURFACE_CURVE('',#954,(#958,#965),.PCURVE_S1.);
#954 = LINE('',#955,#956);
#955 = CARTESIAN_POINT('',(-225.5,35.,45.5));
#956 = VECTOR('',#957,1.);
#957 = DIRECTION('',(1.,0.,0.));
#958 = PCURVE('',#72,#959);
#959 = DEFINITIONAL_REPRESENTATION('',(#960),#964);
#960 = LINE('',#961,#962);
#961 = CARTESIAN_POINT('',(13.5,73.));
#962 = VECTOR('',#963,1.);
#963 = DIRECTION('',(1.,0.));
#964 = ( GEOMETRIC_REPRESENTATION_CONTEXT(2) 
PARAMETRIC_REPRESENTATION_CONTEXT() REPRESENTATION_CONTEXT('2D SPACE',''
  ) );
#965 = PCURVE('',#966,#971);
#966 = PLANE('',#967);
#967 = AXIS2_PLACEMENT_3D('',#968,#969,#970);
#968 = CARTESIAN_POINT('',(-225.5,35.,18.));
#969 = DIRECTION('',(0.,1.,0.));
#970 = DIRECTION('',(0.,0.,1.));
#971 = DEFINITIONAL_REPRESENTATION('',(#972),#976);
#972 = LINE('',#973,#974);
#973 = CARTESIAN_POINT('',(27.5,0.));
#974 = VECTOR('',#975,1.);
#975 = DIRECTION('',(0.,1.));
#976 = ( GEOMETRIC_REPRESENTATION_CONTEXT(2) 
PARAMETRIC_REPRESENTATION_CONTEXT() REPRESENTATION_CONTEXT('2D SPACE',''
  ) );
#977 = ORIENTED_EDGE('',*,*,#978,.F.);
#978 = EDGE_CURVE('',#979,#951,#981,.T.);
#979 = VERTEX_POINT('',#980);
#980 = CARTESIAN_POINT('',(-221.5,12.464101615138,45.5));
#981 = SURFACE_CURVE('',#982,(#986,#993),.PCURVE_S1.);
#982 = LINE('',#983,#984);
#983 = CARTESIAN_POINT('',(-221.5,-35.,45.5));
#984 = VECTOR('',#985,1.);
#985 = DIRECTION('',(0.,1.,0.));
#986 = PCURVE('',#72,#987);
#987 = DEFINITIONAL_REPRESENTATION('',(#988),#992);
#988 = LINE('',#989,#990);
#989 = CARTESIAN_POINT('',(17.5,3.));
#990 = VECTOR('',#991,1.);
#991 = DIRECTION('',(0.,1.));
#992 = ( GEOMETRIC_REPRESENTATION_CONTEXT(2) 
PARAMETRIC_REPRESENTATION_CONTEXT() REPRESENTATION_CONTEXT('2D SPACE',''
  ) );
#993 = PCURVE('',#994,#999);
#994 = PLANE('',#995);
#995 = AXIS2_PLACEMENT_3D('',#996,#997,#998);
#996 = CARTESIAN_POINT('',(-221.5,-35.,18.));
#997 = DIRECTION('',(1.,0.,0.));
#998 = DIRECTION('',(0.,0.,1.));
#999 = DEFINITIONAL_REPRESENTATION('',(#1000),#1004);
#1000 = LINE('',#1001,#1002);
#1001 = CARTESIAN_POINT('',(27.5,0.));
#1002 = VECTOR('',#1003,1.);
#1003 = DIRECTION('',(0.,-1.));
#1004 = ( GEOMETRIC_REPRESENTATION_CONTEXT(2) 
PARAMETRIC_REPRESENTATION_CONTEXT() REPRESENTATION_CONTEXT('2D SPACE',''
  ) );
#1005 = ORIENTED_EDGE('',*,*,#1006,.F.);
#1006 = EDGE_CURVE('',#1007,#979,#1009,.T.);
#1007 = VERTEX_POINT('',#1008);
#1008 = CARTESIAN_POINT('',(-221.5,5.535898384862,45.5));
#1009 = SURFACE_CURVE('',#1010,(#1015,#1022),.PCURVE_S1.);
#1010 = CIRCLE('',#1011,4.);
#1011 = AXIS2_PLACEMENT_3D('',#1012,#1013,#1014);
#1012 = CARTESIAN_POINT('',(-223.5,9.,45.5));
#1013 = DIRECTION('',(0.,0.,1.));
#1014 = DIRECTION('',(0.5,-0.866025403784,0.));
#1015 = PCURVE('',#72,#1016);
#1016 = DEFINITIONAL_REPRESENTATION('',(#1017),#1021);
#1017 = CIRCLE('',#1018,4.);
#1018 = AXIS2_PLACEMENT_2D('',#1019,#1020);
#1019 = CARTESIAN_POINT('',(15.5,47.));
#1020 = DIRECTION('',(0.5,-0.866025403784));
#1021 = ( GEOMETRIC_REPRESENTATION_CONTEXT(2) 
PARAMETRIC_REPRESENTATION_CONTEXT() REPRESENTATION_CONTEXT('2D SPACE',''
  ) );
#1022 = PCURVE('',#1023,#1028);
#1023 = CYLINDRICAL_SURFACE('',#1024,4.);
#1024 = AXIS2_PLACEMENT_3D('',#1025,#1026,#1027);
#1025 = CARTESIAN_POINT('',(-223.5,9.,18.));
#1026 = DIRECTION('',(0.,0.,1.));
#1027 = DIRECTION('',(1.,0.,-0.));
#1028 = DEFINITIONAL_REPRESENTATION('',(#1029),#1033);
#1029 = LINE('',#1030,#1031);
#1030 = CARTESIAN_POINT('',(5.235987755983,27.5));
#1031 = VECTOR('',#1032,1.);
#1032 = DIRECTION('',(1.,0.));
#1033 = ( GEOMETRIC_REPRESENTATION_CONTEXT(2) 
PARAMETRIC_REPRESENTATION_CONTEXT() REPRESENTATION_CONTEXT('2D SPACE',''
  ) );
#1034 = ORIENTED_EDGE('',*,*,#1035,.F.);
#1035 = EDGE_CURVE('',#1036,#1007,#1038,.T.);
#1036 = VERTEX_POINT('',#1037);
#1037 = CARTESIAN_POINT('',(-221.5,-5.535898384862,45.5));
#1038 = SURFACE_CURVE('',#1039,(#1043,#1050),.PCURVE_S1.);
#1039 = LINE('',#1040,#1041);
#1040 = CARTESIAN_POINT('',(-221.5,-35.,45.5));
#1041 = VECTOR('',#1042,1.);
#1042 = DIRECTION('',(0.,1.,0.));
#1043 = PCURVE('',#72,#1044);
#1044 = DEFINITIONAL_REPRESENTATION('',(#1045),#1049);
#1045 = LINE('',#1046,#1047);
#1046 = CARTESIAN_POINT('',(17.5,3.));
#1047 = VECTOR('',#1048,1.);
#1048 = DIRECTION('',(0.,1.));
#1049 = ( GEOMETRIC_REPRESENTATION_CONTEXT(2) 
PARAMETRIC_REPRESENTATION_CONTEXT() REPRESENTATION_CONTEXT('2D SPACE',''
  ) );
#1050 = PCURVE('',#1051,#1056);
#1051 = PLANE('',#1052);
#1052 = AXIS2_PLACEMENT_3D('',#1053,#1054,#1055);
#1053 = CARTESIAN_POINT('',(-221.5,-35.,18.));
#1054 = DIRECTION('',(1.,0.,0.));
#1055 = DIRECTION('',(0.,0.,1.));
#1056 = DEFINITIONAL_REPRESENTATION('',(#1057),#1061);
#1057 = LINE('',#1058,#1059);
#1058 = CARTESIAN_POINT('',(27.5,0.));
#1059 = VECTOR('',#1060,1.);
#1060 = DIRECTION('',(0.,-1.));
#1061 = ( GEOMETRIC_REPRESENTATION_CONTEXT(2) 
PARAMETRIC_REPRESENTATION_CONTEXT() REPRESENTATION_CONTEXT('2D SPACE',''
  ) );
#1062 = ORIENTED_EDGE('',*,*,#1063,.F.);
#1063 = EDGE_CURVE('',#753,#1036,#1064,.T.);
#1064 = SURFACE_CURVE('',#1065,(#1070,#1077),.PCURVE_S1.);
#1065 = CIRCLE('',#1066,4.);
#1066 = AXIS2_PLACEMENT_3D('',#1067,#1068,#1069);
#1067 = CARTESIAN_POINT('',(-223.5,-9.,45.5));
#1068 = DIRECTION('',(0.,0.,1.));
#1069 = DIRECTION('',(0.5,-0.866025403784,0.));
#1070 = PCURVE('',#72,#1071);
#1071 = DEFINITIONAL_REPRESENTATION('',(#1072),#1076);
#1072 = CIRCLE('',#1073,4.);
#1073 = AXIS2_PLACEMENT_2D('',#1074,#1075);
#1074 = CARTESIAN_POINT('',(15.5,29.));
#1075 = DIRECTION('',(0.5,-0.866025403784));
#1076 = ( GEOMETRIC_REPRESENTATION_CONTEXT(2) 
PARAMETRIC_REPRESENTATION_CONTEXT() REPRESENTATION_CONTEXT('2D SPACE',''
  ) );
#1077 = PCURVE('',#1078,#1083);
#1078 = CYLINDRICAL_SURFACE('',#1079,4.);
#1079 = AXIS2_PLACEMENT_3D('',#1080,#1081,#1082);
#1080 = CARTESIAN_POINT('',(-223.5,-9.,18.));
#1081 = DIRECTION('',(0.,0.,1.));
#1082 = DIRECTION('',(1.,0.,-0.));
#1083 = DEFINITIONAL_REPRESENTATION('',(#1084),#1088);
#1084 = LINE('',#1085,#1086);
#1085 = CARTESIAN_POINT('',(5.235987755983,27.5));
#1086 = VECTOR('',#1087,1.);
#1087 = DIRECTION('',(1.,0.));
#1088 = ( GEOMETRIC_REPRESENTATION_CONTEXT(2) 
PARAMETRIC_REPRESENTATION_CONTEXT() REPRESENTATION_CONTEXT('2D SPACE',''
  ) );
#1089 = FACE_BOUND('',#1090,.F.);
#1090 = EDGE_LOOP('',(#1091,#1121,#1149,#1177,#1206,#1234,#1263,#1291,
    #1319,#1347,#1376,#1404));
#1091 = ORIENTED_EDGE('',*,*,#1092,.F.);
#1092 = EDGE_CURVE('',#1093,#1095,#1097,.T.);
#1093 = VERTEX_POINT('',#1094);
#1094 = CARTESIAN_POINT('',(-153.5,-35.,45.5));
#1095 = VERTEX_POINT('',#1096);
#1096 = CARTESIAN_POINT('',(-153.5,-12.46410161513,45.5));
#1097 = SURFACE_CURVE('',#1098,(#1102,#1109),.PCURVE_S1.);
#1098 = LINE('',#1099,#1100);
#1099 = CARTESIAN_POINT('',(-153.5,-35.,45.5));
#1100 = VECTOR('',#1101,1.);
#1101 = DIRECTION('',(0.,1.,0.));
#1102 = PCURVE('',#72,#1103);
#1103 = DEFINITIONAL_REPRESENTATION('',(#1104),#1108);
#1104 = LINE('',#1105,#1106);
#1105 = CARTESIAN_POINT('',(85.5,3.));
#1106 = VECTOR('',#1107,1.);
#1107 = DIRECTION('',(0.,1.));
#1108 = ( GEOMETRIC_REPRESENTATION_CONTEXT(2) 
PARAMETRIC_REPRESENTATION_CONTEXT() REPRESENTATION_CONTEXT('2D SPACE',''
  ) );
#1109 = PCURVE('',#1110,#1115);
#1110 = PLANE('',#1111);
#1111 = AXIS2_PLACEMENT_3D('',#1112,#1113,#1114);
#1112 = CARTESIAN_POINT('',(-153.5,-35.,18.));
#1113 = DIRECTION('',(1.,0.,0.));
#1114 = DIRECTION('',(0.,0.,1.));
#1115 = DEFINITIONAL_REPRESENTATION('',(#1116),#1120);
#1116 = LINE('',#1117,#1118);
#1117 = CARTESIAN_POINT('',(27.5,0.));
#1118 = VECTOR('',#1119,1.);
#1119 = DIRECTION('',(0.,-1.));
#1120 = ( GEOMETRIC_REPRESENTATION_CONTEXT(2) 
PARAMETRIC_REPRESENTATION_CONTEXT() REPRESENTATION_CONTEXT('2D SPACE',''
  ) );
#1121 = ORIENTED_EDGE('',*,*,#1122,.F.);
#1122 = EDGE_CURVE('',#1123,#1093,#1125,.T.);
#1123 = VERTEX_POINT('',#1124);
#1124 = CARTESIAN_POINT('',(-157.5,-35.,45.5));
#1125 = SURFACE_CURVE('',#1126,(#1130,#1137),.PCURVE_S1.);
#1126 = LINE('',#1127,#1128);
#1127 = CARTESIAN_POINT('',(-157.5,-35.,45.5));
#1128 = VECTOR('',#1129,1.);
#1129 = DIRECTION('',(1.,0.,0.));
#1130 = PCURVE('',#72,#1131);
#1131 = DEFINITIONAL_REPRESENTATION('',(#1132),#1136);
#1132 = LINE('',#1133,#1134);
#1133 = CARTESIAN_POINT('',(81.5,3.));
#1134 = VECTOR('',#1135,1.);
#1135 = DIRECTION('',(1.,0.));
#1136 = ( GEOMETRIC_REPRESENTATION_CONTEXT(2) 
PARAMETRIC_REPRESENTATION_CONTEXT() REPRESENTATION_CONTEXT('2D SPACE',''
  ) );
#1137 = PCURVE('',#1138,#1143);
#1138 = PLANE('',#1139);
#1139 = AXIS2_PLACEMENT_3D('',#1140,#1141,#1142);
#1140 = CARTESIAN_POINT('',(-157.5,-35.,18.));
#1141 = DIRECTION('',(0.,1.,0.));
#1142 = DIRECTION('',(0.,0.,1.));
#1143 = DEFINITIONAL_REPRESENTATION('',(#1144),#1148);
#1144 = LINE('',#1145,#1146);
#1145 = CARTESIAN_POINT('',(27.5,0.));
#1146 = VECTOR('',#1147,1.);
#1147 = DIRECTION('',(0.,1.));
#1148 = ( GEOMETRIC_REPRESENTATION_CONTEXT(2) 
PARAMETRIC_REPRESENTATION_CONTEXT() REPRESENTATION_CONTEXT('2D SPACE',''
  ) );
#1149 = ORIENTED_EDGE('',*,*,#1150,.T.);
#1150 = EDGE_CURVE('',#1123,#1151,#1153,.T.);
#1151 = VERTEX_POINT('',#1152);
#1152 = CARTESIAN_POINT('',(-157.5,-12.46410161513,45.5));
#1153 = SURFACE_CURVE('',#1154,(#1158,#1165),.PCURVE_S1.);
#1154 = LINE('',#1155,#1156);
#1155 = CARTESIAN_POINT('',(-157.5,-35.,45.5));
#1156 = VECTOR('',#1157,1.);
#1157 = DIRECTION('',(0.,1.,0.));
#1158 = PCURVE('',#72,#1159);
#1159 = DEFINITIONAL_REPRESENTATION('',(#1160),#1164);
#1160 = LINE('',#1161,#1162);
#1161 = CARTESIAN_POINT('',(81.5,3.));
#1162 = VECTOR('',#1163,1.);
#1163 = DIRECTION('',(0.,1.));
#1164 = ( GEOMETRIC_REPRESENTATION_CONTEXT(2) 
PARAMETRIC_REPRESENTATION_CONTEXT() REPRESENTATION_CONTEXT('2D SPACE',''
  ) );
#1165 = PCURVE('',#1166,#1171);
#1166 = PLANE('',#1167);
#1167 = AXIS2_PLACEMENT_3D('',#1168,#1169,#1170);
#1168 = CARTESIAN_POINT('',(-157.5,-35.,18.));
#1169 = DIRECTION('',(1.,0.,0.));
#1170 = DIRECTION('',(0.,0.,1.));
#1171 = DEFINITIONAL_REPRESENTATION('',(#1172),#1176);
#1172 = LINE('',#1173,#1174);
#1173 = CARTESIAN_POINT('',(27.5,0.));
#1174 = VECTOR('',#1175,1.);
#1175 = DIRECTION('',(0.,-1.));
#1176 = ( GEOMETRIC_REPRESENTATION_CONTEXT(2) 
PARAMETRIC_REPRESENTATION_CONTEXT() REPRESENTATION_CONTEXT('2D SPACE',''
  ) );
#1177 = ORIENTED_EDGE('',*,*,#1178,.F.);
#1178 = EDGE_CURVE('',#1179,#1151,#1181,.T.);
#1179 = VERTEX_POINT('',#1180);
#1180 = CARTESIAN_POINT('',(-157.5,-5.535898384862,45.5));
#1181 = SURFACE_CURVE('',#1182,(#1187,#1194),.PCURVE_S1.);
#1182 = CIRCLE('',#1183,4.);
#1183 = AXIS2_PLACEMENT_3D('',#1184,#1185,#1186);
#1184 = CARTESIAN_POINT('',(-155.5,-9.,45.5));
#1185 = DIRECTION('',(0.,0.,1.));
#1186 = DIRECTION('',(1.,0.,0.));
#1187 = PCURVE('',#72,#1188);
#1188 = DEFINITIONAL_REPRESENTATION('',(#1189),#1193);
#1189 = CIRCLE('',#1190,4.);
#1190 = AXIS2_PLACEMENT_2D('',#1191,#1192);
#1191 = CARTESIAN_POINT('',(83.5,29.));
#1192 = DIRECTION('',(1.,0.));
#1193 = ( GEOMETRIC_REPRESENTATION_CONTEXT(2) 
PARAMETRIC_REPRESENTATION_CONTEXT() REPRESENTATION_CONTEXT('2D SPACE',''
  ) );
#1194 = PCURVE('',#1195,#1200);
#1195 = CYLINDRICAL_SURFACE('',#1196,4.);
#1196 = AXIS2_PLACEMENT_3D('',#1197,#1198,#1199);
#1197 = CARTESIAN_POINT('',(-155.5,-9.,18.));
#1198 = DIRECTION('',(0.,0.,1.));
#1199 = DIRECTION('',(1.,0.,0.));
#1200 = DEFINITIONAL_REPRESENTATION('',(#1201),#1205);
#1201 = LINE('',#1202,#1203);
#1202 = CARTESIAN_POINT('',(0.,27.5));
#1203 = VECTOR('',#1204,1.);
#1204 = DIRECTION('',(1.,0.));
#1205 = ( GEOMETRIC_REPRESENTATION_CONTEXT(2) 
PARAMETRIC_REPRESENTATION_CONTEXT() REPRESENTATION_CONTEXT('2D SPACE',''
  ) );
#1206 = ORIENTED_EDGE('',*,*,#1207,.T.);
#1207 = EDGE_CURVE('',#1179,#1208,#1210,.T.);
#1208 = VERTEX_POINT('',#1209);
#1209 = CARTESIAN_POINT('',(-157.5,5.535898384862,45.5));
#1210 = SURFACE_CURVE('',#1211,(#1215,#1222),.PCURVE_S1.);
#1211 = LINE('',#1212,#1213);
#1212 = CARTESIAN_POINT('',(-157.5,-35.,45.5));
#1213 = VECTOR('',#1214,1.);
#1214 = DIRECTION('',(0.,1.,0.));
#1215 = PCURVE('',#72,#1216);
#1216 = DEFINITIONAL_REPRESENTATION('',(#1217),#1221);
#1217 = LINE('',#1218,#1219);
#1218 = CARTESIAN_POINT('',(81.5,3.));
#1219 = VECTOR('',#1220,1.);
#1220 = DIRECTION('',(0.,1.));
#1221 = ( GEOMETRIC_REPRESENTATION_CONTEXT(2) 
PARAMETRIC_REPRESENTATION_CONTEXT() REPRESENTATION_CONTEXT('2D SPACE',''
  ) );
#1222 = PCURVE('',#1223,#1228);
#1223 = PLANE('',#1224);
#1224 = AXIS2_PLACEMENT_3D('',#1225,#1226,#1227);
#1225 = CARTESIAN_POINT('',(-157.5,-35.,18.));
#1226 = DIRECTION('',(1.,0.,0.));
#1227 = DIRECTION('',(0.,0.,1.));
#1228 = DEFINITIONAL_REPRESENTATION('',(#1229),#1233);
#1229 = LINE('',#1230,#1231);
#1230 = CARTESIAN_POINT('',(27.5,0.));
#1231 = VECTOR('',#1232,1.);
#1232 = DIRECTION('',(0.,-1.));
#1233 = ( GEOMETRIC_REPRESENTATION_CONTEXT(2) 
PARAMETRIC_REPRESENTATION_CONTEXT() REPRESENTATION_CONTEXT('2D SPACE',''
  ) );
#1234 = ORIENTED_EDGE('',*,*,#1235,.F.);
#1235 = EDGE_CURVE('',#1236,#1208,#1238,.T.);
#1236 = VERTEX_POINT('',#1237);
#1237 = CARTESIAN_POINT('',(-157.5,12.464101615138,45.5));
#1238 = SURFACE_CURVE('',#1239,(#1244,#1251),.PCURVE_S1.);
#1239 = CIRCLE('',#1240,4.);
#1240 = AXIS2_PLACEMENT_3D('',#1241,#1242,#1243);
#1241 = CARTESIAN_POINT('',(-155.5,9.,45.5));
#1242 = DIRECTION('',(0.,0.,1.));
#1243 = DIRECTION('',(1.,0.,0.));
#1244 = PCURVE('',#72,#1245);
#1245 = DEFINITIONAL_REPRESENTATION('',(#1246),#1250);
#1246 = CIRCLE('',#1247,4.);
#1247 = AXIS2_PLACEMENT_2D('',#1248,#1249);
#1248 = CARTESIAN_POINT('',(83.5,47.));
#1249 = DIRECTION('',(1.,0.));
#1250 = ( GEOMETRIC_REPRESENTATION_CONTEXT(2) 
PARAMETRIC_REPRESENTATION_CONTEXT() REPRESENTATION_CONTEXT('2D SPACE',''
  ) );
#1251 = PCURVE('',#1252,#1257);
#1252 = CYLINDRICAL_SURFACE('',#1253,4.);
#1253 = AXIS2_PLACEMENT_3D('',#1254,#1255,#1256);
#1254 = CARTESIAN_POINT('',(-155.5,9.,18.));
#1255 = DIRECTION('',(0.,0.,1.));
#1256 = DIRECTION('',(1.,0.,0.));
#1257 = DEFINITIONAL_REPRESENTATION('',(#1258),#1262);
#1258 = LINE('',#1259,#1260);
#1259 = CARTESIAN_POINT('',(0.,27.5));
#1260 = VECTOR('',#1261,1.);
#1261 = DIRECTION('',(1.,0.));
#1262 = ( GEOMETRIC_REPRESENTATION_CONTEXT(2) 
PARAMETRIC_REPRESENTATION_CONTEXT() REPRESENTATION_CONTEXT('2D SPACE',''
  ) );
#1263 = ORIENTED_EDGE('',*,*,#1264,.T.);
#1264 = EDGE_CURVE('',#1236,#1265,#1267,.T.);
#1265 = VERTEX_POINT('',#1266);
#1266 = CARTESIAN_POINT('',(-157.5,35.,45.5));
#1267 = SURFACE_CURVE('',#1268,(#1272,#1279),.PCURVE_S1.);
#1268 = LINE('',#1269,#1270);
#1269 = CARTESIAN_POINT('',(-157.5,-35.,45.5));
#1270 = VECTOR('',#1271,1.);
#1271 = DIRECTION('',(0.,1.,0.));
#1272 = PCURVE('',#72,#1273);
#1273 = DEFINITIONAL_REPRESENTATION('',(#1274),#1278);
#1274 = LINE('',#1275,#1276);
#1275 = CARTESIAN_POINT('',(81.5,3.));
#1276 = VECTOR('',#1277,1.);
#1277 = DIRECTION('',(0.,1.));
#1278 = ( GEOMETRIC_REPRESENTATION_CONTEXT(2) 
PARAMETRIC_REPRESENTATION_CONTEXT() REPRESENTATION_CONTEXT('2D SPACE',''
  ) );
#1279 = PCURVE('',#1280,#1285);
#1280 = PLANE('',#1281);
#1281 = AXIS2_PLACEMENT_3D('',#1282,#1283,#1284);
#1282 = CARTESIAN_POINT('',(-157.5,-35.,18.));
#1283 = DIRECTION('',(1.,0.,0.));
#1284 = DIRECTION('',(0.,0.,1.));
#1285 = DEFINITIONAL_REPRESENTATION('',(#1286),#1290);
#1286 = LINE('',#1287,#1288);
#1287 = CARTESIAN_POINT('',(27.5,0.));
#1288 = VECTOR('',#1289,1.);
#1289 = DIRECTION('',(0.,-1.));
#1290 = ( GEOMETRIC_REPRESENTATION_CONTEXT(2) 
PARAMETRIC_REPRESENTATION_CONTEXT() REPRESENTATION_CONTEXT('2D SPACE',''
  ) );
#1291 = ORIENTED_EDGE('',*,*,#1292,.T.);
#1292 = EDGE_CURVE('',#1265,#1293,#1295,.T.);
#1293 = VERTEX_POINT('',#1294);
#1294 = CARTESIAN_POINT('',(-153.5,35.,45.5));
#1295 = SURFACE_CURVE('',#1296,(#1300,#1307),.PCURVE_S1.);
#1296 = LINE('',#1297,#1298);
#1297 = CARTESIAN_POINT('',(-157.5,35.,45.5));
#1298 = VECTOR('',#1299,1.);
#1299 = DIRECTION('',(1.,0.,0.));
#1300 = PCURVE('',#72,#1301);
#1301 = DEFINITIONAL_REPRESENTATION('',(#1302),#1306);
#1302 = LINE('',#1303,#1304);
#1303 = CARTESIAN_POINT('',(81.5,73.));
#1304 = VECTOR('',#1305,1.);
#1305 = DIRECTION('',(1.,0.));
#1306 = ( GEOMETRIC_REPRESENTATION_CONTEXT(2) 
PARAMETRIC_REPRESENTATION_CONTEXT() REPRESENTATION_CONTEXT('2D SPACE',''
  ) );
#1307 = PCURVE('',#1308,#1313);
#1308 = PLANE('',#1309);
#1309 = AXIS2_PLACEMENT_3D('',#1310,#1311,#1312);
#1310 = CARTESIAN_POINT('',(-157.5,35.,18.));
#1311 = DIRECTION('',(0.,1.,0.));
#1312 = DIRECTION('',(0.,0.,1.));
#1313 = DEFINITIONAL_REPRESENTATION('',(#1314),#1318);
#1314 = LINE('',#1315,#1316);
#1315 = CARTESIAN_POINT('',(27.5,0.));
#1316 = VECTOR('',#1317,1.);
#1317 = DIRECTION('',(0.,1.));
#1318 = ( GEOMETRIC_REPRESENTATION_CONTEXT(2) 
PARAMETRIC_REPRESENTATION_CONTEXT() REPRESENTATION_CONTEXT('2D SPACE',''
  ) );
#1319 = ORIENTED_EDGE('',*,*,#1320,.F.);
#1320 = EDGE_CURVE('',#1321,#1293,#1323,.T.);
#1321 = VERTEX_POINT('',#1322);
#1322 = CARTESIAN_POINT('',(-153.5,12.464101615138,45.5));
#1323 = SURFACE_CURVE('',#1324,(#1328,#1335),.PCURVE_S1.);
#1324 = LINE('',#1325,#1326);
#1325 = CARTESIAN_POINT('',(-153.5,-35.,45.5));
#1326 = VECTOR('',#1327,1.);
#1327 = DIRECTION('',(0.,1.,0.));
#1328 = PCURVE('',#72,#1329);
#1329 = DEFINITIONAL_REPRESENTATION('',(#1330),#1334);
#1330 = LINE('',#1331,#1332);
#1331 = CARTESIAN_POINT('',(85.5,3.));
#1332 = VECTOR('',#1333,1.);
#1333 = DIRECTION('',(0.,1.));
#1334 = ( GEOMETRIC_REPRESENTATION_CONTEXT(2) 
PARAMETRIC_REPRESENTATION_CONTEXT() REPRESENTATION_CONTEXT('2D SPACE',''
  ) );
#1335 = PCURVE('',#1336,#1341);
#1336 = PLANE('',#1337);
#1337 = AXIS2_PLACEMENT_3D('',#1338,#1339,#1340);
#1338 = CARTESIAN_POINT('',(-153.5,-35.,18.));
#1339 = DIRECTION('',(1.,0.,0.));
#1340 = DIRECTION('',(0.,0.,1.));
#1341 = DEFINITIONAL_REPRESENTATION('',(#1342),#1346);
#1342 = LINE('',#1343,#1344);
#1343 = CARTESIAN_POINT('',(27.5,0.));
#1344 = VECTOR('',#1345,1.);
#1345 = DIRECTION('',(0.,-1.));
#1346 = ( GEOMETRIC_REPRESENTATION_CONTEXT(2) 
PARAMETRIC_REPRESENTATION_CONTEXT() REPRESENTATION_CONTEXT('2D SPACE',''
  ) );
#1347 = ORIENTED_EDGE('',*,*,#1348,.F.);
#1348 = EDGE_CURVE('',#1349,#1321,#1351,.T.);
#1349 = VERTEX_POINT('',#1350);
#1350 = CARTESIAN_POINT('',(-153.5,5.535898384862,45.5));
#1351 = SURFACE_CURVE('',#1352,(#1357,#1364),.PCURVE_S1.);
#1352 = CIRCLE('',#1353,4.);
#1353 = AXIS2_PLACEMENT_3D('',#1354,#1355,#1356);
#1354 = CARTESIAN_POINT('',(-155.5,9.,45.5));
#1355 = DIRECTION('',(0.,0.,1.));
#1356 = DIRECTION('',(0.5,-0.866025403784,0.));
#1357 = PCURVE('',#72,#1358);
#1358 = DEFINITIONAL_REPRESENTATION('',(#1359),#1363);
#1359 = CIRCLE('',#1360,4.);
#1360 = AXIS2_PLACEMENT_2D('',#1361,#1362);
#1361 = CARTESIAN_POINT('',(83.5,47.));
#1362 = DIRECTION('',(0.5,-0.866025403784));
#1363 = ( GEOMETRIC_REPRESENTATION_CONTEXT(2) 
PARAMETRIC_REPRESENTATION_CONTEXT() REPRESENTATION_CONTEXT('2D SPACE',''
  ) );
#1364 = PCURVE('',#1365,#1370);
#1365 = CYLINDRICAL_SURFACE('',#1366,4.);
#1366 = AXIS2_PLACEMENT_3D('',#1367,#1368,#1369);
#1367 = CARTESIAN_POINT('',(-155.5,9.,18.));
#1368 = DIRECTION('',(0.,0.,1.));
#1369 = DIRECTION('',(1.,0.,-0.));
#1370 = DEFINITIONAL_REPRESENTATION('',(#1371),#1375);
#1371 = LINE('',#1372,#1373);
#1372 = CARTESIAN_POINT('',(5.235987755983,27.5));
#1373 = VECTOR('',#1374,1.);
#1374 = DIRECTION('',(1.,0.));
#1375 = ( GEOMETRIC_REPRESENTATION_CONTEXT(2) 
PARAMETRIC_REPRESENTATION_CONTEXT() REPRESENTATION_CONTEXT('2D SPACE',''
  ) );
#1376 = ORIENTED_EDGE('',*,*,#1377,.F.);
#1377 = EDGE_CURVE('',#1378,#1349,#1380,.T.);
#1378 = VERTEX_POINT('',#1379);
#1379 = CARTESIAN_POINT('',(-153.5,-5.535898384862,45.5));
#1380 = SURFACE_CURVE('',#1381,(#1385,#1392),.PCURVE_S1.);
#1381 = LINE('',#1382,#1383);
#1382 = CARTESIAN_POINT('',(-153.5,-35.,45.5));
#1383 = VECTOR('',#1384,1.);
#1384 = DIRECTION('',(0.,1.,0.));
#1385 = PCURVE('',#72,#1386);
#1386 = DEFINITIONAL_REPRESENTATION('',(#1387),#1391);
#1387 = LINE('',#1388,#1389);
#1388 = CARTESIAN_POINT('',(85.5,3.));
#1389 = VECTOR('',#1390,1.);
#1390 = DIRECTION('',(0.,1.));
#1391 = ( GEOMETRIC_REPRESENTATION_CONTEXT(2) 
PARAMETRIC_REPRESENTATION_CONTEXT() REPRESENTATION_CONTEXT('2D SPACE',''
  ) );
#1392 = PCURVE('',#1393,#1398);
#1393 = PLANE('',#1394);
#1394 = AXIS2_PLACEMENT_3D('',#1395,#1396,#1397);
#1395 = CARTESIAN_POINT('',(-153.5,-35.,18.));
#1396 = DIRECTION('',(1.,0.,0.));
#1397 = DIRECTION('',(0.,0.,1.));
#1398 = DEFINITIONAL_REPRESENTATION('',(#1399),#1403);
#1399 = LINE('',#1400,#1401);
#1400 = CARTESIAN_POINT('',(27.5,0.));
#1401 = VECTOR('',#1402,1.);
#1402 = DIRECTION('',(0.,-1.));
#1403 = ( GEOMETRIC_REPRESENTATION_CONTEXT(2) 
PARAMETRIC_REPRESENTATION_CONTEXT() REPRESENTATION_CONTEXT('2D SPACE',''
  ) );
#1404 = ORIENTED_EDGE('',*,*,#1405,.F.);
#1405 = EDGE_CURVE('',#1095,#1378,#1406,.T.);
#1406 = SURFACE_CURVE('',#1407,(#1412,#1419),.PCURVE_S1.);
#1407 = CIRCLE('',#1408,4.);
#1408 = AXIS2_PLACEMENT_3D('',#1409,#1410,#1411);
#1409 = CARTESIAN_POINT('',(-155.5,-9.,45.5));
#1410 = DIRECTION('',(0.,0.,1.));
#1411 = DIRECTION('',(0.5,-0.866025403784,0.));
#1412 = PCURVE('',#72,#1413);
#1413 = DEFINITIONAL_REPRESENTATION('',(#1414),#1418);
#1414 = CIRCLE('',#1415,4.);
#1415 = AXIS2_PLACEMENT_2D('',#1416,#1417);
#1416 = CARTESIAN_POINT('',(83.5,29.));
#1417 = DIRECTION('',(0.5,-0.866025403784));
#1418 = ( GEOMETRIC_REPRESENTATION_CONTEXT(2) 
PARAMETRIC_REPRESENTATION_CONTEXT() REPRESENTATION_CONTEXT('2D SPACE',''
  ) );
#1419 = PCURVE('',#1420,#1425);
#1420 = CYLINDRICAL_SURFACE('',#1421,4.);
#1421 = AXIS2_PLACEMENT_3D('',#1422,#1423,#1424);
#1422 = CARTESIAN_POINT('',(-155.5,-9.,18.));
#1423 = DIRECTION('',(0.,0.,1.));
#1424 = DIRECTION('',(1.,0.,-0.));
#1425 = DEFINITIONAL_REPRESENTATION('',(#1426),#1430);
#1426 = LINE('',#1427,#1428);
#1427 = CARTESIAN_POINT('',(5.235987755983,27.5));
#1428 = VECTOR('',#1429,1.);
#1429 = DIRECTION('',(1.,0.));
#1430 = ( GEOMETRIC_REPRESENTATION_CONTEXT(2) 
PARAMETRIC_REPRESENTATION_CONTEXT() REPRESENTATION_CONTEXT('2D SPACE',''
  ) );
#1431 = FACE_BOUND('',#1432,.F.);
#1432 = EDGE_LOOP('',(#1433,#1463,#1491,#1519,#1548,#1576,#1605,#1633,
    #1661,#1689,#1718,#1746));
#1433 = ORIENTED_EDGE('',*,*,#1434,.F.);
#1434 = EDGE_CURVE('',#1435,#1437,#1439,.T.);
#1435 = VERTEX_POINT('',#1436);
#1436 = CARTESIAN_POINT('',(-85.5,-35.,45.5));
#1437 = VERTEX_POINT('',#1438);
#1438 = CARTESIAN_POINT('',(-85.5,-12.46410161513,45.5));
#1439 = SURFACE_CURVE('',#1440,(#1444,#1451),.PCURVE_S1.);
#1440 = LINE('',#1441,#1442);
#1441 = CARTESIAN_POINT('',(-85.5,-35.,45.5));
#1442 = VECTOR('',#1443,1.);
#1443 = DIRECTION('',(0.,1.,0.));
#1444 = PCURVE('',#72,#1445);
#1445 = DEFINITIONAL_REPRESENTATION('',(#1446),#1450);
#1446 = LINE('',#1447,#1448);
#1447 = CARTESIAN_POINT('',(153.5,3.));
#1448 = VECTOR('',#1449,1.);
#1449 = DIRECTION('',(0.,1.));
#1450 = ( GEOMETRIC_REPRESENTATION_CONTEXT(2) 
PARAMETRIC_REPRESENTATION_CONTEXT() REPRESENTATION_CONTEXT('2D SPACE',''
  ) );
#1451 = PCURVE('',#1452,#1457);
#1452 = PLANE('',#1453);
#1453 = AXIS2_PLACEMENT_3D('',#1454,#1455,#1456);
#1454 = CARTESIAN_POINT('',(-85.5,-35.,18.));
#1455 = DIRECTION('',(1.,0.,0.));
#1456 = DIRECTION('',(0.,0.,1.));
#1457 = DEFINITIONAL_REPRESENTATION('',(#1458),#1462);
#1458 = LINE('',#1459,#1460);
#1459 = CARTESIAN_POINT('',(27.5,0.));
#1460 = VECTOR('',#1461,1.);
#1461 = DIRECTION('',(0.,-1.));
#1462 = ( GEOMETRIC_REPRESENTATION_CONTEXT(2) 
PARAMETRIC_REPRESENTATION_CONTEXT() REPRESENTATION_CONTEXT('2D SPACE',''
  ) );
#1463 = ORIENTED_EDGE('',*,*,#1464,.F.);
#1464 = EDGE_CURVE('',#1465,#1435,#1467,.T.);
#1465 = VERTEX_POINT('',#1466);
#1466 = CARTESIAN_POINT('',(-89.5,-35.,45.5));
#1467 = SURFACE_CURVE('',#1468,(#1472,#1479),.PCURVE_S1.);
#1468 = LINE('',#1469,#1470);
#1469 = CARTESIAN_POINT('',(-89.5,-35.,45.5));
#1470 = VECTOR('',#1471,1.);
#1471 = DIRECTION('',(1.,0.,0.));
#1472 = PCURVE('',#72,#1473);
#1473 = DEFINITIONAL_REPRESENTATION('',(#1474),#1478);
#1474 = LINE('',#1475,#1476);
#1475 = CARTESIAN_POINT('',(149.5,3.));
#1476 = VECTOR('',#1477,1.);
#1477 = DIRECTION('',(1.,0.));
#1478 = ( GEOMETRIC_REPRESENTATION_CONTEXT(2) 
PARAMETRIC_REPRESENTATION_CONTEXT() REPRESENTATION_CONTEXT('2D SPACE',''
  ) );
#1479 = PCURVE('',#1480,#1485);
#1480 = PLANE('',#1481);
#1481 = AXIS2_PLACEMENT_3D('',#1482,#1483,#1484);
#1482 = CARTESIAN_POINT('',(-89.5,-35.,18.));
#1483 = DIRECTION('',(0.,1.,0.));
#1484 = DIRECTION('',(0.,0.,1.));
#1485 = DEFINITIONAL_REPRESENTATION('',(#1486),#1490);
#1486 = LINE('',#1487,#1488);
#1487 = CARTESIAN_POINT('',(27.5,0.));
#1488 = VECTOR('',#1489,1.);
#1489 = DIRECTION('',(0.,1.));
#1490 = ( GEOMETRIC_REPRESENTATION_CONTEXT(2) 
PARAMETRIC_REPRESENTATION_CONTEXT() REPRESENTATION_CONTEXT('2D SPACE',''
  ) );
#1491 = ORIENTED_EDGE('',*,*,#1492,.T.);
#1492 = EDGE_CURVE('',#1465,#1493,#1495,.T.);
#1493 = VERTEX_POINT('',#1494);
#1494 = CARTESIAN_POINT('',(-89.5,-12.46410161513,45.5));
#1495 = SURFACE_CURVE('',#1496,(#1500,#1507),.PCURVE_S1.);
#1496 = LINE('',#1497,#1498);
#1497 = CARTESIAN_POINT('',(-89.5,-35.,45.5));
#1498 = VECTOR('',#1499,1.);
#1499 = DIRECTION('',(0.,1.,0.));
#1500 = PCURVE('',#72,#1501);
#1501 = DEFINITIONAL_REPRESENTATION('',(#1502),#1506);
#1502 = LINE('',#1503,#1504);
#1503 = CARTESIAN_POINT('',(149.5,3.));
#1504 = VECTOR('',#1505,1.);
#1505 = DIRECTION('',(0.,1.));
#1506 = ( GEOMETRIC_REPRESENTATION_CONTEXT(2) 
PARAMETRIC_REPRESENTATION_CONTEXT() REPRESENTATION_CONTEXT('2D SPACE',''
  ) );
#1507 = PCURVE('',#1508,#1513);
#1508 = PLANE('',#1509);
#1509 = AXIS2_PLACEMENT_3D('',#1510,#1511,#1512);
#1510 = CARTESIAN_POINT('',(-89.5,-35.,18.));
#1511 = DIRECTION('',(1.,0.,0.));
#1512 = DIRECTION('',(0.,0.,1.));
#1513 = DEFINITIONAL_REPRESENTATION('',(#1514),#1518);
#1514 = LINE('',#1515,#1516);
#1515 = CARTESIAN_POINT('',(27.5,0.));
#1516 = VECTOR('',#1517,1.);
#1517 = DIRECTION('',(0.,-1.));
#1518 = ( GEOMETRIC_REPRESENTATION_CONTEXT(2) 
PARAMETRIC_REPRESENTATION_CONTEXT() REPRESENTATION_CONTEXT('2D SPACE',''
  ) );
#1519 = ORIENTED_EDGE('',*,*,#1520,.F.);
#1520 = EDGE_CURVE('',#1521,#1493,#1523,.T.);
#1521 = VERTEX_POINT('',#1522);
#1522 = CARTESIAN_POINT('',(-89.5,-5.535898384862,45.5));
#1523 = SURFACE_CURVE('',#1524,(#1529,#1536),.PCURVE_S1.);
#1524 = CIRCLE('',#1525,4.);
#1525 = AXIS2_PLACEMENT_3D('',#1526,#1527,#1528);
#1526 = CARTESIAN_POINT('',(-87.5,-9.,45.5));
#1527 = DIRECTION('',(0.,0.,1.));
#1528 = DIRECTION('',(1.,0.,0.));
#1529 = PCURVE('',#72,#1530);
#1530 = DEFINITIONAL_REPRESENTATION('',(#1531),#1535);
#1531 = CIRCLE('',#1532,4.);
#1532 = AXIS2_PLACEMENT_2D('',#1533,#1534);
#1533 = CARTESIAN_POINT('',(151.5,29.));
#1534 = DIRECTION('',(1.,0.));
#1535 = ( GEOMETRIC_REPRESENTATION_CONTEXT(2) 
PARAMETRIC_REPRESENTATION_CONTEXT() REPRESENTATION_CONTEXT('2D SPACE',''
  ) );
#1536 = PCURVE('',#1537,#1542);
#1537 = CYLINDRICAL_SURFACE('',#1538,4.);
#1538 = AXIS2_PLACEMENT_3D('',#1539,#1540,#1541);
#1539 = CARTESIAN_POINT('',(-87.5,-9.,18.));
#1540 = DIRECTION('',(0.,0.,1.));
#1541 = DIRECTION('',(1.,0.,0.));
#1542 = DEFINITIONAL_REPRESENTATION('',(#1543),#1547);
#1543 = LINE('',#1544,#1545);
#1544 = CARTESIAN_POINT('',(0.,27.5));
#1545 = VECTOR('',#1546,1.);
#1546 = DIRECTION('',(1.,0.));
#1547 = ( GEOMETRIC_REPRESENTATION_CONTEXT(2) 
PARAMETRIC_REPRESENTATION_CONTEXT() REPRESENTATION_CONTEXT('2D SPACE',''
  ) );
#1548 = ORIENTED_EDGE('',*,*,#1549,.T.);
#1549 = EDGE_CURVE('',#1521,#1550,#1552,.T.);
#1550 = VERTEX_POINT('',#1551);
#1551 = CARTESIAN_POINT('',(-89.5,5.535898384862,45.5));
#1552 = SURFACE_CURVE('',#1553,(#1557,#1564),.PCURVE_S1.);
#1553 = LINE('',#1554,#1555);
#1554 = CARTESIAN_POINT('',(-89.5,-35.,45.5));
#1555 = VECTOR('',#1556,1.);
#1556 = DIRECTION('',(0.,1.,0.));
#1557 = PCURVE('',#72,#1558);
#1558 = DEFINITIONAL_REPRESENTATION('',(#1559),#1563);
#1559 = LINE('',#1560,#1561);
#1560 = CARTESIAN_POINT('',(149.5,3.));
#1561 = VECTOR('',#1562,1.);
#1562 = DIRECTION('',(0.,1.));
#1563 = ( GEOMETRIC_REPRESENTATION_CONTEXT(2) 
PARAMETRIC_REPRESENTATION_CONTEXT() REPRESENTATION_CONTEXT('2D SPACE',''
  ) );
#1564 = PCURVE('',#1565,#1570);
#1565 = PLANE('',#1566);
#1566 = AXIS2_PLACEMENT_3D('',#1567,#1568,#1569);
#1567 = CARTESIAN_POINT('',(-89.5,-35.,18.));
#1568 = DIRECTION('',(1.,0.,0.));
#1569 = DIRECTION('',(0.,0.,1.));
#1570 = DEFINITIONAL_REPRESENTATION('',(#1571),#1575);
#1571 = LINE('',#1572,#1573);
#1572 = CARTESIAN_POINT('',(27.5,0.));
#1573 = VECTOR('',#1574,1.);
#1574 = DIRECTION('',(0.,-1.));
#1575 = ( GEOMETRIC_REPRESENTATION_CONTEXT(2) 
PARAMETRIC_REPRESENTATION_CONTEXT() REPRESENTATION_CONTEXT('2D SPACE',''
  ) );
#1576 = ORIENTED_EDGE('',*,*,#1577,.F.);
#1577 = EDGE_CURVE('',#1578,#1550,#1580,.T.);
#1578 = VERTEX_POINT('',#1579);
#1579 = CARTESIAN_POINT('',(-89.5,12.464101615138,45.5));
#1580 = SURFACE_CURVE('',#1581,(#1586,#1593),.PCURVE_S1.);
#1581 = CIRCLE('',#1582,4.);
#1582 = AXIS2_PLACEMENT_3D('',#1583,#1584,#1585);
#1583 = CARTESIAN_POINT('',(-87.5,9.,45.5));
#1584 = DIRECTION('',(0.,0.,1.));
#1585 = DIRECTION('',(1.,0.,0.));
#1586 = PCURVE('',#72,#1587);
#1587 = DEFINITIONAL_REPRESENTATION('',(#1588),#1592);
#1588 = CIRCLE('',#1589,4.);
#1589 = AXIS2_PLACEMENT_2D('',#1590,#1591);
#1590 = CARTESIAN_POINT('',(151.5,47.));
#1591 = DIRECTION('',(1.,0.));
#1592 = ( GEOMETRIC_REPRESENTATION_CONTEXT(2) 
PARAMETRIC_REPRESENTATION_CONTEXT() REPRESENTATION_CONTEXT('2D SPACE',''
  ) );
#1593 = PCURVE('',#1594,#1599);
#1594 = CYLINDRICAL_SURFACE('',#1595,4.);
#1595 = AXIS2_PLACEMENT_3D('',#1596,#1597,#1598);
#1596 = CARTESIAN_POINT('',(-87.5,9.,18.));
#1597 = DIRECTION('',(0.,0.,1.));
#1598 = DIRECTION('',(1.,0.,0.));
#1599 = DEFINITIONAL_REPRESENTATION('',(#1600),#1604);
#1600 = LINE('',#1601,#1602);
#1601 = CARTESIAN_POINT('',(0.,27.5));
#1602 = VECTOR('',#1603,1.);
#1603 = DIRECTION('',(1.,0.));
#1604 = ( GEOMETRIC_REPRESENTATION_CONTEXT(2) 
PARAMETRIC_REPRESENTATION_CONTEXT() REPRESENTATION_CONTEXT('2D SPACE',''
  ) );
#1605 = ORIENTED_EDGE('',*,*,#1606,.T.);
#1606 = EDGE_CURVE('',#1578,#1607,#1609,.T.);
#1607 = VERTEX_POINT('',#1608);
#1608 = CARTESIAN_POINT('',(-89.5,35.,45.5));
#1609 = SURFACE_CURVE('',#1610,(#1614,#1621),.PCURVE_S1.);
#1610 = LINE('',#1611,#1612);
#1611 = CARTESIAN_POINT('',(-89.5,-35.,45.5));
#1612 = VECTOR('',#1613,1.);
#1613 = DIRECTION('',(0.,1.,0.));
#1614 = PCURVE('',#72,#1615);
#1615 = DEFINITIONAL_REPRESENTATION('',(#1616),#1620);
#1616 = LINE('',#1617,#1618);
#1617 = CARTESIAN_POINT('',(149.5,3.));
#1618 = VECTOR('',#1619,1.);
#1619 = DIRECTION('',(0.,1.));
#1620 = ( GEOMETRIC_REPRESENTATION_CONTEXT(2) 
PARAMETRIC_REPRESENTATION_CONTEXT() REPRESENTATION_CONTEXT('2D SPACE',''
  ) );
#1621 = PCURVE('',#1622,#1627);
#1622 = PLANE('',#1623);
#1623 = AXIS2_PLACEMENT_3D('',#1624,#1625,#1626);
#1624 = CARTESIAN_POINT('',(-89.5,-35.,18.));
#1625 = DIRECTION('',(1.,0.,0.));
#1626 = DIRECTION('',(0.,0.,1.));
#1627 = DEFINITIONAL_REPRESENTATION('',(#1628),#1632);
#1628 = LINE('',#1629,#1630);
#1629 = CARTESIAN_POINT('',(27.5,0.));
#1630 = VECTOR('',#1631,1.);
#1631 = DIRECTION('',(0.,-1.));
#1632 = ( GEOMETRIC_REPRESENTATION_CONTEXT(2) 
PARAMETRIC_REPRESENTATION_CONTEXT() REPRESENTATION_CONTEXT('2D SPACE',''
  ) );
#1633 = ORIENTED_EDGE('',*,*,#1634,.T.);
#1634 = EDGE_CURVE('',#1607,#1635,#1637,.T.);
#1635 = VERTEX_POINT('',#1636);
#1636 = CARTESIAN_POINT('',(-85.5,35.,45.5));
#1637 = SURFACE_CURVE('',#1638,(#1642,#1649),.PCURVE_S1.);
#1638 = LINE('',#1639,#1640);
#1639 = CARTESIAN_POINT('',(-89.5,35.,45.5));
#1640 = VECTOR('',#1641,1.);
#1641 = DIRECTION('',(1.,0.,0.));
#1642 = PCURVE('',#72,#1643);
#1643 = DEFINITIONAL_REPRESENTATION('',(#1644),#1648);
#1644 = LINE('',#1645,#1646);
#1645 = CARTESIAN_POINT('',(149.5,73.));
#1646 = VECTOR('',#1647,1.);
#1647 = DIRECTION('',(1.,0.));
#1648 = ( GEOMETRIC_REPRESENTATION_CONTEXT(2) 
PARAMETRIC_REPRESENTATION_CONTEXT() REPRESENTATION_CONTEXT('2D SPACE',''
  ) );
#1649 = PCURVE('',#1650,#1655);
#1650 = PLANE('',#1651);
#1651 = AXIS2_PLACEMENT_3D('',#1652,#1653,#1654);
#1652 = CARTESIAN_POINT('',(-89.5,35.,18.));
#1653 = DIRECTION('',(0.,1.,0.));
#1654 = DIRECTION('',(0.,0.,1.));
#1655 = DEFINITIONAL_REPRESENTATION('',(#1656),#1660);
#1656 = LINE('',#1657,#1658);
#1657 = CARTESIAN_POINT('',(27.5,0.));
#1658 = VECTOR('',#1659,1.);
#1659 = DIRECTION('',(0.,1.));
#1660 = ( GEOMETRIC_REPRESENTATION_CONTEXT(2) 
PARAMETRIC_REPRESENTATION_CONTEXT() REPRESENTATION_CONTEXT('2D SPACE',''
  ) );
#1661 = ORIENTED_EDGE('',*,*,#1662,.F.);
#1662 = EDGE_CURVE('',#1663,#1635,#1665,.T.);
#1663 = VERTEX_POINT('',#1664);
#1664 = CARTESIAN_POINT('',(-85.5,12.464101615138,45.5));
#1665 = SURFACE_CURVE('',#1666,(#1670,#1677),.PCURVE_S1.);
#1666 = LINE('',#1667,#1668);
#1667 = CARTESIAN_POINT('',(-85.5,-35.,45.5));
#1668 = VECTOR('',#1669,1.);
#1669 = DIRECTION('',(0.,1.,0.));
#1670 = PCURVE('',#72,#1671);
#1671 = DEFINITIONAL_REPRESENTATION('',(#1672),#1676);
#1672 = LINE('',#1673,#1674);
#1673 = CARTESIAN_POINT('',(153.5,3.));
#1674 = VECTOR('',#1675,1.);
#1675 = DIRECTION('',(0.,1.));
#1676 = ( GEOMETRIC_REPRESENTATION_CONTEXT(2) 
PARAMETRIC_REPRESENTATION_CONTEXT() REPRESENTATION_CONTEXT('2D SPACE',''
  ) );
#1677 = PCURVE('',#1678,#1683);
#1678 = PLANE('',#1679);
#1679 = AXIS2_PLACEMENT_3D('',#1680,#1681,#1682);
#1680 = CARTESIAN_POINT('',(-85.5,-35.,18.));
#1681 = DIRECTION('',(1.,0.,0.));
#1682 = DIRECTION('',(0.,0.,1.));
#1683 = DEFINITIONAL_REPRESENTATION('',(#1684),#1688);
#1684 = LINE('',#1685,#1686);
#1685 = CARTESIAN_POINT('',(27.5,0.));
#1686 = VECTOR('',#1687,1.);
#1687 = DIRECTION('',(0.,-1.));
#1688 = ( GEOMETRIC_REPRESENTATION_CONTEXT(2) 
PARAMETRIC_REPRESENTATION_CONTEXT() REPRESENTATION_CONTEXT('2D SPACE',''
  ) );
#1689 = ORIENTED_EDGE('',*,*,#1690,.F.);
#1690 = EDGE_CURVE('',#1691,#1663,#1693,.T.);
#1691 = VERTEX_POINT('',#1692);
#1692 = CARTESIAN_POINT('',(-85.5,5.535898384862,45.5));
#1693 = SURFACE_CURVE('',#1694,(#1699,#1706),.PCURVE_S1.);
#1694 = CIRCLE('',#1695,4.);
#1695 = AXIS2_PLACEMENT_3D('',#1696,#1697,#1698);
#1696 = CARTESIAN_POINT('',(-87.5,9.,45.5));
#1697 = DIRECTION('',(0.,0.,1.));
#1698 = DIRECTION('',(0.5,-0.866025403784,0.));
#1699 = PCURVE('',#72,#1700);
#1700 = DEFINITIONAL_REPRESENTATION('',(#1701),#1705);
#1701 = CIRCLE('',#1702,4.);
#1702 = AXIS2_PLACEMENT_2D('',#1703,#1704);
#1703 = CARTESIAN_POINT('',(151.5,47.));
#1704 = DIRECTION('',(0.5,-0.866025403784));
#1705 = ( GEOMETRIC_REPRESENTATION_CONTEXT(2) 
PARAMETRIC_REPRESENTATION_CONTEXT() REPRESENTATION_CONTEXT('2D SPACE',''
  ) );
#1706 = PCURVE('',#1707,#1712);
#1707 = CYLINDRICAL_SURFACE('',#1708,4.);
#1708 = AXIS2_PLACEMENT_3D('',#1709,#1710,#1711);
#1709 = CARTESIAN_POINT('',(-87.5,9.,18.));
#1710 = DIRECTION('',(0.,0.,1.));
#1711 = DIRECTION('',(1.,0.,-0.));
#1712 = DEFINITIONAL_REPRESENTATION('',(#1713),#1717);
#1713 = LINE('',#1714,#1715);
#1714 = CARTESIAN_POINT('',(5.235987755983,27.5));
#1715 = VECTOR('',#1716,1.);
#1716 = DIRECTION('',(1.,0.));
#1717 = ( GEOMETRIC_REPRESENTATION_CONTEXT(2) 
PARAMETRIC_REPRESENTATION_CONTEXT() REPRESENTATION_CONTEXT('2D SPACE',''
  ) );
#1718 = ORIENTED_EDGE('',*,*,#1719,.F.);
#1719 = EDGE_CURVE('',#1720,#1691,#1722,.T.);
#1720 = VERTEX_POINT('',#1721);
#1721 = CARTESIAN_POINT('',(-85.5,-5.535898384862,45.5));
#1722 = SURFACE_CURVE('',#1723,(#1727,#1734),.PCURVE_S1.);
#1723 = LINE('',#1724,#1725);
#1724 = CARTESIAN_POINT('',(-85.5,-35.,45.5));
#1725 = VECTOR('',#1726,1.);
#1726 = DIRECTION('',(0.,1.,0.));
#1727 = PCURVE('',#72,#1728);
#1728 = DEFINITIONAL_REPRESENTATION('',(#1729),#1733);
#1729 = LINE('',#1730,#1731);
#1730 = CARTESIAN_POINT('',(153.5,3.));
#1731 = VECTOR('',#1732,1.);
#1732 = DIRECTION('',(0.,1.));
#1733 = ( GEOMETRIC_REPRESENTATION_CONTEXT(2) 
PARAMETRIC_REPRESENTATION_CONTEXT() REPRESENTATION_CONTEXT('2D SPACE',''
  ) );
#1734 = PCURVE('',#1735,#1740);
#1735 = PLANE('',#1736);
#1736 = AXIS2_PLACEMENT_3D('',#1737,#1738,#1739);
#1737 = CARTESIAN_POINT('',(-85.5,-35.,18.));
#1738 = DIRECTION('',(1.,0.,0.));
#1739 = DIRECTION('',(0.,0.,1.));
#1740 = DEFINITIONAL_REPRESENTATION('',(#1741),#1745);
#1741 = LINE('',#1742,#1743);
#1742 = CARTESIAN_POINT('',(27.5,0.));
#1743 = VECTOR('',#1744,1.);
#1744 = DIRECTION('',(0.,-1.));
#1745 = ( GEOMETRIC_REPRESENTATION_CONTEXT(2) 
PARAMETRIC_REPRESENTATION_CONTEXT() REPRESENTATION_CONTEXT('2D SPACE',''
  ) );
#1746 = ORIENTED_EDGE('',*,*,#1747,.F.);
#1747 = EDGE_CURVE('',#1437,#1720,#1748,.T.);
#1748 = SURFACE_CURVE('',#1749,(#1754,#1761),.PCURVE_S1.);
#1749 = CIRCLE('',#1750,4.);
#1750 = AXIS2_PLACEMENT_3D('',#1751,#1752,#1753);
#1751 = CARTESIAN_POINT('',(-87.5,-9.,45.5));
#1752 = DIRECTION('',(0.,0.,1.));
#1753 = DIRECTION('',(0.5,-0.866025403784,0.));
#1754 = PCURVE('',#72,#1755);
#1755 = DEFINITIONAL_REPRESENTATION('',(#1756),#1760);
#1756 = CIRCLE('',#1757,4.);
#1757 = AXIS2_PLACEMENT_2D('',#1758,#1759);
#1758 = CARTESIAN_POINT('',(151.5,29.));
#1759 = DIRECTION('',(0.5,-0.866025403784));
#1760 = ( GEOMETRIC_REPRESENTATION_CONTEXT(2) 
PARAMETRIC_REPRESENTATION_CONTEXT() REPRESENTATION_CONTEXT('2D SPACE',''
  ) );
#1761 = PCURVE('',#1762,#1767);
#1762 = CYLINDRICAL_SURFACE('',#1763,4.);
#1763 = AXIS2_PLACEMENT_3D('',#1764,#1765,#1766);
#1764 = CARTESIAN_POINT('',(-87.5,-9.,18.));
#1765 = DIRECTION('',(0.,0.,1.));
#1766 = DIRECTION('',(1.,0.,-0.));
#1767 = DEFINITIONAL_REPRESENTATION('',(#1768),#1772);
#1768 = LINE('',#1769,#1770);
#1769 = CARTESIAN_POINT('',(5.235987755983,27.5));
#1770 = VECTOR('',#1771,1.);
#1771 = DIRECTION('',(1.,0.));
#1772 = ( GEOMETRIC_REPRESENTATION_CONTEXT(2) 
PARAMETRIC_REPRESENTATION_CONTEXT() REPRESENTATION_CONTEXT('2D SPACE',''
  ) );
#1773 = ADVANCED_FACE('',(#1774),#100,.T.);
#1774 = FACE_BOUND('',#1775,.T.);
#1775 = EDGE_LOOP('',(#1776,#1777,#1778,#1779));
#1776 = ORIENTED_EDGE('',*,*,#727,.F.);
#1777 = ORIENTED_EDGE('',*,*,#84,.T.);
#1778 = ORIENTED_EDGE('',*,*,#348,.T.);
#1779 = ORIENTED_EDGE('',*,*,#1780,.F.);
#1780 = EDGE_CURVE('',#705,#326,#1781,.T.);
#1781 = SURFACE_CURVE('',#1782,(#1786,#1793),.PCURVE_S1.);
#1782 = LINE('',#1783,#1784);
#1783 = CARTESIAN_POINT('',(-71.,38.,45.5));
#1784 = VECTOR('',#1785,1.);
#1785 = DIRECTION('',(0.,0.,1.));
#1786 = PCURVE('',#100,#1787);
#1787 = DEFINITIONAL_REPRESENTATION('',(#1788),#1792);
#1788 = LINE('',#1789,#1790);
#1789 = CARTESIAN_POINT('',(0.,168.));
#1790 = VECTOR('',#1791,1.);
#1791 = DIRECTION('',(1.,0.));
#1792 = ( GEOMETRIC_REPRESENTATION_CONTEXT(2) 
PARAMETRIC_REPRESENTATION_CONTEXT() REPRESENTATION_CONTEXT('2D SPACE',''
  ) );
#1793 = PCURVE('',#308,#1794);
#1794 = DEFINITIONAL_REPRESENTATION('',(#1795),#1799);
#1795 = LINE('',#1796,#1797);
#1796 = CARTESIAN_POINT('',(0.,-76.));
#1797 = VECTOR('',#1798,1.);
#1798 = DIRECTION('',(1.,0.));
#1799 = ( GEOMETRIC_REPRESENTATION_CONTEXT(2) 
PARAMETRIC_REPRESENTATION_CONTEXT() REPRESENTATION_CONTEXT('2D SPACE',''
  ) );
#1800 = ADVANCED_FACE('',(#1801),#157,.T.);
#1801 = FACE_BOUND('',#1802,.T.);
#1802 = EDGE_LOOP('',(#1803,#1826,#1827,#1850));
#1803 = ORIENTED_EDGE('',*,*,#1804,.F.);
#1804 = EDGE_CURVE('',#141,#1805,#1807,.T.);
#1805 = VERTEX_POINT('',#1806);
#1806 = CARTESIAN_POINT('',(-237.,28.,70.7));
#1807 = SURFACE_CURVE('',#1808,(#1812,#1819),.PCURVE_S1.);
#1808 = LINE('',#1809,#1810);
#1809 = CARTESIAN_POINT('',(-240.,28.,70.7));
#1810 = VECTOR('',#1811,1.);
#1811 = DIRECTION('',(1.,0.,0.));
#1812 = PCURVE('',#157,#1813);
#1813 = DEFINITIONAL_REPRESENTATION('',(#1814),#1818);
#1814 = LINE('',#1815,#1816);
#1815 = CARTESIAN_POINT('',(0.,10.));
#1816 = VECTOR('',#1817,1.);
#1817 = DIRECTION('',(1.,0.));
#1818 = ( GEOMETRIC_REPRESENTATION_CONTEXT(2) 
PARAMETRIC_REPRESENTATION_CONTEXT() REPRESENTATION_CONTEXT('2D SPACE',''
  ) );
#1819 = PCURVE('',#233,#1820);
#1820 = DEFINITIONAL_REPRESENTATION('',(#1821),#1825);
#1821 = LINE('',#1822,#1823);
#1822 = CARTESIAN_POINT('',(0.,0.));
#1823 = VECTOR('',#1824,1.);
#1824 = DIRECTION('',(0.,1.));
#1825 = ( GEOMETRIC_REPRESENTATION_CONTEXT(2) 
PARAMETRIC_REPRESENTATION_CONTEXT() REPRESENTATION_CONTEXT('2D SPACE',''
  ) );
#1826 = ORIENTED_EDGE('',*,*,#140,.T.);
#1827 = ORIENTED_EDGE('',*,*,#1828,.T.);
#1828 = EDGE_CURVE('',#143,#1829,#1831,.T.);
#1829 = VERTEX_POINT('',#1830);
#1830 = CARTESIAN_POINT('',(-237.,18.,70.7));
#1831 = SURFACE_CURVE('',#1832,(#1836,#1843),.PCURVE_S1.);
#1832 = LINE('',#1833,#1834);
#1833 = CARTESIAN_POINT('',(-240.,18.,70.7));
#1834 = VECTOR('',#1835,1.);
#1835 = DIRECTION('',(1.,0.,0.));
#1836 = PCURVE('',#157,#1837);
#1837 = DEFINITIONAL_REPRESENTATION('',(#1838),#1842);
#1838 = LINE('',#1839,#1840);
#1839 = CARTESIAN_POINT('',(0.,0.));
#1840 = VECTOR('',#1841,1.);
#1841 = DIRECTION('',(1.,0.));
#1842 = ( GEOMETRIC_REPRESENTATION_CONTEXT(2) 
PARAMETRIC_REPRESENTATION_CONTEXT() REPRESENTATION_CONTEXT('2D SPACE',''
  ) );
#1843 = PCURVE('',#183,#1844);
#1844 = DEFINITIONAL_REPRESENTATION('',(#1845),#1849);
#1845 = LINE('',#1846,#1847);
#1846 = CARTESIAN_POINT('',(0.,0.));
#1847 = VECTOR('',#1848,1.);
#1848 = DIRECTION('',(0.,1.));
#1849 = ( GEOMETRIC_REPRESENTATION_CONTEXT(2) 
PARAMETRIC_REPRESENTATION_CONTEXT() REPRESENTATION_CONTEXT('2D SPACE',''
  ) );
#1850 = ORIENTED_EDGE('',*,*,#1851,.F.);
#1851 = EDGE_CURVE('',#1805,#1829,#1852,.T.);
#1852 = SURFACE_CURVE('',#1853,(#1857,#1863),.PCURVE_S1.);
#1853 = LINE('',#1854,#1855);
#1854 = CARTESIAN_POINT('',(-237.,-9.,70.7));
#1855 = VECTOR('',#1856,1.);
#1856 = DIRECTION('',(0.,-1.,0.));
#1857 = PCURVE('',#157,#1858);
#1858 = DEFINITIONAL_REPRESENTATION('',(#1859),#1862);
#1859 = B_SPLINE_CURVE_WITH_KNOTS('',1,(#1860,#1861),.UNSPECIFIED.,.F.,
  .F.,(2,2),(-37.,-27.),.PIECEWISE_BEZIER_KNOTS.);
#1860 = CARTESIAN_POINT('',(3.,10.));
#1861 = CARTESIAN_POINT('',(3.,0.));
#1862 = ( GEOMETRIC_REPRESENTATION_CONTEXT(2) 
PARAMETRIC_REPRESENTATION_CONTEXT() REPRESENTATION_CONTEXT('2D SPACE',''
  ) );
#1863 = PCURVE('',#581,#1864);
#1864 = DEFINITIONAL_REPRESENTATION('',(#1865),#1868);
#1865 = B_SPLINE_CURVE_WITH_KNOTS('',1,(#1866,#1867),.UNSPECIFIED.,.F.,
  .F.,(2,2),(-37.,-27.),.PIECEWISE_BEZIER_KNOTS.);
#1866 = CARTESIAN_POINT('',(22.7,-64.));
#1867 = CARTESIAN_POINT('',(22.7,-54.));
#1868 = ( GEOMETRIC_REPRESENTATION_CONTEXT(2) 
PARAMETRIC_REPRESENTATION_CONTEXT() REPRESENTATION_CONTEXT('2D SPACE',''
  ) );
#1869 = ADVANCED_FACE('',(#1870),#233,.F.);
#1870 = FACE_BOUND('',#1871,.F.);
#1871 = EDGE_LOOP('',(#1872,#1873,#1874,#1897));
#1872 = ORIENTED_EDGE('',*,*,#1804,.F.);
#1873 = ORIENTED_EDGE('',*,*,#220,.T.);
#1874 = ORIENTED_EDGE('',*,*,#1875,.T.);
#1875 = EDGE_CURVE('',#195,#1876,#1878,.T.);
#1876 = VERTEX_POINT('',#1877);
#1877 = CARTESIAN_POINT('',(-237.,28.,74.7));
#1878 = SURFACE_CURVE('',#1879,(#1883,#1890),.PCURVE_S1.);
#1879 = LINE('',#1880,#1881);
#1880 = CARTESIAN_POINT('',(-240.,28.,74.7));
#1881 = VECTOR('',#1882,1.);
#1882 = DIRECTION('',(1.,0.,0.));
#1883 = PCURVE('',#233,#1884);
#1884 = DEFINITIONAL_REPRESENTATION('',(#1885),#1889);
#1885 = LINE('',#1886,#1887);
#1886 = CARTESIAN_POINT('',(4.,0.));
#1887 = VECTOR('',#1888,1.);
#1888 = DIRECTION('',(0.,1.));
#1889 = ( GEOMETRIC_REPRESENTATION_CONTEXT(2) 
PARAMETRIC_REPRESENTATION_CONTEXT() REPRESENTATION_CONTEXT('2D SPACE',''
  ) );
#1890 = PCURVE('',#209,#1891);
#1891 = DEFINITIONAL_REPRESENTATION('',(#1892),#1896);
#1892 = LINE('',#1893,#1894);
#1893 = CARTESIAN_POINT('',(0.,10.));
#1894 = VECTOR('',#1895,1.);
#1895 = DIRECTION('',(1.,0.));
#1896 = ( GEOMETRIC_REPRESENTATION_CONTEXT(2) 
PARAMETRIC_REPRESENTATION_CONTEXT() REPRESENTATION_CONTEXT('2D SPACE',''
  ) );
#1897 = ORIENTED_EDGE('',*,*,#1898,.F.);
#1898 = EDGE_CURVE('',#1805,#1876,#1899,.T.);
#1899 = SURFACE_CURVE('',#1900,(#1904,#1910),.PCURVE_S1.);
#1900 = LINE('',#1901,#1902);
#1901 = CARTESIAN_POINT('',(-237.,28.,59.35));
#1902 = VECTOR('',#1903,1.);
#1903 = DIRECTION('',(0.,0.,1.));
#1904 = PCURVE('',#233,#1905);
#1905 = DEFINITIONAL_REPRESENTATION('',(#1906),#1909);
#1906 = B_SPLINE_CURVE_WITH_KNOTS('',1,(#1907,#1908),.UNSPECIFIED.,.F.,
  .F.,(2,2),(11.35,15.35),.PIECEWISE_BEZIER_KNOTS.);
#1907 = CARTESIAN_POINT('',(0.,3.));
#1908 = CARTESIAN_POINT('',(4.,3.));
#1909 = ( GEOMETRIC_REPRESENTATION_CONTEXT(2) 
PARAMETRIC_REPRESENTATION_CONTEXT() REPRESENTATION_CONTEXT('2D SPACE',''
  ) );
#1910 = PCURVE('',#581,#1911);
#1911 = DEFINITIONAL_REPRESENTATION('',(#1912),#1915);
#1912 = B_SPLINE_CURVE_WITH_KNOTS('',1,(#1913,#1914),.UNSPECIFIED.,.F.,
  .F.,(2,2),(11.35,15.35),.PIECEWISE_BEZIER_KNOTS.);
#1913 = CARTESIAN_POINT('',(22.7,-64.));
#1914 = CARTESIAN_POINT('',(26.7,-64.));
#1915 = ( GEOMETRIC_REPRESENTATION_CONTEXT(2) 
PARAMETRIC_REPRESENTATION_CONTEXT() REPRESENTATION_CONTEXT('2D SPACE',''
  ) );
#1916 = ADVANCED_FACE('',(#1917),#209,.F.);
#1917 = FACE_BOUND('',#1918,.F.);
#1918 = EDGE_LOOP('',(#1919,#1920,#1921,#1944));
#1919 = ORIENTED_EDGE('',*,*,#1875,.F.);
#1920 = ORIENTED_EDGE('',*,*,#194,.T.);
#1921 = ORIENTED_EDGE('',*,*,#1922,.T.);
#1922 = EDGE_CURVE('',#169,#1923,#1925,.T.);
#1923 = VERTEX_POINT('',#1924);
#1924 = CARTESIAN_POINT('',(-237.,18.,74.7));
#1925 = SURFACE_CURVE('',#1926,(#1930,#1937),.PCURVE_S1.);
#1926 = LINE('',#1927,#1928);
#1927 = CARTESIAN_POINT('',(-240.,18.,74.7));
#1928 = VECTOR('',#1929,1.);
#1929 = DIRECTION('',(1.,0.,0.));
#1930 = PCURVE('',#209,#1931);
#1931 = DEFINITIONAL_REPRESENTATION('',(#1932),#1936);
#1932 = LINE('',#1933,#1934);
#1933 = CARTESIAN_POINT('',(0.,0.));
#1934 = VECTOR('',#1935,1.);
#1935 = DIRECTION('',(1.,0.));
#1936 = ( GEOMETRIC_REPRESENTATION_CONTEXT(2) 
PARAMETRIC_REPRESENTATION_CONTEXT() REPRESENTATION_CONTEXT('2D SPACE',''
  ) );
#1937 = PCURVE('',#183,#1938);
#1938 = DEFINITIONAL_REPRESENTATION('',(#1939),#1943);
#1939 = LINE('',#1940,#1941);
#1940 = CARTESIAN_POINT('',(4.,0.));
#1941 = VECTOR('',#1942,1.);
#1942 = DIRECTION('',(0.,1.));
#1943 = ( GEOMETRIC_REPRESENTATION_CONTEXT(2) 
PARAMETRIC_REPRESENTATION_CONTEXT() REPRESENTATION_CONTEXT('2D SPACE',''
  ) );
#1944 = ORIENTED_EDGE('',*,*,#1945,.F.);
#1945 = EDGE_CURVE('',#1876,#1923,#1946,.T.);
#1946 = SURFACE_CURVE('',#1947,(#1951,#1957),.PCURVE_S1.);
#1947 = LINE('',#1948,#1949);
#1948 = CARTESIAN_POINT('',(-237.,-9.,74.7));
#1949 = VECTOR('',#1950,1.);
#1950 = DIRECTION('',(0.,-1.,0.));
#1951 = PCURVE('',#209,#1952);
#1952 = DEFINITIONAL_REPRESENTATION('',(#1953),#1956);
#1953 = B_SPLINE_CURVE_WITH_KNOTS('',1,(#1954,#1955),.UNSPECIFIED.,.F.,
  .F.,(2,2),(-37.,-27.),.PIECEWISE_BEZIER_KNOTS.);
#1954 = CARTESIAN_POINT('',(3.,10.));
#1955 = CARTESIAN_POINT('',(3.,0.));
#1956 = ( GEOMETRIC_REPRESENTATION_CONTEXT(2) 
PARAMETRIC_REPRESENTATION_CONTEXT() REPRESENTATION_CONTEXT('2D SPACE',''
  ) );
#1957 = PCURVE('',#581,#1958);
#1958 = DEFINITIONAL_REPRESENTATION('',(#1959),#1962);
#1959 = B_SPLINE_CURVE_WITH_KNOTS('',1,(#1960,#1961),.UNSPECIFIED.,.F.,
  .F.,(2,2),(-37.,-27.),.PIECEWISE_BEZIER_KNOTS.);
#1960 = CARTESIAN_POINT('',(26.7,-64.));
#1961 = CARTESIAN_POINT('',(26.7,-54.));
#1962 = ( GEOMETRIC_REPRESENTATION_CONTEXT(2) 
PARAMETRIC_REPRESENTATION_CONTEXT() REPRESENTATION_CONTEXT('2D SPACE',''
  ) );
#1963 = ADVANCED_FACE('',(#1964),#183,.T.);
#1964 = FACE_BOUND('',#1965,.T.);
#1965 = EDGE_LOOP('',(#1966,#1967,#1968,#1969));
#1966 = ORIENTED_EDGE('',*,*,#1828,.F.);
#1967 = ORIENTED_EDGE('',*,*,#168,.T.);
#1968 = ORIENTED_EDGE('',*,*,#1922,.T.);
#1969 = ORIENTED_EDGE('',*,*,#1970,.F.);
#1970 = EDGE_CURVE('',#1829,#1923,#1971,.T.);
#1971 = SURFACE_CURVE('',#1972,(#1976,#1982),.PCURVE_S1.);
#1972 = LINE('',#1973,#1974);
#1973 = CARTESIAN_POINT('',(-237.,18.,59.35));
#1974 = VECTOR('',#1975,1.);
#1975 = DIRECTION('',(0.,0.,1.));
#1976 = PCURVE('',#183,#1977);
#1977 = DEFINITIONAL_REPRESENTATION('',(#1978),#1981);
#1978 = B_SPLINE_CURVE_WITH_KNOTS('',1,(#1979,#1980),.UNSPECIFIED.,.F.,
  .F.,(2,2),(11.35,15.35),.PIECEWISE_BEZIER_KNOTS.);
#1979 = CARTESIAN_POINT('',(0.,3.));
#1980 = CARTESIAN_POINT('',(4.,3.));
#1981 = ( GEOMETRIC_REPRESENTATION_CONTEXT(2) 
PARAMETRIC_REPRESENTATION_CONTEXT() REPRESENTATION_CONTEXT('2D SPACE',''
  ) );
#1982 = PCURVE('',#581,#1983);
#1983 = DEFINITIONAL_REPRESENTATION('',(#1984),#1987);
#1984 = B_SPLINE_CURVE_WITH_KNOTS('',1,(#1985,#1986),.UNSPECIFIED.,.F.,
  .F.,(2,2),(11.35,15.35),.PIECEWISE_BEZIER_KNOTS.);
#1985 = CARTESIAN_POINT('',(22.7,-54.));
#1986 = CARTESIAN_POINT('',(26.7,-54.));
#1987 = ( GEOMETRIC_REPRESENTATION_CONTEXT(2) 
PARAMETRIC_REPRESENTATION_CONTEXT() REPRESENTATION_CONTEXT('2D SPACE',''
  ) );
#1988 = ADVANCED_FACE('',(#1989,#1995,#2026,#2057,#2088,#2119,#2150,
    #2181,#2212),#308,.T.);
#1989 = FACE_BOUND('',#1990,.T.);
#1990 = EDGE_LOOP('',(#1991,#1992,#1993,#1994));
#1991 = ORIENTED_EDGE('',*,*,#294,.F.);
#1992 = ORIENTED_EDGE('',*,*,#704,.T.);
#1993 = ORIENTED_EDGE('',*,*,#1780,.T.);
#1994 = ORIENTED_EDGE('',*,*,#325,.F.);
#1995 = FACE_BOUND('',#1996,.T.);
#1996 = EDGE_LOOP('',(#1997));
#1997 = ORIENTED_EDGE('',*,*,#1998,.F.);
#1998 = EDGE_CURVE('',#1999,#1999,#2001,.T.);
#1999 = VERTEX_POINT('',#2000);
#2000 = CARTESIAN_POINT('',(-71.,31.25,55.1));
#2001 = SURFACE_CURVE('',#2002,(#2007,#2014),.PCURVE_S1.);
#2002 = CIRCLE('',#2003,1.5);
#2003 = AXIS2_PLACEMENT_3D('',#2004,#2005,#2006);
#2004 = CARTESIAN_POINT('',(-71.,31.25,56.6));
#2005 = DIRECTION('',(1.,0.,2.22044604925E-16));
#2006 = DIRECTION('',(2.22044604925E-16,0.,-1.));
#2007 = PCURVE('',#308,#2008);
#2008 = DEFINITIONAL_REPRESENTATION('',(#2009),#2013);
#2009 = CIRCLE('',#2010,1.5);
#2010 = AXIS2_PLACEMENT_2D('',#2011,#2012);
#2011 = CARTESIAN_POINT('',(11.1,-69.25));
#2012 = DIRECTION('',(-1.,0.));
#2013 = ( GEOMETRIC_REPRESENTATION_CONTEXT(2) 
PARAMETRIC_REPRESENTATION_CONTEXT() REPRESENTATION_CONTEXT('2D SPACE',''
  ) );
#2014 = PCURVE('',#2015,#2020);
#2015 = CYLINDRICAL_SURFACE('',#2016,1.5);
#2016 = AXIS2_PLACEMENT_3D('',#2017,#2018,#2019);
#2017 = CARTESIAN_POINT('',(-74.,31.25,56.6));
#2018 = DIRECTION('',(1.,0.,2.22044604925E-16));
#2019 = DIRECTION('',(2.22044604925E-16,0.,-1.));
#2020 = DEFINITIONAL_REPRESENTATION('',(#2021),#2025);
#2021 = LINE('',#2022,#2023);
#2022 = CARTESIAN_POINT('',(0.,3.));
#2023 = VECTOR('',#2024,1.);
#2024 = DIRECTION('',(1.,0.));
#2025 = ( GEOMETRIC_REPRESENTATION_CONTEXT(2) 
PARAMETRIC_REPRESENTATION_CONTEXT() REPRESENTATION_CONTEXT('2D SPACE',''
  ) );
#2026 = FACE_BOUND('',#2027,.T.);
#2027 = EDGE_LOOP('',(#2028));
#2028 = ORIENTED_EDGE('',*,*,#2029,.F.);
#2029 = EDGE_CURVE('',#2030,#2030,#2032,.T.);
#2030 = VERTEX_POINT('',#2031);
#2031 = CARTESIAN_POINT('',(-71.,14.,54.3));
#2032 = SURFACE_CURVE('',#2033,(#2038,#2045),.PCURVE_S1.);
#2033 = CIRCLE('',#2034,1.7);
#2034 = AXIS2_PLACEMENT_3D('',#2035,#2036,#2037);
#2035 = CARTESIAN_POINT('',(-71.,14.,56.));
#2036 = DIRECTION('',(1.,0.,2.22044604925E-16));
#2037 = DIRECTION('',(2.22044604925E-16,0.,-1.));
#2038 = PCURVE('',#308,#2039);
#2039 = DEFINITIONAL_REPRESENTATION('',(#2040),#2044);
#2040 = CIRCLE('',#2041,1.7);
#2041 = AXIS2_PLACEMENT_2D('',#2042,#2043);
#2042 = CARTESIAN_POINT('',(10.5,-52.));
#2043 = DIRECTION('',(-1.,0.));
#2044 = ( GEOMETRIC_REPRESENTATION_CONTEXT(2) 
PARAMETRIC_REPRESENTATION_CONTEXT() REPRESENTATION_CONTEXT('2D SPACE',''
  ) );
#2045 = PCURVE('',#2046,#2051);
#2046 = CYLINDRICAL_SURFACE('',#2047,1.7);
#2047 = AXIS2_PLACEMENT_3D('',#2048,#2049,#2050);
#2048 = CARTESIAN_POINT('',(-74.,14.,56.));
#2049 = DIRECTION('',(1.,0.,2.22044604925E-16));
#2050 = DIRECTION('',(2.22044604925E-16,0.,-1.));
#2051 = DEFINITIONAL_REPRESENTATION('',(#2052),#2056);
#2052 = LINE('',#2053,#2054);
#2053 = CARTESIAN_POINT('',(0.,3.));
#2054 = VECTOR('',#2055,1.);
#2055 = DIRECTION('',(1.,0.));
#2056 = ( GEOMETRIC_REPRESENTATION_CONTEXT(2) 
PARAMETRIC_REPRESENTATION_CONTEXT() REPRESENTATION_CONTEXT('2D SPACE',''
  ) );
#2057 = FACE_BOUND('',#2058,.T.);
#2058 = EDGE_LOOP('',(#2059));
#2059 = ORIENTED_EDGE('',*,*,#2060,.F.);
#2060 = EDGE_CURVE('',#2061,#2061,#2063,.T.);
#2061 = VERTEX_POINT('',#2062);
#2062 = CARTESIAN_POINT('',(-71.,31.25,65.9));
#2063 = SURFACE_CURVE('',#2064,(#2069,#2076),.PCURVE_S1.);
#2064 = CIRCLE('',#2065,1.5);
#2065 = AXIS2_PLACEMENT_3D('',#2066,#2067,#2068);
#2066 = CARTESIAN_POINT('',(-71.,31.25,67.4));
#2067 = DIRECTION('',(1.,0.,2.22044604925E-16));
#2068 = DIRECTION('',(2.22044604925E-16,0.,-1.));
#2069 = PCURVE('',#308,#2070);
#2070 = DEFINITIONAL_REPRESENTATION('',(#2071),#2075);
#2071 = CIRCLE('',#2072,1.5);
#2072 = AXIS2_PLACEMENT_2D('',#2073,#2074);
#2073 = CARTESIAN_POINT('',(21.9,-69.25));
#2074 = DIRECTION('',(-1.,0.));
#2075 = ( GEOMETRIC_REPRESENTATION_CONTEXT(2) 
PARAMETRIC_REPRESENTATION_CONTEXT() REPRESENTATION_CONTEXT('2D SPACE',''
  ) );
#2076 = PCURVE('',#2077,#2082);
#2077 = CYLINDRICAL_SURFACE('',#2078,1.5);
#2078 = AXIS2_PLACEMENT_3D('',#2079,#2080,#2081);
#2079 = CARTESIAN_POINT('',(-74.,31.25,67.4));
#2080 = DIRECTION('',(1.,0.,2.22044604925E-16));
#2081 = DIRECTION('',(2.22044604925E-16,0.,-1.));
#2082 = DEFINITIONAL_REPRESENTATION('',(#2083),#2087);
#2083 = LINE('',#2084,#2085);
#2084 = CARTESIAN_POINT('',(0.,3.));
#2085 = VECTOR('',#2086,1.);
#2086 = DIRECTION('',(1.,0.));
#2087 = ( GEOMETRIC_REPRESENTATION_CONTEXT(2) 
PARAMETRIC_REPRESENTATION_CONTEXT() REPRESENTATION_CONTEXT('2D SPACE',''
  ) );
#2088 = FACE_BOUND('',#2089,.T.);
#2089 = EDGE_LOOP('',(#2090));
#2090 = ORIENTED_EDGE('',*,*,#2091,.F.);
#2091 = EDGE_CURVE('',#2092,#2092,#2094,.T.);
#2092 = VERTEX_POINT('',#2093);
#2093 = CARTESIAN_POINT('',(-71.,14.,66.3));
#2094 = SURFACE_CURVE('',#2095,(#2100,#2107),.PCURVE_S1.);
#2095 = CIRCLE('',#2096,1.7);
#2096 = AXIS2_PLACEMENT_3D('',#2097,#2098,#2099);
#2097 = CARTESIAN_POINT('',(-71.,14.,68.));
#2098 = DIRECTION('',(1.,0.,2.22044604925E-16));
#2099 = DIRECTION('',(2.22044604925E-16,0.,-1.));
#2100 = PCURVE('',#308,#2101);
#2101 = DEFINITIONAL_REPRESENTATION('',(#2102),#2106);
#2102 = CIRCLE('',#2103,1.7);
#2103 = AXIS2_PLACEMENT_2D('',#2104,#2105);
#2104 = CARTESIAN_POINT('',(22.5,-52.));
#2105 = DIRECTION('',(-1.,0.));
#2106 = ( GEOMETRIC_REPRESENTATION_CONTEXT(2) 
PARAMETRIC_REPRESENTATION_CONTEXT() REPRESENTATION_CONTEXT('2D SPACE',''
  ) );
#2107 = PCURVE('',#2108,#2113);
#2108 = CYLINDRICAL_SURFACE('',#2109,1.7);
#2109 = AXIS2_PLACEMENT_3D('',#2110,#2111,#2112);
#2110 = CARTESIAN_POINT('',(-74.,14.,68.));
#2111 = DIRECTION('',(1.,0.,2.22044604925E-16));
#2112 = DIRECTION('',(2.22044604925E-16,0.,-1.));
#2113 = DEFINITIONAL_REPRESENTATION('',(#2114),#2118);
#2114 = LINE('',#2115,#2116);
#2115 = CARTESIAN_POINT('',(0.,3.));
#2116 = VECTOR('',#2117,1.);
#2117 = DIRECTION('',(1.,0.));
#2118 = ( GEOMETRIC_REPRESENTATION_CONTEXT(2) 
PARAMETRIC_REPRESENTATION_CONTEXT() REPRESENTATION_CONTEXT('2D SPACE',''
  ) );
#2119 = FACE_BOUND('',#2120,.T.);
#2120 = EDGE_LOOP('',(#2121));
#2121 = ORIENTED_EDGE('',*,*,#2122,.F.);
#2122 = EDGE_CURVE('',#2123,#2123,#2125,.T.);
#2123 = VERTEX_POINT('',#2124);
#2124 = CARTESIAN_POINT('',(-71.,-14.,54.3));
#2125 = SURFACE_CURVE('',#2126,(#2131,#2138),.PCURVE_S1.);
#2126 = CIRCLE('',#2127,1.7);
#2127 = AXIS2_PLACEMENT_3D('',#2128,#2129,#2130);
#2128 = CARTESIAN_POINT('',(-71.,-14.,56.));
#2129 = DIRECTION('',(1.,0.,2.22044604925E-16));
#2130 = DIRECTION('',(2.22044604925E-16,0.,-1.));
#2131 = PCURVE('',#308,#2132);
#2132 = DEFINITIONAL_REPRESENTATION('',(#2133),#2137);
#2133 = CIRCLE('',#2134,1.7);
#2134 = AXIS2_PLACEMENT_2D('',#2135,#2136);
#2135 = CARTESIAN_POINT('',(10.5,-24.));
#2136 = DIRECTION('',(-1.,0.));
#2137 = ( GEOMETRIC_REPRESENTATION_CONTEXT(2) 
PARAMETRIC_REPRESENTATION_CONTEXT() REPRESENTATION_CONTEXT('2D SPACE',''
  ) );
#2138 = PCURVE('',#2139,#2144);
#2139 = CYLINDRICAL_SURFACE('',#2140,1.7);
#2140 = AXIS2_PLACEMENT_3D('',#2141,#2142,#2143);
#2141 = CARTESIAN_POINT('',(-74.,-14.,56.));
#2142 = DIRECTION('',(1.,0.,2.22044604925E-16));
#2143 = DIRECTION('',(2.22044604925E-16,0.,-1.));
#2144 = DEFINITIONAL_REPRESENTATION('',(#2145),#2149);
#2145 = LINE('',#2146,#2147);
#2146 = CARTESIAN_POINT('',(0.,3.));
#2147 = VECTOR('',#2148,1.);
#2148 = DIRECTION('',(1.,0.));
#2149 = ( GEOMETRIC_REPRESENTATION_CONTEXT(2) 
PARAMETRIC_REPRESENTATION_CONTEXT() REPRESENTATION_CONTEXT('2D SPACE',''
  ) );
#2150 = FACE_BOUND('',#2151,.T.);
#2151 = EDGE_LOOP('',(#2152));
#2152 = ORIENTED_EDGE('',*,*,#2153,.F.);
#2153 = EDGE_CURVE('',#2154,#2154,#2156,.T.);
#2154 = VERTEX_POINT('',#2155);
#2155 = CARTESIAN_POINT('',(-71.,-31.25,55.1));
#2156 = SURFACE_CURVE('',#2157,(#2162,#2169),.PCURVE_S1.);
#2157 = CIRCLE('',#2158,1.5);
#2158 = AXIS2_PLACEMENT_3D('',#2159,#2160,#2161);
#2159 = CARTESIAN_POINT('',(-71.,-31.25,56.6));
#2160 = DIRECTION('',(1.,0.,2.22044604925E-16));
#2161 = DIRECTION('',(2.22044604925E-16,0.,-1.));
#2162 = PCURVE('',#308,#2163);
#2163 = DEFINITIONAL_REPRESENTATION('',(#2164),#2168);
#2164 = CIRCLE('',#2165,1.5);
#2165 = AXIS2_PLACEMENT_2D('',#2166,#2167);
#2166 = CARTESIAN_POINT('',(11.1,-6.75));
#2167 = DIRECTION('',(-1.,0.));
#2168 = ( GEOMETRIC_REPRESENTATION_CONTEXT(2) 
PARAMETRIC_REPRESENTATION_CONTEXT() REPRESENTATION_CONTEXT('2D SPACE',''
  ) );
#2169 = PCURVE('',#2170,#2175);
#2170 = CYLINDRICAL_SURFACE('',#2171,1.5);
#2171 = AXIS2_PLACEMENT_3D('',#2172,#2173,#2174);
#2172 = CARTESIAN_POINT('',(-74.,-31.25,56.6));
#2173 = DIRECTION('',(1.,0.,2.22044604925E-16));
#2174 = DIRECTION('',(2.22044604925E-16,0.,-1.));
#2175 = DEFINITIONAL_REPRESENTATION('',(#2176),#2180);
#2176 = LINE('',#2177,#2178);
#2177 = CARTESIAN_POINT('',(0.,3.));
#2178 = VECTOR('',#2179,1.);
#2179 = DIRECTION('',(1.,0.));
#2180 = ( GEOMETRIC_REPRESENTATION_CONTEXT(2) 
PARAMETRIC_REPRESENTATION_CONTEXT() REPRESENTATION_CONTEXT('2D SPACE',''
  ) );
#2181 = FACE_BOUND('',#2182,.T.);
#2182 = EDGE_LOOP('',(#2183));
#2183 = ORIENTED_EDGE('',*,*,#2184,.F.);
#2184 = EDGE_CURVE('',#2185,#2185,#2187,.T.);
#2185 = VERTEX_POINT('',#2186);
#2186 = CARTESIAN_POINT('',(-71.,-14.,66.3));
#2187 = SURFACE_CURVE('',#2188,(#2193,#2200),.PCURVE_S1.);
#2188 = CIRCLE('',#2189,1.7);
#2189 = AXIS2_PLACEMENT_3D('',#2190,#2191,#2192);
#2190 = CARTESIAN_POINT('',(-71.,-14.,68.));
#2191 = DIRECTION('',(1.,0.,2.22044604925E-16));
#2192 = DIRECTION('',(2.22044604925E-16,0.,-1.));
#2193 = PCURVE('',#308,#2194);
#2194 = DEFINITIONAL_REPRESENTATION('',(#2195),#2199);
#2195 = CIRCLE('',#2196,1.7);
#2196 = AXIS2_PLACEMENT_2D('',#2197,#2198);
#2197 = CARTESIAN_POINT('',(22.5,-24.));
#2198 = DIRECTION('',(-1.,0.));
#2199 = ( GEOMETRIC_REPRESENTATION_CONTEXT(2) 
PARAMETRIC_REPRESENTATION_CONTEXT() REPRESENTATION_CONTEXT('2D SPACE',''
  ) );
#2200 = PCURVE('',#2201,#2206);
#2201 = CYLINDRICAL_SURFACE('',#2202,1.7);
#2202 = AXIS2_PLACEMENT_3D('',#2203,#2204,#2205);
#2203 = CARTESIAN_POINT('',(-74.,-14.,68.));
#2204 = DIRECTION('',(1.,0.,2.22044604925E-16));
#2205 = DIRECTION('',(2.22044604925E-16,0.,-1.));
#2206 = DEFINITIONAL_REPRESENTATION('',(#2207),#2211);
#2207 = LINE('',#2208,#2209);
#2208 = CARTESIAN_POINT('',(0.,3.));
#2209 = VECTOR('',#2210,1.);
#2210 = DIRECTION('',(1.,0.));
#2211 = ( GEOMETRIC_REPRESENTATION_CONTEXT(2) 
PARAMETRIC_REPRESENTATION_CONTEXT() REPRESENTATION_CONTEXT('2D SPACE',''
  ) );
#2212 = FACE_BOUND('',#2213,.T.);
#2213 = EDGE_LOOP('',(#2214));
#2214 = ORIENTED_EDGE('',*,*,#2215,.F.);
#2215 = EDGE_CURVE('',#2216,#2216,#2218,.T.);
#2216 = VERTEX_POINT('',#2217);
#2217 = CARTESIAN_POINT('',(-71.,-31.25,65.9));
#2218 = SURFACE_CURVE('',#2219,(#2224,#2231),.PCURVE_S1.);
#2219 = CIRCLE('',#2220,1.5);
#2220 = AXIS2_PLACEMENT_3D('',#2221,#2222,#2223);
#2221 = CARTESIAN_POINT('',(-71.,-31.25,67.4));
#2222 = DIRECTION('',(1.,0.,2.22044604925E-16));
#2223 = DIRECTION('',(2.22044604925E-16,0.,-1.));
#2224 = PCURVE('',#308,#2225);
#2225 = DEFINITIONAL_REPRESENTATION('',(#2226),#2230);
#2226 = CIRCLE('',#2227,1.5);
#2227 = AXIS2_PLACEMENT_2D('',#2228,#2229);
#2228 = CARTESIAN_POINT('',(21.9,-6.75));
#2229 = DIRECTION('',(-1.,0.));
#2230 = ( GEOMETRIC_REPRESENTATION_CONTEXT(2) 
PARAMETRIC_REPRESENTATION_CONTEXT() REPRESENTATION_CONTEXT('2D SPACE',''
  ) );
#2231 = PCURVE('',#2232,#2237);
#2232 = CYLINDRICAL_SURFACE('',#2233,1.5);
#2233 = AXIS2_PLACEMENT_3D('',#2234,#2235,#2236);
#2234 = CARTESIAN_POINT('',(-74.,-31.25,67.4));
#2235 = DIRECTION('',(1.,0.,2.22044604925E-16));
#2236 = DIRECTION('',(2.22044604925E-16,0.,-1.));
#2237 = DEFINITIONAL_REPRESENTATION('',(#2238),#2242);
#2238 = LINE('',#2239,#2240);
#2239 = CARTESIAN_POINT('',(0.,3.));
#2240 = VECTOR('',#2241,1.);
#2241 = DIRECTION('',(1.,0.));
#2242 = ( GEOMETRIC_REPRESENTATION_CONTEXT(2) 
PARAMETRIC_REPRESENTATION_CONTEXT() REPRESENTATION_CONTEXT('2D SPACE',''
  ) );
#2243 = ADVANCED_FACE('',(#2244,#2319),#389,.T.);
#2244 = FACE_BOUND('',#2245,.T.);
#2245 = EDGE_LOOP('',(#2246,#2269,#2297,#2318));
#2246 = ORIENTED_EDGE('',*,*,#2247,.F.);
#2247 = EDGE_CURVE('',#2248,#372,#2250,.T.);
#2248 = VERTEX_POINT('',#2249);
#2249 = CARTESIAN_POINT('',(-73.,-36.,48.));
#2250 = SURFACE_CURVE('',#2251,(#2255,#2262),.PCURVE_S1.);
#2251 = LINE('',#2252,#2253);
#2252 = CARTESIAN_POINT('',(-73.,-36.,48.));
#2253 = VECTOR('',#2254,1.);
#2254 = DIRECTION('',(0.,0.,1.));
#2255 = PCURVE('',#389,#2256);
#2256 = DEFINITIONAL_REPRESENTATION('',(#2257),#2261);
#2257 = LINE('',#2258,#2259);
#2258 = CARTESIAN_POINT('',(0.,164.));
#2259 = VECTOR('',#2260,1.);
#2260 = DIRECTION('',(1.,0.));
#2261 = ( GEOMETRIC_REPRESENTATION_CONTEXT(2) 
PARAMETRIC_REPRESENTATION_CONTEXT() REPRESENTATION_CONTEXT('2D SPACE',''
  ) );
#2262 = PCURVE('',#469,#2263);
#2263 = DEFINITIONAL_REPRESENTATION('',(#2264),#2268);
#2264 = LINE('',#2265,#2266);
#2265 = CARTESIAN_POINT('',(0.,0.));
#2266 = VECTOR('',#2267,1.);
#2267 = DIRECTION('',(1.,0.));
#2268 = ( GEOMETRIC_REPRESENTATION_CONTEXT(2) 
PARAMETRIC_REPRESENTATION_CONTEXT() REPRESENTATION_CONTEXT('2D SPACE',''
  ) );
#2269 = ORIENTED_EDGE('',*,*,#2270,.F.);
#2270 = EDGE_CURVE('',#2271,#2248,#2273,.T.);
#2271 = VERTEX_POINT('',#2272);
#2272 = CARTESIAN_POINT('',(-98.8,-36.,48.));
#2273 = SURFACE_CURVE('',#2274,(#2278,#2285),.PCURVE_S1.);
#2274 = LINE('',#2275,#2276);
#2275 = CARTESIAN_POINT('',(-237.,-36.,48.));
#2276 = VECTOR('',#2277,1.);
#2277 = DIRECTION('',(1.,0.,0.));
#2278 = PCURVE('',#389,#2279);
#2279 = DEFINITIONAL_REPRESENTATION('',(#2280),#2284);
#2280 = LINE('',#2281,#2282);
#2281 = CARTESIAN_POINT('',(0.,0.));
#2282 = VECTOR('',#2283,1.);
#2283 = DIRECTION('',(0.,1.));
#2284 = ( GEOMETRIC_REPRESENTATION_CONTEXT(2) 
PARAMETRIC_REPRESENTATION_CONTEXT() REPRESENTATION_CONTEXT('2D SPACE',''
  ) );
#2285 = PCURVE('',#2286,#2291);
#2286 = PLANE('',#2287);
#2287 = AXIS2_PLACEMENT_3D('',#2288,#2289,#2290);
#2288 = CARTESIAN_POINT('',(-237.,-36.,48.));
#2289 = DIRECTION('',(0.,0.,1.));
#2290 = DIRECTION('',(1.,0.,0.));
#2291 = DEFINITIONAL_REPRESENTATION('',(#2292),#2296);
#2292 = LINE('',#2293,#2294);
#2293 = CARTESIAN_POINT('',(0.,0.));
#2294 = VECTOR('',#2295,1.);
#2295 = DIRECTION('',(1.,0.));
#2296 = ( GEOMETRIC_REPRESENTATION_CONTEXT(2) 
PARAMETRIC_REPRESENTATION_CONTEXT() REPRESENTATION_CONTEXT('2D SPACE',''
  ) );
#2297 = ORIENTED_EDGE('',*,*,#2298,.T.);
#2298 = EDGE_CURVE('',#2271,#374,#2299,.T.);
#2299 = SURFACE_CURVE('',#2300,(#2304,#2311),.PCURVE_S1.);
#2300 = LINE('',#2301,#2302);
#2301 = CARTESIAN_POINT('',(-98.8,-36.,48.));
#2302 = VECTOR('',#2303,1.);
#2303 = DIRECTION('',(0.,0.,1.));
#2304 = PCURVE('',#389,#2305);
#2305 = DEFINITIONAL_REPRESENTATION('',(#2306),#2310);
#2306 = LINE('',#2307,#2308);
#2307 = CARTESIAN_POINT('',(0.,138.2));
#2308 = VECTOR('',#2309,1.);
#2309 = DIRECTION('',(1.,0.));
#2310 = ( GEOMETRIC_REPRESENTATION_CONTEXT(2) 
PARAMETRIC_REPRESENTATION_CONTEXT() REPRESENTATION_CONTEXT('2D SPACE',''
  ) );
#2311 = PCURVE('',#416,#2312);
#2312 = DEFINITIONAL_REPRESENTATION('',(#2313),#2317);
#2313 = LINE('',#2314,#2315);
#2314 = CARTESIAN_POINT('',(0.,0.));
#2315 = VECTOR('',#2316,1.);
#2316 = DIRECTION('',(1.,0.));
#2317 = ( GEOMETRIC_REPRESENTATION_CONTEXT(2) 
PARAMETRIC_REPRESENTATION_CONTEXT() REPRESENTATION_CONTEXT('2D SPACE',''
  ) );
#2318 = ORIENTED_EDGE('',*,*,#371,.F.);
#2319 = FACE_BOUND('',#2320,.T.);
#2320 = EDGE_LOOP('',(#2321,#2351,#2379,#2407));
#2321 = ORIENTED_EDGE('',*,*,#2322,.F.);
#2322 = EDGE_CURVE('',#2323,#2325,#2327,.T.);
#2323 = VERTEX_POINT('',#2324);
#2324 = CARTESIAN_POINT('',(-90.425,-36.,72.7));
#2325 = VERTEX_POINT('',#2326);
#2326 = CARTESIAN_POINT('',(-81.425,-36.,72.7));
#2327 = SURFACE_CURVE('',#2328,(#2332,#2339),.PCURVE_S1.);
#2328 = LINE('',#2329,#2330);
#2329 = CARTESIAN_POINT('',(-90.425,-36.,72.7));
#2330 = VECTOR('',#2331,1.);
#2331 = DIRECTION('',(1.,0.,0.));
#2332 = PCURVE('',#389,#2333);
#2333 = DEFINITIONAL_REPRESENTATION('',(#2334),#2338);
#2334 = LINE('',#2335,#2336);
#2335 = CARTESIAN_POINT('',(24.7,146.575));
#2336 = VECTOR('',#2337,1.);
#2337 = DIRECTION('',(0.,1.));
#2338 = ( GEOMETRIC_REPRESENTATION_CONTEXT(2) 
PARAMETRIC_REPRESENTATION_CONTEXT() REPRESENTATION_CONTEXT('2D SPACE',''
  ) );
#2339 = PCURVE('',#2340,#2345);
#2340 = PLANE('',#2341);
#2341 = AXIS2_PLACEMENT_3D('',#2342,#2343,#2344);
#2342 = CARTESIAN_POINT('',(-90.425,-36.,72.7));
#2343 = DIRECTION('',(0.,0.,1.));
#2344 = DIRECTION('',(1.,0.,0.));
#2345 = DEFINITIONAL_REPRESENTATION('',(#2346),#2350);
#2346 = LINE('',#2347,#2348);
#2347 = CARTESIAN_POINT('',(0.,0.));
#2348 = VECTOR('',#2349,1.);
#2349 = DIRECTION('',(1.,0.));
#2350 = ( GEOMETRIC_REPRESENTATION_CONTEXT(2) 
PARAMETRIC_REPRESENTATION_CONTEXT() REPRESENTATION_CONTEXT('2D SPACE',''
  ) );
#2351 = ORIENTED_EDGE('',*,*,#2352,.F.);
#2352 = EDGE_CURVE('',#2353,#2323,#2355,.T.);
#2353 = VERTEX_POINT('',#2354);
#2354 = CARTESIAN_POINT('',(-90.425,-36.,69.7));
#2355 = SURFACE_CURVE('',#2356,(#2360,#2367),.PCURVE_S1.);
#2356 = LINE('',#2357,#2358);
#2357 = CARTESIAN_POINT('',(-90.425,-36.,69.7));
#2358 = VECTOR('',#2359,1.);
#2359 = DIRECTION('',(0.,0.,1.));
#2360 = PCURVE('',#389,#2361);
#2361 = DEFINITIONAL_REPRESENTATION('',(#2362),#2366);
#2362 = LINE('',#2363,#2364);
#2363 = CARTESIAN_POINT('',(21.7,146.575));
#2364 = VECTOR('',#2365,1.);
#2365 = DIRECTION('',(1.,0.));
#2366 = ( GEOMETRIC_REPRESENTATION_CONTEXT(2) 
PARAMETRIC_REPRESENTATION_CONTEXT() REPRESENTATION_CONTEXT('2D SPACE',''
  ) );
#2367 = PCURVE('',#2368,#2373);
#2368 = PLANE('',#2369);
#2369 = AXIS2_PLACEMENT_3D('',#2370,#2371,#2372);
#2370 = CARTESIAN_POINT('',(-90.425,-36.,69.7));
#2371 = DIRECTION('',(1.,0.,0.));
#2372 = DIRECTION('',(0.,0.,1.));
#2373 = DEFINITIONAL_REPRESENTATION('',(#2374),#2378);
#2374 = LINE('',#2375,#2376);
#2375 = CARTESIAN_POINT('',(0.,0.));
#2376 = VECTOR('',#2377,1.);
#2377 = DIRECTION('',(1.,0.));
#2378 = ( GEOMETRIC_REPRESENTATION_CONTEXT(2) 
PARAMETRIC_REPRESENTATION_CONTEXT() REPRESENTATION_CONTEXT('2D SPACE',''
  ) );
#2379 = ORIENTED_EDGE('',*,*,#2380,.T.);
#2380 = EDGE_CURVE('',#2353,#2381,#2383,.T.);
#2381 = VERTEX_POINT('',#2382);
#2382 = CARTESIAN_POINT('',(-81.425,-36.,69.7));
#2383 = SURFACE_CURVE('',#2384,(#2388,#2395),.PCURVE_S1.);
#2384 = LINE('',#2385,#2386);
#2385 = CARTESIAN_POINT('',(-90.425,-36.,69.7));
#2386 = VECTOR('',#2387,1.);
#2387 = DIRECTION('',(1.,0.,0.));
#2388 = PCURVE('',#389,#2389);
#2389 = DEFINITIONAL_REPRESENTATION('',(#2390),#2394);
#2390 = LINE('',#2391,#2392);
#2391 = CARTESIAN_POINT('',(21.7,146.575));
#2392 = VECTOR('',#2393,1.);
#2393 = DIRECTION('',(0.,1.));
#2394 = ( GEOMETRIC_REPRESENTATION_CONTEXT(2) 
PARAMETRIC_REPRESENTATION_CONTEXT() REPRESENTATION_CONTEXT('2D SPACE',''
  ) );
#2395 = PCURVE('',#2396,#2401);
#2396 = PLANE('',#2397);
#2397 = AXIS2_PLACEMENT_3D('',#2398,#2399,#2400);
#2398 = CARTESIAN_POINT('',(-90.425,-36.,69.7));
#2399 = DIRECTION('',(0.,0.,1.));
#2400 = DIRECTION('',(1.,0.,0.));
#2401 = DEFINITIONAL_REPRESENTATION('',(#2402),#2406);
#2402 = LINE('',#2403,#2404);
#2403 = CARTESIAN_POINT('',(0.,0.));
#2404 = VECTOR('',#2405,1.);
#2405 = DIRECTION('',(1.,0.));
#2406 = ( GEOMETRIC_REPRESENTATION_CONTEXT(2) 
PARAMETRIC_REPRESENTATION_CONTEXT() REPRESENTATION_CONTEXT('2D SPACE',''
  ) );
#2407 = ORIENTED_EDGE('',*,*,#2408,.T.);
#2408 = EDGE_CURVE('',#2381,#2325,#2409,.T.);
#2409 = SURFACE_CURVE('',#2410,(#2414,#2421),.PCURVE_S1.);
#2410 = LINE('',#2411,#2412);
#2411 = CARTESIAN_POINT('',(-81.425,-36.,69.7));
#2412 = VECTOR('',#2413,1.);
#2413 = DIRECTION('',(0.,0.,1.));
#2414 = PCURVE('',#389,#2415);
#2415 = DEFINITIONAL_REPRESENTATION('',(#2416),#2420);
#2416 = LINE('',#2417,#2418);
#2417 = CARTESIAN_POINT('',(21.7,155.575));
#2418 = VECTOR('',#2419,1.);
#2419 = DIRECTION('',(1.,0.));
#2420 = ( GEOMETRIC_REPRESENTATION_CONTEXT(2) 
PARAMETRIC_REPRESENTATION_CONTEXT() REPRESENTATION_CONTEXT('2D SPACE',''
  ) );
#2421 = PCURVE('',#2422,#2427);
#2422 = PLANE('',#2423);
#2423 = AXIS2_PLACEMENT_3D('',#2424,#2425,#2426);
#2424 = CARTESIAN_POINT('',(-81.425,-36.,69.7));
#2425 = DIRECTION('',(1.,0.,0.));
#2426 = DIRECTION('',(0.,0.,1.));
#2427 = DEFINITIONAL_REPRESENTATION('',(#2428),#2432);
#2428 = LINE('',#2429,#2430);
#2429 = CARTESIAN_POINT('',(0.,0.));
#2430 = VECTOR('',#2431,1.);
#2431 = DIRECTION('',(1.,0.));
#2432 = ( GEOMETRIC_REPRESENTATION_CONTEXT(2) 
PARAMETRIC_REPRESENTATION_CONTEXT() REPRESENTATION_CONTEXT('2D SPACE',''
  ) );
#2433 = ADVANCED_FACE('',(#2434,#2482,#2513,#2544,#2575,#2606,#2637),
  #416,.T.);
#2434 = FACE_BOUND('',#2435,.T.);
#2435 = EDGE_LOOP('',(#2436,#2437,#2460,#2481));
#2436 = ORIENTED_EDGE('',*,*,#2298,.F.);
#2437 = ORIENTED_EDGE('',*,*,#2438,.T.);
#2438 = EDGE_CURVE('',#2271,#2439,#2441,.T.);
#2439 = VERTEX_POINT('',#2440);
#2440 = CARTESIAN_POINT('',(-98.8,36.,48.));
#2441 = SURFACE_CURVE('',#2442,(#2446,#2453),.PCURVE_S1.);
#2442 = LINE('',#2443,#2444);
#2443 = CARTESIAN_POINT('',(-98.8,-36.,48.));
#2444 = VECTOR('',#2445,1.);
#2445 = DIRECTION('',(0.,1.,0.));
#2446 = PCURVE('',#416,#2447);
#2447 = DEFINITIONAL_REPRESENTATION('',(#2448),#2452);
#2448 = LINE('',#2449,#2450);
#2449 = CARTESIAN_POINT('',(0.,0.));
#2450 = VECTOR('',#2451,1.);
#2451 = DIRECTION('',(0.,-1.));
#2452 = ( GEOMETRIC_REPRESENTATION_CONTEXT(2) 
PARAMETRIC_REPRESENTATION_CONTEXT() REPRESENTATION_CONTEXT('2D SPACE',''
  ) );
#2453 = PCURVE('',#2286,#2454);
#2454 = DEFINITIONAL_REPRESENTATION('',(#2455),#2459);
#2455 = LINE('',#2456,#2457);
#2456 = CARTESIAN_POINT('',(138.2,0.));
#2457 = VECTOR('',#2458,1.);
#2458 = DIRECTION('',(0.,1.));
#2459 = ( GEOMETRIC_REPRESENTATION_CONTEXT(2) 
PARAMETRIC_REPRESENTATION_CONTEXT() REPRESENTATION_CONTEXT('2D SPACE',''
  ) );
#2460 = ORIENTED_EDGE('',*,*,#2461,.T.);
#2461 = EDGE_CURVE('',#2439,#401,#2462,.T.);
#2462 = SURFACE_CURVE('',#2463,(#2467,#2474),.PCURVE_S1.);
#2463 = LINE('',#2464,#2465);
#2464 = CARTESIAN_POINT('',(-98.8,36.,48.));
#2465 = VECTOR('',#2466,1.);
#2466 = DIRECTION('',(0.,0.,1.));
#2467 = PCURVE('',#416,#2468);
#2468 = DEFINITIONAL_REPRESENTATION('',(#2469),#2473);
#2469 = LINE('',#2470,#2471);
#2470 = CARTESIAN_POINT('',(0.,-72.));
#2471 = VECTOR('',#2472,1.);
#2472 = DIRECTION('',(1.,0.));
#2473 = ( GEOMETRIC_REPRESENTATION_CONTEXT(2) 
PARAMETRIC_REPRESENTATION_CONTEXT() REPRESENTATION_CONTEXT('2D SPACE',''
  ) );
#2474 = PCURVE('',#444,#2475);
#2475 = DEFINITIONAL_REPRESENTATION('',(#2476),#2480);
#2476 = LINE('',#2477,#2478);
#2477 = CARTESIAN_POINT('',(0.,138.2));
#2478 = VECTOR('',#2479,1.);
#2479 = DIRECTION('',(1.,0.));
#2480 = ( GEOMETRIC_REPRESENTATION_CONTEXT(2) 
PARAMETRIC_REPRESENTATION_CONTEXT() REPRESENTATION_CONTEXT('2D SPACE',''
  ) );
#2481 = ORIENTED_EDGE('',*,*,#400,.F.);
#2482 = FACE_BOUND('',#2483,.T.);
#2483 = EDGE_LOOP('',(#2484));
#2484 = ORIENTED_EDGE('',*,*,#2485,.F.);
#2485 = EDGE_CURVE('',#2486,#2486,#2488,.T.);
#2486 = VERTEX_POINT('',#2487);
#2487 = CARTESIAN_POINT('',(-98.8,22.,59.));
#2488 = SURFACE_CURVE('',#2489,(#2494,#2501),.PCURVE_S1.);
#2489 = CIRCLE('',#2490,3.);
#2490 = AXIS2_PLACEMENT_3D('',#2491,#2492,#2493);
#2491 = CARTESIAN_POINT('',(-98.8,22.,62.));
#2492 = DIRECTION('',(1.,0.,2.22044604925E-16));
#2493 = DIRECTION('',(2.22044604925E-16,0.,-1.));
#2494 = PCURVE('',#416,#2495);
#2495 = DEFINITIONAL_REPRESENTATION('',(#2496),#2500);
#2496 = CIRCLE('',#2497,3.);
#2497 = AXIS2_PLACEMENT_2D('',#2498,#2499);
#2498 = CARTESIAN_POINT('',(14.,-58.));
#2499 = DIRECTION('',(-1.,0.));
#2500 = ( GEOMETRIC_REPRESENTATION_CONTEXT(2) 
PARAMETRIC_REPRESENTATION_CONTEXT() REPRESENTATION_CONTEXT('2D SPACE',''
  ) );
#2501 = PCURVE('',#2502,#2507);
#2502 = CYLINDRICAL_SURFACE('',#2503,3.);
#2503 = AXIS2_PLACEMENT_3D('',#2504,#2505,#2506);
#2504 = CARTESIAN_POINT('',(-100.5,22.,62.));
#2505 = DIRECTION('',(1.,0.,2.22044604925E-16));
#2506 = DIRECTION('',(2.22044604925E-16,0.,-1.));
#2507 = DEFINITIONAL_REPRESENTATION('',(#2508),#2512);
#2508 = LINE('',#2509,#2510);
#2509 = CARTESIAN_POINT('',(0.,1.7));
#2510 = VECTOR('',#2511,1.);
#2511 = DIRECTION('',(1.,0.));
#2512 = ( GEOMETRIC_REPRESENTATION_CONTEXT(2) 
PARAMETRIC_REPRESENTATION_CONTEXT() REPRESENTATION_CONTEXT('2D SPACE',''
  ) );
#2513 = FACE_BOUND('',#2514,.T.);
#2514 = EDGE_LOOP('',(#2515));
#2515 = ORIENTED_EDGE('',*,*,#2516,.F.);
#2516 = EDGE_CURVE('',#2517,#2517,#2519,.T.);
#2517 = VERTEX_POINT('',#2518);
#2518 = CARTESIAN_POINT('',(-98.8,13.5,58.));
#2519 = SURFACE_CURVE('',#2520,(#2525,#2532),.PCURVE_S1.);
#2520 = CIRCLE('',#2521,4.);
#2521 = AXIS2_PLACEMENT_3D('',#2522,#2523,#2524);
#2522 = CARTESIAN_POINT('',(-98.8,13.5,62.));
#2523 = DIRECTION('',(1.,0.,2.22044604925E-16));
#2524 = DIRECTION('',(2.22044604925E-16,0.,-1.));
#2525 = PCURVE('',#416,#2526);
#2526 = DEFINITIONAL_REPRESENTATION('',(#2527),#2531);
#2527 = CIRCLE('',#2528,4.);
#2528 = AXIS2_PLACEMENT_2D('',#2529,#2530);
#2529 = CARTESIAN_POINT('',(14.,-49.5));
#2530 = DIRECTION('',(-1.,0.));
#2531 = ( GEOMETRIC_REPRESENTATION_CONTEXT(2) 
PARAMETRIC_REPRESENTATION_CONTEXT() REPRESENTATION_CONTEXT('2D SPACE',''
  ) );
#2532 = PCURVE('',#2533,#2538);
#2533 = CYLINDRICAL_SURFACE('',#2534,4.);
#2534 = AXIS2_PLACEMENT_3D('',#2535,#2536,#2537);
#2535 = CARTESIAN_POINT('',(-102.8,13.5,62.));
#2536 = DIRECTION('',(1.,0.,2.22044604925E-16));
#2537 = DIRECTION('',(2.22044604925E-16,0.,-1.));
#2538 = DEFINITIONAL_REPRESENTATION('',(#2539),#2543);
#2539 = LINE('',#2540,#2541);
#2540 = CARTESIAN_POINT('',(0.,4.));
#2541 = VECTOR('',#2542,1.);
#2542 = DIRECTION('',(1.,0.));
#2543 = ( GEOMETRIC_REPRESENTATION_CONTEXT(2) 
PARAMETRIC_REPRESENTATION_CONTEXT() REPRESENTATION_CONTEXT('2D SPACE',''
  ) );
#2544 = FACE_BOUND('',#2545,.T.);
#2545 = EDGE_LOOP('',(#2546));
#2546 = ORIENTED_EDGE('',*,*,#2547,.F.);
#2547 = EDGE_CURVE('',#2548,#2548,#2550,.T.);
#2548 = VERTEX_POINT('',#2549);
#2549 = CARTESIAN_POINT('',(-98.8,5.,59.));
#2550 = SURFACE_CURVE('',#2551,(#2556,#2563),.PCURVE_S1.);
#2551 = CIRCLE('',#2552,3.);
#2552 = AXIS2_PLACEMENT_3D('',#2553,#2554,#2555);
#2553 = CARTESIAN_POINT('',(-98.8,5.,62.));
#2554 = DIRECTION('',(1.,0.,2.22044604925E-16));
#2555 = DIRECTION('',(2.22044604925E-16,0.,-1.));
#2556 = PCURVE('',#416,#2557);
#2557 = DEFINITIONAL_REPRESENTATION('',(#2558),#2562);
#2558 = CIRCLE('',#2559,3.);
#2559 = AXIS2_PLACEMENT_2D('',#2560,#2561);
#2560 = CARTESIAN_POINT('',(14.,-41.));
#2561 = DIRECTION('',(-1.,0.));
#2562 = ( GEOMETRIC_REPRESENTATION_CONTEXT(2) 
PARAMETRIC_REPRESENTATION_CONTEXT() REPRESENTATION_CONTEXT('2D SPACE',''
  ) );
#2563 = PCURVE('',#2564,#2569);
#2564 = CYLINDRICAL_SURFACE('',#2565,3.);
#2565 = AXIS2_PLACEMENT_3D('',#2566,#2567,#2568);
#2566 = CARTESIAN_POINT('',(-100.5,5.,62.));
#2567 = DIRECTION('',(1.,0.,2.22044604925E-16));
#2568 = DIRECTION('',(2.22044604925E-16,0.,-1.));
#2569 = DEFINITIONAL_REPRESENTATION('',(#2570),#2574);
#2570 = LINE('',#2571,#2572);
#2571 = CARTESIAN_POINT('',(0.,1.7));
#2572 = VECTOR('',#2573,1.);
#2573 = DIRECTION('',(1.,0.));
#2574 = ( GEOMETRIC_REPRESENTATION_CONTEXT(2) 
PARAMETRIC_REPRESENTATION_CONTEXT() REPRESENTATION_CONTEXT('2D SPACE',''
  ) );
#2575 = FACE_BOUND('',#2576,.T.);
#2576 = EDGE_LOOP('',(#2577));
#2577 = ORIENTED_EDGE('',*,*,#2578,.F.);
#2578 = EDGE_CURVE('',#2579,#2579,#2581,.T.);
#2579 = VERTEX_POINT('',#2580);
#2580 = CARTESIAN_POINT('',(-98.8,-5.,59.));
#2581 = SURFACE_CURVE('',#2582,(#2587,#2594),.PCURVE_S1.);
#2582 = CIRCLE('',#2583,3.);
#2583 = AXIS2_PLACEMENT_3D('',#2584,#2585,#2586);
#2584 = CARTESIAN_POINT('',(-98.8,-5.,62.));
#2585 = DIRECTION('',(1.,0.,2.22044604925E-16));
#2586 = DIRECTION('',(2.22044604925E-16,0.,-1.));
#2587 = PCURVE('',#416,#2588);
#2588 = DEFINITIONAL_REPRESENTATION('',(#2589),#2593);
#2589 = CIRCLE('',#2590,3.);
#2590 = AXIS2_PLACEMENT_2D('',#2591,#2592);
#2591 = CARTESIAN_POINT('',(14.,-31.));
#2592 = DIRECTION('',(-1.,0.));
#2593 = ( GEOMETRIC_REPRESENTATION_CONTEXT(2) 
PARAMETRIC_REPRESENTATION_CONTEXT() REPRESENTATION_CONTEXT('2D SPACE',''
  ) );
#2594 = PCURVE('',#2595,#2600);
#2595 = CYLINDRICAL_SURFACE('',#2596,3.);
#2596 = AXIS2_PLACEMENT_3D('',#2597,#2598,#2599);
#2597 = CARTESIAN_POINT('',(-100.5,-5.,62.));
#2598 = DIRECTION('',(1.,0.,2.22044604925E-16));
#2599 = DIRECTION('',(2.22044604925E-16,0.,-1.));
#2600 = DEFINITIONAL_REPRESENTATION('',(#2601),#2605);
#2601 = LINE('',#2602,#2603);
#2602 = CARTESIAN_POINT('',(0.,1.7));
#2603 = VECTOR('',#2604,1.);
#2604 = DIRECTION('',(1.,0.));
#2605 = ( GEOMETRIC_REPRESENTATION_CONTEXT(2) 
PARAMETRIC_REPRESENTATION_CONTEXT() REPRESENTATION_CONTEXT('2D SPACE',''
  ) );
#2606 = FACE_BOUND('',#2607,.T.);
#2607 = EDGE_LOOP('',(#2608));
#2608 = ORIENTED_EDGE('',*,*,#2609,.F.);
#2609 = EDGE_CURVE('',#2610,#2610,#2612,.T.);
#2610 = VERTEX_POINT('',#2611);
#2611 = CARTESIAN_POINT('',(-98.8,-13.5,58.));
#2612 = SURFACE_CURVE('',#2613,(#2618,#2625),.PCURVE_S1.);
#2613 = CIRCLE('',#2614,4.);
#2614 = AXIS2_PLACEMENT_3D('',#2615,#2616,#2617);
#2615 = CARTESIAN_POINT('',(-98.8,-13.5,62.));
#2616 = DIRECTION('',(1.,0.,2.22044604925E-16));
#2617 = DIRECTION('',(2.22044604925E-16,0.,-1.));
#2618 = PCURVE('',#416,#2619);
#2619 = DEFINITIONAL_REPRESENTATION('',(#2620),#2624);
#2620 = CIRCLE('',#2621,4.);
#2621 = AXIS2_PLACEMENT_2D('',#2622,#2623);
#2622 = CARTESIAN_POINT('',(14.,-22.5));
#2623 = DIRECTION('',(-1.,0.));
#2624 = ( GEOMETRIC_REPRESENTATION_CONTEXT(2) 
PARAMETRIC_REPRESENTATION_CONTEXT() REPRESENTATION_CONTEXT('2D SPACE',''
  ) );
#2625 = PCURVE('',#2626,#2631);
#2626 = CYLINDRICAL_SURFACE('',#2627,4.);
#2627 = AXIS2_PLACEMENT_3D('',#2628,#2629,#2630);
#2628 = CARTESIAN_POINT('',(-102.8,-13.5,62.));
#2629 = DIRECTION('',(1.,0.,2.22044604925E-16));
#2630 = DIRECTION('',(2.22044604925E-16,0.,-1.));
#2631 = DEFINITIONAL_REPRESENTATION('',(#2632),#2636);
#2632 = LINE('',#2633,#2634);
#2633 = CARTESIAN_POINT('',(0.,4.));
#2634 = VECTOR('',#2635,1.);
#2635 = DIRECTION('',(1.,0.));
#2636 = ( GEOMETRIC_REPRESENTATION_CONTEXT(2) 
PARAMETRIC_REPRESENTATION_CONTEXT() REPRESENTATION_CONTEXT('2D SPACE',''
  ) );
#2637 = FACE_BOUND('',#2638,.T.);
#2638 = EDGE_LOOP('',(#2639));
#2639 = ORIENTED_EDGE('',*,*,#2640,.F.);
#2640 = EDGE_CURVE('',#2641,#2641,#2643,.T.);
#2641 = VERTEX_POINT('',#2642);
#2642 = CARTESIAN_POINT('',(-98.8,-22.,59.));
#2643 = SURFACE_CURVE('',#2644,(#2649,#2656),.PCURVE_S1.);
#2644 = CIRCLE('',#2645,3.);
#2645 = AXIS2_PLACEMENT_3D('',#2646,#2647,#2648);
#2646 = CARTESIAN_POINT('',(-98.8,-22.,62.));
#2647 = DIRECTION('',(1.,0.,2.22044604925E-16));
#2648 = DIRECTION('',(2.22044604925E-16,0.,-1.));
#2649 = PCURVE('',#416,#2650);
#2650 = DEFINITIONAL_REPRESENTATION('',(#2651),#2655);
#2651 = CIRCLE('',#2652,3.);
#2652 = AXIS2_PLACEMENT_2D('',#2653,#2654);
#2653 = CARTESIAN_POINT('',(14.,-14.));
#2654 = DIRECTION('',(-1.,0.));
#2655 = ( GEOMETRIC_REPRESENTATION_CONTEXT(2) 
PARAMETRIC_REPRESENTATION_CONTEXT() REPRESENTATION_CONTEXT('2D SPACE',''
  ) );
#2656 = PCURVE('',#2657,#2662);
#2657 = CYLINDRICAL_SURFACE('',#2658,3.);
#2658 = AXIS2_PLACEMENT_3D('',#2659,#2660,#2661);
#2659 = CARTESIAN_POINT('',(-100.5,-22.,62.));
#2660 = DIRECTION('',(1.,0.,2.22044604925E-16));
#2661 = DIRECTION('',(2.22044604925E-16,0.,-1.));
#2662 = DEFINITIONAL_REPRESENTATION('',(#2663),#2667);
#2663 = LINE('',#2664,#2665);
#2664 = CARTESIAN_POINT('',(0.,1.7));
#2665 = VECTOR('',#2666,1.);
#2666 = DIRECTION('',(1.,0.));
#2667 = ( GEOMETRIC_REPRESENTATION_CONTEXT(2) 
PARAMETRIC_REPRESENTATION_CONTEXT() REPRESENTATION_CONTEXT('2D SPACE',''
  ) );
#2668 = ADVANCED_FACE('',(#2669,#2717),#444,.F.);
#2669 = FACE_BOUND('',#2670,.F.);
#2670 = EDGE_LOOP('',(#2671,#2694,#2715,#2716));
#2671 = ORIENTED_EDGE('',*,*,#2672,.F.);
#2672 = EDGE_CURVE('',#2673,#429,#2675,.T.);
#2673 = VERTEX_POINT('',#2674);
#2674 = CARTESIAN_POINT('',(-73.,36.,48.));
#2675 = SURFACE_CURVE('',#2676,(#2680,#2687),.PCURVE_S1.);
#2676 = LINE('',#2677,#2678);
#2677 = CARTESIAN_POINT('',(-73.,36.,48.));
#2678 = VECTOR('',#2679,1.);
#2679 = DIRECTION('',(0.,0.,1.));
#2680 = PCURVE('',#444,#2681);
#2681 = DEFINITIONAL_REPRESENTATION('',(#2682),#2686);
#2682 = LINE('',#2683,#2684);
#2683 = CARTESIAN_POINT('',(0.,164.));
#2684 = VECTOR('',#2685,1.);
#2685 = DIRECTION('',(1.,0.));
#2686 = ( GEOMETRIC_REPRESENTATION_CONTEXT(2) 
PARAMETRIC_REPRESENTATION_CONTEXT() REPRESENTATION_CONTEXT('2D SPACE',''
  ) );
#2687 = PCURVE('',#469,#2688);
#2688 = DEFINITIONAL_REPRESENTATION('',(#2689),#2693);
#2689 = LINE('',#2690,#2691);
#2690 = CARTESIAN_POINT('',(0.,-72.));
#2691 = VECTOR('',#2692,1.);
#2692 = DIRECTION('',(1.,0.));
#2693 = ( GEOMETRIC_REPRESENTATION_CONTEXT(2) 
PARAMETRIC_REPRESENTATION_CONTEXT() REPRESENTATION_CONTEXT('2D SPACE',''
  ) );
#2694 = ORIENTED_EDGE('',*,*,#2695,.F.);
#2695 = EDGE_CURVE('',#2439,#2673,#2696,.T.);
#2696 = SURFACE_CURVE('',#2697,(#2701,#2708),.PCURVE_S1.);
#2697 = LINE('',#2698,#2699);
#2698 = CARTESIAN_POINT('',(-237.,36.,48.));
#2699 = VECTOR('',#2700,1.);
#2700 = DIRECTION('',(1.,0.,0.));
#2701 = PCURVE('',#444,#2702);
#2702 = DEFINITIONAL_REPRESENTATION('',(#2703),#2707);
#2703 = LINE('',#2704,#2705);
#2704 = CARTESIAN_POINT('',(0.,0.));
#2705 = VECTOR('',#2706,1.);
#2706 = DIRECTION('',(0.,1.));
#2707 = ( GEOMETRIC_REPRESENTATION_CONTEXT(2) 
PARAMETRIC_REPRESENTATION_CONTEXT() REPRESENTATION_CONTEXT('2D SPACE',''
  ) );
#2708 = PCURVE('',#2286,#2709);
#2709 = DEFINITIONAL_REPRESENTATION('',(#2710),#2714);
#2710 = LINE('',#2711,#2712);
#2711 = CARTESIAN_POINT('',(0.,72.));
#2712 = VECTOR('',#2713,1.);
#2713 = DIRECTION('',(1.,0.));
#2714 = ( GEOMETRIC_REPRESENTATION_CONTEXT(2) 
PARAMETRIC_REPRESENTATION_CONTEXT() REPRESENTATION_CONTEXT('2D SPACE',''
  ) );
#2715 = ORIENTED_EDGE('',*,*,#2461,.T.);
#2716 = ORIENTED_EDGE('',*,*,#428,.F.);
#2717 = FACE_BOUND('',#2718,.F.);
#2718 = EDGE_LOOP('',(#2719,#2749,#2777,#2805));
#2719 = ORIENTED_EDGE('',*,*,#2720,.F.);
#2720 = EDGE_CURVE('',#2721,#2723,#2725,.T.);
#2721 = VERTEX_POINT('',#2722);
#2722 = CARTESIAN_POINT('',(-90.425,36.,72.7));
#2723 = VERTEX_POINT('',#2724);
#2724 = CARTESIAN_POINT('',(-81.425,36.,72.7));
#2725 = SURFACE_CURVE('',#2726,(#2730,#2737),.PCURVE_S1.);
#2726 = LINE('',#2727,#2728);
#2727 = CARTESIAN_POINT('',(-90.425,36.,72.7));
#2728 = VECTOR('',#2729,1.);
#2729 = DIRECTION('',(1.,0.,0.));
#2730 = PCURVE('',#444,#2731);
#2731 = DEFINITIONAL_REPRESENTATION('',(#2732),#2736);
#2732 = LINE('',#2733,#2734);
#2733 = CARTESIAN_POINT('',(24.7,146.575));
#2734 = VECTOR('',#2735,1.);
#2735 = DIRECTION('',(0.,1.));
#2736 = ( GEOMETRIC_REPRESENTATION_CONTEXT(2) 
PARAMETRIC_REPRESENTATION_CONTEXT() REPRESENTATION_CONTEXT('2D SPACE',''
  ) );
#2737 = PCURVE('',#2738,#2743);
#2738 = PLANE('',#2739);
#2739 = AXIS2_PLACEMENT_3D('',#2740,#2741,#2742);
#2740 = CARTESIAN_POINT('',(-90.425,21.75,72.7));
#2741 = DIRECTION('',(0.,0.,1.));
#2742 = DIRECTION('',(1.,0.,0.));
#2743 = DEFINITIONAL_REPRESENTATION('',(#2744),#2748);
#2744 = LINE('',#2745,#2746);
#2745 = CARTESIAN_POINT('',(0.,14.25));
#2746 = VECTOR('',#2747,1.);
#2747 = DIRECTION('',(1.,0.));
#2748 = ( GEOMETRIC_REPRESENTATION_CONTEXT(2) 
PARAMETRIC_REPRESENTATION_CONTEXT() REPRESENTATION_CONTEXT('2D SPACE',''
  ) );
#2749 = ORIENTED_EDGE('',*,*,#2750,.F.);
#2750 = EDGE_CURVE('',#2751,#2721,#2753,.T.);
#2751 = VERTEX_POINT('',#2752);
#2752 = CARTESIAN_POINT('',(-90.425,36.,69.7));
#2753 = SURFACE_CURVE('',#2754,(#2758,#2765),.PCURVE_S1.);
#2754 = LINE('',#2755,#2756);
#2755 = CARTESIAN_POINT('',(-90.425,36.,69.7));
#2756 = VECTOR('',#2757,1.);
#2757 = DIRECTION('',(0.,0.,1.));
#2758 = PCURVE('',#444,#2759);
#2759 = DEFINITIONAL_REPRESENTATION('',(#2760),#2764);
#2760 = LINE('',#2761,#2762);
#2761 = CARTESIAN_POINT('',(21.7,146.575));
#2762 = VECTOR('',#2763,1.);
#2763 = DIRECTION('',(1.,0.));
#2764 = ( GEOMETRIC_REPRESENTATION_CONTEXT(2) 
PARAMETRIC_REPRESENTATION_CONTEXT() REPRESENTATION_CONTEXT('2D SPACE',''
  ) );
#2765 = PCURVE('',#2766,#2771);
#2766 = PLANE('',#2767);
#2767 = AXIS2_PLACEMENT_3D('',#2768,#2769,#2770);
#2768 = CARTESIAN_POINT('',(-90.425,21.75,69.7));
#2769 = DIRECTION('',(1.,0.,0.));
#2770 = DIRECTION('',(0.,0.,1.));
#2771 = DEFINITIONAL_REPRESENTATION('',(#2772),#2776);
#2772 = LINE('',#2773,#2774);
#2773 = CARTESIAN_POINT('',(0.,-14.25));
#2774 = VECTOR('',#2775,1.);
#2775 = DIRECTION('',(1.,0.));
#2776 = ( GEOMETRIC_REPRESENTATION_CONTEXT(2) 
PARAMETRIC_REPRESENTATION_CONTEXT() REPRESENTATION_CONTEXT('2D SPACE',''
  ) );
#2777 = ORIENTED_EDGE('',*,*,#2778,.T.);
#2778 = EDGE_CURVE('',#2751,#2779,#2781,.T.);
#2779 = VERTEX_POINT('',#2780);
#2780 = CARTESIAN_POINT('',(-81.425,36.,69.7));
#2781 = SURFACE_CURVE('',#2782,(#2786,#2793),.PCURVE_S1.);
#2782 = LINE('',#2783,#2784);
#2783 = CARTESIAN_POINT('',(-90.425,36.,69.7));
#2784 = VECTOR('',#2785,1.);
#2785 = DIRECTION('',(1.,0.,0.));
#2786 = PCURVE('',#444,#2787);
#2787 = DEFINITIONAL_REPRESENTATION('',(#2788),#2792);
#2788 = LINE('',#2789,#2790);
#2789 = CARTESIAN_POINT('',(21.7,146.575));
#2790 = VECTOR('',#2791,1.);
#2791 = DIRECTION('',(0.,1.));
#2792 = ( GEOMETRIC_REPRESENTATION_CONTEXT(2) 
PARAMETRIC_REPRESENTATION_CONTEXT() REPRESENTATION_CONTEXT('2D SPACE',''
  ) );
#2793 = PCURVE('',#2794,#2799);
#2794 = PLANE('',#2795);
#2795 = AXIS2_PLACEMENT_3D('',#2796,#2797,#2798);
#2796 = CARTESIAN_POINT('',(-90.425,21.75,69.7));
#2797 = DIRECTION('',(0.,0.,1.));
#2798 = DIRECTION('',(1.,0.,0.));
#2799 = DEFINITIONAL_REPRESENTATION('',(#2800),#2804);
#2800 = LINE('',#2801,#2802);
#2801 = CARTESIAN_POINT('',(0.,14.25));
#2802 = VECTOR('',#2803,1.);
#2803 = DIRECTION('',(1.,0.));
#2804 = ( GEOMETRIC_REPRESENTATION_CONTEXT(2) 
PARAMETRIC_REPRESENTATION_CONTEXT() REPRESENTATION_CONTEXT('2D SPACE',''
  ) );
#2805 = ORIENTED_EDGE('',*,*,#2806,.T.);
#2806 = EDGE_CURVE('',#2779,#2723,#2807,.T.);
#2807 = SURFACE_CURVE('',#2808,(#2812,#2819),.PCURVE_S1.);
#2808 = LINE('',#2809,#2810);
#2809 = CARTESIAN_POINT('',(-81.425,36.,69.7));
#2810 = VECTOR('',#2811,1.);
#2811 = DIRECTION('',(0.,0.,1.));
#2812 = PCURVE('',#444,#2813);
#2813 = DEFINITIONAL_REPRESENTATION('',(#2814),#2818);
#2814 = LINE('',#2815,#2816);
#2815 = CARTESIAN_POINT('',(21.7,155.575));
#2816 = VECTOR('',#2817,1.);
#2817 = DIRECTION('',(1.,0.));
#2818 = ( GEOMETRIC_REPRESENTATION_CONTEXT(2) 
PARAMETRIC_REPRESENTATION_CONTEXT() REPRESENTATION_CONTEXT('2D SPACE',''
  ) );
#2819 = PCURVE('',#2820,#2825);
#2820 = PLANE('',#2821);
#2821 = AXIS2_PLACEMENT_3D('',#2822,#2823,#2824);
#2822 = CARTESIAN_POINT('',(-81.425,21.75,69.7));
#2823 = DIRECTION('',(1.,0.,0.));
#2824 = DIRECTION('',(0.,0.,1.));
#2825 = DEFINITIONAL_REPRESENTATION('',(#2826),#2830);
#2826 = LINE('',#2827,#2828);
#2827 = CARTESIAN_POINT('',(0.,-14.25));
#2828 = VECTOR('',#2829,1.);
#2829 = DIRECTION('',(1.,0.));
#2830 = ( GEOMETRIC_REPRESENTATION_CONTEXT(2) 
PARAMETRIC_REPRESENTATION_CONTEXT() REPRESENTATION_CONTEXT('2D SPACE',''
  ) );
#2831 = ADVANCED_FACE('',(#2832,#2858,#2884,#2910,#2936,#2962,#2988,
    #3014,#3040),#469,.F.);
#2832 = FACE_BOUND('',#2833,.F.);
#2833 = EDGE_LOOP('',(#2834,#2835,#2856,#2857));
#2834 = ORIENTED_EDGE('',*,*,#2247,.F.);
#2835 = ORIENTED_EDGE('',*,*,#2836,.T.);
#2836 = EDGE_CURVE('',#2248,#2673,#2837,.T.);
#2837 = SURFACE_CURVE('',#2838,(#2842,#2849),.PCURVE_S1.);
#2838 = LINE('',#2839,#2840);
#2839 = CARTESIAN_POINT('',(-73.,-36.,48.));
#2840 = VECTOR('',#2841,1.);
#2841 = DIRECTION('',(0.,1.,0.));
#2842 = PCURVE('',#469,#2843);
#2843 = DEFINITIONAL_REPRESENTATION('',(#2844),#2848);
#2844 = LINE('',#2845,#2846);
#2845 = CARTESIAN_POINT('',(0.,0.));
#2846 = VECTOR('',#2847,1.);
#2847 = DIRECTION('',(0.,-1.));
#2848 = ( GEOMETRIC_REPRESENTATION_CONTEXT(2) 
PARAMETRIC_REPRESENTATION_CONTEXT() REPRESENTATION_CONTEXT('2D SPACE',''
  ) );
#2849 = PCURVE('',#2286,#2850);
#2850 = DEFINITIONAL_REPRESENTATION('',(#2851),#2855);
#2851 = LINE('',#2852,#2853);
#2852 = CARTESIAN_POINT('',(164.,0.));
#2853 = VECTOR('',#2854,1.);
#2854 = DIRECTION('',(0.,1.));
#2855 = ( GEOMETRIC_REPRESENTATION_CONTEXT(2) 
PARAMETRIC_REPRESENTATION_CONTEXT() REPRESENTATION_CONTEXT('2D SPACE',''
  ) );
#2856 = ORIENTED_EDGE('',*,*,#2672,.T.);
#2857 = ORIENTED_EDGE('',*,*,#455,.F.);
#2858 = FACE_BOUND('',#2859,.F.);
#2859 = EDGE_LOOP('',(#2860));
#2860 = ORIENTED_EDGE('',*,*,#2861,.F.);
#2861 = EDGE_CURVE('',#2862,#2862,#2864,.T.);
#2862 = VERTEX_POINT('',#2863);
#2863 = CARTESIAN_POINT('',(-73.,31.25,55.1));
#2864 = SURFACE_CURVE('',#2865,(#2870,#2877),.PCURVE_S1.);
#2865 = CIRCLE('',#2866,1.5);
#2866 = AXIS2_PLACEMENT_3D('',#2867,#2868,#2869);
#2867 = CARTESIAN_POINT('',(-73.,31.25,56.6));
#2868 = DIRECTION('',(1.,0.,2.22044604925E-16));
#2869 = DIRECTION('',(2.22044604925E-16,0.,-1.));
#2870 = PCURVE('',#469,#2871);
#2871 = DEFINITIONAL_REPRESENTATION('',(#2872),#2876);
#2872 = CIRCLE('',#2873,1.5);
#2873 = AXIS2_PLACEMENT_2D('',#2874,#2875);
#2874 = CARTESIAN_POINT('',(8.6,-67.25));
#2875 = DIRECTION('',(-1.,0.));
#2876 = ( GEOMETRIC_REPRESENTATION_CONTEXT(2) 
PARAMETRIC_REPRESENTATION_CONTEXT() REPRESENTATION_CONTEXT('2D SPACE',''
  ) );
#2877 = PCURVE('',#2015,#2878);
#2878 = DEFINITIONAL_REPRESENTATION('',(#2879),#2883);
#2879 = LINE('',#2880,#2881);
#2880 = CARTESIAN_POINT('',(0.,1.));
#2881 = VECTOR('',#2882,1.);
#2882 = DIRECTION('',(1.,0.));
#2883 = ( GEOMETRIC_REPRESENTATION_CONTEXT(2) 
PARAMETRIC_REPRESENTATION_CONTEXT() REPRESENTATION_CONTEXT('2D SPACE',''
  ) );
#2884 = FACE_BOUND('',#2885,.F.);
#2885 = EDGE_LOOP('',(#2886));
#2886 = ORIENTED_EDGE('',*,*,#2887,.F.);
#2887 = EDGE_CURVE('',#2888,#2888,#2890,.T.);
#2888 = VERTEX_POINT('',#2889);
#2889 = CARTESIAN_POINT('',(-73.,14.,54.3));
#2890 = SURFACE_CURVE('',#2891,(#2896,#2903),.PCURVE_S1.);
#2891 = CIRCLE('',#2892,1.7);
#2892 = AXIS2_PLACEMENT_3D('',#2893,#2894,#2895);
#2893 = CARTESIAN_POINT('',(-73.,14.,56.));
#2894 = DIRECTION('',(1.,0.,2.22044604925E-16));
#2895 = DIRECTION('',(2.22044604925E-16,0.,-1.));
#2896 = PCURVE('',#469,#2897);
#2897 = DEFINITIONAL_REPRESENTATION('',(#2898),#2902);
#2898 = CIRCLE('',#2899,1.7);
#2899 = AXIS2_PLACEMENT_2D('',#2900,#2901);
#2900 = CARTESIAN_POINT('',(8.,-50.));
#2901 = DIRECTION('',(-1.,0.));
#2902 = ( GEOMETRIC_REPRESENTATION_CONTEXT(2) 
PARAMETRIC_REPRESENTATION_CONTEXT() REPRESENTATION_CONTEXT('2D SPACE',''
  ) );
#2903 = PCURVE('',#2046,#2904);
#2904 = DEFINITIONAL_REPRESENTATION('',(#2905),#2909);
#2905 = LINE('',#2906,#2907);
#2906 = CARTESIAN_POINT('',(0.,1.));
#2907 = VECTOR('',#2908,1.);
#2908 = DIRECTION('',(1.,0.));
#2909 = ( GEOMETRIC_REPRESENTATION_CONTEXT(2) 
PARAMETRIC_REPRESENTATION_CONTEXT() REPRESENTATION_CONTEXT('2D SPACE',''
  ) );
#2910 = FACE_BOUND('',#2911,.F.);
#2911 = EDGE_LOOP('',(#2912));
#2912 = ORIENTED_EDGE('',*,*,#2913,.F.);
#2913 = EDGE_CURVE('',#2914,#2914,#2916,.T.);
#2914 = VERTEX_POINT('',#2915);
#2915 = CARTESIAN_POINT('',(-73.,31.25,65.9));
#2916 = SURFACE_CURVE('',#2917,(#2922,#2929),.PCURVE_S1.);
#2917 = CIRCLE('',#2918,1.5);
#2918 = AXIS2_PLACEMENT_3D('',#2919,#2920,#2921);
#2919 = CARTESIAN_POINT('',(-73.,31.25,67.4));
#2920 = DIRECTION('',(1.,0.,2.22044604925E-16));
#2921 = DIRECTION('',(2.22044604925E-16,0.,-1.));
#2922 = PCURVE('',#469,#2923);
#2923 = DEFINITIONAL_REPRESENTATION('',(#2924),#2928);
#2924 = CIRCLE('',#2925,1.5);
#2925 = AXIS2_PLACEMENT_2D('',#2926,#2927);
#2926 = CARTESIAN_POINT('',(19.4,-67.25));
#2927 = DIRECTION('',(-1.,0.));
#2928 = ( GEOMETRIC_REPRESENTATION_CONTEXT(2) 
PARAMETRIC_REPRESENTATION_CONTEXT() REPRESENTATION_CONTEXT('2D SPACE',''
  ) );
#2929 = PCURVE('',#2077,#2930);
#2930 = DEFINITIONAL_REPRESENTATION('',(#2931),#2935);
#2931 = LINE('',#2932,#2933);
#2932 = CARTESIAN_POINT('',(0.,1.));
#2933 = VECTOR('',#2934,1.);
#2934 = DIRECTION('',(1.,0.));
#2935 = ( GEOMETRIC_REPRESENTATION_CONTEXT(2) 
PARAMETRIC_REPRESENTATION_CONTEXT() REPRESENTATION_CONTEXT('2D SPACE',''
  ) );
#2936 = FACE_BOUND('',#2937,.F.);
#2937 = EDGE_LOOP('',(#2938));
#2938 = ORIENTED_EDGE('',*,*,#2939,.F.);
#2939 = EDGE_CURVE('',#2940,#2940,#2942,.T.);
#2940 = VERTEX_POINT('',#2941);
#2941 = CARTESIAN_POINT('',(-73.,14.,66.3));
#2942 = SURFACE_CURVE('',#2943,(#2948,#2955),.PCURVE_S1.);
#2943 = CIRCLE('',#2944,1.7);
#2944 = AXIS2_PLACEMENT_3D('',#2945,#2946,#2947);
#2945 = CARTESIAN_POINT('',(-73.,14.,68.));
#2946 = DIRECTION('',(1.,0.,2.22044604925E-16));
#2947 = DIRECTION('',(2.22044604925E-16,0.,-1.));
#2948 = PCURVE('',#469,#2949);
#2949 = DEFINITIONAL_REPRESENTATION('',(#2950),#2954);
#2950 = CIRCLE('',#2951,1.7);
#2951 = AXIS2_PLACEMENT_2D('',#2952,#2953);
#2952 = CARTESIAN_POINT('',(20.,-50.));
#2953 = DIRECTION('',(-1.,0.));
#2954 = ( GEOMETRIC_REPRESENTATION_CONTEXT(2) 
PARAMETRIC_REPRESENTATION_CONTEXT() REPRESENTATION_CONTEXT('2D SPACE',''
  ) );
#2955 = PCURVE('',#2108,#2956);
#2956 = DEFINITIONAL_REPRESENTATION('',(#2957),#2961);
#2957 = LINE('',#2958,#2959);
#2958 = CARTESIAN_POINT('',(0.,1.));
#2959 = VECTOR('',#2960,1.);
#2960 = DIRECTION('',(1.,0.));
#2961 = ( GEOMETRIC_REPRESENTATION_CONTEXT(2) 
PARAMETRIC_REPRESENTATION_CONTEXT() REPRESENTATION_CONTEXT('2D SPACE',''
  ) );
#2962 = FACE_BOUND('',#2963,.F.);
#2963 = EDGE_LOOP('',(#2964));
#2964 = ORIENTED_EDGE('',*,*,#2965,.F.);
#2965 = EDGE_CURVE('',#2966,#2966,#2968,.T.);
#2966 = VERTEX_POINT('',#2967);
#2967 = CARTESIAN_POINT('',(-73.,-14.,54.3));
#2968 = SURFACE_CURVE('',#2969,(#2974,#2981),.PCURVE_S1.);
#2969 = CIRCLE('',#2970,1.7);
#2970 = AXIS2_PLACEMENT_3D('',#2971,#2972,#2973);
#2971 = CARTESIAN_POINT('',(-73.,-14.,56.));
#2972 = DIRECTION('',(1.,0.,2.22044604925E-16));
#2973 = DIRECTION('',(2.22044604925E-16,0.,-1.));
#2974 = PCURVE('',#469,#2975);
#2975 = DEFINITIONAL_REPRESENTATION('',(#2976),#2980);
#2976 = CIRCLE('',#2977,1.7);
#2977 = AXIS2_PLACEMENT_2D('',#2978,#2979);
#2978 = CARTESIAN_POINT('',(8.,-22.));
#2979 = DIRECTION('',(-1.,0.));
#2980 = ( GEOMETRIC_REPRESENTATION_CONTEXT(2) 
PARAMETRIC_REPRESENTATION_CONTEXT() REPRESENTATION_CONTEXT('2D SPACE',''
  ) );
#2981 = PCURVE('',#2139,#2982);
#2982 = DEFINITIONAL_REPRESENTATION('',(#2983),#2987);
#2983 = LINE('',#2984,#2985);
#2984 = CARTESIAN_POINT('',(0.,1.));
#2985 = VECTOR('',#2986,1.);
#2986 = DIRECTION('',(1.,0.));
#2987 = ( GEOMETRIC_REPRESENTATION_CONTEXT(2) 
PARAMETRIC_REPRESENTATION_CONTEXT() REPRESENTATION_CONTEXT('2D SPACE',''
  ) );
#2988 = FACE_BOUND('',#2989,.F.);
#2989 = EDGE_LOOP('',(#2990));
#2990 = ORIENTED_EDGE('',*,*,#2991,.F.);
#2991 = EDGE_CURVE('',#2992,#2992,#2994,.T.);
#2992 = VERTEX_POINT('',#2993);
#2993 = CARTESIAN_POINT('',(-73.,-31.25,55.1));
#2994 = SURFACE_CURVE('',#2995,(#3000,#3007),.PCURVE_S1.);
#2995 = CIRCLE('',#2996,1.5);
#2996 = AXIS2_PLACEMENT_3D('',#2997,#2998,#2999);
#2997 = CARTESIAN_POINT('',(-73.,-31.25,56.6));
#2998 = DIRECTION('',(1.,0.,2.22044604925E-16));
#2999 = DIRECTION('',(2.22044604925E-16,0.,-1.));
#3000 = PCURVE('',#469,#3001);
#3001 = DEFINITIONAL_REPRESENTATION('',(#3002),#3006);
#3002 = CIRCLE('',#3003,1.5);
#3003 = AXIS2_PLACEMENT_2D('',#3004,#3005);
#3004 = CARTESIAN_POINT('',(8.6,-4.75));
#3005 = DIRECTION('',(-1.,0.));
#3006 = ( GEOMETRIC_REPRESENTATION_CONTEXT(2) 
PARAMETRIC_REPRESENTATION_CONTEXT() REPRESENTATION_CONTEXT('2D SPACE',''
  ) );
#3007 = PCURVE('',#2170,#3008);
#3008 = DEFINITIONAL_REPRESENTATION('',(#3009),#3013);
#3009 = LINE('',#3010,#3011);
#3010 = CARTESIAN_POINT('',(0.,1.));
#3011 = VECTOR('',#3012,1.);
#3012 = DIRECTION('',(1.,0.));
#3013 = ( GEOMETRIC_REPRESENTATION_CONTEXT(2) 
PARAMETRIC_REPRESENTATION_CONTEXT() REPRESENTATION_CONTEXT('2D SPACE',''
  ) );
#3014 = FACE_BOUND('',#3015,.F.);
#3015 = EDGE_LOOP('',(#3016));
#3016 = ORIENTED_EDGE('',*,*,#3017,.F.);
#3017 = EDGE_CURVE('',#3018,#3018,#3020,.T.);
#3018 = VERTEX_POINT('',#3019);
#3019 = CARTESIAN_POINT('',(-73.,-14.,66.3));
#3020 = SURFACE_CURVE('',#3021,(#3026,#3033),.PCURVE_S1.);
#3021 = CIRCLE('',#3022,1.7);
#3022 = AXIS2_PLACEMENT_3D('',#3023,#3024,#3025);
#3023 = CARTESIAN_POINT('',(-73.,-14.,68.));
#3024 = DIRECTION('',(1.,0.,2.22044604925E-16));
#3025 = DIRECTION('',(2.22044604925E-16,0.,-1.));
#3026 = PCURVE('',#469,#3027);
#3027 = DEFINITIONAL_REPRESENTATION('',(#3028),#3032);
#3028 = CIRCLE('',#3029,1.7);
#3029 = AXIS2_PLACEMENT_2D('',#3030,#3031);
#3030 = CARTESIAN_POINT('',(20.,-22.));
#3031 = DIRECTION('',(-1.,0.));
#3032 = ( GEOMETRIC_REPRESENTATION_CONTEXT(2) 
PARAMETRIC_REPRESENTATION_CONTEXT() REPRESENTATION_CONTEXT('2D SPACE',''
  ) );
#3033 = PCURVE('',#2201,#3034);
#3034 = DEFINITIONAL_REPRESENTATION('',(#3035),#3039);
#3035 = LINE('',#3036,#3037);
#3036 = CARTESIAN_POINT('',(0.,1.));
#3037 = VECTOR('',#3038,1.);
#3038 = DIRECTION('',(1.,0.));
#3039 = ( GEOMETRIC_REPRESENTATION_CONTEXT(2) 
PARAMETRIC_REPRESENTATION_CONTEXT() REPRESENTATION_CONTEXT('2D SPACE',''
  ) );
#3040 = FACE_BOUND('',#3041,.F.);
#3041 = EDGE_LOOP('',(#3042));
#3042 = ORIENTED_EDGE('',*,*,#3043,.F.);
#3043 = EDGE_CURVE('',#3044,#3044,#3046,.T.);
#3044 = VERTEX_POINT('',#3045);
#3045 = CARTESIAN_POINT('',(-73.,-31.25,65.9));
#3046 = SURFACE_CURVE('',#3047,(#3052,#3059),.PCURVE_S1.);
#3047 = CIRCLE('',#3048,1.5);
#3048 = AXIS2_PLACEMENT_3D('',#3049,#3050,#3051);
#3049 = CARTESIAN_POINT('',(-73.,-31.25,67.4));
#3050 = DIRECTION('',(1.,0.,2.22044604925E-16));
#3051 = DIRECTION('',(2.22044604925E-16,0.,-1.));
#3052 = PCURVE('',#469,#3053);
#3053 = DEFINITIONAL_REPRESENTATION('',(#3054),#3058);
#3054 = CIRCLE('',#3055,1.5);
#3055 = AXIS2_PLACEMENT_2D('',#3056,#3057);
#3056 = CARTESIAN_POINT('',(19.4,-4.75));
#3057 = DIRECTION('',(-1.,0.));
#3058 = ( GEOMETRIC_REPRESENTATION_CONTEXT(2) 
PARAMETRIC_REPRESENTATION_CONTEXT() REPRESENTATION_CONTEXT('2D SPACE',''
  ) );
#3059 = PCURVE('',#2232,#3060);
#3060 = DEFINITIONAL_REPRESENTATION('',(#3061),#3065);
#3061 = LINE('',#3062,#3063);
#3062 = CARTESIAN_POINT('',(0.,1.));
#3063 = VECTOR('',#3064,1.);
#3064 = DIRECTION('',(1.,0.));
#3065 = ( GEOMETRIC_REPRESENTATION_CONTEXT(2) 
PARAMETRIC_REPRESENTATION_CONTEXT() REPRESENTATION_CONTEXT('2D SPACE',''
  ) );
#3066 = ADVANCED_FACE('',(#3067),#500,.T.);
#3067 = FACE_BOUND('',#3068,.T.);
#3068 = EDGE_LOOP('',(#3069,#3070,#3093,#3121));
#3069 = ORIENTED_EDGE('',*,*,#482,.F.);
#3070 = ORIENTED_EDGE('',*,*,#3071,.F.);
#3071 = EDGE_CURVE('',#3072,#483,#3074,.T.);
#3072 = VERTEX_POINT('',#3073);
#3073 = CARTESIAN_POINT('',(-101.8,-36.,48.));
#3074 = SURFACE_CURVE('',#3075,(#3079,#3086),.PCURVE_S1.);
#3075 = LINE('',#3076,#3077);
#3076 = CARTESIAN_POINT('',(-101.8,-36.,48.));
#3077 = VECTOR('',#3078,1.);
#3078 = DIRECTION('',(0.,0.,1.));
#3079 = PCURVE('',#500,#3080);
#3080 = DEFINITIONAL_REPRESENTATION('',(#3081),#3085);
#3081 = LINE('',#3082,#3083);
#3082 = CARTESIAN_POINT('',(0.,135.2));
#3083 = VECTOR('',#3084,1.);
#3084 = DIRECTION('',(1.,0.));
#3085 = ( GEOMETRIC_REPRESENTATION_CONTEXT(2) 
PARAMETRIC_REPRESENTATION_CONTEXT() REPRESENTATION_CONTEXT('2D SPACE',''
  ) );
#3086 = PCURVE('',#687,#3087);
#3087 = DEFINITIONAL_REPRESENTATION('',(#3088),#3092);
#3088 = LINE('',#3089,#3090);
#3089 = CARTESIAN_POINT('',(0.,0.));
#3090 = VECTOR('',#3091,1.);
#3091 = DIRECTION('',(1.,0.));
#3092 = ( GEOMETRIC_REPRESENTATION_CONTEXT(2) 
PARAMETRIC_REPRESENTATION_CONTEXT() REPRESENTATION_CONTEXT('2D SPACE',''
  ) );
#3093 = ORIENTED_EDGE('',*,*,#3094,.F.);
#3094 = EDGE_CURVE('',#3095,#3072,#3097,.T.);
#3095 = VERTEX_POINT('',#3096);
#3096 = CARTESIAN_POINT('',(-120.,-36.,48.));
#3097 = SURFACE_CURVE('',#3098,(#3102,#3109),.PCURVE_S1.);
#3098 = LINE('',#3099,#3100);
#3099 = CARTESIAN_POINT('',(-237.,-36.,48.));
#3100 = VECTOR('',#3101,1.);
#3101 = DIRECTION('',(1.,0.,0.));
#3102 = PCURVE('',#500,#3103);
#3103 = DEFINITIONAL_REPRESENTATION('',(#3104),#3108);
#3104 = LINE('',#3105,#3106);
#3105 = CARTESIAN_POINT('',(0.,0.));
#3106 = VECTOR('',#3107,1.);
#3107 = DIRECTION('',(0.,1.));
#3108 = ( GEOMETRIC_REPRESENTATION_CONTEXT(2) 
PARAMETRIC_REPRESENTATION_CONTEXT() REPRESENTATION_CONTEXT('2D SPACE',''
  ) );
#3109 = PCURVE('',#3110,#3115);
#3110 = PLANE('',#3111);
#3111 = AXIS2_PLACEMENT_3D('',#3112,#3113,#3114);
#3112 = CARTESIAN_POINT('',(-237.,-36.,48.));
#3113 = DIRECTION('',(0.,0.,1.));
#3114 = DIRECTION('',(1.,0.,0.));
#3115 = DEFINITIONAL_REPRESENTATION('',(#3116),#3120);
#3116 = LINE('',#3117,#3118);
#3117 = CARTESIAN_POINT('',(0.,0.));
#3118 = VECTOR('',#3119,1.);
#3119 = DIRECTION('',(1.,0.));
#3120 = ( GEOMETRIC_REPRESENTATION_CONTEXT(2) 
PARAMETRIC_REPRESENTATION_CONTEXT() REPRESENTATION_CONTEXT('2D SPACE',''
  ) );
#3121 = ORIENTED_EDGE('',*,*,#3122,.T.);
#3122 = EDGE_CURVE('',#3095,#485,#3123,.T.);
#3123 = SURFACE_CURVE('',#3124,(#3128,#3134),.PCURVE_S1.);
#3124 = LINE('',#3125,#3126);
#3125 = CARTESIAN_POINT('',(-120.,-36.,48.));
#3126 = VECTOR('',#3127,1.);
#3127 = DIRECTION('',(0.,0.,1.));
#3128 = PCURVE('',#500,#3129);
#3129 = DEFINITIONAL_REPRESENTATION('',(#3130),#3133);
#3130 = B_SPLINE_CURVE_WITH_KNOTS('',1,(#3131,#3132),.UNSPECIFIED.,.F.,
  .F.,(2,2),(-2.399999999625E-06,28.5000024),.PIECEWISE_BEZIER_KNOTS.);
#3131 = CARTESIAN_POINT('',(-2.399999999625E-06,117.));
#3132 = CARTESIAN_POINT('',(28.5000024,117.));
#3133 = ( GEOMETRIC_REPRESENTATION_CONTEXT(2) 
PARAMETRIC_REPRESENTATION_CONTEXT() REPRESENTATION_CONTEXT('2D SPACE',''
  ) );
#3134 = PCURVE('',#527,#3135);
#3135 = DEFINITIONAL_REPRESENTATION('',(#3136),#3139);
#3136 = B_SPLINE_CURVE_WITH_KNOTS('',1,(#3137,#3138),.UNSPECIFIED.,.F.,
  .F.,(2,2),(-2.399999999625E-06,28.5000024),.PIECEWISE_BEZIER_KNOTS.);
#3137 = CARTESIAN_POINT('',(-2.399999999625E-06,117.));
#3138 = CARTESIAN_POINT('',(28.5000024,117.));
#3139 = ( GEOMETRIC_REPRESENTATION_CONTEXT(2) 
PARAMETRIC_REPRESENTATION_CONTEXT() REPRESENTATION_CONTEXT('2D SPACE',''
  ) );
#3140 = ADVANCED_FACE('',(#3141),#527,.T.);
#3141 = FACE_BOUND('',#3142,.T.);
#3142 = EDGE_LOOP('',(#3143,#3144,#3145,#3168,#3196,#3224,#3252,#3275));
#3143 = ORIENTED_EDGE('',*,*,#511,.F.);
#3144 = ORIENTED_EDGE('',*,*,#3122,.F.);
#3145 = ORIENTED_EDGE('',*,*,#3146,.F.);
#3146 = EDGE_CURVE('',#3147,#3095,#3149,.T.);
#3147 = VERTEX_POINT('',#3148);
#3148 = CARTESIAN_POINT('',(-158.8,-36.,48.));
#3149 = SURFACE_CURVE('',#3150,(#3154,#3161),.PCURVE_S1.);
#3150 = LINE('',#3151,#3152);
#3151 = CARTESIAN_POINT('',(-237.,-36.,48.));
#3152 = VECTOR('',#3153,1.);
#3153 = DIRECTION('',(1.,0.,0.));
#3154 = PCURVE('',#527,#3155);
#3155 = DEFINITIONAL_REPRESENTATION('',(#3156),#3160);
#3156 = LINE('',#3157,#3158);
#3157 = CARTESIAN_POINT('',(0.,0.));
#3158 = VECTOR('',#3159,1.);
#3159 = DIRECTION('',(0.,1.));
#3160 = ( GEOMETRIC_REPRESENTATION_CONTEXT(2) 
PARAMETRIC_REPRESENTATION_CONTEXT() REPRESENTATION_CONTEXT('2D SPACE',''
  ) );
#3161 = PCURVE('',#3110,#3162);
#3162 = DEFINITIONAL_REPRESENTATION('',(#3163),#3167);
#3163 = LINE('',#3164,#3165);
#3164 = CARTESIAN_POINT('',(0.,0.));
#3165 = VECTOR('',#3166,1.);
#3166 = DIRECTION('',(1.,0.));
#3167 = ( GEOMETRIC_REPRESENTATION_CONTEXT(2) 
PARAMETRIC_REPRESENTATION_CONTEXT() REPRESENTATION_CONTEXT('2D SPACE',''
  ) );
#3168 = ORIENTED_EDGE('',*,*,#3169,.T.);
#3169 = EDGE_CURVE('',#3147,#3170,#3172,.T.);
#3170 = VERTEX_POINT('',#3171);
#3171 = CARTESIAN_POINT('',(-158.8,-36.,62.));
#3172 = SURFACE_CURVE('',#3173,(#3177,#3184),.PCURVE_S1.);
#3173 = LINE('',#3174,#3175);
#3174 = CARTESIAN_POINT('',(-158.8,-36.,48.));
#3175 = VECTOR('',#3176,1.);
#3176 = DIRECTION('',(0.,0.,1.));
#3177 = PCURVE('',#527,#3178);
#3178 = DEFINITIONAL_REPRESENTATION('',(#3179),#3183);
#3179 = LINE('',#3180,#3181);
#3180 = CARTESIAN_POINT('',(0.,78.2));
#3181 = VECTOR('',#3182,1.);
#3182 = DIRECTION('',(1.,0.));
#3183 = ( GEOMETRIC_REPRESENTATION_CONTEXT(2) 
PARAMETRIC_REPRESENTATION_CONTEXT() REPRESENTATION_CONTEXT('2D SPACE',''
  ) );
#3184 = PCURVE('',#3185,#3190);
#3185 = PLANE('',#3186);
#3186 = AXIS2_PLACEMENT_3D('',#3187,#3188,#3189);
#3187 = CARTESIAN_POINT('',(-158.8,-36.,48.));
#3188 = DIRECTION('',(1.,0.,0.));
#3189 = DIRECTION('',(0.,0.,1.));
#3190 = DEFINITIONAL_REPRESENTATION('',(#3191),#3195);
#3191 = LINE('',#3192,#3193);
#3192 = CARTESIAN_POINT('',(0.,0.));
#3193 = VECTOR('',#3194,1.);
#3194 = DIRECTION('',(1.,0.));
#3195 = ( GEOMETRIC_REPRESENTATION_CONTEXT(2) 
PARAMETRIC_REPRESENTATION_CONTEXT() REPRESENTATION_CONTEXT('2D SPACE',''
  ) );
#3196 = ORIENTED_EDGE('',*,*,#3197,.F.);
#3197 = EDGE_CURVE('',#3198,#3170,#3200,.T.);
#3198 = VERTEX_POINT('',#3199);
#3199 = CARTESIAN_POINT('',(-162.8,-36.,62.));
#3200 = SURFACE_CURVE('',#3201,(#3205,#3212),.PCURVE_S1.);
#3201 = LINE('',#3202,#3203);
#3202 = CARTESIAN_POINT('',(-162.8,-36.,62.));
#3203 = VECTOR('',#3204,1.);
#3204 = DIRECTION('',(1.,0.,0.));
#3205 = PCURVE('',#527,#3206);
#3206 = DEFINITIONAL_REPRESENTATION('',(#3207),#3211);
#3207 = LINE('',#3208,#3209);
#3208 = CARTESIAN_POINT('',(14.,74.2));
#3209 = VECTOR('',#3210,1.);
#3210 = DIRECTION('',(0.,1.));
#3211 = ( GEOMETRIC_REPRESENTATION_CONTEXT(2) 
PARAMETRIC_REPRESENTATION_CONTEXT() REPRESENTATION_CONTEXT('2D SPACE',''
  ) );
#3212 = PCURVE('',#3213,#3218);
#3213 = PLANE('',#3214);
#3214 = AXIS2_PLACEMENT_3D('',#3215,#3216,#3217);
#3215 = CARTESIAN_POINT('',(-162.8,-36.,62.));
#3216 = DIRECTION('',(0.,0.,1.));
#3217 = DIRECTION('',(1.,0.,0.));
#3218 = DEFINITIONAL_REPRESENTATION('',(#3219),#3223);
#3219 = LINE('',#3220,#3221);
#3220 = CARTESIAN_POINT('',(0.,0.));
#3221 = VECTOR('',#3222,1.);
#3222 = DIRECTION('',(1.,0.));
#3223 = ( GEOMETRIC_REPRESENTATION_CONTEXT(2) 
PARAMETRIC_REPRESENTATION_CONTEXT() REPRESENTATION_CONTEXT('2D SPACE',''
  ) );
#3224 = ORIENTED_EDGE('',*,*,#3225,.F.);
#3225 = EDGE_CURVE('',#3226,#3198,#3228,.T.);
#3226 = VERTEX_POINT('',#3227);
#3227 = CARTESIAN_POINT('',(-162.8,-36.,48.));
#3228 = SURFACE_CURVE('',#3229,(#3233,#3240),.PCURVE_S1.);
#3229 = LINE('',#3230,#3231);
#3230 = CARTESIAN_POINT('',(-162.8,-36.,48.));
#3231 = VECTOR('',#3232,1.);
#3232 = DIRECTION('',(0.,0.,1.));
#3233 = PCURVE('',#527,#3234);
#3234 = DEFINITIONAL_REPRESENTATION('',(#3235),#3239);
#3235 = LINE('',#3236,#3237);
#3236 = CARTESIAN_POINT('',(0.,74.2));
#3237 = VECTOR('',#3238,1.);
#3238 = DIRECTION('',(1.,0.));
#3239 = ( GEOMETRIC_REPRESENTATION_CONTEXT(2) 
PARAMETRIC_REPRESENTATION_CONTEXT() REPRESENTATION_CONTEXT('2D SPACE',''
  ) );
#3240 = PCURVE('',#3241,#3246);
#3241 = PLANE('',#3242);
#3242 = AXIS2_PLACEMENT_3D('',#3243,#3244,#3245);
#3243 = CARTESIAN_POINT('',(-162.8,-36.,48.));
#3244 = DIRECTION('',(1.,0.,0.));
#3245 = DIRECTION('',(0.,0.,1.));
#3246 = DEFINITIONAL_REPRESENTATION('',(#3247),#3251);
#3247 = LINE('',#3248,#3249);
#3248 = CARTESIAN_POINT('',(0.,0.));
#3249 = VECTOR('',#3250,1.);
#3250 = DIRECTION('',(1.,0.));
#3251 = ( GEOMETRIC_REPRESENTATION_CONTEXT(2) 
PARAMETRIC_REPRESENTATION_CONTEXT() REPRESENTATION_CONTEXT('2D SPACE',''
  ) );
#3252 = ORIENTED_EDGE('',*,*,#3253,.F.);
#3253 = EDGE_CURVE('',#3254,#3226,#3256,.T.);
#3254 = VERTEX_POINT('',#3255);
#3255 = CARTESIAN_POINT('',(-188.,-36.,48.));
#3256 = SURFACE_CURVE('',#3257,(#3261,#3268),.PCURVE_S1.);
#3257 = LINE('',#3258,#3259);
#3258 = CARTESIAN_POINT('',(-237.,-36.,48.));
#3259 = VECTOR('',#3260,1.);
#3260 = DIRECTION('',(1.,0.,0.));
#3261 = PCURVE('',#527,#3262);
#3262 = DEFINITIONAL_REPRESENTATION('',(#3263),#3267);
#3263 = LINE('',#3264,#3265);
#3264 = CARTESIAN_POINT('',(0.,0.));
#3265 = VECTOR('',#3266,1.);
#3266 = DIRECTION('',(0.,1.));
#3267 = ( GEOMETRIC_REPRESENTATION_CONTEXT(2) 
PARAMETRIC_REPRESENTATION_CONTEXT() REPRESENTATION_CONTEXT('2D SPACE',''
  ) );
#3268 = PCURVE('',#3110,#3269);
#3269 = DEFINITIONAL_REPRESENTATION('',(#3270),#3274);
#3270 = LINE('',#3271,#3272);
#3271 = CARTESIAN_POINT('',(0.,0.));
#3272 = VECTOR('',#3273,1.);
#3273 = DIRECTION('',(1.,0.));
#3274 = ( GEOMETRIC_REPRESENTATION_CONTEXT(2) 
PARAMETRIC_REPRESENTATION_CONTEXT() REPRESENTATION_CONTEXT('2D SPACE',''
  ) );
#3275 = ORIENTED_EDGE('',*,*,#3276,.T.);
#3276 = EDGE_CURVE('',#3254,#512,#3277,.T.);
#3277 = SURFACE_CURVE('',#3278,(#3282,#3288),.PCURVE_S1.);
#3278 = LINE('',#3279,#3280);
#3279 = CARTESIAN_POINT('',(-188.,-36.,48.));
#3280 = VECTOR('',#3281,1.);
#3281 = DIRECTION('',(0.,0.,1.));
#3282 = PCURVE('',#527,#3283);
#3283 = DEFINITIONAL_REPRESENTATION('',(#3284),#3287);
#3284 = B_SPLINE_CURVE_WITH_KNOTS('',1,(#3285,#3286),.UNSPECIFIED.,.F.,
  .F.,(2,2),(-2.399999999625E-06,28.5000024),.PIECEWISE_BEZIER_KNOTS.);
#3285 = CARTESIAN_POINT('',(-2.399999999625E-06,49.));
#3286 = CARTESIAN_POINT('',(28.5000024,49.));
#3287 = ( GEOMETRIC_REPRESENTATION_CONTEXT(2) 
PARAMETRIC_REPRESENTATION_CONTEXT() REPRESENTATION_CONTEXT('2D SPACE',''
  ) );
#3288 = PCURVE('',#554,#3289);
#3289 = DEFINITIONAL_REPRESENTATION('',(#3290),#3293);
#3290 = B_SPLINE_CURVE_WITH_KNOTS('',1,(#3291,#3292),.UNSPECIFIED.,.F.,
  .F.,(2,2),(-2.399999999625E-06,28.5000024),.PIECEWISE_BEZIER_KNOTS.);
#3291 = CARTESIAN_POINT('',(-2.399999999625E-06,49.));
#3292 = CARTESIAN_POINT('',(28.5000024,49.));
#3293 = ( GEOMETRIC_REPRESENTATION_CONTEXT(2) 
PARAMETRIC_REPRESENTATION_CONTEXT() REPRESENTATION_CONTEXT('2D SPACE',''
  ) );
#3294 = ADVANCED_FACE('',(#3295),#554,.T.);
#3295 = FACE_BOUND('',#3296,.T.);
#3296 = EDGE_LOOP('',(#3297,#3298,#3299,#3322,#3349,#3377,#3399,#3422,
    #3449,#3477,#3499,#3522));
#3297 = ORIENTED_EDGE('',*,*,#538,.F.);
#3298 = ORIENTED_EDGE('',*,*,#3276,.F.);
#3299 = ORIENTED_EDGE('',*,*,#3300,.F.);
#3300 = EDGE_CURVE('',#3301,#3254,#3303,.T.);
#3301 = VERTEX_POINT('',#3302);
#3302 = CARTESIAN_POINT('',(-201.9,-36.,48.));
#3303 = SURFACE_CURVE('',#3304,(#3308,#3315),.PCURVE_S1.);
#3304 = LINE('',#3305,#3306);
#3305 = CARTESIAN_POINT('',(-237.,-36.,48.));
#3306 = VECTOR('',#3307,1.);
#3307 = DIRECTION('',(1.,0.,0.));
#3308 = PCURVE('',#554,#3309);
#3309 = DEFINITIONAL_REPRESENTATION('',(#3310),#3314);
#3310 = LINE('',#3311,#3312);
#3311 = CARTESIAN_POINT('',(0.,0.));
#3312 = VECTOR('',#3313,1.);
#3313 = DIRECTION('',(0.,1.));
#3314 = ( GEOMETRIC_REPRESENTATION_CONTEXT(2) 
PARAMETRIC_REPRESENTATION_CONTEXT() REPRESENTATION_CONTEXT('2D SPACE',''
  ) );
#3315 = PCURVE('',#3110,#3316);
#3316 = DEFINITIONAL_REPRESENTATION('',(#3317),#3321);
#3317 = LINE('',#3318,#3319);
#3318 = CARTESIAN_POINT('',(0.,0.));
#3319 = VECTOR('',#3320,1.);
#3320 = DIRECTION('',(1.,0.));
#3321 = ( GEOMETRIC_REPRESENTATION_CONTEXT(2) 
PARAMETRIC_REPRESENTATION_CONTEXT() REPRESENTATION_CONTEXT('2D SPACE',''
  ) );
#3322 = ORIENTED_EDGE('',*,*,#3323,.T.);
#3323 = EDGE_CURVE('',#3301,#3324,#3326,.T.);
#3324 = VERTEX_POINT('',#3325);
#3325 = CARTESIAN_POINT('',(-201.9,-36.,68.4));
#3326 = SURFACE_CURVE('',#3327,(#3331,#3338),.PCURVE_S1.);
#3327 = LINE('',#3328,#3329);
#3328 = CARTESIAN_POINT('',(-201.9,-36.,48.));
#3329 = VECTOR('',#3330,1.);
#3330 = DIRECTION('',(0.,0.,1.));
#3331 = PCURVE('',#554,#3332);
#3332 = DEFINITIONAL_REPRESENTATION('',(#3333),#3337);
#3333 = LINE('',#3334,#3335);
#3334 = CARTESIAN_POINT('',(0.,35.1));
#3335 = VECTOR('',#3336,1.);
#3336 = DIRECTION('',(1.,0.));
#3337 = ( GEOMETRIC_REPRESENTATION_CONTEXT(2) 
PARAMETRIC_REPRESENTATION_CONTEXT() REPRESENTATION_CONTEXT('2D SPACE',''
  ) );
#3338 = PCURVE('',#3339,#3344);
#3339 = CYLINDRICAL_SURFACE('',#3340,2.);
#3340 = AXIS2_PLACEMENT_3D('',#3341,#3342,#3343);
#3341 = CARTESIAN_POINT('',(-203.5,-34.8,48.));
#3342 = DIRECTION('',(0.,0.,1.));
#3343 = DIRECTION('',(1.,0.,-0.));
#3344 = DEFINITIONAL_REPRESENTATION('',(#3345),#3348);
#3345 = B_SPLINE_CURVE_WITH_KNOTS('',1,(#3346,#3347),.UNSPECIFIED.,.F.,
  .F.,(2,2),(0.,20.4),.PIECEWISE_BEZIER_KNOTS.);
#3346 = CARTESIAN_POINT('',(5.639684198386,0.));
#3347 = CARTESIAN_POINT('',(5.639684198386,20.4));
#3348 = ( GEOMETRIC_REPRESENTATION_CONTEXT(2) 
PARAMETRIC_REPRESENTATION_CONTEXT() REPRESENTATION_CONTEXT('2D SPACE',''
  ) );
#3349 = ORIENTED_EDGE('',*,*,#3350,.F.);
#3350 = EDGE_CURVE('',#3351,#3324,#3353,.T.);
#3351 = VERTEX_POINT('',#3352);
#3352 = CARTESIAN_POINT('',(-205.1,-36.,68.4));
#3353 = SURFACE_CURVE('',#3354,(#3358,#3365),.PCURVE_S1.);
#3354 = LINE('',#3355,#3356);
#3355 = CARTESIAN_POINT('',(-206.5,-36.,68.4));
#3356 = VECTOR('',#3357,1.);
#3357 = DIRECTION('',(1.,0.,0.));
#3358 = PCURVE('',#554,#3359);
#3359 = DEFINITIONAL_REPRESENTATION('',(#3360),#3364);
#3360 = LINE('',#3361,#3362);
#3361 = CARTESIAN_POINT('',(20.4,30.5));
#3362 = VECTOR('',#3363,1.);
#3363 = DIRECTION('',(0.,1.));
#3364 = ( GEOMETRIC_REPRESENTATION_CONTEXT(2) 
PARAMETRIC_REPRESENTATION_CONTEXT() REPRESENTATION_CONTEXT('2D SPACE',''
  ) );
#3365 = PCURVE('',#3366,#3371);
#3366 = PLANE('',#3367);
#3367 = AXIS2_PLACEMENT_3D('',#3368,#3369,#3370);
#3368 = CARTESIAN_POINT('',(-203.5,-34.8,68.4));
#3369 = DIRECTION('',(0.,0.,1.));
#3370 = DIRECTION('',(1.,0.,0.));
#3371 = DEFINITIONAL_REPRESENTATION('',(#3372),#3376);
#3372 = LINE('',#3373,#3374);
#3373 = CARTESIAN_POINT('',(-3.,-1.2));
#3374 = VECTOR('',#3375,1.);
#3375 = DIRECTION('',(1.,0.));
#3376 = ( GEOMETRIC_REPRESENTATION_CONTEXT(2) 
PARAMETRIC_REPRESENTATION_CONTEXT() REPRESENTATION_CONTEXT('2D SPACE',''
  ) );
#3377 = ORIENTED_EDGE('',*,*,#3378,.F.);
#3378 = EDGE_CURVE('',#3379,#3351,#3381,.T.);
#3379 = VERTEX_POINT('',#3380);
#3380 = CARTESIAN_POINT('',(-205.1,-36.,48.));
#3381 = SURFACE_CURVE('',#3382,(#3386,#3393),.PCURVE_S1.);
#3382 = LINE('',#3383,#3384);
#3383 = CARTESIAN_POINT('',(-205.1,-36.,48.));
#3384 = VECTOR('',#3385,1.);
#3385 = DIRECTION('',(0.,0.,1.));
#3386 = PCURVE('',#554,#3387);
#3387 = DEFINITIONAL_REPRESENTATION('',(#3388),#3392);
#3388 = LINE('',#3389,#3390);
#3389 = CARTESIAN_POINT('',(0.,31.9));
#3390 = VECTOR('',#3391,1.);
#3391 = DIRECTION('',(1.,0.));
#3392 = ( GEOMETRIC_REPRESENTATION_CONTEXT(2) 
PARAMETRIC_REPRESENTATION_CONTEXT() REPRESENTATION_CONTEXT('2D SPACE',''
  ) );
#3393 = PCURVE('',#3339,#3394);
#3394 = DEFINITIONAL_REPRESENTATION('',(#3395),#3398);
#3395 = B_SPLINE_CURVE_WITH_KNOTS('',1,(#3396,#3397),.UNSPECIFIED.,.F.,
  .F.,(2,2),(0.,20.4),.PIECEWISE_BEZIER_KNOTS.);
#3396 = CARTESIAN_POINT('',(10.068279069563,0.));
#3397 = CARTESIAN_POINT('',(10.068279069563,20.4));
#3398 = ( GEOMETRIC_REPRESENTATION_CONTEXT(2) 
PARAMETRIC_REPRESENTATION_CONTEXT() REPRESENTATION_CONTEXT('2D SPACE',''
  ) );
#3399 = ORIENTED_EDGE('',*,*,#3400,.F.);
#3400 = EDGE_CURVE('',#3401,#3379,#3403,.T.);
#3401 = VERTEX_POINT('',#3402);
#3402 = CARTESIAN_POINT('',(-231.4,-36.,48.));
#3403 = SURFACE_CURVE('',#3404,(#3408,#3415),.PCURVE_S1.);
#3404 = LINE('',#3405,#3406);
#3405 = CARTESIAN_POINT('',(-237.,-36.,48.));
#3406 = VECTOR('',#3407,1.);
#3407 = DIRECTION('',(1.,0.,0.));
#3408 = PCURVE('',#554,#3409);
#3409 = DEFINITIONAL_REPRESENTATION('',(#3410),#3414);
#3410 = LINE('',#3411,#3412);
#3411 = CARTESIAN_POINT('',(0.,0.));
#3412 = VECTOR('',#3413,1.);
#3413 = DIRECTION('',(0.,1.));
#3414 = ( GEOMETRIC_REPRESENTATION_CONTEXT(2) 
PARAMETRIC_REPRESENTATION_CONTEXT() REPRESENTATION_CONTEXT('2D SPACE',''
  ) );
#3415 = PCURVE('',#3110,#3416);
#3416 = DEFINITIONAL_REPRESENTATION('',(#3417),#3421);
#3417 = LINE('',#3418,#3419);
#3418 = CARTESIAN_POINT('',(0.,0.));
#3419 = VECTOR('',#3420,1.);
#3420 = DIRECTION('',(1.,0.));
#3421 = ( GEOMETRIC_REPRESENTATION_CONTEXT(2) 
PARAMETRIC_REPRESENTATION_CONTEXT() REPRESENTATION_CONTEXT('2D SPACE',''
  ) );
#3422 = ORIENTED_EDGE('',*,*,#3423,.T.);
#3423 = EDGE_CURVE('',#3401,#3424,#3426,.T.);
#3424 = VERTEX_POINT('',#3425);
#3425 = CARTESIAN_POINT('',(-231.4,-36.,68.4));
#3426 = SURFACE_CURVE('',#3427,(#3431,#3438),.PCURVE_S1.);
#3427 = LINE('',#3428,#3429);
#3428 = CARTESIAN_POINT('',(-231.4,-36.,48.));
#3429 = VECTOR('',#3430,1.);
#3430 = DIRECTION('',(0.,0.,1.));
#3431 = PCURVE('',#554,#3432);
#3432 = DEFINITIONAL_REPRESENTATION('',(#3433),#3437);
#3433 = LINE('',#3434,#3435);
#3434 = CARTESIAN_POINT('',(0.,5.6));
#3435 = VECTOR('',#3436,1.);
#3436 = DIRECTION('',(1.,0.));
#3437 = ( GEOMETRIC_REPRESENTATION_CONTEXT(2) 
PARAMETRIC_REPRESENTATION_CONTEXT() REPRESENTATION_CONTEXT('2D SPACE',''
  ) );
#3438 = PCURVE('',#3439,#3444);
#3439 = CYLINDRICAL_SURFACE('',#3440,2.);
#3440 = AXIS2_PLACEMENT_3D('',#3441,#3442,#3443);
#3441 = CARTESIAN_POINT('',(-233.,-34.8,48.));
#3442 = DIRECTION('',(0.,0.,1.));
#3443 = DIRECTION('',(1.,0.,-0.));
#3444 = DEFINITIONAL_REPRESENTATION('',(#3445),#3448);
#3445 = B_SPLINE_CURVE_WITH_KNOTS('',1,(#3446,#3447),.UNSPECIFIED.,.F.,
  .F.,(2,2),(0.,20.4),.PIECEWISE_BEZIER_KNOTS.);
#3446 = CARTESIAN_POINT('',(5.639684198386,0.));
#3447 = CARTESIAN_POINT('',(5.639684198386,20.4));
#3448 = ( GEOMETRIC_REPRESENTATION_CONTEXT(2) 
PARAMETRIC_REPRESENTATION_CONTEXT() REPRESENTATION_CONTEXT('2D SPACE',''
  ) );
#3449 = ORIENTED_EDGE('',*,*,#3450,.F.);
#3450 = EDGE_CURVE('',#3451,#3424,#3453,.T.);
#3451 = VERTEX_POINT('',#3452);
#3452 = CARTESIAN_POINT('',(-234.6,-36.,68.4));
#3453 = SURFACE_CURVE('',#3454,(#3458,#3465),.PCURVE_S1.);
#3454 = LINE('',#3455,#3456);
#3455 = CARTESIAN_POINT('',(-236.,-36.,68.4));
#3456 = VECTOR('',#3457,1.);
#3457 = DIRECTION('',(1.,0.,0.));
#3458 = PCURVE('',#554,#3459);
#3459 = DEFINITIONAL_REPRESENTATION('',(#3460),#3464);
#3460 = LINE('',#3461,#3462);
#3461 = CARTESIAN_POINT('',(20.4,1.));
#3462 = VECTOR('',#3463,1.);
#3463 = DIRECTION('',(0.,1.));
#3464 = ( GEOMETRIC_REPRESENTATION_CONTEXT(2) 
PARAMETRIC_REPRESENTATION_CONTEXT() REPRESENTATION_CONTEXT('2D SPACE',''
  ) );
#3465 = PCURVE('',#3466,#3471);
#3466 = PLANE('',#3467);
#3467 = AXIS2_PLACEMENT_3D('',#3468,#3469,#3470);
#3468 = CARTESIAN_POINT('',(-233.,-34.8,68.4));
#3469 = DIRECTION('',(0.,0.,1.));
#3470 = DIRECTION('',(1.,0.,0.));
#3471 = DEFINITIONAL_REPRESENTATION('',(#3472),#3476);
#3472 = LINE('',#3473,#3474);
#3473 = CARTESIAN_POINT('',(-3.,-1.2));
#3474 = VECTOR('',#3475,1.);
#3475 = DIRECTION('',(1.,0.));
#3476 = ( GEOMETRIC_REPRESENTATION_CONTEXT(2) 
PARAMETRIC_REPRESENTATION_CONTEXT() REPRESENTATION_CONTEXT('2D SPACE',''
  ) );
#3477 = ORIENTED_EDGE('',*,*,#3478,.F.);
#3478 = EDGE_CURVE('',#3479,#3451,#3481,.T.);
#3479 = VERTEX_POINT('',#3480);
#3480 = CARTESIAN_POINT('',(-234.6,-36.,48.));
#3481 = SURFACE_CURVE('',#3482,(#3486,#3493),.PCURVE_S1.);
#3482 = LINE('',#3483,#3484);
#3483 = CARTESIAN_POINT('',(-234.6,-36.,48.));
#3484 = VECTOR('',#3485,1.);
#3485 = DIRECTION('',(0.,0.,1.));
#3486 = PCURVE('',#554,#3487);
#3487 = DEFINITIONAL_REPRESENTATION('',(#3488),#3492);
#3488 = LINE('',#3489,#3490);
#3489 = CARTESIAN_POINT('',(0.,2.4));
#3490 = VECTOR('',#3491,1.);
#3491 = DIRECTION('',(1.,0.));
#3492 = ( GEOMETRIC_REPRESENTATION_CONTEXT(2) 
PARAMETRIC_REPRESENTATION_CONTEXT() REPRESENTATION_CONTEXT('2D SPACE',''
  ) );
#3493 = PCURVE('',#3439,#3494);
#3494 = DEFINITIONAL_REPRESENTATION('',(#3495),#3498);
#3495 = B_SPLINE_CURVE_WITH_KNOTS('',1,(#3496,#3497),.UNSPECIFIED.,.F.,
  .F.,(2,2),(0.,20.4),.PIECEWISE_BEZIER_KNOTS.);
#3496 = CARTESIAN_POINT('',(10.068279069563,0.));
#3497 = CARTESIAN_POINT('',(10.068279069563,20.4));
#3498 = ( GEOMETRIC_REPRESENTATION_CONTEXT(2) 
PARAMETRIC_REPRESENTATION_CONTEXT() REPRESENTATION_CONTEXT('2D SPACE',''
  ) );
#3499 = ORIENTED_EDGE('',*,*,#3500,.F.);
#3500 = EDGE_CURVE('',#3501,#3479,#3503,.T.);
#3501 = VERTEX_POINT('',#3502);
#3502 = CARTESIAN_POINT('',(-237.,-36.,48.));
#3503 = SURFACE_CURVE('',#3504,(#3508,#3515),.PCURVE_S1.);
#3504 = LINE('',#3505,#3506);
#3505 = CARTESIAN_POINT('',(-237.,-36.,48.));
#3506 = VECTOR('',#3507,1.);
#3507 = DIRECTION('',(1.,0.,0.));
#3508 = PCURVE('',#554,#3509);
#3509 = DEFINITIONAL_REPRESENTATION('',(#3510),#3514);
#3510 = LINE('',#3511,#3512);
#3511 = CARTESIAN_POINT('',(0.,0.));
#3512 = VECTOR('',#3513,1.);
#3513 = DIRECTION('',(0.,1.));
#3514 = ( GEOMETRIC_REPRESENTATION_CONTEXT(2) 
PARAMETRIC_REPRESENTATION_CONTEXT() REPRESENTATION_CONTEXT('2D SPACE',''
  ) );
#3515 = PCURVE('',#3110,#3516);
#3516 = DEFINITIONAL_REPRESENTATION('',(#3517),#3521);
#3517 = LINE('',#3518,#3519);
#3518 = CARTESIAN_POINT('',(0.,0.));
#3519 = VECTOR('',#3520,1.);
#3520 = DIRECTION('',(1.,0.));
#3521 = ( GEOMETRIC_REPRESENTATION_CONTEXT(2) 
PARAMETRIC_REPRESENTATION_CONTEXT() REPRESENTATION_CONTEXT('2D SPACE',''
  ) );
#3522 = ORIENTED_EDGE('',*,*,#3523,.T.);
#3523 = EDGE_CURVE('',#3501,#539,#3524,.T.);
#3524 = SURFACE_CURVE('',#3525,(#3529,#3536),.PCURVE_S1.);
#3525 = LINE('',#3526,#3527);
#3526 = CARTESIAN_POINT('',(-237.,-36.,48.));
#3527 = VECTOR('',#3528,1.);
#3528 = DIRECTION('',(0.,0.,1.));
#3529 = PCURVE('',#554,#3530);
#3530 = DEFINITIONAL_REPRESENTATION('',(#3531),#3535);
#3531 = LINE('',#3532,#3533);
#3532 = CARTESIAN_POINT('',(0.,0.));
#3533 = VECTOR('',#3534,1.);
#3534 = DIRECTION('',(1.,0.));
#3535 = ( GEOMETRIC_REPRESENTATION_CONTEXT(2) 
PARAMETRIC_REPRESENTATION_CONTEXT() REPRESENTATION_CONTEXT('2D SPACE',''
  ) );
#3536 = PCURVE('',#581,#3537);
#3537 = DEFINITIONAL_REPRESENTATION('',(#3538),#3542);
#3538 = LINE('',#3539,#3540);
#3539 = CARTESIAN_POINT('',(0.,0.));
#3540 = VECTOR('',#3541,1.);
#3541 = DIRECTION('',(1.,0.));
#3542 = ( GEOMETRIC_REPRESENTATION_CONTEXT(2) 
PARAMETRIC_REPRESENTATION_CONTEXT() REPRESENTATION_CONTEXT('2D SPACE',''
  ) );
#3543 = ADVANCED_FACE('',(#3544,#3592),#581,.T.);
#3544 = FACE_BOUND('',#3545,.T.);
#3545 = EDGE_LOOP('',(#3546,#3547,#3570,#3591));
#3546 = ORIENTED_EDGE('',*,*,#3523,.F.);
#3547 = ORIENTED_EDGE('',*,*,#3548,.T.);
#3548 = EDGE_CURVE('',#3501,#3549,#3551,.T.);
#3549 = VERTEX_POINT('',#3550);
#3550 = CARTESIAN_POINT('',(-237.,36.,48.));
#3551 = SURFACE_CURVE('',#3552,(#3556,#3563),.PCURVE_S1.);
#3552 = LINE('',#3553,#3554);
#3553 = CARTESIAN_POINT('',(-237.,-36.,48.));
#3554 = VECTOR('',#3555,1.);
#3555 = DIRECTION('',(0.,1.,0.));
#3556 = PCURVE('',#581,#3557);
#3557 = DEFINITIONAL_REPRESENTATION('',(#3558),#3562);
#3558 = LINE('',#3559,#3560);
#3559 = CARTESIAN_POINT('',(0.,0.));
#3560 = VECTOR('',#3561,1.);
#3561 = DIRECTION('',(0.,-1.));
#3562 = ( GEOMETRIC_REPRESENTATION_CONTEXT(2) 
PARAMETRIC_REPRESENTATION_CONTEXT() REPRESENTATION_CONTEXT('2D SPACE',''
  ) );
#3563 = PCURVE('',#3110,#3564);
#3564 = DEFINITIONAL_REPRESENTATION('',(#3565),#3569);
#3565 = LINE('',#3566,#3567);
#3566 = CARTESIAN_POINT('',(0.,0.));
#3567 = VECTOR('',#3568,1.);
#3568 = DIRECTION('',(0.,1.));
#3569 = ( GEOMETRIC_REPRESENTATION_CONTEXT(2) 
PARAMETRIC_REPRESENTATION_CONTEXT() REPRESENTATION_CONTEXT('2D SPACE',''
  ) );
#3570 = ORIENTED_EDGE('',*,*,#3571,.T.);
#3571 = EDGE_CURVE('',#3549,#566,#3572,.T.);
#3572 = SURFACE_CURVE('',#3573,(#3577,#3584),.PCURVE_S1.);
#3573 = LINE('',#3574,#3575);
#3574 = CARTESIAN_POINT('',(-237.,36.,48.));
#3575 = VECTOR('',#3576,1.);
#3576 = DIRECTION('',(0.,0.,1.));
#3577 = PCURVE('',#581,#3578);
#3578 = DEFINITIONAL_REPRESENTATION('',(#3579),#3583);
#3579 = LINE('',#3580,#3581);
#3580 = CARTESIAN_POINT('',(0.,-72.));
#3581 = VECTOR('',#3582,1.);
#3582 = DIRECTION('',(1.,0.));
#3583 = ( GEOMETRIC_REPRESENTATION_CONTEXT(2) 
PARAMETRIC_REPRESENTATION_CONTEXT() REPRESENTATION_CONTEXT('2D SPACE',''
  ) );
#3584 = PCURVE('',#608,#3585);
#3585 = DEFINITIONAL_REPRESENTATION('',(#3586),#3590);
#3586 = LINE('',#3587,#3588);
#3587 = CARTESIAN_POINT('',(0.,0.));
#3588 = VECTOR('',#3589,1.);
#3589 = DIRECTION('',(1.,0.));
#3590 = ( GEOMETRIC_REPRESENTATION_CONTEXT(2) 
PARAMETRIC_REPRESENTATION_CONTEXT() REPRESENTATION_CONTEXT('2D SPACE',''
  ) );
#3591 = ORIENTED_EDGE('',*,*,#565,.F.);
#3592 = FACE_BOUND('',#3593,.T.);
#3593 = EDGE_LOOP('',(#3594,#3595,#3596,#3597));
#3594 = ORIENTED_EDGE('',*,*,#1851,.T.);
#3595 = ORIENTED_EDGE('',*,*,#1970,.T.);
#3596 = ORIENTED_EDGE('',*,*,#1945,.F.);
#3597 = ORIENTED_EDGE('',*,*,#1898,.F.);
#3598 = ADVANCED_FACE('',(#3599),#662,.F.);
#3599 = FACE_BOUND('',#3600,.F.);
#3600 = EDGE_LOOP('',(#3601,#3602,#3625,#3648));
#3601 = ORIENTED_EDGE('',*,*,#646,.F.);
#3602 = ORIENTED_EDGE('',*,*,#3603,.F.);
#3603 = EDGE_CURVE('',#3604,#647,#3606,.T.);
#3604 = VERTEX_POINT('',#3605);
#3605 = CARTESIAN_POINT('',(-101.8,36.,48.));
#3606 = SURFACE_CURVE('',#3607,(#3611,#3618),.PCURVE_S1.);
#3607 = LINE('',#3608,#3609);
#3608 = CARTESIAN_POINT('',(-101.8,36.,48.));
#3609 = VECTOR('',#3610,1.);
#3610 = DIRECTION('',(0.,0.,1.));
#3611 = PCURVE('',#662,#3612);
#3612 = DEFINITIONAL_REPRESENTATION('',(#3613),#3617);
#3613 = LINE('',#3614,#3615);
#3614 = CARTESIAN_POINT('',(0.,135.2));
#3615 = VECTOR('',#3616,1.);
#3616 = DIRECTION('',(1.,0.));
#3617 = ( GEOMETRIC_REPRESENTATION_CONTEXT(2) 
PARAMETRIC_REPRESENTATION_CONTEXT() REPRESENTATION_CONTEXT('2D SPACE',''
  ) );
#3618 = PCURVE('',#687,#3619);
#3619 = DEFINITIONAL_REPRESENTATION('',(#3620),#3624);
#3620 = LINE('',#3621,#3622);
#3621 = CARTESIAN_POINT('',(0.,-72.));
#3622 = VECTOR('',#3623,1.);
#3623 = DIRECTION('',(1.,0.));
#3624 = ( GEOMETRIC_REPRESENTATION_CONTEXT(2) 
PARAMETRIC_REPRESENTATION_CONTEXT() REPRESENTATION_CONTEXT('2D SPACE',''
  ) );
#3625 = ORIENTED_EDGE('',*,*,#3626,.F.);
#3626 = EDGE_CURVE('',#3627,#3604,#3629,.T.);
#3627 = VERTEX_POINT('',#3628);
#3628 = CARTESIAN_POINT('',(-120.,36.,48.));
#3629 = SURFACE_CURVE('',#3630,(#3634,#3641),.PCURVE_S1.);
#3630 = LINE('',#3631,#3632);
#3631 = CARTESIAN_POINT('',(-237.,36.,48.));
#3632 = VECTOR('',#3633,1.);
#3633 = DIRECTION('',(1.,0.,0.));
#3634 = PCURVE('',#662,#3635);
#3635 = DEFINITIONAL_REPRESENTATION('',(#3636),#3640);
#3636 = LINE('',#3637,#3638);
#3637 = CARTESIAN_POINT('',(0.,0.));
#3638 = VECTOR('',#3639,1.);
#3639 = DIRECTION('',(0.,1.));
#3640 = ( GEOMETRIC_REPRESENTATION_CONTEXT(2) 
PARAMETRIC_REPRESENTATION_CONTEXT() REPRESENTATION_CONTEXT('2D SPACE',''
  ) );
#3641 = PCURVE('',#3110,#3642);
#3642 = DEFINITIONAL_REPRESENTATION('',(#3643),#3647);
#3643 = LINE('',#3644,#3645);
#3644 = CARTESIAN_POINT('',(0.,72.));
#3645 = VECTOR('',#3646,1.);
#3646 = DIRECTION('',(1.,0.));
#3647 = ( GEOMETRIC_REPRESENTATION_CONTEXT(2) 
PARAMETRIC_REPRESENTATION_CONTEXT() REPRESENTATION_CONTEXT('2D SPACE',''
  ) );
#3648 = ORIENTED_EDGE('',*,*,#3649,.T.);
#3649 = EDGE_CURVE('',#3627,#620,#3650,.T.);
#3650 = SURFACE_CURVE('',#3651,(#3655,#3661),.PCURVE_S1.);
#3651 = LINE('',#3652,#3653);
#3652 = CARTESIAN_POINT('',(-120.,36.,48.));
#3653 = VECTOR('',#3654,1.);
#3654 = DIRECTION('',(0.,0.,1.));
#3655 = PCURVE('',#662,#3656);
#3656 = DEFINITIONAL_REPRESENTATION('',(#3657),#3660);
#3657 = B_SPLINE_CURVE_WITH_KNOTS('',1,(#3658,#3659),.UNSPECIFIED.,.F.,
  .F.,(2,2),(-2.399999999625E-06,28.5000024),.PIECEWISE_BEZIER_KNOTS.);
#3658 = CARTESIAN_POINT('',(-2.399999999625E-06,117.));
#3659 = CARTESIAN_POINT('',(28.5000024,117.));
#3660 = ( GEOMETRIC_REPRESENTATION_CONTEXT(2) 
PARAMETRIC_REPRESENTATION_CONTEXT() REPRESENTATION_CONTEXT('2D SPACE',''
  ) );
#3661 = PCURVE('',#635,#3662);
#3662 = DEFINITIONAL_REPRESENTATION('',(#3663),#3666);
#3663 = B_SPLINE_CURVE_WITH_KNOTS('',1,(#3664,#3665),.UNSPECIFIED.,.F.,
  .F.,(2,2),(-2.399999999625E-06,28.5000024),.PIECEWISE_BEZIER_KNOTS.);
#3664 = CARTESIAN_POINT('',(-2.399999999625E-06,117.));
#3665 = CARTESIAN_POINT('',(28.5000024,117.));
#3666 = ( GEOMETRIC_REPRESENTATION_CONTEXT(2) 
PARAMETRIC_REPRESENTATION_CONTEXT() REPRESENTATION_CONTEXT('2D SPACE',''
  ) );
#3667 = ADVANCED_FACE('',(#3668),#635,.F.);
#3668 = FACE_BOUND('',#3669,.F.);
#3669 = EDGE_LOOP('',(#3670,#3671,#3672,#3695,#3718,#3746,#3769,#3792));
#3670 = ORIENTED_EDGE('',*,*,#619,.F.);
#3671 = ORIENTED_EDGE('',*,*,#3649,.F.);
#3672 = ORIENTED_EDGE('',*,*,#3673,.F.);
#3673 = EDGE_CURVE('',#3674,#3627,#3676,.T.);
#3674 = VERTEX_POINT('',#3675);
#3675 = CARTESIAN_POINT('',(-158.8,36.,48.));
#3676 = SURFACE_CURVE('',#3677,(#3681,#3688),.PCURVE_S1.);
#3677 = LINE('',#3678,#3679);
#3678 = CARTESIAN_POINT('',(-237.,36.,48.));
#3679 = VECTOR('',#3680,1.);
#3680 = DIRECTION('',(1.,0.,0.));
#3681 = PCURVE('',#635,#3682);
#3682 = DEFINITIONAL_REPRESENTATION('',(#3683),#3687);
#3683 = LINE('',#3684,#3685);
#3684 = CARTESIAN_POINT('',(0.,0.));
#3685 = VECTOR('',#3686,1.);
#3686 = DIRECTION('',(0.,1.));
#3687 = ( GEOMETRIC_REPRESENTATION_CONTEXT(2) 
PARAMETRIC_REPRESENTATION_CONTEXT() REPRESENTATION_CONTEXT('2D SPACE',''
  ) );
#3688 = PCURVE('',#3110,#3689);
#3689 = DEFINITIONAL_REPRESENTATION('',(#3690),#3694);
#3690 = LINE('',#3691,#3692);
#3691 = CARTESIAN_POINT('',(0.,72.));
#3692 = VECTOR('',#3693,1.);
#3693 = DIRECTION('',(1.,0.));
#3694 = ( GEOMETRIC_REPRESENTATION_CONTEXT(2) 
PARAMETRIC_REPRESENTATION_CONTEXT() REPRESENTATION_CONTEXT('2D SPACE',''
  ) );
#3695 = ORIENTED_EDGE('',*,*,#3696,.T.);
#3696 = EDGE_CURVE('',#3674,#3697,#3699,.T.);
#3697 = VERTEX_POINT('',#3698);
#3698 = CARTESIAN_POINT('',(-158.8,36.,62.));
#3699 = SURFACE_CURVE('',#3700,(#3704,#3711),.PCURVE_S1.);
#3700 = LINE('',#3701,#3702);
#3701 = CARTESIAN_POINT('',(-158.8,36.,48.));
#3702 = VECTOR('',#3703,1.);
#3703 = DIRECTION('',(0.,0.,1.));
#3704 = PCURVE('',#635,#3705);
#3705 = DEFINITIONAL_REPRESENTATION('',(#3706),#3710);
#3706 = LINE('',#3707,#3708);
#3707 = CARTESIAN_POINT('',(0.,78.2));
#3708 = VECTOR('',#3709,1.);
#3709 = DIRECTION('',(1.,0.));
#3710 = ( GEOMETRIC_REPRESENTATION_CONTEXT(2) 
PARAMETRIC_REPRESENTATION_CONTEXT() REPRESENTATION_CONTEXT('2D SPACE',''
  ) );
#3711 = PCURVE('',#3185,#3712);
#3712 = DEFINITIONAL_REPRESENTATION('',(#3713),#3717);
#3713 = LINE('',#3714,#3715);
#3714 = CARTESIAN_POINT('',(0.,-72.));
#3715 = VECTOR('',#3716,1.);
#3716 = DIRECTION('',(1.,0.));
#3717 = ( GEOMETRIC_REPRESENTATION_CONTEXT(2) 
PARAMETRIC_REPRESENTATION_CONTEXT() REPRESENTATION_CONTEXT('2D SPACE',''
  ) );
#3718 = ORIENTED_EDGE('',*,*,#3719,.F.);
#3719 = EDGE_CURVE('',#3720,#3697,#3722,.T.);
#3720 = VERTEX_POINT('',#3721);
#3721 = CARTESIAN_POINT('',(-162.8,36.,62.));
#3722 = SURFACE_CURVE('',#3723,(#3727,#3734),.PCURVE_S1.);
#3723 = LINE('',#3724,#3725);
#3724 = CARTESIAN_POINT('',(-162.8,36.,62.));
#3725 = VECTOR('',#3726,1.);
#3726 = DIRECTION('',(1.,0.,0.));
#3727 = PCURVE('',#635,#3728);
#3728 = DEFINITIONAL_REPRESENTATION('',(#3729),#3733);
#3729 = LINE('',#3730,#3731);
#3730 = CARTESIAN_POINT('',(14.,74.2));
#3731 = VECTOR('',#3732,1.);
#3732 = DIRECTION('',(0.,1.));
#3733 = ( GEOMETRIC_REPRESENTATION_CONTEXT(2) 
PARAMETRIC_REPRESENTATION_CONTEXT() REPRESENTATION_CONTEXT('2D SPACE',''
  ) );
#3734 = PCURVE('',#3735,#3740);
#3735 = PLANE('',#3736);
#3736 = AXIS2_PLACEMENT_3D('',#3737,#3738,#3739);
#3737 = CARTESIAN_POINT('',(-162.8,-36.,62.));
#3738 = DIRECTION('',(0.,0.,1.));
#3739 = DIRECTION('',(1.,0.,0.));
#3740 = DEFINITIONAL_REPRESENTATION('',(#3741),#3745);
#3741 = LINE('',#3742,#3743);
#3742 = CARTESIAN_POINT('',(0.,72.));
#3743 = VECTOR('',#3744,1.);
#3744 = DIRECTION('',(1.,0.));
#3745 = ( GEOMETRIC_REPRESENTATION_CONTEXT(2) 
PARAMETRIC_REPRESENTATION_CONTEXT() REPRESENTATION_CONTEXT('2D SPACE',''
  ) );
#3746 = ORIENTED_EDGE('',*,*,#3747,.F.);
#3747 = EDGE_CURVE('',#3748,#3720,#3750,.T.);
#3748 = VERTEX_POINT('',#3749);
#3749 = CARTESIAN_POINT('',(-162.8,36.,48.));
#3750 = SURFACE_CURVE('',#3751,(#3755,#3762),.PCURVE_S1.);
#3751 = LINE('',#3752,#3753);
#3752 = CARTESIAN_POINT('',(-162.8,36.,48.));
#3753 = VECTOR('',#3754,1.);
#3754 = DIRECTION('',(0.,0.,1.));
#3755 = PCURVE('',#635,#3756);
#3756 = DEFINITIONAL_REPRESENTATION('',(#3757),#3761);
#3757 = LINE('',#3758,#3759);
#3758 = CARTESIAN_POINT('',(0.,74.2));
#3759 = VECTOR('',#3760,1.);
#3760 = DIRECTION('',(1.,0.));
#3761 = ( GEOMETRIC_REPRESENTATION_CONTEXT(2) 
PARAMETRIC_REPRESENTATION_CONTEXT() REPRESENTATION_CONTEXT('2D SPACE',''
  ) );
#3762 = PCURVE('',#3241,#3763);
#3763 = DEFINITIONAL_REPRESENTATION('',(#3764),#3768);
#3764 = LINE('',#3765,#3766);
#3765 = CARTESIAN_POINT('',(0.,-72.));
#3766 = VECTOR('',#3767,1.);
#3767 = DIRECTION('',(1.,0.));
#3768 = ( GEOMETRIC_REPRESENTATION_CONTEXT(2) 
PARAMETRIC_REPRESENTATION_CONTEXT() REPRESENTATION_CONTEXT('2D SPACE',''
  ) );
#3769 = ORIENTED_EDGE('',*,*,#3770,.F.);
#3770 = EDGE_CURVE('',#3771,#3748,#3773,.T.);
#3771 = VERTEX_POINT('',#3772);
#3772 = CARTESIAN_POINT('',(-188.,36.,48.));
#3773 = SURFACE_CURVE('',#3774,(#3778,#3785),.PCURVE_S1.);
#3774 = LINE('',#3775,#3776);
#3775 = CARTESIAN_POINT('',(-237.,36.,48.));
#3776 = VECTOR('',#3777,1.);
#3777 = DIRECTION('',(1.,0.,0.));
#3778 = PCURVE('',#635,#3779);
#3779 = DEFINITIONAL_REPRESENTATION('',(#3780),#3784);
#3780 = LINE('',#3781,#3782);
#3781 = CARTESIAN_POINT('',(0.,0.));
#3782 = VECTOR('',#3783,1.);
#3783 = DIRECTION('',(0.,1.));
#3784 = ( GEOMETRIC_REPRESENTATION_CONTEXT(2) 
PARAMETRIC_REPRESENTATION_CONTEXT() REPRESENTATION_CONTEXT('2D SPACE',''
  ) );
#3785 = PCURVE('',#3110,#3786);
#3786 = DEFINITIONAL_REPRESENTATION('',(#3787),#3791);
#3787 = LINE('',#3788,#3789);
#3788 = CARTESIAN_POINT('',(0.,72.));
#3789 = VECTOR('',#3790,1.);
#3790 = DIRECTION('',(1.,0.));
#3791 = ( GEOMETRIC_REPRESENTATION_CONTEXT(2) 
PARAMETRIC_REPRESENTATION_CONTEXT() REPRESENTATION_CONTEXT('2D SPACE',''
  ) );
#3792 = ORIENTED_EDGE('',*,*,#3793,.T.);
#3793 = EDGE_CURVE('',#3771,#593,#3794,.T.);
#3794 = SURFACE_CURVE('',#3795,(#3799,#3805),.PCURVE_S1.);
#3795 = LINE('',#3796,#3797);
#3796 = CARTESIAN_POINT('',(-188.,36.,48.));
#3797 = VECTOR('',#3798,1.);
#3798 = DIRECTION('',(0.,0.,1.));
#3799 = PCURVE('',#635,#3800);
#3800 = DEFINITIONAL_REPRESENTATION('',(#3801),#3804);
#3801 = B_SPLINE_CURVE_WITH_KNOTS('',1,(#3802,#3803),.UNSPECIFIED.,.F.,
  .F.,(2,2),(-2.399999999625E-06,28.5000024),.PIECEWISE_BEZIER_KNOTS.);
#3802 = CARTESIAN_POINT('',(-2.399999999625E-06,49.));
#3803 = CARTESIAN_POINT('',(28.5000024,49.));
#3804 = ( GEOMETRIC_REPRESENTATION_CONTEXT(2) 
PARAMETRIC_REPRESENTATION_CONTEXT() REPRESENTATION_CONTEXT('2D SPACE',''
  ) );
#3805 = PCURVE('',#608,#3806);
#3806 = DEFINITIONAL_REPRESENTATION('',(#3807),#3810);
#3807 = B_SPLINE_CURVE_WITH_KNOTS('',1,(#3808,#3809),.UNSPECIFIED.,.F.,
  .F.,(2,2),(-2.399999999625E-06,28.5000024),.PIECEWISE_BEZIER_KNOTS.);
#3808 = CARTESIAN_POINT('',(-2.399999999625E-06,49.));
#3809 = CARTESIAN_POINT('',(28.5000024,49.));
#3810 = ( GEOMETRIC_REPRESENTATION_CONTEXT(2) 
PARAMETRIC_REPRESENTATION_CONTEXT() REPRESENTATION_CONTEXT('2D SPACE',''
  ) );
#3811 = ADVANCED_FACE('',(#3812),#608,.F.);
#3812 = FACE_BOUND('',#3813,.F.);
#3813 = EDGE_LOOP('',(#3814,#3815,#3816,#3839,#3866,#3894,#3916,#3939,
    #3966,#3994,#4016,#4037));
#3814 = ORIENTED_EDGE('',*,*,#592,.F.);
#3815 = ORIENTED_EDGE('',*,*,#3793,.F.);
#3816 = ORIENTED_EDGE('',*,*,#3817,.F.);
#3817 = EDGE_CURVE('',#3818,#3771,#3820,.T.);
#3818 = VERTEX_POINT('',#3819);
#3819 = CARTESIAN_POINT('',(-201.9,36.,48.));
#3820 = SURFACE_CURVE('',#3821,(#3825,#3832),.PCURVE_S1.);
#3821 = LINE('',#3822,#3823);
#3822 = CARTESIAN_POINT('',(-237.,36.,48.));
#3823 = VECTOR('',#3824,1.);
#3824 = DIRECTION('',(1.,0.,0.));
#3825 = PCURVE('',#608,#3826);
#3826 = DEFINITIONAL_REPRESENTATION('',(#3827),#3831);
#3827 = LINE('',#3828,#3829);
#3828 = CARTESIAN_POINT('',(0.,0.));
#3829 = VECTOR('',#3830,1.);
#3830 = DIRECTION('',(0.,1.));
#3831 = ( GEOMETRIC_REPRESENTATION_CONTEXT(2) 
PARAMETRIC_REPRESENTATION_CONTEXT() REPRESENTATION_CONTEXT('2D SPACE',''
  ) );
#3832 = PCURVE('',#3110,#3833);
#3833 = DEFINITIONAL_REPRESENTATION('',(#3834),#3838);
#3834 = LINE('',#3835,#3836);
#3835 = CARTESIAN_POINT('',(0.,72.));
#3836 = VECTOR('',#3837,1.);
#3837 = DIRECTION('',(1.,0.));
#3838 = ( GEOMETRIC_REPRESENTATION_CONTEXT(2) 
PARAMETRIC_REPRESENTATION_CONTEXT() REPRESENTATION_CONTEXT('2D SPACE',''
  ) );
#3839 = ORIENTED_EDGE('',*,*,#3840,.T.);
#3840 = EDGE_CURVE('',#3818,#3841,#3843,.T.);
#3841 = VERTEX_POINT('',#3842);
#3842 = CARTESIAN_POINT('',(-201.9,36.,68.4));
#3843 = SURFACE_CURVE('',#3844,(#3848,#3855),.PCURVE_S1.);
#3844 = LINE('',#3845,#3846);
#3845 = CARTESIAN_POINT('',(-201.9,36.,48.));
#3846 = VECTOR('',#3847,1.);
#3847 = DIRECTION('',(0.,0.,1.));
#3848 = PCURVE('',#608,#3849);
#3849 = DEFINITIONAL_REPRESENTATION('',(#3850),#3854);
#3850 = LINE('',#3851,#3852);
#3851 = CARTESIAN_POINT('',(0.,35.1));
#3852 = VECTOR('',#3853,1.);
#3853 = DIRECTION('',(1.,0.));
#3854 = ( GEOMETRIC_REPRESENTATION_CONTEXT(2) 
PARAMETRIC_REPRESENTATION_CONTEXT() REPRESENTATION_CONTEXT('2D SPACE',''
  ) );
#3855 = PCURVE('',#3856,#3861);
#3856 = CYLINDRICAL_SURFACE('',#3857,2.);
#3857 = AXIS2_PLACEMENT_3D('',#3858,#3859,#3860);
#3858 = CARTESIAN_POINT('',(-203.5,34.8,48.));
#3859 = DIRECTION('',(0.,0.,1.));
#3860 = DIRECTION('',(1.,0.,-0.));
#3861 = DEFINITIONAL_REPRESENTATION('',(#3862),#3865);
#3862 = B_SPLINE_CURVE_WITH_KNOTS('',1,(#3863,#3864),.UNSPECIFIED.,.F.,
  .F.,(2,2),(0.,20.4),.PIECEWISE_BEZIER_KNOTS.);
#3863 = CARTESIAN_POINT('',(6.926686415973,0.));
#3864 = CARTESIAN_POINT('',(6.926686415973,20.4));
#3865 = ( GEOMETRIC_REPRESENTATION_CONTEXT(2) 
PARAMETRIC_REPRESENTATION_CONTEXT() REPRESENTATION_CONTEXT('2D SPACE',''
  ) );
#3866 = ORIENTED_EDGE('',*,*,#3867,.F.);
#3867 = EDGE_CURVE('',#3868,#3841,#3870,.T.);
#3868 = VERTEX_POINT('',#3869);
#3869 = CARTESIAN_POINT('',(-205.1,36.,68.4));
#3870 = SURFACE_CURVE('',#3871,(#3875,#3882),.PCURVE_S1.);
#3871 = LINE('',#3872,#3873);
#3872 = CARTESIAN_POINT('',(-206.5,36.,68.4));
#3873 = VECTOR('',#3874,1.);
#3874 = DIRECTION('',(1.,0.,0.));
#3875 = PCURVE('',#608,#3876);
#3876 = DEFINITIONAL_REPRESENTATION('',(#3877),#3881);
#3877 = LINE('',#3878,#3879);
#3878 = CARTESIAN_POINT('',(20.4,30.5));
#3879 = VECTOR('',#3880,1.);
#3880 = DIRECTION('',(0.,1.));
#3881 = ( GEOMETRIC_REPRESENTATION_CONTEXT(2) 
PARAMETRIC_REPRESENTATION_CONTEXT() REPRESENTATION_CONTEXT('2D SPACE',''
  ) );
#3882 = PCURVE('',#3883,#3888);
#3883 = PLANE('',#3884);
#3884 = AXIS2_PLACEMENT_3D('',#3885,#3886,#3887);
#3885 = CARTESIAN_POINT('',(-203.5,34.8,68.4));
#3886 = DIRECTION('',(0.,0.,1.));
#3887 = DIRECTION('',(1.,0.,0.));
#3888 = DEFINITIONAL_REPRESENTATION('',(#3889),#3893);
#3889 = LINE('',#3890,#3891);
#3890 = CARTESIAN_POINT('',(-3.,1.2));
#3891 = VECTOR('',#3892,1.);
#3892 = DIRECTION('',(1.,0.));
#3893 = ( GEOMETRIC_REPRESENTATION_CONTEXT(2) 
PARAMETRIC_REPRESENTATION_CONTEXT() REPRESENTATION_CONTEXT('2D SPACE',''
  ) );
#3894 = ORIENTED_EDGE('',*,*,#3895,.F.);
#3895 = EDGE_CURVE('',#3896,#3868,#3898,.T.);
#3896 = VERTEX_POINT('',#3897);
#3897 = CARTESIAN_POINT('',(-205.1,36.,48.));
#3898 = SURFACE_CURVE('',#3899,(#3903,#3910),.PCURVE_S1.);
#3899 = LINE('',#3900,#3901);
#3900 = CARTESIAN_POINT('',(-205.1,36.,48.));
#3901 = VECTOR('',#3902,1.);
#3902 = DIRECTION('',(0.,0.,1.));
#3903 = PCURVE('',#608,#3904);
#3904 = DEFINITIONAL_REPRESENTATION('',(#3905),#3909);
#3905 = LINE('',#3906,#3907);
#3906 = CARTESIAN_POINT('',(0.,31.9));
#3907 = VECTOR('',#3908,1.);
#3908 = DIRECTION('',(1.,0.));
#3909 = ( GEOMETRIC_REPRESENTATION_CONTEXT(2) 
PARAMETRIC_REPRESENTATION_CONTEXT() REPRESENTATION_CONTEXT('2D SPACE',''
  ) );
#3910 = PCURVE('',#3856,#3911);
#3911 = DEFINITIONAL_REPRESENTATION('',(#3912),#3915);
#3912 = B_SPLINE_CURVE_WITH_KNOTS('',1,(#3913,#3914),.UNSPECIFIED.,.F.,
  .F.,(2,2),(0.,20.4),.PIECEWISE_BEZIER_KNOTS.);
#3913 = CARTESIAN_POINT('',(2.498091544797,0.));
#3914 = CARTESIAN_POINT('',(2.498091544797,20.4));
#3915 = ( GEOMETRIC_REPRESENTATION_CONTEXT(2) 
PARAMETRIC_REPRESENTATION_CONTEXT() REPRESENTATION_CONTEXT('2D SPACE',''
  ) );
#3916 = ORIENTED_EDGE('',*,*,#3917,.F.);
#3917 = EDGE_CURVE('',#3918,#3896,#3920,.T.);
#3918 = VERTEX_POINT('',#3919);
#3919 = CARTESIAN_POINT('',(-231.4,36.,48.));
#3920 = SURFACE_CURVE('',#3921,(#3925,#3932),.PCURVE_S1.);
#3921 = LINE('',#3922,#3923);
#3922 = CARTESIAN_POINT('',(-237.,36.,48.));
#3923 = VECTOR('',#3924,1.);
#3924 = DIRECTION('',(1.,0.,0.));
#3925 = PCURVE('',#608,#3926);
#3926 = DEFINITIONAL_REPRESENTATION('',(#3927),#3931);
#3927 = LINE('',#3928,#3929);
#3928 = CARTESIAN_POINT('',(0.,0.));
#3929 = VECTOR('',#3930,1.);
#3930 = DIRECTION('',(0.,1.));
#3931 = ( GEOMETRIC_REPRESENTATION_CONTEXT(2) 
PARAMETRIC_REPRESENTATION_CONTEXT() REPRESENTATION_CONTEXT('2D SPACE',''
  ) );
#3932 = PCURVE('',#3110,#3933);
#3933 = DEFINITIONAL_REPRESENTATION('',(#3934),#3938);
#3934 = LINE('',#3935,#3936);
#3935 = CARTESIAN_POINT('',(0.,72.));
#3936 = VECTOR('',#3937,1.);
#3937 = DIRECTION('',(1.,0.));
#3938 = ( GEOMETRIC_REPRESENTATION_CONTEXT(2) 
PARAMETRIC_REPRESENTATION_CONTEXT() REPRESENTATION_CONTEXT('2D SPACE',''
  ) );
#3939 = ORIENTED_EDGE('',*,*,#3940,.T.);
#3940 = EDGE_CURVE('',#3918,#3941,#3943,.T.);
#3941 = VERTEX_POINT('',#3942);
#3942 = CARTESIAN_POINT('',(-231.4,36.,68.4));
#3943 = SURFACE_CURVE('',#3944,(#3948,#3955),.PCURVE_S1.);
#3944 = LINE('',#3945,#3946);
#3945 = CARTESIAN_POINT('',(-231.4,36.,48.));
#3946 = VECTOR('',#3947,1.);
#3947 = DIRECTION('',(0.,0.,1.));
#3948 = PCURVE('',#608,#3949);
#3949 = DEFINITIONAL_REPRESENTATION('',(#3950),#3954);
#3950 = LINE('',#3951,#3952);
#3951 = CARTESIAN_POINT('',(0.,5.6));
#3952 = VECTOR('',#3953,1.);
#3953 = DIRECTION('',(1.,0.));
#3954 = ( GEOMETRIC_REPRESENTATION_CONTEXT(2) 
PARAMETRIC_REPRESENTATION_CONTEXT() REPRESENTATION_CONTEXT('2D SPACE',''
  ) );
#3955 = PCURVE('',#3956,#3961);
#3956 = CYLINDRICAL_SURFACE('',#3957,2.);
#3957 = AXIS2_PLACEMENT_3D('',#3958,#3959,#3960);
#3958 = CARTESIAN_POINT('',(-233.,34.8,48.));
#3959 = DIRECTION('',(0.,0.,1.));
#3960 = DIRECTION('',(1.,0.,-0.));
#3961 = DEFINITIONAL_REPRESENTATION('',(#3962),#3965);
#3962 = B_SPLINE_CURVE_WITH_KNOTS('',1,(#3963,#3964),.UNSPECIFIED.,.F.,
  .F.,(2,2),(0.,20.4),.PIECEWISE_BEZIER_KNOTS.);
#3963 = CARTESIAN_POINT('',(6.926686415973,0.));
#3964 = CARTESIAN_POINT('',(6.926686415973,20.4));
#3965 = ( GEOMETRIC_REPRESENTATION_CONTEXT(2) 
PARAMETRIC_REPRESENTATION_CONTEXT() REPRESENTATION_CONTEXT('2D SPACE',''
  ) );
#3966 = ORIENTED_EDGE('',*,*,#3967,.F.);
#3967 = EDGE_CURVE('',#3968,#3941,#3970,.T.);
#3968 = VERTEX_POINT('',#3969);
#3969 = CARTESIAN_POINT('',(-234.6,36.,68.4));
#3970 = SURFACE_CURVE('',#3971,(#3975,#3982),.PCURVE_S1.);
#3971 = LINE('',#3972,#3973);
#3972 = CARTESIAN_POINT('',(-236.,36.,68.4));
#3973 = VECTOR('',#3974,1.);
#3974 = DIRECTION('',(1.,0.,0.));
#3975 = PCURVE('',#608,#3976);
#3976 = DEFINITIONAL_REPRESENTATION('',(#3977),#3981);
#3977 = LINE('',#3978,#3979);
#3978 = CARTESIAN_POINT('',(20.4,1.));
#3979 = VECTOR('',#3980,1.);
#3980 = DIRECTION('',(0.,1.));
#3981 = ( GEOMETRIC_REPRESENTATION_CONTEXT(2) 
PARAMETRIC_REPRESENTATION_CONTEXT() REPRESENTATION_CONTEXT('2D SPACE',''
  ) );
#3982 = PCURVE('',#3983,#3988);
#3983 = PLANE('',#3984);
#3984 = AXIS2_PLACEMENT_3D('',#3985,#3986,#3987);
#3985 = CARTESIAN_POINT('',(-233.,34.8,68.4));
#3986 = DIRECTION('',(0.,0.,1.));
#3987 = DIRECTION('',(1.,0.,0.));
#3988 = DEFINITIONAL_REPRESENTATION('',(#3989),#3993);
#3989 = LINE('',#3990,#3991);
#3990 = CARTESIAN_POINT('',(-3.,1.2));
#3991 = VECTOR('',#3992,1.);
#3992 = DIRECTION('',(1.,0.));
#3993 = ( GEOMETRIC_REPRESENTATION_CONTEXT(2) 
PARAMETRIC_REPRESENTATION_CONTEXT() REPRESENTATION_CONTEXT('2D SPACE',''
  ) );
#3994 = ORIENTED_EDGE('',*,*,#3995,.F.);
#3995 = EDGE_CURVE('',#3996,#3968,#3998,.T.);
#3996 = VERTEX_POINT('',#3997);
#3997 = CARTESIAN_POINT('',(-234.6,36.,48.));
#3998 = SURFACE_CURVE('',#3999,(#4003,#4010),.PCURVE_S1.);
#3999 = LINE('',#4000,#4001);
#4000 = CARTESIAN_POINT('',(-234.6,36.,48.));
#4001 = VECTOR('',#4002,1.);
#4002 = DIRECTION('',(0.,0.,1.));
#4003 = PCURVE('',#608,#4004);
#4004 = DEFINITIONAL_REPRESENTATION('',(#4005),#4009);
#4005 = LINE('',#4006,#4007);
#4006 = CARTESIAN_POINT('',(0.,2.4));
#4007 = VECTOR('',#4008,1.);
#4008 = DIRECTION('',(1.,0.));
#4009 = ( GEOMETRIC_REPRESENTATION_CONTEXT(2) 
PARAMETRIC_REPRESENTATION_CONTEXT() REPRESENTATION_CONTEXT('2D SPACE',''
  ) );
#4010 = PCURVE('',#3956,#4011);
#4011 = DEFINITIONAL_REPRESENTATION('',(#4012),#4015);
#4012 = B_SPLINE_CURVE_WITH_KNOTS('',1,(#4013,#4014),.UNSPECIFIED.,.F.,
  .F.,(2,2),(0.,20.4),.PIECEWISE_BEZIER_KNOTS.);
#4013 = CARTESIAN_POINT('',(2.498091544797,0.));
#4014 = CARTESIAN_POINT('',(2.498091544797,20.4));
#4015 = ( GEOMETRIC_REPRESENTATION_CONTEXT(2) 
PARAMETRIC_REPRESENTATION_CONTEXT() REPRESENTATION_CONTEXT('2D SPACE',''
  ) );
#4016 = ORIENTED_EDGE('',*,*,#4017,.F.);
#4017 = EDGE_CURVE('',#3549,#3996,#4018,.T.);
#4018 = SURFACE_CURVE('',#4019,(#4023,#4030),.PCURVE_S1.);
#4019 = LINE('',#4020,#4021);
#4020 = CARTESIAN_POINT('',(-237.,36.,48.));
#4021 = VECTOR('',#4022,1.);
#4022 = DIRECTION('',(1.,0.,0.));
#4023 = PCURVE('',#608,#4024);
#4024 = DEFINITIONAL_REPRESENTATION('',(#4025),#4029);
#4025 = LINE('',#4026,#4027);
#4026 = CARTESIAN_POINT('',(0.,0.));
#4027 = VECTOR('',#4028,1.);
#4028 = DIRECTION('',(0.,1.));
#4029 = ( GEOMETRIC_REPRESENTATION_CONTEXT(2) 
PARAMETRIC_REPRESENTATION_CONTEXT() REPRESENTATION_CONTEXT('2D SPACE',''
  ) );
#4030 = PCURVE('',#3110,#4031);
#4031 = DEFINITIONAL_REPRESENTATION('',(#4032),#4036);
#4032 = LINE('',#4033,#4034);
#4033 = CARTESIAN_POINT('',(0.,72.));
#4034 = VECTOR('',#4035,1.);
#4035 = DIRECTION('',(1.,0.));
#4036 = ( GEOMETRIC_REPRESENTATION_CONTEXT(2) 
PARAMETRIC_REPRESENTATION_CONTEXT() REPRESENTATION_CONTEXT('2D SPACE',''
  ) );
#4037 = ORIENTED_EDGE('',*,*,#3571,.T.);
#4038 = ADVANCED_FACE('',(#4039,#4065,#4096,#4122,#4153,#4184,#4210),
  #687,.F.);
#4039 = FACE_BOUND('',#4040,.F.);
#4040 = EDGE_LOOP('',(#4041,#4042,#4063,#4064));
#4041 = ORIENTED_EDGE('',*,*,#3071,.F.);
#4042 = ORIENTED_EDGE('',*,*,#4043,.T.);
#4043 = EDGE_CURVE('',#3072,#3604,#4044,.T.);
#4044 = SURFACE_CURVE('',#4045,(#4049,#4056),.PCURVE_S1.);
#4045 = LINE('',#4046,#4047);
#4046 = CARTESIAN_POINT('',(-101.8,-36.,48.));
#4047 = VECTOR('',#4048,1.);
#4048 = DIRECTION('',(0.,1.,0.));
#4049 = PCURVE('',#687,#4050);
#4050 = DEFINITIONAL_REPRESENTATION('',(#4051),#4055);
#4051 = LINE('',#4052,#4053);
#4052 = CARTESIAN_POINT('',(0.,0.));
#4053 = VECTOR('',#4054,1.);
#4054 = DIRECTION('',(0.,-1.));
#4055 = ( GEOMETRIC_REPRESENTATION_CONTEXT(2) 
PARAMETRIC_REPRESENTATION_CONTEXT() REPRESENTATION_CONTEXT('2D SPACE',''
  ) );
#4056 = PCURVE('',#3110,#4057);
#4057 = DEFINITIONAL_REPRESENTATION('',(#4058),#4062);
#4058 = LINE('',#4059,#4060);
#4059 = CARTESIAN_POINT('',(135.2,0.));
#4060 = VECTOR('',#4061,1.);
#4061 = DIRECTION('',(0.,1.));
#4062 = ( GEOMETRIC_REPRESENTATION_CONTEXT(2) 
PARAMETRIC_REPRESENTATION_CONTEXT() REPRESENTATION_CONTEXT('2D SPACE',''
  ) );
#4063 = ORIENTED_EDGE('',*,*,#3603,.T.);
#4064 = ORIENTED_EDGE('',*,*,#673,.F.);
#4065 = FACE_BOUND('',#4066,.F.);
#4066 = EDGE_LOOP('',(#4067));
#4067 = ORIENTED_EDGE('',*,*,#4068,.F.);
#4068 = EDGE_CURVE('',#4069,#4069,#4071,.T.);
#4069 = VERTEX_POINT('',#4070);
#4070 = CARTESIAN_POINT('',(-101.8,22.,60.3));
#4071 = SURFACE_CURVE('',#4072,(#4077,#4084),.PCURVE_S1.);
#4072 = CIRCLE('',#4073,1.7);
#4073 = AXIS2_PLACEMENT_3D('',#4074,#4075,#4076);
#4074 = CARTESIAN_POINT('',(-101.8,22.,62.));
#4075 = DIRECTION('',(1.,0.,2.22044604925E-16));
#4076 = DIRECTION('',(2.22044604925E-16,0.,-1.));
#4077 = PCURVE('',#687,#4078);
#4078 = DEFINITIONAL_REPRESENTATION('',(#4079),#4083);
#4079 = CIRCLE('',#4080,1.7);
#4080 = AXIS2_PLACEMENT_2D('',#4081,#4082);
#4081 = CARTESIAN_POINT('',(14.,-58.));
#4082 = DIRECTION('',(-1.,0.));
#4083 = ( GEOMETRIC_REPRESENTATION_CONTEXT(2) 
PARAMETRIC_REPRESENTATION_CONTEXT() REPRESENTATION_CONTEXT('2D SPACE',''
  ) );
#4084 = PCURVE('',#4085,#4090);
#4085 = CYLINDRICAL_SURFACE('',#4086,1.7);
#4086 = AXIS2_PLACEMENT_3D('',#4087,#4088,#4089);
#4087 = CARTESIAN_POINT('',(-102.8,22.,62.));
#4088 = DIRECTION('',(1.,0.,2.22044604925E-16));
#4089 = DIRECTION('',(2.22044604925E-16,0.,-1.));
#4090 = DEFINITIONAL_REPRESENTATION('',(#4091),#4095);
#4091 = LINE('',#4092,#4093);
#4092 = CARTESIAN_POINT('',(0.,1.));
#4093 = VECTOR('',#4094,1.);
#4094 = DIRECTION('',(1.,0.));
#4095 = ( GEOMETRIC_REPRESENTATION_CONTEXT(2) 
PARAMETRIC_REPRESENTATION_CONTEXT() REPRESENTATION_CONTEXT('2D SPACE',''
  ) );
#4096 = FACE_BOUND('',#4097,.F.);
#4097 = EDGE_LOOP('',(#4098));
#4098 = ORIENTED_EDGE('',*,*,#4099,.F.);
#4099 = EDGE_CURVE('',#4100,#4100,#4102,.T.);
#4100 = VERTEX_POINT('',#4101);
#4101 = CARTESIAN_POINT('',(-101.8,13.5,58.));
#4102 = SURFACE_CURVE('',#4103,(#4108,#4115),.PCURVE_S1.);
#4103 = CIRCLE('',#4104,4.);
#4104 = AXIS2_PLACEMENT_3D('',#4105,#4106,#4107);
#4105 = CARTESIAN_POINT('',(-101.8,13.5,62.));
#4106 = DIRECTION('',(1.,0.,2.22044604925E-16));
#4107 = DIRECTION('',(2.22044604925E-16,0.,-1.));
#4108 = PCURVE('',#687,#4109);
#4109 = DEFINITIONAL_REPRESENTATION('',(#4110),#4114);
#4110 = CIRCLE('',#4111,4.);
#4111 = AXIS2_PLACEMENT_2D('',#4112,#4113);
#4112 = CARTESIAN_POINT('',(14.,-49.5));
#4113 = DIRECTION('',(-1.,0.));
#4114 = ( GEOMETRIC_REPRESENTATION_CONTEXT(2) 
PARAMETRIC_REPRESENTATION_CONTEXT() REPRESENTATION_CONTEXT('2D SPACE',''
  ) );
#4115 = PCURVE('',#2533,#4116);
#4116 = DEFINITIONAL_REPRESENTATION('',(#4117),#4121);
#4117 = LINE('',#4118,#4119);
#4118 = CARTESIAN_POINT('',(0.,1.));
#4119 = VECTOR('',#4120,1.);
#4120 = DIRECTION('',(1.,0.));
#4121 = ( GEOMETRIC_REPRESENTATION_CONTEXT(2) 
PARAMETRIC_REPRESENTATION_CONTEXT() REPRESENTATION_CONTEXT('2D SPACE',''
  ) );
#4122 = FACE_BOUND('',#4123,.F.);
#4123 = EDGE_LOOP('',(#4124));
#4124 = ORIENTED_EDGE('',*,*,#4125,.F.);
#4125 = EDGE_CURVE('',#4126,#4126,#4128,.T.);
#4126 = VERTEX_POINT('',#4127);
#4127 = CARTESIAN_POINT('',(-101.8,5.,60.3));
#4128 = SURFACE_CURVE('',#4129,(#4134,#4141),.PCURVE_S1.);
#4129 = CIRCLE('',#4130,1.7);
#4130 = AXIS2_PLACEMENT_3D('',#4131,#4132,#4133);
#4131 = CARTESIAN_POINT('',(-101.8,5.,62.));
#4132 = DIRECTION('',(1.,0.,2.22044604925E-16));
#4133 = DIRECTION('',(2.22044604925E-16,0.,-1.));
#4134 = PCURVE('',#687,#4135);
#4135 = DEFINITIONAL_REPRESENTATION('',(#4136),#4140);
#4136 = CIRCLE('',#4137,1.7);
#4137 = AXIS2_PLACEMENT_2D('',#4138,#4139);
#4138 = CARTESIAN_POINT('',(14.,-41.));
#4139 = DIRECTION('',(-1.,0.));
#4140 = ( GEOMETRIC_REPRESENTATION_CONTEXT(2) 
PARAMETRIC_REPRESENTATION_CONTEXT() REPRESENTATION_CONTEXT('2D SPACE',''
  ) );
#4141 = PCURVE('',#4142,#4147);
#4142 = CYLINDRICAL_SURFACE('',#4143,1.7);
#4143 = AXIS2_PLACEMENT_3D('',#4144,#4145,#4146);
#4144 = CARTESIAN_POINT('',(-102.8,5.,62.));
#4145 = DIRECTION('',(1.,0.,2.22044604925E-16));
#4146 = DIRECTION('',(2.22044604925E-16,0.,-1.));
#4147 = DEFINITIONAL_REPRESENTATION('',(#4148),#4152);
#4148 = LINE('',#4149,#4150);
#4149 = CARTESIAN_POINT('',(0.,1.));
#4150 = VECTOR('',#4151,1.);
#4151 = DIRECTION('',(1.,0.));
#4152 = ( GEOMETRIC_REPRESENTATION_CONTEXT(2) 
PARAMETRIC_REPRESENTATION_CONTEXT() REPRESENTATION_CONTEXT('2D SPACE',''
  ) );
#4153 = FACE_BOUND('',#4154,.F.);
#4154 = EDGE_LOOP('',(#4155));
#4155 = ORIENTED_EDGE('',*,*,#4156,.F.);
#4156 = EDGE_CURVE('',#4157,#4157,#4159,.T.);
#4157 = VERTEX_POINT('',#4158);
#4158 = CARTESIAN_POINT('',(-101.8,-5.,60.3));
#4159 = SURFACE_CURVE('',#4160,(#4165,#4172),.PCURVE_S1.);
#4160 = CIRCLE('',#4161,1.7);
#4161 = AXIS2_PLACEMENT_3D('',#4162,#4163,#4164);
#4162 = CARTESIAN_POINT('',(-101.8,-5.,62.));
#4163 = DIRECTION('',(1.,0.,2.22044604925E-16));
#4164 = DIRECTION('',(2.22044604925E-16,0.,-1.));
#4165 = PCURVE('',#687,#4166);
#4166 = DEFINITIONAL_REPRESENTATION('',(#4167),#4171);
#4167 = CIRCLE('',#4168,1.7);
#4168 = AXIS2_PLACEMENT_2D('',#4169,#4170);
#4169 = CARTESIAN_POINT('',(14.,-31.));
#4170 = DIRECTION('',(-1.,0.));
#4171 = ( GEOMETRIC_REPRESENTATION_CONTEXT(2) 
PARAMETRIC_REPRESENTATION_CONTEXT() REPRESENTATION_CONTEXT('2D SPACE',''
  ) );
#4172 = PCURVE('',#4173,#4178);
#4173 = CYLINDRICAL_SURFACE('',#4174,1.7);
#4174 = AXIS2_PLACEMENT_3D('',#4175,#4176,#4177);
#4175 = CARTESIAN_POINT('',(-102.8,-5.,62.));
#4176 = DIRECTION('',(1.,0.,2.22044604925E-16));
#4177 = DIRECTION('',(2.22044604925E-16,0.,-1.));
#4178 = DEFINITIONAL_REPRESENTATION('',(#4179),#4183);
#4179 = LINE('',#4180,#4181);
#4180 = CARTESIAN_POINT('',(0.,1.));
#4181 = VECTOR('',#4182,1.);
#4182 = DIRECTION('',(1.,0.));
#4183 = ( GEOMETRIC_REPRESENTATION_CONTEXT(2) 
PARAMETRIC_REPRESENTATION_CONTEXT() REPRESENTATION_CONTEXT('2D SPACE',''
  ) );
#4184 = FACE_BOUND('',#4185,.F.);
#4185 = EDGE_LOOP('',(#4186));
#4186 = ORIENTED_EDGE('',*,*,#4187,.F.);
#4187 = EDGE_CURVE('',#4188,#4188,#4190,.T.);
#4188 = VERTEX_POINT('',#4189);
#4189 = CARTESIAN_POINT('',(-101.8,-13.5,58.));
#4190 = SURFACE_CURVE('',#4191,(#4196,#4203),.PCURVE_S1.);
#4191 = CIRCLE('',#4192,4.);
#4192 = AXIS2_PLACEMENT_3D('',#4193,#4194,#4195);
#4193 = CARTESIAN_POINT('',(-101.8,-13.5,62.));
#4194 = DIRECTION('',(1.,0.,2.22044604925E-16));
#4195 = DIRECTION('',(2.22044604925E-16,0.,-1.));
#4196 = PCURVE('',#687,#4197);
#4197 = DEFINITIONAL_REPRESENTATION('',(#4198),#4202);
#4198 = CIRCLE('',#4199,4.);
#4199 = AXIS2_PLACEMENT_2D('',#4200,#4201);
#4200 = CARTESIAN_POINT('',(14.,-22.5));
#4201 = DIRECTION('',(-1.,0.));
#4202 = ( GEOMETRIC_REPRESENTATION_CONTEXT(2) 
PARAMETRIC_REPRESENTATION_CONTEXT() REPRESENTATION_CONTEXT('2D SPACE',''
  ) );
#4203 = PCURVE('',#2626,#4204);
#4204 = DEFINITIONAL_REPRESENTATION('',(#4205),#4209);
#4205 = LINE('',#4206,#4207);
#4206 = CARTESIAN_POINT('',(0.,1.));
#4207 = VECTOR('',#4208,1.);
#4208 = DIRECTION('',(1.,0.));
#4209 = ( GEOMETRIC_REPRESENTATION_CONTEXT(2) 
PARAMETRIC_REPRESENTATION_CONTEXT() REPRESENTATION_CONTEXT('2D SPACE',''
  ) );
#4210 = FACE_BOUND('',#4211,.F.);
#4211 = EDGE_LOOP('',(#4212));
#4212 = ORIENTED_EDGE('',*,*,#4213,.F.);
#4213 = EDGE_CURVE('',#4214,#4214,#4216,.T.);
#4214 = VERTEX_POINT('',#4215);
#4215 = CARTESIAN_POINT('',(-101.8,-22.,60.3));
#4216 = SURFACE_CURVE('',#4217,(#4222,#4229),.PCURVE_S1.);
#4217 = CIRCLE('',#4218,1.7);
#4218 = AXIS2_PLACEMENT_3D('',#4219,#4220,#4221);
#4219 = CARTESIAN_POINT('',(-101.8,-22.,62.));
#4220 = DIRECTION('',(1.,0.,2.22044604925E-16));
#4221 = DIRECTION('',(2.22044604925E-16,0.,-1.));
#4222 = PCURVE('',#687,#4223);
#4223 = DEFINITIONAL_REPRESENTATION('',(#4224),#4228);
#4224 = CIRCLE('',#4225,1.7);
#4225 = AXIS2_PLACEMENT_2D('',#4226,#4227);
#4226 = CARTESIAN_POINT('',(14.,-14.));
#4227 = DIRECTION('',(-1.,0.));
#4228 = ( GEOMETRIC_REPRESENTATION_CONTEXT(2) 
PARAMETRIC_REPRESENTATION_CONTEXT() REPRESENTATION_CONTEXT('2D SPACE',''
  ) );
#4229 = PCURVE('',#4230,#4235);
#4230 = CYLINDRICAL_SURFACE('',#4231,1.7);
#4231 = AXIS2_PLACEMENT_3D('',#4232,#4233,#4234);
#4232 = CARTESIAN_POINT('',(-102.8,-22.,62.));
#4233 = DIRECTION('',(1.,0.,2.22044604925E-16));
#4234 = DIRECTION('',(2.22044604925E-16,0.,-1.));
#4235 = DEFINITIONAL_REPRESENTATION('',(#4236),#4240);
#4236 = LINE('',#4237,#4238);
#4237 = CARTESIAN_POINT('',(0.,1.));
#4238 = VECTOR('',#4239,1.);
#4239 = DIRECTION('',(1.,0.));
#4240 = ( GEOMETRIC_REPRESENTATION_CONTEXT(2) 
PARAMETRIC_REPRESENTATION_CONTEXT() REPRESENTATION_CONTEXT('2D SPACE',''
  ) );
#4241 = ADVANCED_FACE('',(#4242),#768,.T.);
#4242 = FACE_BOUND('',#4243,.T.);
#4243 = EDGE_LOOP('',(#4244,#4245,#4268,#4297));
#4244 = ORIENTED_EDGE('',*,*,#750,.F.);
#4245 = ORIENTED_EDGE('',*,*,#4246,.F.);
#4246 = EDGE_CURVE('',#4247,#751,#4249,.T.);
#4247 = VERTEX_POINT('',#4248);
#4248 = CARTESIAN_POINT('',(-221.5,-35.,24.778625421475));
#4249 = SURFACE_CURVE('',#4250,(#4254,#4261),.PCURVE_S1.);
#4250 = LINE('',#4251,#4252);
#4251 = CARTESIAN_POINT('',(-221.5,-35.,18.));
#4252 = VECTOR('',#4253,1.);
#4253 = DIRECTION('',(0.,0.,1.));
#4254 = PCURVE('',#768,#4255);
#4255 = DEFINITIONAL_REPRESENTATION('',(#4256),#4260);
#4256 = LINE('',#4257,#4258);
#4257 = CARTESIAN_POINT('',(0.,0.));
#4258 = VECTOR('',#4259,1.);
#4259 = DIRECTION('',(1.,0.));
#4260 = ( GEOMETRIC_REPRESENTATION_CONTEXT(2) 
PARAMETRIC_REPRESENTATION_CONTEXT() REPRESENTATION_CONTEXT('2D SPACE',''
  ) );
#4261 = PCURVE('',#796,#4262);
#4262 = DEFINITIONAL_REPRESENTATION('',(#4263),#4267);
#4263 = LINE('',#4264,#4265);
#4264 = CARTESIAN_POINT('',(0.,4.));
#4265 = VECTOR('',#4266,1.);
#4266 = DIRECTION('',(1.,0.));
#4267 = ( GEOMETRIC_REPRESENTATION_CONTEXT(2) 
PARAMETRIC_REPRESENTATION_CONTEXT() REPRESENTATION_CONTEXT('2D SPACE',''
  ) );
#4268 = ORIENTED_EDGE('',*,*,#4269,.F.);
#4269 = EDGE_CURVE('',#4270,#4247,#4272,.T.);
#4270 = VERTEX_POINT('',#4271);
#4271 = CARTESIAN_POINT('',(-221.5,-12.46410161513,41.032017360901));
#4272 = SURFACE_CURVE('',#4273,(#4278,#4285),.PCURVE_S1.);
#4273 = CIRCLE('',#4274,42.883333333333);
#4274 = AXIS2_PLACEMENT_3D('',#4275,#4276,#4277);
#4275 = CARTESIAN_POINT('',(-221.5,0.,-1.476596622751E-14));
#4276 = DIRECTION('',(1.,0.,2.22044604925E-16));
#4277 = DIRECTION('',(2.22044604925E-16,0.,-1.));
#4278 = PCURVE('',#768,#4279);
#4279 = DEFINITIONAL_REPRESENTATION('',(#4280),#4284);
#4280 = CIRCLE('',#4281,42.883333333333);
#4281 = AXIS2_PLACEMENT_2D('',#4282,#4283);
#4282 = CARTESIAN_POINT('',(-18.,-35.));
#4283 = DIRECTION('',(-1.,0.));
#4284 = ( GEOMETRIC_REPRESENTATION_CONTEXT(2) 
PARAMETRIC_REPRESENTATION_CONTEXT() REPRESENTATION_CONTEXT('2D SPACE',''
  ) );
#4285 = PCURVE('',#4286,#4291);
#4286 = CONICAL_SURFACE('',#4287,44.233333333333,3.332099587825E-02);
#4287 = AXIS2_PLACEMENT_3D('',#4288,#4289,#4290);
#4288 = CARTESIAN_POINT('',(-262.,0.,-2.375877272698E-14));
#4289 = DIRECTION('',(-1.,-0.,-2.22044604925E-16));
#4290 = DIRECTION('',(2.22044604925E-16,0.,-1.));
#4291 = DEFINITIONAL_REPRESENTATION('',(#4292),#4296);
#4292 = LINE('',#4293,#4294);
#4293 = CARTESIAN_POINT('',(-0.,-40.5));
#4294 = VECTOR('',#4295,1.);
#4295 = DIRECTION('',(-1.,-0.));
#4296 = ( GEOMETRIC_REPRESENTATION_CONTEXT(2) 
PARAMETRIC_REPRESENTATION_CONTEXT() REPRESENTATION_CONTEXT('2D SPACE',''
  ) );
#4297 = ORIENTED_EDGE('',*,*,#4298,.T.);
#4298 = EDGE_CURVE('',#4270,#753,#4299,.T.);
#4299 = SURFACE_CURVE('',#4300,(#4304,#4310),.PCURVE_S1.);
#4300 = LINE('',#4301,#4302);
#4301 = CARTESIAN_POINT('',(-221.5,-12.46410161513,18.));
#4302 = VECTOR('',#4303,1.);
#4303 = DIRECTION('',(0.,0.,1.));
#4304 = PCURVE('',#768,#4305);
#4305 = DEFINITIONAL_REPRESENTATION('',(#4306),#4309);
#4306 = B_SPLINE_CURVE_WITH_KNOTS('',1,(#4307,#4308),.UNSPECIFIED.,.F.,
  .F.,(2,2),(-2.399999999625E-06,27.5000024),.PIECEWISE_BEZIER_KNOTS.);
#4307 = CARTESIAN_POINT('',(-2.399999999625E-06,-22.53589838486));
#4308 = CARTESIAN_POINT('',(27.5000024,-22.53589838486));
#4309 = ( GEOMETRIC_REPRESENTATION_CONTEXT(2) 
PARAMETRIC_REPRESENTATION_CONTEXT() REPRESENTATION_CONTEXT('2D SPACE',''
  ) );
#4310 = PCURVE('',#1078,#4311);
#4311 = DEFINITIONAL_REPRESENTATION('',(#4312),#4315);
#4312 = B_SPLINE_CURVE_WITH_KNOTS('',1,(#4313,#4314),.UNSPECIFIED.,.F.,
  .F.,(2,2),(0.,27.5),.PIECEWISE_BEZIER_KNOTS.);
#4313 = CARTESIAN_POINT('',(5.235987755983,0.));
#4314 = CARTESIAN_POINT('',(5.235987755983,27.5));
#4315 = ( GEOMETRIC_REPRESENTATION_CONTEXT(2) 
PARAMETRIC_REPRESENTATION_CONTEXT() REPRESENTATION_CONTEXT('2D SPACE',''
  ) );
#4316 = ADVANCED_FACE('',(#4317),#796,.F.);
#4317 = FACE_BOUND('',#4318,.F.);
#4318 = EDGE_LOOP('',(#4319,#4320,#4347,#4368));
#4319 = ORIENTED_EDGE('',*,*,#4246,.F.);
#4320 = ORIENTED_EDGE('',*,*,#4321,.T.);
#4321 = EDGE_CURVE('',#4247,#4322,#4324,.T.);
#4322 = VERTEX_POINT('',#4323);
#4323 = CARTESIAN_POINT('',(-225.5,-35.,25.008670718595));
#4324 = SURFACE_CURVE('',#4325,(#4330,#4337),.PCURVE_S1.);
#4325 = HYPERBOLA('',#4326,1.05E+03,35.);
#4326 = AXIS2_PLACEMENT_3D('',#4327,#4328,#4329);
#4327 = CARTESIAN_POINT('',(1.065E+03,-35.,2.708944180085E-13));
#4328 = DIRECTION('',(0.,1.,0.));
#4329 = DIRECTION('',(-1.,0.,-2.22044604925E-16));
#4330 = PCURVE('',#796,#4331);
#4331 = DEFINITIONAL_REPRESENTATION('',(#4332),#4336);
#4332 = ( BOUNDED_CURVE() B_SPLINE_CURVE(2,(#4333,#4334,#4335),
.UNSPECIFIED.,.F.,.F.) B_SPLINE_CURVE_WITH_KNOTS((3,3),(0.658637702465,
0.66506508705),.PIECEWISE_BEZIER_KNOTS.) CURVE() 
GEOMETRIC_REPRESENTATION_ITEM() RATIONAL_B_SPLINE_CURVE((1.,
1.000005163914,1.)) REPRESENTATION_ITEM('') );
#4333 = CARTESIAN_POINT('',(6.755542813681,4.4));
#4334 = CARTESIAN_POINT('',(6.893313327987,2.01330730207));
#4335 = CARTESIAN_POINT('',(7.031598031288,-0.4));
#4336 = ( GEOMETRIC_REPRESENTATION_CONTEXT(2) 
PARAMETRIC_REPRESENTATION_CONTEXT() REPRESENTATION_CONTEXT('2D SPACE',''
  ) );
#4337 = PCURVE('',#4286,#4338);
#4338 = DEFINITIONAL_REPRESENTATION('',(#4339),#4346);
#4339 = B_SPLINE_CURVE_WITH_KNOTS('',5,(#4340,#4341,#4342,#4343,#4344,
    #4345),.UNSPECIFIED.,.F.,.F.,(6,6),(0.658637702465,0.66506508705),
  .PIECEWISE_BEZIER_KNOTS.);
#4340 = CARTESIAN_POINT('',(-4.096779655555,-40.9));
#4341 = CARTESIAN_POINT('',(-4.095730164253,-39.94531963425));
#4342 = CARTESIAN_POINT('',(-4.094681646757,-38.98798274711));
#4343 = CARTESIAN_POINT('',(-4.093634104269,-38.02798605201));
#4344 = CARTESIAN_POINT('',(-4.092587537973,-37.06532624405));
#4345 = CARTESIAN_POINT('',(-4.091541949033,-36.1));
#4346 = ( GEOMETRIC_REPRESENTATION_CONTEXT(2) 
PARAMETRIC_REPRESENTATION_CONTEXT() REPRESENTATION_CONTEXT('2D SPACE',''
  ) );
#4347 = ORIENTED_EDGE('',*,*,#4348,.T.);
#4348 = EDGE_CURVE('',#4322,#781,#4349,.T.);
#4349 = SURFACE_CURVE('',#4350,(#4354,#4361),.PCURVE_S1.);
#4350 = LINE('',#4351,#4352);
#4351 = CARTESIAN_POINT('',(-225.5,-35.,18.));
#4352 = VECTOR('',#4353,1.);
#4353 = DIRECTION('',(0.,0.,1.));
#4354 = PCURVE('',#796,#4355);
#4355 = DEFINITIONAL_REPRESENTATION('',(#4356),#4360);
#4356 = LINE('',#4357,#4358);
#4357 = CARTESIAN_POINT('',(0.,0.));
#4358 = VECTOR('',#4359,1.);
#4359 = DIRECTION('',(1.,0.));
#4360 = ( GEOMETRIC_REPRESENTATION_CONTEXT(2) 
PARAMETRIC_REPRESENTATION_CONTEXT() REPRESENTATION_CONTEXT('2D SPACE',''
  ) );
#4361 = PCURVE('',#824,#4362);
#4362 = DEFINITIONAL_REPRESENTATION('',(#4363),#4367);
#4363 = LINE('',#4364,#4365);
#4364 = CARTESIAN_POINT('',(0.,0.));
#4365 = VECTOR('',#4366,1.);
#4366 = DIRECTION('',(1.,0.));
#4367 = ( GEOMETRIC_REPRESENTATION_CONTEXT(2) 
PARAMETRIC_REPRESENTATION_CONTEXT() REPRESENTATION_CONTEXT('2D SPACE',''
  ) );
#4368 = ORIENTED_EDGE('',*,*,#780,.T.);
#4369 = ADVANCED_FACE('',(#4370),#824,.F.);
#4370 = FACE_BOUND('',#4371,.F.);
#4371 = EDGE_LOOP('',(#4372,#4373,#4374,#4398));
#4372 = ORIENTED_EDGE('',*,*,#808,.F.);
#4373 = ORIENTED_EDGE('',*,*,#4348,.F.);
#4374 = ORIENTED_EDGE('',*,*,#4375,.F.);
#4375 = EDGE_CURVE('',#4376,#4322,#4378,.T.);
#4376 = VERTEX_POINT('',#4377);
#4377 = CARTESIAN_POINT('',(-225.5,-12.46410161513,41.171346614346));
#4378 = SURFACE_CURVE('',#4379,(#4384,#4391),.PCURVE_S1.);
#4379 = CIRCLE('',#4380,43.016666666667);
#4380 = AXIS2_PLACEMENT_3D('',#4381,#4382,#4383);
#4381 = CARTESIAN_POINT('',(-225.5,0.,-1.565414464721E-14));
#4382 = DIRECTION('',(1.,0.,2.22044604925E-16));
#4383 = DIRECTION('',(2.22044604925E-16,0.,-1.));
#4384 = PCURVE('',#824,#4385);
#4385 = DEFINITIONAL_REPRESENTATION('',(#4386),#4390);
#4386 = CIRCLE('',#4387,43.016666666667);
#4387 = AXIS2_PLACEMENT_2D('',#4388,#4389);
#4388 = CARTESIAN_POINT('',(-18.,-35.));
#4389 = DIRECTION('',(-1.,0.));
#4390 = ( GEOMETRIC_REPRESENTATION_CONTEXT(2) 
PARAMETRIC_REPRESENTATION_CONTEXT() REPRESENTATION_CONTEXT('2D SPACE',''
  ) );
#4391 = PCURVE('',#4286,#4392);
#4392 = DEFINITIONAL_REPRESENTATION('',(#4393),#4397);
#4393 = LINE('',#4394,#4395);
#4394 = CARTESIAN_POINT('',(-0.,-36.5));
#4395 = VECTOR('',#4396,1.);
#4396 = DIRECTION('',(-1.,-0.));
#4397 = ( GEOMETRIC_REPRESENTATION_CONTEXT(2) 
PARAMETRIC_REPRESENTATION_CONTEXT() REPRESENTATION_CONTEXT('2D SPACE',''
  ) );
#4398 = ORIENTED_EDGE('',*,*,#4399,.T.);
#4399 = EDGE_CURVE('',#4376,#809,#4400,.T.);
#4400 = SURFACE_CURVE('',#4401,(#4405,#4411),.PCURVE_S1.);
#4401 = LINE('',#4402,#4403);
#4402 = CARTESIAN_POINT('',(-225.5,-12.46410161513,18.));
#4403 = VECTOR('',#4404,1.);
#4404 = DIRECTION('',(0.,0.,1.));
#4405 = PCURVE('',#824,#4406);
#4406 = DEFINITIONAL_REPRESENTATION('',(#4407),#4410);
#4407 = B_SPLINE_CURVE_WITH_KNOTS('',1,(#4408,#4409),.UNSPECIFIED.,.F.,
  .F.,(2,2),(-2.399999999625E-06,27.5000024),.PIECEWISE_BEZIER_KNOTS.);
#4408 = CARTESIAN_POINT('',(-2.399999999625E-06,-22.53589838486));
#4409 = CARTESIAN_POINT('',(27.5000024,-22.53589838486));
#4410 = ( GEOMETRIC_REPRESENTATION_CONTEXT(2) 
PARAMETRIC_REPRESENTATION_CONTEXT() REPRESENTATION_CONTEXT('2D SPACE',''
  ) );
#4411 = PCURVE('',#853,#4412);
#4412 = DEFINITIONAL_REPRESENTATION('',(#4413),#4416);
#4413 = B_SPLINE_CURVE_WITH_KNOTS('',1,(#4414,#4415),.UNSPECIFIED.,.F.,
  .F.,(2,2),(-2.399999999625E-06,27.5000024),.PIECEWISE_BEZIER_KNOTS.);
#4414 = CARTESIAN_POINT('',(4.188790204786,-2.399999999625E-06));
#4415 = CARTESIAN_POINT('',(4.188790204786,27.5000024));
#4416 = ( GEOMETRIC_REPRESENTATION_CONTEXT(2) 
PARAMETRIC_REPRESENTATION_CONTEXT() REPRESENTATION_CONTEXT('2D SPACE',''
  ) );
#4417 = ADVANCED_FACE('',(#4418),#853,.T.);
#4418 = FACE_BOUND('',#4419,.T.);
#4419 = EDGE_LOOP('',(#4420,#4421,#4442,#4580));
#4420 = ORIENTED_EDGE('',*,*,#836,.F.);
#4421 = ORIENTED_EDGE('',*,*,#4422,.F.);
#4422 = EDGE_CURVE('',#4423,#837,#4425,.T.);
#4423 = VERTEX_POINT('',#4424);
#4424 = CARTESIAN_POINT('',(-225.5,-5.535898384862,42.658966703187));
#4425 = SURFACE_CURVE('',#4426,(#4430,#4436),.PCURVE_S1.);
#4426 = LINE('',#4427,#4428);
#4427 = CARTESIAN_POINT('',(-225.5,-5.535898384862,18.));
#4428 = VECTOR('',#4429,1.);
#4429 = DIRECTION('',(0.,0.,1.));
#4430 = PCURVE('',#853,#4431);
#4431 = DEFINITIONAL_REPRESENTATION('',(#4432),#4435);
#4432 = B_SPLINE_CURVE_WITH_KNOTS('',1,(#4433,#4434),.UNSPECIFIED.,.F.,
  .F.,(2,2),(-2.399999999625E-06,27.5000024),.PIECEWISE_BEZIER_KNOTS.);
#4433 = CARTESIAN_POINT('',(2.094395102393,-2.399999999625E-06));
#4434 = CARTESIAN_POINT('',(2.094395102393,27.5000024));
#4435 = ( GEOMETRIC_REPRESENTATION_CONTEXT(2) 
PARAMETRIC_REPRESENTATION_CONTEXT() REPRESENTATION_CONTEXT('2D SPACE',''
  ) );
#4436 = PCURVE('',#881,#4437);
#4437 = DEFINITIONAL_REPRESENTATION('',(#4438),#4441);
#4438 = B_SPLINE_CURVE_WITH_KNOTS('',1,(#4439,#4440),.UNSPECIFIED.,.F.,
  .F.,(2,2),(-2.399999999625E-06,27.5000024),.PIECEWISE_BEZIER_KNOTS.);
#4439 = CARTESIAN_POINT('',(-2.399999999625E-06,-29.46410161513));
#4440 = CARTESIAN_POINT('',(27.5000024,-29.46410161513));
#4441 = ( GEOMETRIC_REPRESENTATION_CONTEXT(2) 
PARAMETRIC_REPRESENTATION_CONTEXT() REPRESENTATION_CONTEXT('2D SPACE',''
  ) );
#4442 = ORIENTED_EDGE('',*,*,#4443,.T.);
#4443 = EDGE_CURVE('',#4423,#4376,#4444,.T.);
#4444 = SURFACE_CURVE('',#4445,(#4488,#4534),.PCURVE_S1.);
#4445 = B_SPLINE_CURVE_WITH_KNOTS('',6,(#4446,#4447,#4448,#4449,#4450,
    #4451,#4452,#4453,#4454,#4455,#4456,#4457,#4458,#4459,#4460,#4461,
    #4462,#4463,#4464,#4465,#4466,#4467,#4468,#4469,#4470,#4471,#4472,
    #4473,#4474,#4475,#4476,#4477,#4478,#4479,#4480,#4481,#4482,#4483,
    #4484,#4485,#4486,#4487),.UNSPECIFIED.,.F.,.F.,(7,5,5,5,5,5,5,5,7),(
    0.,0.236914353837,0.321204074545,0.368854504016,0.469090959404,
    0.570275966424,0.61984637096,0.710188233715,1.),.UNSPECIFIED.);
#4446 = CARTESIAN_POINT('',(-225.5,-5.535898384862,42.658966703187));
#4447 = CARTESIAN_POINT('',(-225.7532833843,-5.682131614992,
    42.648503438217));
#4448 = CARTESIAN_POINT('',(-225.9987544678,-5.853484424871,
    42.63391537016));
#4449 = CARTESIAN_POINT('',(-226.2345014219,-6.051059589972,
    42.614601501357));
#4450 = CARTESIAN_POINT('',(-226.4572985102,-6.275929431149,
    42.589781238831));
#4451 = CARTESIAN_POINT('',(-226.662854977,-6.528535758497,
    42.558522300263));
#4452 = CARTESIAN_POINT('',(-226.9112382363,-6.907727610544,
    42.506191623812));
#4453 = CARTESIAN_POINT('',(-226.9735642908,-7.01062443658,
    42.491535289183));
#4454 = CARTESIAN_POINT('',(-227.0327927428,-7.11684937683,
    42.475919904258));
#4455 = CARTESIAN_POINT('',(-227.0886608982,-7.22630056369,
    42.459314471104));
#4456 = CARTESIAN_POINT('',(-227.1408993698,-7.33882505611,
    42.441696977138));
#4457 = CARTESIAN_POINT('',(-227.2165750704,-7.519435458577,
    42.412522870212));
#4458 = CARTESIAN_POINT('',(-227.242661248,-7.585576459352,
    42.401660547316));
#4459 = CARTESIAN_POINT('',(-227.2674554686,-7.652591147979,
    42.390470832803));
#4460 = CARTESIAN_POINT('',(-227.2909110335,-7.720434072224,
    42.378953754757));
#4461 = CARTESIAN_POINT('',(-227.3129833286,-7.789053266111,
    42.367111074343));
#4462 = CARTESIAN_POINT('',(-227.3770646813,-8.004244250156,
    42.32935778616));
#4463 = CARTESIAN_POINT('',(-227.4142001828,-8.153294495258,
    42.302341290516));
#4464 = CARTESIAN_POINT('',(-227.4446384694,-8.304953857217,
    42.273938983224));
#4465 = CARTESIAN_POINT('',(-227.4680706696,-8.458561609878,
    42.244223786276));
#4466 = CARTESIAN_POINT('',(-227.48430611,-8.613379450685,
    42.213307622791));
#4467 = CARTESIAN_POINT('',(-227.5023799186,-8.925265542025,
    42.149088605277));
#4468 = CARTESIAN_POINT('',(-227.5040826744,-9.082378106734,
    42.115758358722));
#4469 = CARTESIAN_POINT('',(-227.4983607812,-9.239083962618,
    42.081520826601));
#4470 = CARTESIAN_POINT('',(-227.4853264491,-9.394614596007,
    42.046554760126));
#4471 = CARTESIAN_POINT('',(-227.4652195578,-9.548272533503,
    42.011050206049));
#4472 = CARTESIAN_POINT('',(-227.4252241439,-9.773480430752,
    41.957641932481));
#4473 = CARTESIAN_POINT('',(-227.4104552276,-9.846936966325,
    41.939997099378));
#4474 = CARTESIAN_POINT('',(-227.3941068149,-9.919729208311,
    41.922290722871));
#4475 = CARTESIAN_POINT('',(-227.3762216185,-9.991795469426,
    41.904544069653));
#4476 = CARTESIAN_POINT('',(-227.3568453497,-10.06308119488,
    41.886777605388));
#4477 = CARTESIAN_POINT('',(-227.2980811155,-10.26194618937,
    41.836631034803));
#4478 = CARTESIAN_POINT('',(-227.2553418591,-10.38760063298,
    41.804250556936));
#4479 = CARTESIAN_POINT('',(-227.2080942411,-10.51021620693,
    41.771986525373));
#4480 = CARTESIAN_POINT('',(-227.1566389314,-10.62958325152,
    41.739944071426));
#4481 = CARTESIAN_POINT('',(-227.1012735359,-10.74555462323,
    41.708215520629));
#4482 = CARTESIAN_POINT('',(-226.8530129244,-11.21885501935,
    41.576355490279));
#4483 = CARTESIAN_POINT('',(-226.6267308083,-11.54303682337,
    41.48006367503));
#4484 = CARTESIAN_POINT('',(-226.3721141233,-11.82905802599,
    41.390174188916));
#4485 = CARTESIAN_POINT('',(-226.0962428276,-12.07702680786,
    41.308277586139));
#4486 = CARTESIAN_POINT('',(-225.8045311923,-12.28828044924,
    41.235180250769));
#4487 = CARTESIAN_POINT('',(-225.5,-12.46410161513,41.171346614346));
#4488 = PCURVE('',#853,#4489);
#4489 = DEFINITIONAL_REPRESENTATION('',(#4490),#4533);
#4490 = B_SPLINE_CURVE_WITH_KNOTS('',6,(#4491,#4492,#4493,#4494,#4495,
    #4496,#4497,#4498,#4499,#4500,#4501,#4502,#4503,#4504,#4505,#4506,
    #4507,#4508,#4509,#4510,#4511,#4512,#4513,#4514,#4515,#4516,#4517,
    #4518,#4519,#4520,#4521,#4522,#4523,#4524,#4525,#4526,#4527,#4528,
    #4529,#4530,#4531,#4532),.UNSPECIFIED.,.F.,.F.,(7,5,5,5,5,5,5,5,7),(
    0.,0.236914353837,0.321204074545,0.368854504016,0.469090959404,
    0.570275966424,0.61984637096,0.710188233715,1.),.UNSPECIFIED.);
#4491 = CARTESIAN_POINT('',(2.094395102393,24.658966703187));
#4492 = CARTESIAN_POINT('',(2.167511717458,24.648503438217));
#4493 = CARTESIAN_POINT('',(2.242076961063,24.63391537016));
#4494 = CARTESIAN_POINT('',(2.31851766946,24.614601501357));
#4495 = CARTESIAN_POINT('',(2.397115086238,24.589781238831));
#4496 = CARTESIAN_POINT('',(2.478100830072,24.558522300263));
#4497 = CARTESIAN_POINT('',(2.591425778821,24.506191623812));
#4498 = CARTESIAN_POINT('',(2.62148229268,24.491535289183));
#4499 = CARTESIAN_POINT('',(2.651857700083,24.475919904258));
#4500 = CARTESIAN_POINT('',(2.682547401808,24.459314471104));
#4501 = CARTESIAN_POINT('',(2.713539884785,24.441696977138));
#4502 = CARTESIAN_POINT('',(2.762495814671,24.412522870212));
#4503 = CARTESIAN_POINT('',(2.780266700326,24.401660547316));
#4504 = CARTESIAN_POINT('',(2.79812416331,24.390470832803));
#4505 = CARTESIAN_POINT('',(2.816063682147,24.378953754757));
#4506 = CARTESIAN_POINT('',(2.834079844596,24.367111074343));
#4507 = CARTESIAN_POINT('',(2.890212265804,24.32935778616));
#4508 = CARTESIAN_POINT('',(2.928574716796,24.302341290516));
#4509 = CARTESIAN_POINT('',(2.967183293972,24.273938983224));
#4510 = CARTESIAN_POINT('',(3.005965716656,24.244223786276));
#4511 = CARTESIAN_POINT('',(3.04484009734,24.213307622791));
#4512 = CARTESIAN_POINT('',(3.122942432664,24.149088605277));
#4513 = CARTESIAN_POINT('',(3.162179332759,24.115758358722));
#4514 = CARTESIAN_POINT('',(3.201316382758,24.081520826601));
#4515 = CARTESIAN_POINT('',(3.240271305837,24.046554760126));
#4516 = CARTESIAN_POINT('',(3.278973023036,24.011050206049));
#4517 = CARTESIAN_POINT('',(3.336155969642,23.957641932481));
#4518 = CARTESIAN_POINT('',(3.354882793218,23.939997099378));
#4519 = CARTESIAN_POINT('',(3.37352712052,23.922290722871));
#4520 = CARTESIAN_POINT('',(3.392083366493,23.904544069653));
#4521 = CARTESIAN_POINT('',(3.410546968131,23.886777605388));
#4522 = CARTESIAN_POINT('',(3.462388385728,23.836631034803));
#4523 = CARTESIAN_POINT('',(3.495542109462,23.804250556936));
#4524 = CARTESIAN_POINT('',(3.528354332508,23.771986525373));
#4525 = CARTESIAN_POINT('',(3.560814126557,23.739944071426));
#4526 = CARTESIAN_POINT('',(3.592918748909,23.708215520629));
#4527 = CARTESIAN_POINT('',(3.726533539497,23.576355490279));
#4528 = CARTESIAN_POINT('',(3.824583231044,23.48006367503));
#4529 = CARTESIAN_POINT('',(3.919371888,23.390174188916));
#4530 = CARTESIAN_POINT('',(4.011314629264,23.308277586139));
#4531 = CARTESIAN_POINT('',(4.100879621841,23.235180250769));
#4532 = CARTESIAN_POINT('',(4.188790204786,23.171346614346));
#4533 = ( GEOMETRIC_REPRESENTATION_CONTEXT(2) 
PARAMETRIC_REPRESENTATION_CONTEXT() REPRESENTATION_CONTEXT('2D SPACE',''
  ) );
#4534 = PCURVE('',#4286,#4535);
#4535 = DEFINITIONAL_REPRESENTATION('',(#4536),#4579);
#4536 = B_SPLINE_CURVE_WITH_KNOTS('',6,(#4537,#4538,#4539,#4540,#4541,
    #4542,#4543,#4544,#4545,#4546,#4547,#4548,#4549,#4550,#4551,#4552,
    #4553,#4554,#4555,#4556,#4557,#4558,#4559,#4560,#4561,#4562,#4563,
    #4564,#4565,#4566,#4567,#4568,#4569,#4570,#4571,#4572,#4573,#4574,
    #4575,#4576,#4577,#4578),.UNSPECIFIED.,.F.,.F.,(7,5,5,5,5,5,5,5,7),(
    0.,0.236914353837,0.321204074545,0.368854504016,0.469090959404,
    0.570275966424,0.61984637096,0.710188233715,1.),.UNSPECIFIED.);
#4537 = CARTESIAN_POINT('',(-3.270642494105,-36.5));
#4538 = CARTESIAN_POINT('',(-3.274044984218,-36.24671661566));
#4539 = CARTESIAN_POINT('',(-3.27803730521,-36.00124553215));
#4540 = CARTESIAN_POINT('',(-3.282646324814,-35.76549857805));
#4541 = CARTESIAN_POINT('',(-3.287898902959,-35.54270148973));
#4542 = CARTESIAN_POINT('',(-3.293808291989,-35.33714502292));
#4543 = CARTESIAN_POINT('',(-3.302695486476,-35.08876176365));
#4544 = CARTESIAN_POINT('',(-3.305108491566,-35.02643570919));
#4545 = CARTESIAN_POINT('',(-3.307601078239,-34.96720725717));
#4546 = CARTESIAN_POINT('',(-3.310171067247,-34.91133910171));
#4547 = CARTESIAN_POINT('',(-3.312815092124,-34.85910063016));
#4548 = CARTESIAN_POINT('',(-3.317062165727,-34.78342492959));
#4549 = CARTESIAN_POINT('',(-3.318618118117,-34.75733875193));
#4550 = CARTESIAN_POINT('',(-3.320195296915,-34.73254453132));
#4551 = CARTESIAN_POINT('',(-3.321792675625,-34.70908896648));
#4552 = CARTESIAN_POINT('',(-3.32340907362,-34.68701667133));
#4553 = CARTESIAN_POINT('',(-3.328480531309,-34.62293531869));
#4554 = CARTESIAN_POINT('',(-3.331996628813,-34.58579981719));
#4555 = CARTESIAN_POINT('',(-3.335578004345,-34.55536153055));
#4556 = CARTESIAN_POINT('',(-3.339209442434,-34.53192933032));
#4557 = CARTESIAN_POINT('',(-3.342873809007,-34.51569388992));
#4558 = CARTESIAN_POINT('',(-3.350264835592,-34.49762008133));
#4559 = CARTESIAN_POINT('',(-3.353992630377,-34.49591732553));
#4560 = CARTESIAN_POINT('',(-3.357715593973,-34.50163921876));
#4561 = CARTESIAN_POINT('',(-3.361415609642,-34.51467355089));
#4562 = CARTESIAN_POINT('',(-3.365076103319,-34.53478044213));
#4563 = CARTESIAN_POINT('',(-3.370448514533,-34.57477585608));
#4564 = CARTESIAN_POINT('',(-3.372202061847,-34.58954477236));
#4565 = CARTESIAN_POINT('',(-3.373940969567,-34.605893185));
#4566 = CARTESIAN_POINT('',(-3.375663749138,-34.62377838148));
#4567 = CARTESIAN_POINT('',(-3.377369075644,-34.64315465021));
#4568 = CARTESIAN_POINT('',(-3.382129775164,-34.7019188844));
#4569 = CARTESIAN_POINT('',(-3.38514187292,-34.74465814089));
#4570 = CARTESIAN_POINT('',(-3.388085083228,-34.79190575889));
#4571 = CARTESIAN_POINT('',(-3.390954174807,-34.84336106857));
#4572 = CARTESIAN_POINT('',(-3.393745375257,-34.898726464));
#4573 = CARTESIAN_POINT('',(-3.405151860759,-35.14698707558));
#4574 = CARTESIAN_POINT('',(-3.41300264095,-35.37326919167));
#4575 = CARTESIAN_POINT('',(-3.419963331425,-35.62788587665));
#4576 = CARTESIAN_POINT('',(-3.426026699638,-35.90375717232));
#4577 = CARTESIAN_POINT('',(-3.431216907447,-36.19546880763));
#4578 = CARTESIAN_POINT('',(-3.435558821172,-36.5));
#4579 = ( GEOMETRIC_REPRESENTATION_CONTEXT(2) 
PARAMETRIC_REPRESENTATION_CONTEXT() REPRESENTATION_CONTEXT('2D SPACE',''
  ) );
#4580 = ORIENTED_EDGE('',*,*,#4399,.T.);
#4581 = ADVANCED_FACE('',(#4582),#881,.F.);
#4582 = FACE_BOUND('',#4583,.F.);
#4583 = EDGE_LOOP('',(#4584,#4585,#4586,#4610));
#4584 = ORIENTED_EDGE('',*,*,#865,.F.);
#4585 = ORIENTED_EDGE('',*,*,#4422,.F.);
#4586 = ORIENTED_EDGE('',*,*,#4587,.F.);
#4587 = EDGE_CURVE('',#4588,#4423,#4590,.T.);
#4588 = VERTEX_POINT('',#4589);
#4589 = CARTESIAN_POINT('',(-225.5,5.535898384862,42.658966703187));
#4590 = SURFACE_CURVE('',#4591,(#4596,#4603),.PCURVE_S1.);
#4591 = CIRCLE('',#4592,43.016666666667);
#4592 = AXIS2_PLACEMENT_3D('',#4593,#4594,#4595);
#4593 = CARTESIAN_POINT('',(-225.5,0.,-1.565414464721E-14));
#4594 = DIRECTION('',(1.,0.,2.22044604925E-16));
#4595 = DIRECTION('',(2.22044604925E-16,0.,-1.));
#4596 = PCURVE('',#881,#4597);
#4597 = DEFINITIONAL_REPRESENTATION('',(#4598),#4602);
#4598 = CIRCLE('',#4599,43.016666666667);
#4599 = AXIS2_PLACEMENT_2D('',#4600,#4601);
#4600 = CARTESIAN_POINT('',(-18.,-35.));
#4601 = DIRECTION('',(-1.,0.));
#4602 = ( GEOMETRIC_REPRESENTATION_CONTEXT(2) 
PARAMETRIC_REPRESENTATION_CONTEXT() REPRESENTATION_CONTEXT('2D SPACE',''
  ) );
#4603 = PCURVE('',#4286,#4604);
#4604 = DEFINITIONAL_REPRESENTATION('',(#4605),#4609);
#4605 = LINE('',#4606,#4607);
#4606 = CARTESIAN_POINT('',(-0.,-36.5));
#4607 = VECTOR('',#4608,1.);
#4608 = DIRECTION('',(-1.,-0.));
#4609 = ( GEOMETRIC_REPRESENTATION_CONTEXT(2) 
PARAMETRIC_REPRESENTATION_CONTEXT() REPRESENTATION_CONTEXT('2D SPACE',''
  ) );
#4610 = ORIENTED_EDGE('',*,*,#4611,.T.);
#4611 = EDGE_CURVE('',#4588,#866,#4612,.T.);
#4612 = SURFACE_CURVE('',#4613,(#4617,#4623),.PCURVE_S1.);
#4613 = LINE('',#4614,#4615);
#4614 = CARTESIAN_POINT('',(-225.5,5.535898384862,18.));
#4615 = VECTOR('',#4616,1.);
#4616 = DIRECTION('',(0.,0.,1.));
#4617 = PCURVE('',#881,#4618);
#4618 = DEFINITIONAL_REPRESENTATION('',(#4619),#4622);
#4619 = B_SPLINE_CURVE_WITH_KNOTS('',1,(#4620,#4621),.UNSPECIFIED.,.F.,
  .F.,(2,2),(-2.399999999625E-06,27.5000024),.PIECEWISE_BEZIER_KNOTS.);
#4620 = CARTESIAN_POINT('',(-2.399999999625E-06,-40.53589838486));
#4621 = CARTESIAN_POINT('',(27.5000024,-40.53589838486));
#4622 = ( GEOMETRIC_REPRESENTATION_CONTEXT(2) 
PARAMETRIC_REPRESENTATION_CONTEXT() REPRESENTATION_CONTEXT('2D SPACE',''
  ) );
#4623 = PCURVE('',#910,#4624);
#4624 = DEFINITIONAL_REPRESENTATION('',(#4625),#4628);
#4625 = B_SPLINE_CURVE_WITH_KNOTS('',1,(#4626,#4627),.UNSPECIFIED.,.F.,
  .F.,(2,2),(-2.399999999625E-06,27.5000024),.PIECEWISE_BEZIER_KNOTS.);
#4626 = CARTESIAN_POINT('',(4.188790204786,-2.399999999625E-06));
#4627 = CARTESIAN_POINT('',(4.188790204786,27.5000024));
#4628 = ( GEOMETRIC_REPRESENTATION_CONTEXT(2) 
PARAMETRIC_REPRESENTATION_CONTEXT() REPRESENTATION_CONTEXT('2D SPACE',''
  ) );
#4629 = ADVANCED_FACE('',(#4630),#910,.T.);
#4630 = FACE_BOUND('',#4631,.T.);
#4631 = EDGE_LOOP('',(#4632,#4633,#4654,#4792));
#4632 = ORIENTED_EDGE('',*,*,#893,.F.);
#4633 = ORIENTED_EDGE('',*,*,#4634,.F.);
#4634 = EDGE_CURVE('',#4635,#894,#4637,.T.);
#4635 = VERTEX_POINT('',#4636);
#4636 = CARTESIAN_POINT('',(-225.5,12.464101615138,41.171346614346));
#4637 = SURFACE_CURVE('',#4638,(#4642,#4648),.PCURVE_S1.);
#4638 = LINE('',#4639,#4640);
#4639 = CARTESIAN_POINT('',(-225.5,12.464101615138,18.));
#4640 = VECTOR('',#4641,1.);
#4641 = DIRECTION('',(0.,0.,1.));
#4642 = PCURVE('',#910,#4643);
#4643 = DEFINITIONAL_REPRESENTATION('',(#4644),#4647);
#4644 = B_SPLINE_CURVE_WITH_KNOTS('',1,(#4645,#4646),.UNSPECIFIED.,.F.,
  .F.,(2,2),(-2.399999999625E-06,27.5000024),.PIECEWISE_BEZIER_KNOTS.);
#4645 = CARTESIAN_POINT('',(2.094395102393,-2.399999999625E-06));
#4646 = CARTESIAN_POINT('',(2.094395102393,27.5000024));
#4647 = ( GEOMETRIC_REPRESENTATION_CONTEXT(2) 
PARAMETRIC_REPRESENTATION_CONTEXT() REPRESENTATION_CONTEXT('2D SPACE',''
  ) );
#4648 = PCURVE('',#938,#4649);
#4649 = DEFINITIONAL_REPRESENTATION('',(#4650),#4653);
#4650 = B_SPLINE_CURVE_WITH_KNOTS('',1,(#4651,#4652),.UNSPECIFIED.,.F.,
  .F.,(2,2),(-2.399999999625E-06,27.5000024),.PIECEWISE_BEZIER_KNOTS.);
#4651 = CARTESIAN_POINT('',(-2.399999999625E-06,-47.46410161513));
#4652 = CARTESIAN_POINT('',(27.5000024,-47.46410161513));
#4653 = ( GEOMETRIC_REPRESENTATION_CONTEXT(2) 
PARAMETRIC_REPRESENTATION_CONTEXT() REPRESENTATION_CONTEXT('2D SPACE',''
  ) );
#4654 = ORIENTED_EDGE('',*,*,#4655,.T.);
#4655 = EDGE_CURVE('',#4635,#4588,#4656,.T.);
#4656 = SURFACE_CURVE('',#4657,(#4700,#4746),.PCURVE_S1.);
#4657 = B_SPLINE_CURVE_WITH_KNOTS('',6,(#4658,#4659,#4660,#4661,#4662,
    #4663,#4664,#4665,#4666,#4667,#4668,#4669,#4670,#4671,#4672,#4673,
    #4674,#4675,#4676,#4677,#4678,#4679,#4680,#4681,#4682,#4683,#4684,
    #4685,#4686,#4687,#4688,#4689,#4690,#4691,#4692,#4693,#4694,#4695,
    #4696,#4697,#4698,#4699),.UNSPECIFIED.,.F.,.F.,(7,5,5,5,5,5,5,5,7),(
    0.,0.289811766285,0.38015362904,0.429724033576,0.530909040597,
    0.631145495985,0.678795925455,0.763085646163,1.),.UNSPECIFIED.);
#4658 = CARTESIAN_POINT('',(-225.5,12.464101615138,41.171346614346));
#4659 = CARTESIAN_POINT('',(-225.8045311923,12.288280449248,
    41.235180250769));
#4660 = CARTESIAN_POINT('',(-226.0962428276,12.077026807865,
    41.308277586139));
#4661 = CARTESIAN_POINT('',(-226.3721141233,11.829058025997,
    41.390174188916));
#4662 = CARTESIAN_POINT('',(-226.6267308083,11.543036823371,
    41.48006367503));
#4663 = CARTESIAN_POINT('',(-226.8530129244,11.218855019352,
    41.576355490279));
#4664 = CARTESIAN_POINT('',(-227.1012735359,10.745554623238,
    41.708215520629));
#4665 = CARTESIAN_POINT('',(-227.1566389314,10.629583251523,
    41.739944071426));
#4666 = CARTESIAN_POINT('',(-227.2080942411,10.51021620693,
    41.771986525373));
#4667 = CARTESIAN_POINT('',(-227.2553418591,10.387600632989,
    41.804250556936));
#4668 = CARTESIAN_POINT('',(-227.2980811155,10.261946189379,
    41.836631034803));
#4669 = CARTESIAN_POINT('',(-227.3568453497,10.063081194883,
    41.886777605388));
#4670 = CARTESIAN_POINT('',(-227.3762216185,9.991795469425,
    41.904544069653));
#4671 = CARTESIAN_POINT('',(-227.3941068149,9.919729208311,
    41.922290722871));
#4672 = CARTESIAN_POINT('',(-227.4104552276,9.846936966325,
    41.939997099378));
#4673 = CARTESIAN_POINT('',(-227.4252241439,9.773480430752,
    41.957641932481));
#4674 = CARTESIAN_POINT('',(-227.4652195578,9.548272533502,
    42.011050206049));
#4675 = CARTESIAN_POINT('',(-227.4853264491,9.394614596007,
    42.046554760126));
#4676 = CARTESIAN_POINT('',(-227.4983607812,9.239083962618,
    42.081520826601));
#4677 = CARTESIAN_POINT('',(-227.5040826744,9.082378106734,
    42.115758358722));
#4678 = CARTESIAN_POINT('',(-227.5023799186,8.925265542025,
    42.149088605277));
#4679 = CARTESIAN_POINT('',(-227.48430611,8.613379450685,42.213307622791
    ));
#4680 = CARTESIAN_POINT('',(-227.4680706696,8.458561609878,
    42.244223786277));
#4681 = CARTESIAN_POINT('',(-227.4446384694,8.304953857217,
    42.273938983224));
#4682 = CARTESIAN_POINT('',(-227.4142001828,8.153294495258,
    42.302341290516));
#4683 = CARTESIAN_POINT('',(-227.3770646813,8.004244250156,
    42.32935778616));
#4684 = CARTESIAN_POINT('',(-227.3129833286,7.78905326611,
    42.367111074343));
#4685 = CARTESIAN_POINT('',(-227.2909110335,7.720434072223,
    42.378953754757));
#4686 = CARTESIAN_POINT('',(-227.2674554686,7.652591147979,
    42.390470832803));
#4687 = CARTESIAN_POINT('',(-227.242661248,7.585576459351,
    42.401660547316));
#4688 = CARTESIAN_POINT('',(-227.2165750704,7.519435458577,
    42.412522870212));
#4689 = CARTESIAN_POINT('',(-227.1408993698,7.33882505611,
    42.441696977138));
#4690 = CARTESIAN_POINT('',(-227.0886608982,7.226300563689,
    42.459314471104));
#4691 = CARTESIAN_POINT('',(-227.0327927428,7.116849376829,
    42.475919904258));
#4692 = CARTESIAN_POINT('',(-226.9735642908,7.01062443658,
    42.491535289183));
#4693 = CARTESIAN_POINT('',(-226.9112382363,6.907727610544,
    42.506191623812));
#4694 = CARTESIAN_POINT('',(-226.662854977,6.528535758497,
    42.558522300263));
#4695 = CARTESIAN_POINT('',(-226.4572985102,6.275929431149,
    42.589781238831));
#4696 = CARTESIAN_POINT('',(-226.2345014219,6.051059589972,
    42.614601501357));
#4697 = CARTESIAN_POINT('',(-225.9987544678,5.853484424871,
    42.63391537016));
#4698 = CARTESIAN_POINT('',(-225.7532833843,5.682131614992,
    42.648503438217));
#4699 = CARTESIAN_POINT('',(-225.5,5.535898384862,42.658966703187));
#4700 = PCURVE('',#910,#4701);
#4701 = DEFINITIONAL_REPRESENTATION('',(#4702),#4745);
#4702 = B_SPLINE_CURVE_WITH_KNOTS('',6,(#4703,#4704,#4705,#4706,#4707,
    #4708,#4709,#4710,#4711,#4712,#4713,#4714,#4715,#4716,#4717,#4718,
    #4719,#4720,#4721,#4722,#4723,#4724,#4725,#4726,#4727,#4728,#4729,
    #4730,#4731,#4732,#4733,#4734,#4735,#4736,#4737,#4738,#4739,#4740,
    #4741,#4742,#4743,#4744),.UNSPECIFIED.,.F.,.F.,(7,5,5,5,5,5,5,5,7),(
    0.,0.289811766285,0.38015362904,0.429724033576,0.530909040597,
    0.631145495985,0.678795925455,0.763085646163,1.),.UNSPECIFIED.);
#4703 = CARTESIAN_POINT('',(2.094395102393,23.171346614346));
#4704 = CARTESIAN_POINT('',(2.182305685338,23.235180250769));
#4705 = CARTESIAN_POINT('',(2.271870677915,23.308277586139));
#4706 = CARTESIAN_POINT('',(2.363813419179,23.390174188916));
#4707 = CARTESIAN_POINT('',(2.458602076136,23.48006367503));
#4708 = CARTESIAN_POINT('',(2.556651767683,23.576355490279));
#4709 = CARTESIAN_POINT('',(2.690266558271,23.708215520629));
#4710 = CARTESIAN_POINT('',(2.722371180623,23.739944071426));
#4711 = CARTESIAN_POINT('',(2.754830974671,23.771986525373));
#4712 = CARTESIAN_POINT('',(2.787643197718,23.804250556936));
#4713 = CARTESIAN_POINT('',(2.820796921451,23.836631034803));
#4714 = CARTESIAN_POINT('',(2.872638339049,23.886777605388));
#4715 = CARTESIAN_POINT('',(2.891101940687,23.904544069653));
#4716 = CARTESIAN_POINT('',(2.90965818666,23.922290722871));
#4717 = CARTESIAN_POINT('',(2.928302513961,23.939997099378));
#4718 = CARTESIAN_POINT('',(2.947029337537,23.957641932481));
#4719 = CARTESIAN_POINT('',(3.004212284143,24.011050206049));
#4720 = CARTESIAN_POINT('',(3.042914001343,24.046554760126));
#4721 = CARTESIAN_POINT('',(3.081868924421,24.081520826601));
#4722 = CARTESIAN_POINT('',(3.12100597442,24.115758358722));
#4723 = CARTESIAN_POINT('',(3.160242874516,24.149088605277));
#4724 = CARTESIAN_POINT('',(3.238345209839,24.213307622791));
#4725 = CARTESIAN_POINT('',(3.277219590523,24.244223786277));
#4726 = CARTESIAN_POINT('',(3.316002013208,24.273938983224));
#4727 = CARTESIAN_POINT('',(3.354610590384,24.302341290516));
#4728 = CARTESIAN_POINT('',(3.392973041375,24.32935778616));
#4729 = CARTESIAN_POINT('',(3.449105462584,24.367111074343));
#4730 = CARTESIAN_POINT('',(3.467121625032,24.378953754757));
#4731 = CARTESIAN_POINT('',(3.48506114387,24.390470832803));
#4732 = CARTESIAN_POINT('',(3.502918606853,24.401660547316));
#4733 = CARTESIAN_POINT('',(3.520689492509,24.412522870212));
#4734 = CARTESIAN_POINT('',(3.569645422394,24.441696977138));
#4735 = CARTESIAN_POINT('',(3.600637905371,24.459314471104));
#4736 = CARTESIAN_POINT('',(3.631327607097,24.475919904258));
#4737 = CARTESIAN_POINT('',(3.6617030145,24.491535289183));
#4738 = CARTESIAN_POINT('',(3.691759528359,24.506191623812));
#4739 = CARTESIAN_POINT('',(3.805084477108,24.558522300263));
#4740 = CARTESIAN_POINT('',(3.886070220941,24.589781238831));
#4741 = CARTESIAN_POINT('',(3.964667637719,24.614601501357));
#4742 = CARTESIAN_POINT('',(4.041108346117,24.63391537016));
#4743 = CARTESIAN_POINT('',(4.115673589721,24.648503438217));
#4744 = CARTESIAN_POINT('',(4.188790204786,24.658966703187));
#4745 = ( GEOMETRIC_REPRESENTATION_CONTEXT(2) 
PARAMETRIC_REPRESENTATION_CONTEXT() REPRESENTATION_CONTEXT('2D SPACE',''
  ) );
#4746 = PCURVE('',#4286,#4747);
#4747 = DEFINITIONAL_REPRESENTATION('',(#4748),#4791);
#4748 = B_SPLINE_CURVE_WITH_KNOTS('',6,(#4749,#4750,#4751,#4752,#4753,
    #4754,#4755,#4756,#4757,#4758,#4759,#4760,#4761,#4762,#4763,#4764,
    #4765,#4766,#4767,#4768,#4769,#4770,#4771,#4772,#4773,#4774,#4775,
    #4776,#4777,#4778,#4779,#4780,#4781,#4782,#4783,#4784,#4785,#4786,
    #4787,#4788,#4789,#4790),.UNSPECIFIED.,.F.,.F.,(7,5,5,5,5,5,5,5,7),(
    0.,0.289811766285,0.38015362904,0.429724033576,0.530909040597,
    0.631145495985,0.678795925455,0.763085646163,1.),.UNSPECIFIED.);
#4749 = CARTESIAN_POINT('',(-2.847626486007,-36.5));
#4750 = CARTESIAN_POINT('',(-2.851968399733,-36.19546880763));
#4751 = CARTESIAN_POINT('',(-2.857158607541,-35.90375717232));
#4752 = CARTESIAN_POINT('',(-2.863221975754,-35.62788587665));
#4753 = CARTESIAN_POINT('',(-2.87018266623,-35.37326919167));
#4754 = CARTESIAN_POINT('',(-2.878033446421,-35.14698707558));
#4755 = CARTESIAN_POINT('',(-2.889439931923,-34.898726464));
#4756 = CARTESIAN_POINT('',(-2.892231132372,-34.84336106857));
#4757 = CARTESIAN_POINT('',(-2.895100223952,-34.79190575889));
#4758 = CARTESIAN_POINT('',(-2.89804343426,-34.74465814089));
#4759 = CARTESIAN_POINT('',(-2.901055532015,-34.7019188844));
#4760 = CARTESIAN_POINT('',(-2.905816231536,-34.64315465021));
#4761 = CARTESIAN_POINT('',(-2.907521558041,-34.62377838148));
#4762 = CARTESIAN_POINT('',(-2.909244337612,-34.605893185));
#4763 = CARTESIAN_POINT('',(-2.910983245332,-34.58954477236));
#4764 = CARTESIAN_POINT('',(-2.912736792646,-34.57477585608));
#4765 = CARTESIAN_POINT('',(-2.918109203861,-34.53478044213));
#4766 = CARTESIAN_POINT('',(-2.921769697537,-34.51467355089));
#4767 = CARTESIAN_POINT('',(-2.925469713207,-34.50163921876));
#4768 = CARTESIAN_POINT('',(-2.929192676802,-34.49591732553));
#4769 = CARTESIAN_POINT('',(-2.932920471588,-34.49762008133));
#4770 = CARTESIAN_POINT('',(-2.940311498172,-34.51569388992));
#4771 = CARTESIAN_POINT('',(-2.943975864746,-34.53192933032));
#4772 = CARTESIAN_POINT('',(-2.947607302835,-34.55536153055));
#4773 = CARTESIAN_POINT('',(-2.951188678366,-34.58579981719));
#4774 = CARTESIAN_POINT('',(-2.954704775871,-34.62293531869));
#4775 = CARTESIAN_POINT('',(-2.959776233559,-34.68701667133));
#4776 = CARTESIAN_POINT('',(-2.961392631555,-34.70908896648));
#4777 = CARTESIAN_POINT('',(-2.962990010265,-34.73254453132));
#4778 = CARTESIAN_POINT('',(-2.964567189063,-34.75733875193));
#4779 = CARTESIAN_POINT('',(-2.966123141453,-34.78342492959));
#4780 = CARTESIAN_POINT('',(-2.970370215055,-34.85910063016));
#4781 = CARTESIAN_POINT('',(-2.973014239932,-34.91133910171));
#4782 = CARTESIAN_POINT('',(-2.97558422894,-34.96720725717));
#4783 = CARTESIAN_POINT('',(-2.978076815613,-35.02643570919));
#4784 = CARTESIAN_POINT('',(-2.980489820704,-35.08876176365));
#4785 = CARTESIAN_POINT('',(-2.98937701519,-35.33714502292));
#4786 = CARTESIAN_POINT('',(-2.99528640422,-35.54270148973));
#4787 = CARTESIAN_POINT('',(-3.000538982366,-35.76549857805));
#4788 = CARTESIAN_POINT('',(-3.005148001969,-36.00124553215));
#4789 = CARTESIAN_POINT('',(-3.009140322962,-36.24671661566));
#4790 = CARTESIAN_POINT('',(-3.012542813075,-36.5));
#4791 = ( GEOMETRIC_REPRESENTATION_CONTEXT(2) 
PARAMETRIC_REPRESENTATION_CONTEXT() REPRESENTATION_CONTEXT('2D SPACE',''
  ) );
#4792 = ORIENTED_EDGE('',*,*,#4611,.T.);
#4793 = ADVANCED_FACE('',(#4794),#938,.F.);
#4794 = FACE_BOUND('',#4795,.F.);
#4795 = EDGE_LOOP('',(#4796,#4797,#4798,#4822));
#4796 = ORIENTED_EDGE('',*,*,#922,.F.);
#4797 = ORIENTED_EDGE('',*,*,#4634,.F.);
#4798 = ORIENTED_EDGE('',*,*,#4799,.F.);
#4799 = EDGE_CURVE('',#4800,#4635,#4802,.T.);
#4800 = VERTEX_POINT('',#4801);
#4801 = CARTESIAN_POINT('',(-225.5,35.,25.008670718595));
#4802 = SURFACE_CURVE('',#4803,(#4808,#4815),.PCURVE_S1.);
#4803 = CIRCLE('',#4804,43.016666666667);
#4804 = AXIS2_PLACEMENT_3D('',#4805,#4806,#4807);
#4805 = CARTESIAN_POINT('',(-225.5,0.,-1.565414464721E-14));
#4806 = DIRECTION('',(1.,0.,2.22044604925E-16));
#4807 = DIRECTION('',(2.22044604925E-16,0.,-1.));
#4808 = PCURVE('',#938,#4809);
#4809 = DEFINITIONAL_REPRESENTATION('',(#4810),#4814);
#4810 = CIRCLE('',#4811,43.016666666667);
#4811 = AXIS2_PLACEMENT_2D('',#4812,#4813);
#4812 = CARTESIAN_POINT('',(-18.,-35.));
#4813 = DIRECTION('',(-1.,0.));
#4814 = ( GEOMETRIC_REPRESENTATION_CONTEXT(2) 
PARAMETRIC_REPRESENTATION_CONTEXT() REPRESENTATION_CONTEXT('2D SPACE',''
  ) );
#4815 = PCURVE('',#4286,#4816);
#4816 = DEFINITIONAL_REPRESENTATION('',(#4817),#4821);
#4817 = LINE('',#4818,#4819);
#4818 = CARTESIAN_POINT('',(-0.,-36.5));
#4819 = VECTOR('',#4820,1.);
#4820 = DIRECTION('',(-1.,-0.));
#4821 = ( GEOMETRIC_REPRESENTATION_CONTEXT(2) 
PARAMETRIC_REPRESENTATION_CONTEXT() REPRESENTATION_CONTEXT('2D SPACE',''
  ) );
#4822 = ORIENTED_EDGE('',*,*,#4823,.T.);
#4823 = EDGE_CURVE('',#4800,#923,#4824,.T.);
#4824 = SURFACE_CURVE('',#4825,(#4829,#4836),.PCURVE_S1.);
#4825 = LINE('',#4826,#4827);
#4826 = CARTESIAN_POINT('',(-225.5,35.,18.));
#4827 = VECTOR('',#4828,1.);
#4828 = DIRECTION('',(0.,0.,1.));
#4829 = PCURVE('',#938,#4830);
#4830 = DEFINITIONAL_REPRESENTATION('',(#4831),#4835);
#4831 = LINE('',#4832,#4833);
#4832 = CARTESIAN_POINT('',(0.,-70.));
#4833 = VECTOR('',#4834,1.);
#4834 = DIRECTION('',(1.,0.));
#4835 = ( GEOMETRIC_REPRESENTATION_CONTEXT(2) 
PARAMETRIC_REPRESENTATION_CONTEXT() REPRESENTATION_CONTEXT('2D SPACE',''
  ) );
#4836 = PCURVE('',#966,#4837);
#4837 = DEFINITIONAL_REPRESENTATION('',(#4838),#4842);
#4838 = LINE('',#4839,#4840);
#4839 = CARTESIAN_POINT('',(0.,0.));
#4840 = VECTOR('',#4841,1.);
#4841 = DIRECTION('',(1.,0.));
#4842 = ( GEOMETRIC_REPRESENTATION_CONTEXT(2) 
PARAMETRIC_REPRESENTATION_CONTEXT() REPRESENTATION_CONTEXT('2D SPACE',''
  ) );
#4843 = ADVANCED_FACE('',(#4844),#966,.T.);
#4844 = FACE_BOUND('',#4845,.T.);
#4845 = EDGE_LOOP('',(#4846,#4869,#4894,#4895));
#4846 = ORIENTED_EDGE('',*,*,#4847,.F.);
#4847 = EDGE_CURVE('',#4848,#951,#4850,.T.);
#4848 = VERTEX_POINT('',#4849);
#4849 = CARTESIAN_POINT('',(-221.5,35.,24.778625421475));
#4850 = SURFACE_CURVE('',#4851,(#4855,#4862),.PCURVE_S1.);
#4851 = LINE('',#4852,#4853);
#4852 = CARTESIAN_POINT('',(-221.5,35.,18.));
#4853 = VECTOR('',#4854,1.);
#4854 = DIRECTION('',(0.,0.,1.));
#4855 = PCURVE('',#966,#4856);
#4856 = DEFINITIONAL_REPRESENTATION('',(#4857),#4861);
#4857 = LINE('',#4858,#4859);
#4858 = CARTESIAN_POINT('',(0.,4.));
#4859 = VECTOR('',#4860,1.);
#4860 = DIRECTION('',(1.,0.));
#4861 = ( GEOMETRIC_REPRESENTATION_CONTEXT(2) 
PARAMETRIC_REPRESENTATION_CONTEXT() REPRESENTATION_CONTEXT('2D SPACE',''
  ) );
#4862 = PCURVE('',#994,#4863);
#4863 = DEFINITIONAL_REPRESENTATION('',(#4864),#4868);
#4864 = LINE('',#4865,#4866);
#4865 = CARTESIAN_POINT('',(0.,-70.));
#4866 = VECTOR('',#4867,1.);
#4867 = DIRECTION('',(1.,0.));
#4868 = ( GEOMETRIC_REPRESENTATION_CONTEXT(2) 
PARAMETRIC_REPRESENTATION_CONTEXT() REPRESENTATION_CONTEXT('2D SPACE',''
  ) );
#4869 = ORIENTED_EDGE('',*,*,#4870,.T.);
#4870 = EDGE_CURVE('',#4848,#4800,#4871,.T.);
#4871 = SURFACE_CURVE('',#4872,(#4877,#4884),.PCURVE_S1.);
#4872 = HYPERBOLA('',#4873,1.05E+03,35.);
#4873 = AXIS2_PLACEMENT_3D('',#4874,#4875,#4876);
#4874 = CARTESIAN_POINT('',(1.065E+03,35.,2.708944180085E-13));
#4875 = DIRECTION('',(0.,1.,0.));
#4876 = DIRECTION('',(-1.,0.,-2.22044604925E-16));
#4877 = PCURVE('',#966,#4878);
#4878 = DEFINITIONAL_REPRESENTATION('',(#4879),#4883);
#4879 = ( BOUNDED_CURVE() B_SPLINE_CURVE(2,(#4880,#4881,#4882),
.UNSPECIFIED.,.F.,.F.) B_SPLINE_CURVE_WITH_KNOTS((3,3),(0.658637702465,
0.66506508705),.PIECEWISE_BEZIER_KNOTS.) CURVE() 
GEOMETRIC_REPRESENTATION_ITEM() RATIONAL_B_SPLINE_CURVE((1.,
1.000005163914,1.)) REPRESENTATION_ITEM('') );
#4880 = CARTESIAN_POINT('',(6.755542813681,4.4));
#4881 = CARTESIAN_POINT('',(6.893313327987,2.01330730207));
#4882 = CARTESIAN_POINT('',(7.031598031288,-0.4));
#4883 = ( GEOMETRIC_REPRESENTATION_CONTEXT(2) 
PARAMETRIC_REPRESENTATION_CONTEXT() REPRESENTATION_CONTEXT('2D SPACE',''
  ) );
#4884 = PCURVE('',#4286,#4885);
#4885 = DEFINITIONAL_REPRESENTATION('',(#4886),#4893);
#4886 = B_SPLINE_CURVE_WITH_KNOTS('',5,(#4887,#4888,#4889,#4890,#4891,
    #4892),.UNSPECIFIED.,.F.,.F.,(6,6),(0.658637702465,0.66506508705),
  .PIECEWISE_BEZIER_KNOTS.);
#4887 = CARTESIAN_POINT('',(-2.186405651625,-40.9));
#4888 = CARTESIAN_POINT('',(-2.187455142926,-39.94531963425));
#4889 = CARTESIAN_POINT('',(-2.188503660423,-38.98798274711));
#4890 = CARTESIAN_POINT('',(-2.18955120291,-38.02798605201));
#4891 = CARTESIAN_POINT('',(-2.190597769206,-37.06532624405));
#4892 = CARTESIAN_POINT('',(-2.191643358146,-36.1));
#4893 = ( GEOMETRIC_REPRESENTATION_CONTEXT(2) 
PARAMETRIC_REPRESENTATION_CONTEXT() REPRESENTATION_CONTEXT('2D SPACE',''
  ) );
#4894 = ORIENTED_EDGE('',*,*,#4823,.T.);
#4895 = ORIENTED_EDGE('',*,*,#950,.T.);
#4896 = ADVANCED_FACE('',(#4897),#994,.T.);
#4897 = FACE_BOUND('',#4898,.T.);
#4898 = EDGE_LOOP('',(#4899,#4900,#4921,#4943));
#4899 = ORIENTED_EDGE('',*,*,#978,.F.);
#4900 = ORIENTED_EDGE('',*,*,#4901,.F.);
#4901 = EDGE_CURVE('',#4902,#979,#4904,.T.);
#4902 = VERTEX_POINT('',#4903);
#4903 = CARTESIAN_POINT('',(-221.5,12.464101615138,41.032017360901));
#4904 = SURFACE_CURVE('',#4905,(#4909,#4915),.PCURVE_S1.);
#4905 = LINE('',#4906,#4907);
#4906 = CARTESIAN_POINT('',(-221.5,12.464101615138,18.));
#4907 = VECTOR('',#4908,1.);
#4908 = DIRECTION('',(0.,0.,1.));
#4909 = PCURVE('',#994,#4910);
#4910 = DEFINITIONAL_REPRESENTATION('',(#4911),#4914);
#4911 = B_SPLINE_CURVE_WITH_KNOTS('',1,(#4912,#4913),.UNSPECIFIED.,.F.,
  .F.,(2,2),(-2.399999999625E-06,27.5000024),.PIECEWISE_BEZIER_KNOTS.);
#4912 = CARTESIAN_POINT('',(-2.399999999625E-06,-47.46410161513));
#4913 = CARTESIAN_POINT('',(27.5000024,-47.46410161513));
#4914 = ( GEOMETRIC_REPRESENTATION_CONTEXT(2) 
PARAMETRIC_REPRESENTATION_CONTEXT() REPRESENTATION_CONTEXT('2D SPACE',''
  ) );
#4915 = PCURVE('',#1023,#4916);
#4916 = DEFINITIONAL_REPRESENTATION('',(#4917),#4920);
#4917 = B_SPLINE_CURVE_WITH_KNOTS('',1,(#4918,#4919),.UNSPECIFIED.,.F.,
  .F.,(2,2),(0.,27.5),.PIECEWISE_BEZIER_KNOTS.);
#4918 = CARTESIAN_POINT('',(7.330382858376,0.));
#4919 = CARTESIAN_POINT('',(7.330382858376,27.5));
#4920 = ( GEOMETRIC_REPRESENTATION_CONTEXT(2) 
PARAMETRIC_REPRESENTATION_CONTEXT() REPRESENTATION_CONTEXT('2D SPACE',''
  ) );
#4921 = ORIENTED_EDGE('',*,*,#4922,.F.);
#4922 = EDGE_CURVE('',#4848,#4902,#4923,.T.);
#4923 = SURFACE_CURVE('',#4924,(#4929,#4936),.PCURVE_S1.);
#4924 = CIRCLE('',#4925,42.883333333333);
#4925 = AXIS2_PLACEMENT_3D('',#4926,#4927,#4928);
#4926 = CARTESIAN_POINT('',(-221.5,0.,-1.476596622751E-14));
#4927 = DIRECTION('',(1.,0.,2.22044604925E-16));
#4928 = DIRECTION('',(2.22044604925E-16,0.,-1.));
#4929 = PCURVE('',#994,#4930);
#4930 = DEFINITIONAL_REPRESENTATION('',(#4931),#4935);
#4931 = CIRCLE('',#4932,42.883333333333);
#4932 = AXIS2_PLACEMENT_2D('',#4933,#4934);
#4933 = CARTESIAN_POINT('',(-18.,-35.));
#4934 = DIRECTION('',(-1.,0.));
#4935 = ( GEOMETRIC_REPRESENTATION_CONTEXT(2) 
PARAMETRIC_REPRESENTATION_CONTEXT() REPRESENTATION_CONTEXT('2D SPACE',''
  ) );
#4936 = PCURVE('',#4286,#4937);
#4937 = DEFINITIONAL_REPRESENTATION('',(#4938),#4942);
#4938 = LINE('',#4939,#4940);
#4939 = CARTESIAN_POINT('',(-0.,-40.5));
#4940 = VECTOR('',#4941,1.);
#4941 = DIRECTION('',(-1.,-0.));
#4942 = ( GEOMETRIC_REPRESENTATION_CONTEXT(2) 
PARAMETRIC_REPRESENTATION_CONTEXT() REPRESENTATION_CONTEXT('2D SPACE',''
  ) );
#4943 = ORIENTED_EDGE('',*,*,#4847,.T.);
#4944 = ADVANCED_FACE('',(#4945),#1023,.T.);
#4945 = FACE_BOUND('',#4946,.T.);
#4946 = EDGE_LOOP('',(#4947,#4968,#5219,#5220));
#4947 = ORIENTED_EDGE('',*,*,#4948,.F.);
#4948 = EDGE_CURVE('',#4949,#1007,#4951,.T.);
#4949 = VERTEX_POINT('',#4950);
#4950 = CARTESIAN_POINT('',(-221.5,5.535898384862,42.524511835531));
#4951 = SURFACE_CURVE('',#4952,(#4956,#4962),.PCURVE_S1.);
#4952 = LINE('',#4953,#4954);
#4953 = CARTESIAN_POINT('',(-221.5,5.535898384862,18.));
#4954 = VECTOR('',#4955,1.);
#4955 = DIRECTION('',(0.,0.,1.));
#4956 = PCURVE('',#1023,#4957);
#4957 = DEFINITIONAL_REPRESENTATION('',(#4958),#4961);
#4958 = B_SPLINE_CURVE_WITH_KNOTS('',1,(#4959,#4960),.UNSPECIFIED.,.F.,
  .F.,(2,2),(0.,27.5),.PIECEWISE_BEZIER_KNOTS.);
#4959 = CARTESIAN_POINT('',(5.235987755983,0.));
#4960 = CARTESIAN_POINT('',(5.235987755983,27.5));
#4961 = ( GEOMETRIC_REPRESENTATION_CONTEXT(2) 
PARAMETRIC_REPRESENTATION_CONTEXT() REPRESENTATION_CONTEXT('2D SPACE',''
  ) );
#4962 = PCURVE('',#1051,#4963);
#4963 = DEFINITIONAL_REPRESENTATION('',(#4964),#4967);
#4964 = B_SPLINE_CURVE_WITH_KNOTS('',1,(#4965,#4966),.UNSPECIFIED.,.F.,
  .F.,(2,2),(-2.399999999625E-06,27.5000024),.PIECEWISE_BEZIER_KNOTS.);
#4965 = CARTESIAN_POINT('',(-2.399999999625E-06,-40.53589838486));
#4966 = CARTESIAN_POINT('',(27.5000024,-40.53589838486));
#4967 = ( GEOMETRIC_REPRESENTATION_CONTEXT(2) 
PARAMETRIC_REPRESENTATION_CONTEXT() REPRESENTATION_CONTEXT('2D SPACE',''
  ) );
#4968 = ORIENTED_EDGE('',*,*,#4969,.T.);
#4969 = EDGE_CURVE('',#4949,#4902,#4970,.T.);
#4970 = SURFACE_CURVE('',#4971,(#5029,#5124),.PCURVE_S1.);
#4971 = B_SPLINE_CURVE_WITH_KNOTS('',6,(#4972,#4973,#4974,#4975,#4976,
    #4977,#4978,#4979,#4980,#4981,#4982,#4983,#4984,#4985,#4986,#4987,
    #4988,#4989,#4990,#4991,#4992,#4993,#4994,#4995,#4996,#4997,#4998,
    #4999,#5000,#5001,#5002,#5003,#5004,#5005,#5006,#5007,#5008,#5009,
    #5010,#5011,#5012,#5013,#5014,#5015,#5016,#5017,#5018,#5019,#5020,
    #5021,#5022,#5023,#5024,#5025,#5026,#5027,#5028),.UNSPECIFIED.,.F.,
  .F.,(7,5,5,5,5,5,5,5,5,5,5,7),(0.,0.129679645503,0.255334820705,
    0.376694260636,0.493735348123,0.669228451608,0.823342199184,
    0.973541086552,1.,1.283974663617,1.462936327053,2.009944629591),
  .UNSPECIFIED.);
#4972 = CARTESIAN_POINT('',(-221.5,5.535898384862,42.524511835531));
#4973 = CARTESIAN_POINT('',(-221.4314126223,5.575497325824,
    42.517051254667));
#4974 = CARTESIAN_POINT('',(-221.3634008782,5.616936664916,
    42.509324756665));
#4975 = CARTESIAN_POINT('',(-221.2960095337,5.660234097543,
    42.501323641735));
#4976 = CARTESIAN_POINT('',(-221.2292874253,5.705407255163,
    42.493038558261));
#4977 = CARTESIAN_POINT('',(-221.16328746,5.752473705286,42.484459502802
    ));
#4978 = CARTESIAN_POINT('',(-221.0348698304,5.84890824075,42.46696783306
    ));
#4979 = CARTESIAN_POINT('',(-220.9724049023,5.89815914942,
    42.458073892486));
#4980 = CARTESIAN_POINT('',(-220.9107237157,5.949219765516,
    42.448884265888));
#4981 = CARTESIAN_POINT('',(-220.8498828295,6.002104540846,
    42.439388851763));
#4982 = CARTESIAN_POINT('',(-220.7899434767,6.056826290995,
    42.429577179589));
#4983 = CARTESIAN_POINT('',(-220.6740157076,6.168032161529,
    42.409646251093));
#4984 = CARTESIAN_POINT('',(-220.6179625284,6.2243914796,42.399549084254
    ));
#4985 = CARTESIAN_POINT('',(-220.5628715929,6.282484370443,
    42.389137093228));
#4986 = CARTESIAN_POINT('',(-220.5088072266,6.342317247232,
    42.378400564923));
#4987 = CARTESIAN_POINT('',(-220.4558385144,6.403892715412,
    42.36732988923));
#4988 = CARTESIAN_POINT('',(-220.3540832667,6.528273416073,
    42.344907386772));
#4989 = CARTESIAN_POINT('',(-220.3052152416,6.590956368606,
    42.33357968626));
#4990 = CARTESIAN_POINT('',(-220.25750128,6.655256745436,42.32192406654)
  );
#4991 = CARTESIAN_POINT('',(-220.2110122815,6.721167559105,
    42.30993260358));
#4992 = CARTESIAN_POINT('',(-220.1658231151,6.788675392596,
    42.297598156974));
#4993 = CARTESIAN_POINT('',(-220.0563203362,6.96134464336,
    42.265896907369));
#4994 = CARTESIAN_POINT('',(-219.9937267023,7.06847332149,
    42.246094419203));
#4995 = CARTESIAN_POINT('',(-219.9344939253,7.179072886617,
    42.225487334443));
#4996 = CARTESIAN_POINT('',(-219.8789053769,7.293027018825,
    42.204062124004));
#4997 = CARTESIAN_POINT('',(-219.827250442,7.410163486668,
    42.181816066037));
#4998 = CARTESIAN_POINT('',(-219.7381494236,7.635692265303,
    42.138515909834));
#4999 = CARTESIAN_POINT('',(-219.6997382345,7.743413181565,
    42.11764642807));
#5000 = CARTESIAN_POINT('',(-219.6647687965,7.853236198705,
    42.096163012965));
#5001 = CARTESIAN_POINT('',(-219.633424471,7.964957565268,42.07408366728
    ));
#5002 = CARTESIAN_POINT('',(-219.6058690581,8.078333748627,
    42.051437315565));
#5003 = CARTESIAN_POINT('',(-219.5592032632,8.304904943232,
    42.005684253064));
#5004 = CARTESIAN_POINT('',(-219.5398947449,8.418038035228,
    41.98260252252));
#5005 = CARTESIAN_POINT('',(-219.5244351707,8.532204394503,
    41.959061614327));
#5006 = CARTESIAN_POINT('',(-219.5129155016,8.647115559037,
    41.935109657569));
#5007 = CARTESIAN_POINT('',(-219.5053882761,8.762466115931,
    41.910803501796));
#5008 = CARTESIAN_POINT('',(-219.5012419422,8.898274271038,
    41.881877190628));
#5009 = CARTESIAN_POINT('',(-219.5007451066,8.918618700671,
    41.87753579503));
#5010 = CARTESIAN_POINT('',(-219.5003725036,8.938965192147,
    41.873185792034));
#5011 = CARTESIAN_POINT('',(-219.5001241446,8.959312040283,
    41.868827537929));
#5012 = CARTESIAN_POINT('',(-219.5,8.979657542735,41.864461393934));
#5013 = CARTESIAN_POINT('',(-219.5,9.21832878627,41.813146613949));
#5014 = CARTESIAN_POINT('',(-219.5143005135,9.436348089068,
    41.765329989038));
#5015 = CARTESIAN_POINT('',(-219.542823603,9.65180240037,41.717122858127
    ));
#5016 = CARTESIAN_POINT('',(-219.5848988536,9.862854251798,
    41.668999061336));
#5017 = CARTESIAN_POINT('',(-219.6395650195,10.068004621009,
    41.621413055204));
#5018 = CARTESIAN_POINT('',(-219.7472956214,10.390871202851,
    41.545386506154));
#5019 = CARTESIAN_POINT('',(-219.7934887805,10.512901196821,
    41.516365108493));
#5020 = CARTESIAN_POINT('',(-219.8439535572,10.631887381905,
    41.487806375196));
#5021 = CARTESIAN_POINT('',(-219.8984035948,10.747637635107,
    41.459791784207));
#5022 = CARTESIAN_POINT('',(-219.956555894,10.860016015619,
    41.432390883246));
#5023 = CARTESIAN_POINT('',(-220.2063979279,11.301836321906,
    41.323961932534));
#5024 = CARTESIAN_POINT('',(-220.4264899875,11.601902213241,
    41.24865539406));
#5025 = CARTESIAN_POINT('',(-220.6712208245,11.867685920349,
    41.181122846363));
#5026 = CARTESIAN_POINT('',(-220.9345381537,12.099255773326,
    41.122290657609));
#5027 = CARTESIAN_POINT('',(-221.2117478291,12.297679146727,
    41.072528800505));
#5028 = CARTESIAN_POINT('',(-221.5,12.464101615138,41.032017360901));
#5029 = PCURVE('',#1023,#5030);
#5030 = DEFINITIONAL_REPRESENTATION('',(#5031),#5123);
#5031 = B_SPLINE_CURVE_WITH_KNOTS('',3,(#5032,#5033,#5034,#5035,#5036,
    #5037,#5038,#5039,#5040,#5041,#5042,#5043,#5044,#5045,#5046,#5047,
    #5048,#5049,#5050,#5051,#5052,#5053,#5054,#5055,#5056,#5057,#5058,
    #5059,#5060,#5061,#5062,#5063,#5064,#5065,#5066,#5067,#5068,#5069,
    #5070,#5071,#5072,#5073,#5074,#5075,#5076,#5077,#5078,#5079,#5080,
    #5081,#5082,#5083,#5084,#5085,#5086,#5087,#5088,#5089,#5090,#5091,
    #5092,#5093,#5094,#5095,#5096,#5097,#5098,#5099,#5100,#5101,#5102,
    #5103,#5104,#5105,#5106,#5107,#5108,#5109,#5110,#5111,#5112,#5113,
    #5114,#5115,#5116,#5117,#5118,#5119,#5120,#5121,#5122),
  .UNSPECIFIED.,.F.,.F.,(4,1,1,1,1,1,1,1,1,1,1,1,1,1,1,1,1,1,1,1,1,1,1,1
    ,1,1,1,1,1,1,1,1,1,1,1,1,1,1,1,1,1,1,1,1,1,1,1,1,1,1,1,1,1,1,1,1,1,1
    ,1,1,1,1,1,1,1,1,1,1,1,1,1,1,1,1,1,1,1,1,1,1,1,1,1,1,1,1,1,1,4),(0.,
    2.284027988172E-02,4.568055976344E-02,6.852083964515E-02,
    9.136111952687E-02,0.114201399409,0.13704167929,0.159881959172,
    0.182722239054,0.205562518935,0.228402798817,0.251243078699,
    0.274083358581,0.296923638462,0.319763918344,0.342604198226,
    0.365444478107,0.388284757989,0.411125037871,0.433965317753,
    0.456805597634,0.479645877516,0.502486157398,0.52532643728,
    0.548166717161,0.571006997043,0.593847276925,0.616687556806,
    0.639527836688,0.66236811657,0.685208396452,0.708048676333,
    0.730888956215,0.753729236097,0.776569515978,0.79940979586,
    0.822250075742,0.845090355624,0.867930635505,0.890770915387,
    0.913611195269,0.93645147515,0.959291755032,0.982132034914,
    1.004972314796,1.027812594677,1.050652874559,1.073493154441,
    1.096333434322,1.119173714204,1.142013994086,1.164854273968,
    1.187694553849,1.210534833731,1.233375113613,1.256215393494,
    1.279055673376,1.301895953258,1.32473623314,1.347576513021,
    1.370416792903,1.393257072785,1.416097352667,1.438937632548,
    1.46177791243,1.484618192312,1.507458472193,1.530298752075,
    1.553139031957,1.575979311839,1.59881959172,1.621659871602,
    1.644500151484,1.667340431365,1.690180711247,1.713020991129,
    1.735861271011,1.758701550892,1.781541830774,1.804382110656,
    1.827222390537,1.850062670419,1.872902950301,1.895743230183,
    1.918583510064,1.941423789946,1.964264069828,1.987104349709,
    2.009944629591),.QUASI_UNIFORM_KNOTS.);
#5032 = CARTESIAN_POINT('',(5.235987755983,24.524511835531));
#5033 = CARTESIAN_POINT('',(5.242962255154,24.52188377506));
#5034 = CARTESIAN_POINT('',(5.256943966172,24.516545234778));
#5035 = CARTESIAN_POINT('',(5.278018871509,24.508284101416));
#5036 = CARTESIAN_POINT('',(5.299200323229,24.499763669044));
#5037 = CARTESIAN_POINT('',(5.320492505123,24.490977650582));
#5038 = CARTESIAN_POINT('',(5.341899597377,24.481919559258));
#5039 = CARTESIAN_POINT('',(5.363425835129,24.472582663184));
#5040 = CARTESIAN_POINT('',(5.385075328031,24.462960073419));
#5041 = CARTESIAN_POINT('',(5.406852248602,24.453044655438));
#5042 = CARTESIAN_POINT('',(5.428760675272,24.44282913077));
#5043 = CARTESIAN_POINT('',(5.450804602128,24.43230607793));
#5044 = CARTESIAN_POINT('',(5.472987974853,24.421467921296));
#5045 = CARTESIAN_POINT('',(5.495314658369,24.410306974676));
#5046 = CARTESIAN_POINT('',(5.517788308919,24.398815507306));
#5047 = CARTESIAN_POINT('',(5.540412517822,24.386985703127));
#5048 = CARTESIAN_POINT('',(5.563190612211,24.374809822565));
#5049 = CARTESIAN_POINT('',(5.586125713659,24.362280173256));
#5050 = CARTESIAN_POINT('',(5.609220793476,24.349389076592));
#5051 = CARTESIAN_POINT('',(5.632478373239,24.336129142612));
#5052 = CARTESIAN_POINT('',(5.65590074606,24.32249315901));
#5053 = CARTESIAN_POINT('',(5.679489762813,24.308474260162));
#5054 = CARTESIAN_POINT('',(5.703246845721,24.294065987142));
#5055 = CARTESIAN_POINT('',(5.72717298936,24.27926234117));
#5056 = CARTESIAN_POINT('',(5.751268665993,24.264057900406));
#5057 = CARTESIAN_POINT('',(5.775533652565,24.24844803658));
#5058 = CARTESIAN_POINT('',(5.799967056318,24.232428929415));
#5059 = CARTESIAN_POINT('',(5.824567280102,24.215997703876));
#5060 = CARTESIAN_POINT('',(5.84933198873,24.19915254702));
#5061 = CARTESIAN_POINT('',(5.874258075814,24.181892820985));
#5062 = CARTESIAN_POINT('',(5.899341576152,24.164219211855));
#5063 = CARTESIAN_POINT('',(5.924577746832,24.146133738846));
#5064 = CARTESIAN_POINT('',(5.949960760594,24.127640127241));
#5065 = CARTESIAN_POINT('',(5.975483432042,24.10874408176));
#5066 = CARTESIAN_POINT('',(6.00113792704,24.089452868497));
#5067 = CARTESIAN_POINT('',(6.026915499901,24.069775595575));
#5068 = CARTESIAN_POINT('',(6.052806526527,24.049723264252));
#5069 = CARTESIAN_POINT('',(6.078800149377,24.029309112459));
#5070 = CARTESIAN_POINT('',(6.104885110768,24.008548018186));
#5071 = CARTESIAN_POINT('',(6.131049130633,23.987457032503));
#5072 = CARTESIAN_POINT('',(6.157278711211,23.966055578177));
#5073 = CARTESIAN_POINT('',(6.183560367079,23.944364465266));
#5074 = CARTESIAN_POINT('',(6.209880161201,23.922406234485));
#5075 = CARTESIAN_POINT('',(6.236223760174,23.900205081596));
#5076 = CARTESIAN_POINT('',(6.262576063898,23.877787136319));
#5077 = CARTESIAN_POINT('',(6.288922383884,23.855179401069));
#5078 = CARTESIAN_POINT('',(6.31524980395,23.832408456646));
#5079 = CARTESIAN_POINT('',(6.341542580763,23.809504332246));
#5080 = CARTESIAN_POINT('',(6.367786099848,23.786497025189));
#5081 = CARTESIAN_POINT('',(6.393966953958,23.763416269656));
#5082 = CARTESIAN_POINT('',(6.420072747208,23.740291564158));
#5083 = CARTESIAN_POINT('',(6.446091989316,23.717152126125));
#5084 = CARTESIAN_POINT('',(6.472013981884,23.69402686186));
#5085 = CARTESIAN_POINT('',(6.49782871919,23.670944330488));
#5086 = CARTESIAN_POINT('',(6.523526805398,23.647932699173));
#5087 = CARTESIAN_POINT('',(6.549099351238,23.625019721829));
#5088 = CARTESIAN_POINT('',(6.574537988545,23.602232615183));
#5089 = CARTESIAN_POINT('',(6.599834478106,23.57959830453));
#5090 = CARTESIAN_POINT('',(6.624981862344,23.55714227594));
#5091 = CARTESIAN_POINT('',(6.649979613044,23.534883949389));
#5092 = CARTESIAN_POINT('',(6.674823060746,23.512846044827));
#5093 = CARTESIAN_POINT('',(6.699509499892,23.491049067207));
#5094 = CARTESIAN_POINT('',(6.724036616591,23.469512675418));
#5095 = CARTESIAN_POINT('',(6.748402960069,23.448255231972));
#5096 = CARTESIAN_POINT('',(6.77260735286,23.427294287035));
#5097 = CARTESIAN_POINT('',(6.796650546997,23.406645144332));
#5098 = CARTESIAN_POINT('',(6.820529004867,23.386326165201));
#5099 = CARTESIAN_POINT('',(6.844240549846,23.366353809655));
#5100 = CARTESIAN_POINT('',(6.867789792418,23.346738185505));
#5101 = CARTESIAN_POINT('',(6.89117948231,23.327490442302));
#5102 = CARTESIAN_POINT('',(6.914412825712,23.308620796254));
#5103 = CARTESIAN_POINT('',(6.937492878773,23.290139054976));
#5104 = CARTESIAN_POINT('',(6.960422723957,23.272054474671));
#5105 = CARTESIAN_POINT('',(6.983205436187,23.254375798464));
#5106 = CARTESIAN_POINT('',(7.005844104995,23.237111248452));
#5107 = CARTESIAN_POINT('',(7.028341841463,23.220268532427));
#5108 = CARTESIAN_POINT('',(7.050701789151,23.203854848932));
#5109 = CARTESIAN_POINT('',(7.07292713397,23.187876895034));
#5110 = CARTESIAN_POINT('',(7.095021114477,23.172340875631));
#5111 = CARTESIAN_POINT('',(7.116987032279,23.157252514616));
#5112 = CARTESIAN_POINT('',(7.138828262739,23.142617067811));
#5113 = CARTESIAN_POINT('',(7.160548266033,23.128439337687));
#5114 = CARTESIAN_POINT('',(7.182150598602,23.114723689891));
#5115 = CARTESIAN_POINT('',(7.203638925138,23.1014740715));
#5116 = CARTESIAN_POINT('',(7.225017030935,23.08869403127));
#5117 = CARTESIAN_POINT('',(7.246288835466,23.076386740906));
#5118 = CARTESIAN_POINT('',(7.267458404229,23.064555020974));
#5119 = CARTESIAN_POINT('',(7.288529970134,23.053201357957));
#5120 = CARTESIAN_POINT('',(7.309507922534,23.042327962823));
#5121 = CARTESIAN_POINT('',(7.32343392115,23.03540044301));
#5122 = CARTESIAN_POINT('',(7.330382858376,23.032017360901));
#5123 = ( GEOMETRIC_REPRESENTATION_CONTEXT(2) 
PARAMETRIC_REPRESENTATION_CONTEXT() REPRESENTATION_CONTEXT('2D SPACE',''
  ) );
#5124 = PCURVE('',#4286,#5125);
#5125 = DEFINITIONAL_REPRESENTATION('',(#5126),#5218);
#5126 = B_SPLINE_CURVE_WITH_KNOTS('',3,(#5127,#5128,#5129,#5130,#5131,
    #5132,#5133,#5134,#5135,#5136,#5137,#5138,#5139,#5140,#5141,#5142,
    #5143,#5144,#5145,#5146,#5147,#5148,#5149,#5150,#5151,#5152,#5153,
    #5154,#5155,#5156,#5157,#5158,#5159,#5160,#5161,#5162,#5163,#5164,
    #5165,#5166,#5167,#5168,#5169,#5170,#5171,#5172,#5173,#5174,#5175,
    #5176,#5177,#5178,#5179,#5180,#5181,#5182,#5183,#5184,#5185,#5186,
    #5187,#5188,#5189,#5190,#5191,#5192,#5193,#5194,#5195,#5196,#5197,
    #5198,#5199,#5200,#5201,#5202,#5203,#5204,#5205,#5206,#5207,#5208,
    #5209,#5210,#5211,#5212,#5213,#5214,#5215,#5216,#5217),
  .UNSPECIFIED.,.F.,.F.,(4,1,1,1,1,1,1,1,1,1,1,1,1,1,1,1,1,1,1,1,1,1,1,1
    ,1,1,1,1,1,1,1,1,1,1,1,1,1,1,1,1,1,1,1,1,1,1,1,1,1,1,1,1,1,1,1,1,1,1
    ,1,1,1,1,1,1,1,1,1,1,1,1,1,1,1,1,1,1,1,1,1,1,1,1,1,1,1,1,1,1,4),(0.,
    2.284027988172E-02,4.568055976344E-02,6.852083964515E-02,
    9.136111952687E-02,0.114201399409,0.13704167929,0.159881959172,
    0.182722239054,0.205562518935,0.228402798817,0.251243078699,
    0.274083358581,0.296923638462,0.319763918344,0.342604198226,
    0.365444478107,0.388284757989,0.411125037871,0.433965317753,
    0.456805597634,0.479645877516,0.502486157398,0.52532643728,
    0.548166717161,0.571006997043,0.593847276925,0.616687556806,
    0.639527836688,0.66236811657,0.685208396452,0.708048676333,
    0.730888956215,0.753729236097,0.776569515978,0.79940979586,
    0.822250075742,0.845090355624,0.867930635505,0.890770915387,
    0.913611195269,0.93645147515,0.959291755032,0.982132034914,
    1.004972314796,1.027812594677,1.050652874559,1.073493154441,
    1.096333434322,1.119173714204,1.142013994086,1.164854273968,
    1.187694553849,1.210534833731,1.233375113613,1.256215393494,
    1.279055673376,1.301895953258,1.32473623314,1.347576513021,
    1.370416792903,1.393257072785,1.416097352667,1.438937632548,
    1.46177791243,1.484618192312,1.507458472193,1.530298752075,
    1.553139031957,1.575979311839,1.59881959172,1.621659871602,
    1.644500151484,1.667340431365,1.690180711247,1.713020991129,
    1.735861271011,1.758701550892,1.781541830774,1.804382110656,
    1.827222390537,1.850062670419,1.872902950301,1.895743230183,
    1.918583510064,1.941423789946,1.964264069828,1.987104349709,
    2.009944629591),.QUASI_UNIFORM_KNOTS.);
#5127 = CARTESIAN_POINT('',(-3.012139316957,-40.5));
#5128 = CARTESIAN_POINT('',(-3.011808849482,-40.52416026475));
#5129 = CARTESIAN_POINT('',(-3.011134427264,-40.57230267176));
#5130 = CARTESIAN_POINT('',(-3.010082039625,-40.64395031095));
#5131 = CARTESIAN_POINT('',(-3.008988605336,-40.71500092626));
#5132 = CARTESIAN_POINT('',(-3.007853831474,-40.7854215359));
#5133 = CARTESIAN_POINT('',(-3.006677425457,-40.8551778636));
#5134 = CARTESIAN_POINT('',(-3.005459092014,-40.92423427913));
#5135 = CARTESIAN_POINT('',(-3.004198547278,-40.9925532919));
#5136 = CARTESIAN_POINT('',(-3.00289550627,-41.06009598346));
#5137 = CARTESIAN_POINT('',(-3.001549698239,-41.12682161894));
#5138 = CARTESIAN_POINT('',(-3.00016086694,-41.19268761676));
#5139 = CARTESIAN_POINT('',(-2.998728769187,-41.25764957703));
#5140 = CARTESIAN_POINT('',(-2.997253180289,-41.32166119807));
#5141 = CARTESIAN_POINT('',(-2.995733905397,-41.38467391732));
#5142 = CARTESIAN_POINT('',(-2.994170772343,-41.44663729822));
#5143 = CARTESIAN_POINT('',(-2.992563652515,-41.50749868879));
#5144 = CARTESIAN_POINT('',(-2.990912456954,-41.56720329799));
#5145 = CARTESIAN_POINT('',(-2.989217132536,-41.62569420854));
#5146 = CARTESIAN_POINT('',(-2.987477694869,-41.68291203858));
#5147 = CARTESIAN_POINT('',(-2.985694213033,-41.73879546989));
#5148 = CARTESIAN_POINT('',(-2.983866829991,-41.7932808555));
#5149 = CARTESIAN_POINT('',(-2.98199576715,-41.84630247731));
#5150 = CARTESIAN_POINT('',(-2.980081328722,-41.89779273773));
#5151 = CARTESIAN_POINT('',(-2.97812391375,-41.94768216552));
#5152 = CARTESIAN_POINT('',(-2.976124036756,-41.99589944817));
#5153 = CARTESIAN_POINT('',(-2.974082328947,-42.04237170469));
#5154 = CARTESIAN_POINT('',(-2.971999547407,-42.08702487491));
#5155 = CARTESIAN_POINT('',(-2.969876582902,-42.12978409864));
#5156 = CARTESIAN_POINT('',(-2.967714466994,-42.17057411108));
#5157 = CARTESIAN_POINT('',(-2.965514383366,-42.20931958484));
#5158 = CARTESIAN_POINT('',(-2.963277663017,-42.24594567074));
#5159 = CARTESIAN_POINT('',(-2.961005816433,-42.2803783242));
#5160 = CARTESIAN_POINT('',(-2.958700559877,-42.31254454953));
#5161 = CARTESIAN_POINT('',(-2.956363753213,-42.34237401058));
#5162 = CARTESIAN_POINT('',(-2.953997423512,-42.36979933129));
#5163 = CARTESIAN_POINT('',(-2.951603760803,-42.39475677033));
#5164 = CARTESIAN_POINT('',(-2.949185148737,-42.41718655883));
#5165 = CARTESIAN_POINT('',(-2.94674408348,-42.43703421261));
#5166 = CARTESIAN_POINT('',(-2.944283227414,-42.45425071182));
#5167 = CARTESIAN_POINT('',(-2.94180542157,-42.4687929644));
#5168 = CARTESIAN_POINT('',(-2.93931356281,-42.48062513335));
#5169 = CARTESIAN_POINT('',(-2.936810638577,-42.48971862384));
#5170 = CARTESIAN_POINT('',(-2.934299712454,-42.49605244829));
#5171 = CARTESIAN_POINT('',(-2.931783949671,-42.49961341256));
#5172 = CARTESIAN_POINT('',(-2.929266494283,-42.50039669761));
#5173 = CARTESIAN_POINT('',(-2.926750327908,-42.49840525662));
#5174 = CARTESIAN_POINT('',(-2.924238698775,-42.49365010794));
#5175 = CARTESIAN_POINT('',(-2.921734732779,-42.48615046185));
#5176 = CARTESIAN_POINT('',(-2.919241415704,-42.47593290696));
#5177 = CARTESIAN_POINT('',(-2.916761602827,-42.46303083907));
#5178 = CARTESIAN_POINT('',(-2.914298020936,-42.44748388026));
#5179 = CARTESIAN_POINT('',(-2.911853272051,-42.429337355));
#5180 = CARTESIAN_POINT('',(-2.909429836597,-42.40864180797));
#5181 = CARTESIAN_POINT('',(-2.907030075769,-42.38545255788));
#5182 = CARTESIAN_POINT('',(-2.904656236382,-42.3598293263));
#5183 = CARTESIAN_POINT('',(-2.902310445271,-42.33183579025));
#5184 = CARTESIAN_POINT('',(-2.899994741685,-42.30153962535));
#5185 = CARTESIAN_POINT('',(-2.89771096686,-42.2690109232));
#5186 = CARTESIAN_POINT('',(-2.895460306467,-42.23431362418));
#5187 = CARTESIAN_POINT('',(-2.893244252642,-42.19751859254));
#5188 = CARTESIAN_POINT('',(-2.891064047684,-42.15869568404));
#5189 = CARTESIAN_POINT('',(-2.888920829289,-42.1179152711));
#5190 = CARTESIAN_POINT('',(-2.886815590828,-42.07524716473));
#5191 = CARTESIAN_POINT('',(-2.884749234955,-42.03076126426));
#5192 = CARTESIAN_POINT('',(-2.882722438811,-41.98452389997));
#5193 = CARTESIAN_POINT('',(-2.880736179457,-41.93660967786));
#5194 = CARTESIAN_POINT('',(-2.878791243313,-41.88709159529));
#5195 = CARTESIAN_POINT('',(-2.876887805075,-41.83602788923));
#5196 = CARTESIAN_POINT('',(-2.87502615358,-41.78347908428));
#5197 = CARTESIAN_POINT('',(-2.873206499952,-41.72950342698));
#5198 = CARTESIAN_POINT('',(-2.871429030454,-41.67415808054));
#5199 = CARTESIAN_POINT('',(-2.869693893827,-41.61749877471));
#5200 = CARTESIAN_POINT('',(-2.868001206239,-41.55957986827));
#5201 = CARTESIAN_POINT('',(-2.866351051574,-41.50045429963));
#5202 = CARTESIAN_POINT('',(-2.864743483022,-41.4401735661));
#5203 = CARTESIAN_POINT('',(-2.863178524387,-41.37878769412));
#5204 = CARTESIAN_POINT('',(-2.861656171522,-41.31634521059));
#5205 = CARTESIAN_POINT('',(-2.860176393788,-41.25289311258));
#5206 = CARTESIAN_POINT('',(-2.858739135568,-41.18847683611));
#5207 = CARTESIAN_POINT('',(-2.857344317822,-41.12314022392));
#5208 = CARTESIAN_POINT('',(-2.855991839695,-41.05692549202));
#5209 = CARTESIAN_POINT('',(-2.854681580161,-40.98987319546));
#5210 = CARTESIAN_POINT('',(-2.853413399722,-40.92202219251));
#5211 = CARTESIAN_POINT('',(-2.852187142156,-40.85340960941));
#5212 = CARTESIAN_POINT('',(-2.85100263629,-40.78407079801));
#5213 = CARTESIAN_POINT('',(-2.849859697891,-40.71403931503));
#5214 = CARTESIAN_POINT('',(-2.848758131356,-40.64334681557));
#5215 = CARTESIAN_POINT('',(-2.847697732368,-40.57202326144));
#5216 = CARTESIAN_POINT('',(-2.847018102231,-40.52407172037));
#5217 = CARTESIAN_POINT('',(-2.846685077616,-40.5));
#5218 = ( GEOMETRIC_REPRESENTATION_CONTEXT(2) 
PARAMETRIC_REPRESENTATION_CONTEXT() REPRESENTATION_CONTEXT('2D SPACE',''
  ) );
#5219 = ORIENTED_EDGE('',*,*,#4901,.T.);
#5220 = ORIENTED_EDGE('',*,*,#1006,.F.);
#5221 = ADVANCED_FACE('',(#5222),#1051,.T.);
#5222 = FACE_BOUND('',#5223,.T.);
#5223 = EDGE_LOOP('',(#5224,#5225,#5246,#5268));
#5224 = ORIENTED_EDGE('',*,*,#1035,.F.);
#5225 = ORIENTED_EDGE('',*,*,#5226,.F.);
#5226 = EDGE_CURVE('',#5227,#1036,#5229,.T.);
#5227 = VERTEX_POINT('',#5228);
#5228 = CARTESIAN_POINT('',(-221.5,-5.535898384862,42.524511835531));
#5229 = SURFACE_CURVE('',#5230,(#5234,#5240),.PCURVE_S1.);
#5230 = LINE('',#5231,#5232);
#5231 = CARTESIAN_POINT('',(-221.5,-5.535898384862,18.));
#5232 = VECTOR('',#5233,1.);
#5233 = DIRECTION('',(0.,0.,1.));
#5234 = PCURVE('',#1051,#5235);
#5235 = DEFINITIONAL_REPRESENTATION('',(#5236),#5239);
#5236 = B_SPLINE_CURVE_WITH_KNOTS('',1,(#5237,#5238),.UNSPECIFIED.,.F.,
  .F.,(2,2),(-2.399999999625E-06,27.5000024),.PIECEWISE_BEZIER_KNOTS.);
#5237 = CARTESIAN_POINT('',(-2.399999999625E-06,-29.46410161513));
#5238 = CARTESIAN_POINT('',(27.5000024,-29.46410161513));
#5239 = ( GEOMETRIC_REPRESENTATION_CONTEXT(2) 
PARAMETRIC_REPRESENTATION_CONTEXT() REPRESENTATION_CONTEXT('2D SPACE',''
  ) );
#5240 = PCURVE('',#1078,#5241);
#5241 = DEFINITIONAL_REPRESENTATION('',(#5242),#5245);
#5242 = B_SPLINE_CURVE_WITH_KNOTS('',1,(#5243,#5244),.UNSPECIFIED.,.F.,
  .F.,(2,2),(0.,27.5),.PIECEWISE_BEZIER_KNOTS.);
#5243 = CARTESIAN_POINT('',(7.330382858376,0.));
#5244 = CARTESIAN_POINT('',(7.330382858376,27.5));
#5245 = ( GEOMETRIC_REPRESENTATION_CONTEXT(2) 
PARAMETRIC_REPRESENTATION_CONTEXT() REPRESENTATION_CONTEXT('2D SPACE',''
  ) );
#5246 = ORIENTED_EDGE('',*,*,#5247,.F.);
#5247 = EDGE_CURVE('',#4949,#5227,#5248,.T.);
#5248 = SURFACE_CURVE('',#5249,(#5254,#5261),.PCURVE_S1.);
#5249 = CIRCLE('',#5250,42.883333333333);
#5250 = AXIS2_PLACEMENT_3D('',#5251,#5252,#5253);
#5251 = CARTESIAN_POINT('',(-221.5,0.,-1.476596622751E-14));
#5252 = DIRECTION('',(1.,0.,2.22044604925E-16));
#5253 = DIRECTION('',(2.22044604925E-16,0.,-1.));
#5254 = PCURVE('',#1051,#5255);
#5255 = DEFINITIONAL_REPRESENTATION('',(#5256),#5260);
#5256 = CIRCLE('',#5257,42.883333333333);
#5257 = AXIS2_PLACEMENT_2D('',#5258,#5259);
#5258 = CARTESIAN_POINT('',(-18.,-35.));
#5259 = DIRECTION('',(-1.,0.));
#5260 = ( GEOMETRIC_REPRESENTATION_CONTEXT(2) 
PARAMETRIC_REPRESENTATION_CONTEXT() REPRESENTATION_CONTEXT('2D SPACE',''
  ) );
#5261 = PCURVE('',#4286,#5262);
#5262 = DEFINITIONAL_REPRESENTATION('',(#5263),#5267);
#5263 = LINE('',#5264,#5265);
#5264 = CARTESIAN_POINT('',(-0.,-40.5));
#5265 = VECTOR('',#5266,1.);
#5266 = DIRECTION('',(-1.,-0.));
#5267 = ( GEOMETRIC_REPRESENTATION_CONTEXT(2) 
PARAMETRIC_REPRESENTATION_CONTEXT() REPRESENTATION_CONTEXT('2D SPACE',''
  ) );
#5268 = ORIENTED_EDGE('',*,*,#4948,.T.);
#5269 = ADVANCED_FACE('',(#5270),#1078,.T.);
#5270 = FACE_BOUND('',#5271,.T.);
#5271 = EDGE_LOOP('',(#5272,#5273,#5519,#5520));
#5272 = ORIENTED_EDGE('',*,*,#4298,.F.);
#5273 = ORIENTED_EDGE('',*,*,#5274,.T.);
#5274 = EDGE_CURVE('',#4270,#5227,#5275,.T.);
#5275 = SURFACE_CURVE('',#5276,(#5329,#5424),.PCURVE_S1.);
#5276 = B_SPLINE_CURVE_WITH_KNOTS('',6,(#5277,#5278,#5279,#5280,#5281,
    #5282,#5283,#5284,#5285,#5286,#5287,#5288,#5289,#5290,#5291,#5292,
    #5293,#5294,#5295,#5296,#5297,#5298,#5299,#5300,#5301,#5302,#5303,
    #5304,#5305,#5306,#5307,#5308,#5309,#5310,#5311,#5312,#5313,#5314,
    #5315,#5316,#5317,#5318,#5319,#5320,#5321,#5322,#5323,#5324,#5325,
    #5326,#5327,#5328),.UNSPECIFIED.,.F.,.F.,(7,5,5,5,5,5,5,5,5,5,7),(0.
    ,0.142928394343,0.280819949713,0.413869055357,0.541986275997,
    0.722029555136,0.862333761835,1.,1.327139446365,1.501482002608,
    1.990822313459),.UNSPECIFIED.);
#5277 = CARTESIAN_POINT('',(-221.5,-12.46410161513,41.032017360901));
#5278 = CARTESIAN_POINT('',(-221.4239278738,-12.42018135263,
    41.042708664057));
#5279 = CARTESIAN_POINT('',(-221.3486096141,-12.37402350096,
    41.05404635635));
#5280 = CARTESIAN_POINT('',(-221.274107538,-12.32561070303,
    41.066026357788));
#5281 = CARTESIAN_POINT('',(-221.2004889488,-12.27492592708,
    41.078643497781));
#5282 = CARTESIAN_POINT('',(-221.1278261362,-12.22195246674,
    41.091891515145));
#5283 = CARTESIAN_POINT('',(-220.9870908702,-12.11334344689,
    41.119145763769));
#5284 = CARTESIAN_POINT('',(-220.9189473477,-12.05786801933,
    41.133108681464));
#5285 = CARTESIAN_POINT('',(-220.8518352516,-12.00023272415,
    41.147645247784));
#5286 = CARTESIAN_POINT('',(-220.7858297917,-11.9404248752,
    41.162747419976));
#5287 = CARTESIAN_POINT('',(-220.7210119435,-11.87843403434,
    41.17840567593));
#5288 = CARTESIAN_POINT('',(-220.5961564637,-11.7523239208,
    41.210243326652));
#5289 = CARTESIAN_POINT('',(-220.5360312426,-11.68835664545,
    41.22638492615));
#5290 = CARTESIAN_POINT('',(-220.4771709572,-11.62234259523,
    41.243023947752));
#5291 = CARTESIAN_POINT('',(-220.4196597299,-11.55427928229,
    41.260148534985));
#5292 = CARTESIAN_POINT('',(-220.3635876348,-11.48416932116,
    41.277744839823));
#5293 = CARTESIAN_POINT('',(-220.2565353437,-11.34254596266,
    41.31318004444));
#5294 = CARTESIAN_POINT('',(-220.205443805,-11.27118171823,
    41.330985590566));
#5295 = CARTESIAN_POINT('',(-220.155861552,-11.19793537864,
    41.349199391373));
#5296 = CARTESIAN_POINT('',(-220.1078802028,-11.12282185004,
    41.367804822719));
#5297 = CARTESIAN_POINT('',(-220.0615962507,-11.04586482052,
    41.386782746433));
#5298 = CARTESIAN_POINT('',(-219.9545929191,-10.85640766307,
    41.433273860835));
#5299 = CARTESIAN_POINT('',(-219.8956261587,-10.74214377299,
    41.461128837735));
#5300 = CARTESIAN_POINT('',(-219.8404874877,-10.62440319404,
    41.48961540437));
#5301 = CARTESIAN_POINT('',(-219.7894740179,-10.50332966945,
    41.518660339142));
#5302 = CARTESIAN_POINT('',(-219.7428860752,-10.37912704238,
    41.548177710878));
#5303 = CARTESIAN_POINT('',(-219.6683790668,-10.15306077067,
    41.601361831981));
#5304 = CARTESIAN_POINT('',(-219.6386087948,-10.05231667122,
    41.624882081347));
#5305 = CARTESIAN_POINT('',(-219.611837252,-9.949974775996,
    41.648581565072));
#5306 = CARTESIAN_POINT('',(-219.58819449,-9.846194076988,41.67240857722
    ));
#5307 = CARTESIAN_POINT('',(-219.5677967652,-9.741160809144,
    41.696307749088));
#5308 = CARTESIAN_POINT('',(-219.5340029065,-9.531016716008,
    41.743683441742));
#5309 = CARTESIAN_POINT('',(-219.5204816717,-9.425940402944,
    41.767160386308));
#5310 = CARTESIAN_POINT('',(-219.5102664693,-9.32007072538,
    41.790594988569));
#5311 = CARTESIAN_POINT('',(-219.5034254845,-9.213630075545,
    41.813931187446));
#5312 = CARTESIAN_POINT('',(-219.5,-9.106855665264,41.837113551038));
#5313 = CARTESIAN_POINT('',(-219.5,-8.74607642628,41.91468178673));
#5314 = CARTESIAN_POINT('',(-219.5193438171,-8.491535593249,
    41.968134333722));
#5315 = CARTESIAN_POINT('',(-219.558203152,-8.24010251859,
    42.019639828359));
#5316 = CARTESIAN_POINT('',(-219.6155813927,-7.994826182494,
    42.068688864992));
#5317 = CARTESIAN_POINT('',(-219.6898856096,-7.758205070402,
    42.114987941849));
#5318 = CARTESIAN_POINT('',(-219.82654899,-7.411755048707,
    42.181513786993));
#5319 = CARTESIAN_POINT('',(-219.8783013889,-7.294265643162,
    42.203829234794));
#5320 = CARTESIAN_POINT('',(-219.9340111854,-7.179974472512,
    42.225319346246));
#5321 = CARTESIAN_POINT('',(-219.9933865921,-7.069055485329,
    42.245986806321));
#5322 = CARTESIAN_POINT('',(-220.0561418566,-6.961626078543,
    42.265845237214));
#5323 = CARTESIAN_POINT('',(-220.3068936864,-6.566228527947,
    42.338438338702));
#5324 = CARTESIAN_POINT('',(-220.5161021487,-6.303094686381,
    42.385685709679));
#5325 = CARTESIAN_POINT('',(-220.7440813697,-6.069170107597,
    42.427256144741));
#5326 = CARTESIAN_POINT('',(-220.9861620894,-5.864067530366,
    42.463855844768));
#5327 = CARTESIAN_POINT('',(-221.2388270906,-5.686686634369,
    42.496102794744));
#5328 = CARTESIAN_POINT('',(-221.5,-5.535898384862,42.524511835531));
#5329 = PCURVE('',#1078,#5330);
#5330 = DEFINITIONAL_REPRESENTATION('',(#5331),#5423);
#5331 = B_SPLINE_CURVE_WITH_KNOTS('',3,(#5332,#5333,#5334,#5335,#5336,
    #5337,#5338,#5339,#5340,#5341,#5342,#5343,#5344,#5345,#5346,#5347,
    #5348,#5349,#5350,#5351,#5352,#5353,#5354,#5355,#5356,#5357,#5358,
    #5359,#5360,#5361,#5362,#5363,#5364,#5365,#5366,#5367,#5368,#5369,
    #5370,#5371,#5372,#5373,#5374,#5375,#5376,#5377,#5378,#5379,#5380,
    #5381,#5382,#5383,#5384,#5385,#5386,#5387,#5388,#5389,#5390,#5391,
    #5392,#5393,#5394,#5395,#5396,#5397,#5398,#5399,#5400,#5401,#5402,
    #5403,#5404,#5405,#5406,#5407,#5408,#5409,#5410,#5411,#5412,#5413,
    #5414,#5415,#5416,#5417,#5418,#5419,#5420,#5421,#5422),
  .UNSPECIFIED.,.F.,.F.,(4,1,1,1,1,1,1,1,1,1,1,1,1,1,1,1,1,1,1,1,1,1,1,1
    ,1,1,1,1,1,1,1,1,1,1,1,1,1,1,1,1,1,1,1,1,1,1,1,1,1,1,1,1,1,1,1,1,1,1
    ,1,1,1,1,1,1,1,1,1,1,1,1,1,1,1,1,1,1,1,1,1,1,1,1,1,1,1,1,1,1,4),(0.,
    2.262298083476E-02,4.524596166952E-02,6.786894250428E-02,
    9.049192333904E-02,0.113114904174,0.135737885009,0.158360865843,
    0.180983846678,0.203606827513,0.226229808348,0.248852789182,
    0.271475770017,0.294098750852,0.316721731687,0.339344712521,
    0.361967693356,0.384590674191,0.407213655026,0.42983663586,
    0.452459616695,0.47508259753,0.497705578365,0.520328559199,
    0.542951540034,0.565574520869,0.588197501704,0.610820482539,
    0.633443463373,0.656066444208,0.678689425043,0.701312405878,
    0.723935386712,0.746558367547,0.769181348382,0.791804329217,
    0.814427310051,0.837050290886,0.859673271721,0.882296252556,
    0.90491923339,0.927542214225,0.95016519506,0.972788175895,
    0.995411156729,1.018034137564,1.040657118399,1.063280099234,
    1.085903080068,1.108526060903,1.131149041738,1.153772022573,
    1.176395003408,1.199017984242,1.221640965077,1.244263945912,
    1.266886926747,1.289509907581,1.312132888416,1.334755869251,
    1.357378850086,1.38000183092,1.402624811755,1.42524779259,
    1.447870773425,1.470493754259,1.493116735094,1.515739715929,
    1.538362696764,1.560985677598,1.583608658433,1.606231639268,
    1.628854620103,1.651477600937,1.674100581772,1.696723562607,
    1.719346543442,1.741969524277,1.764592505111,1.787215485946,
    1.809838466781,1.832461447616,1.85508442845,1.877707409285,
    1.90033039012,1.922953370955,1.945576351789,1.968199332624,
    1.990822313459),.QUASI_UNIFORM_KNOTS.);
#5332 = CARTESIAN_POINT('',(5.235987755983,23.032017360901));
#5333 = CARTESIAN_POINT('',(5.242939538914,23.03540182037));
#5334 = CARTESIAN_POINT('',(5.256872289762,23.042332758238));
#5335 = CARTESIAN_POINT('',(5.277862635561,23.053212886537));
#5336 = CARTESIAN_POINT('',(5.298947864949,23.064574497677));
#5337 = CARTESIAN_POINT('',(5.320131643757,23.076415014794));
#5338 = CARTESIAN_POINT('',(5.341417656915,23.088731638639));
#5339 = CARTESIAN_POINT('',(5.362809626311,23.101521319144));
#5340 = CARTESIAN_POINT('',(5.384311316071,23.114780753326));
#5341 = CARTESIAN_POINT('',(5.405926393427,23.128506261518));
#5342 = CARTESIAN_POINT('',(5.427658644355,23.142693935107));
#5343 = CARTESIAN_POINT('',(5.449511763514,23.157339446922));
#5344 = CARTESIAN_POINT('',(5.471489420433,23.172438093468));
#5345 = CARTESIAN_POINT('',(5.493595259276,23.187984779985));
#5346 = CARTESIAN_POINT('',(5.515832939839,23.203974037966));
#5347 = CARTESIAN_POINT('',(5.538205899441,23.220399801486));
#5348 = CARTESIAN_POINT('',(5.560717635924,23.237255629215));
#5349 = CARTESIAN_POINT('',(5.583371441358,23.254534442998));
#5350 = CARTESIAN_POINT('',(5.60617046663,23.27222857524));
#5351 = CARTESIAN_POINT('',(5.629117727594,23.290329757127));
#5352 = CARTESIAN_POINT('',(5.65221612218,23.308829118351));
#5353 = CARTESIAN_POINT('',(5.675468136757,23.327716900619));
#5354 = CARTESIAN_POINT('',(5.698876143367,23.346982700271));
#5355 = CARTESIAN_POINT('',(5.722442120762,23.366615216255));
#5356 = CARTESIAN_POINT('',(5.746167707327,23.386602278898));
#5357 = CARTESIAN_POINT('',(5.770054186159,23.406930825789));
#5358 = CARTESIAN_POINT('',(5.794102440106,23.427586850896));
#5359 = CARTESIAN_POINT('',(5.818312755728,23.44855524519));
#5360 = CARTESIAN_POINT('',(5.842684844919,23.469819801185));
#5361 = CARTESIAN_POINT('',(5.867217797799,23.491363181852));
#5362 = CARTESIAN_POINT('',(5.891910059249,23.513166918965));
#5363 = CARTESIAN_POINT('',(5.916759386709,23.535211401428));
#5364 = CARTESIAN_POINT('',(5.941762811307,23.557475874216));
#5365 = CARTESIAN_POINT('',(5.966916559165,23.579938404886));
#5366 = CARTESIAN_POINT('',(5.992216089074,23.602575971513));
#5367 = CARTESIAN_POINT('',(6.017655537203,23.625364039042));
#5368 = CARTESIAN_POINT('',(6.043228242497,23.648277095026));
#5369 = CARTESIAN_POINT('',(6.068926710378,23.671288710107));
#5370 = CARTESIAN_POINT('',(6.094742558111,23.694371586319));
#5371 = CARTESIAN_POINT('',(6.120666291718,23.71749746645));
#5372 = CARTESIAN_POINT('',(6.146687706347,23.740637611383));
#5373 = CARTESIAN_POINT('',(6.17279567879,23.763762731922));
#5374 = CARTESIAN_POINT('',(6.198977817834,23.786842821725));
#5375 = CARTESIAN_POINT('',(6.225221457531,23.809848168923));
#5376 = CARTESIAN_POINT('',(6.251513447289,23.8327492901));
#5377 = CARTESIAN_POINT('',(6.2778394409,23.855516447354));
#5378 = CARTESIAN_POINT('',(6.304186310504,23.878121878828));
#5379 = CARTESIAN_POINT('',(6.330541903295,23.90053960502));
#5380 = CARTESIAN_POINT('',(6.35688788642,23.92273950571));
#5381 = CARTESIAN_POINT('',(6.383208938227,23.944695309934));
#5382 = CARTESIAN_POINT('',(6.409490296661,23.966382509445));
#5383 = CARTESIAN_POINT('',(6.43571824717,23.987778803988));
#5384 = CARTESIAN_POINT('',(6.461879837632,24.008863868763));
#5385 = CARTESIAN_POINT('',(6.487962814657,24.029619304421));
#5386 = CARTESIAN_POINT('',(6.513955512047,24.050028537819));
#5387 = CARTESIAN_POINT('',(6.539846768983,24.070076740293));
#5388 = CARTESIAN_POINT('',(6.565625831217,24.089750728186));
#5389 = CARTESIAN_POINT('',(6.59128233851,24.109038919945));
#5390 = CARTESIAN_POINT('',(6.616806025403,24.127931087734));
#5391 = CARTESIAN_POINT('',(6.642187516755,24.146418877556));
#5392 = CARTESIAN_POINT('',(6.667415058016,24.164493463857));
#5393 = CARTESIAN_POINT('',(6.692489343685,24.182155966142));
#5394 = CARTESIAN_POINT('',(6.717406392323,24.199404894351));
#5395 = CARTESIAN_POINT('',(6.742162055858,24.216239447867));
#5396 = CARTESIAN_POINT('',(6.766753293686,24.232660317205));
#5397 = CARTESIAN_POINT('',(6.791177774931,24.24866932439));
#5398 = CARTESIAN_POINT('',(6.815433894043,24.264269342677));
#5399 = CARTESIAN_POINT('',(6.839520853483,24.279464260261));
#5400 = CARTESIAN_POINT('',(6.863438116277,24.294258488636));
#5401 = CARTESIAN_POINT('',(6.887180477087,24.308654055609));
#5402 = CARTESIAN_POINT('',(6.910752253689,24.322659163019));
#5403 = CARTESIAN_POINT('',(6.934155964182,24.336280983018));
#5404 = CARTESIAN_POINT('',(6.957394647588,24.349527100338));
#5405 = CARTESIAN_POINT('',(6.98047125392,24.362405092907));
#5406 = CARTESIAN_POINT('',(7.003388819394,24.374922612909));
#5407 = CARTESIAN_POINT('',(7.026150431306,24.387087335349));
#5408 = CARTESIAN_POINT('',(7.048759249389,24.398906943727));
#5409 = CARTESIAN_POINT('',(7.071218512282,24.410389107376));
#5410 = CARTESIAN_POINT('',(7.093531548308,24.42154146264));
#5411 = CARTESIAN_POINT('',(7.115701785524,24.432371594624));
#5412 = CARTESIAN_POINT('',(7.137732762458,24.442887020403));
#5413 = CARTESIAN_POINT('',(7.159628139246,24.453095173442));
#5414 = CARTESIAN_POINT('',(7.181391709294,24.463003389302));
#5415 = CARTESIAN_POINT('',(7.203027411568,24.472618892577));
#5416 = CARTESIAN_POINT('',(7.224539343289,24.481948785238));
#5417 = CARTESIAN_POINT('',(7.245931774053,24.49100003572));
#5418 = CARTESIAN_POINT('',(7.267209157799,24.4997794712));
#5419 = CARTESIAN_POINT('',(7.288376156112,24.508293763997));
#5420 = CARTESIAN_POINT('',(7.30943762265,24.51654944588));
#5421 = CARTESIAN_POINT('',(7.323411698363,24.521885031434));
#5422 = CARTESIAN_POINT('',(7.330382858376,24.524511835531));
#5423 = ( GEOMETRIC_REPRESENTATION_CONTEXT(2) 
PARAMETRIC_REPRESENTATION_CONTEXT() REPRESENTATION_CONTEXT('2D SPACE',''
  ) );
#5424 = PCURVE('',#4286,#5425);
#5425 = DEFINITIONAL_REPRESENTATION('',(#5426),#5518);
#5426 = B_SPLINE_CURVE_WITH_KNOTS('',3,(#5427,#5428,#5429,#5430,#5431,
    #5432,#5433,#5434,#5435,#5436,#5437,#5438,#5439,#5440,#5441,#5442,
    #5443,#5444,#5445,#5446,#5447,#5448,#5449,#5450,#5451,#5452,#5453,
    #5454,#5455,#5456,#5457,#5458,#5459,#5460,#5461,#5462,#5463,#5464,
    #5465,#5466,#5467,#5468,#5469,#5470,#5471,#5472,#5473,#5474,#5475,
    #5476,#5477,#5478,#5479,#5480,#5481,#5482,#5483,#5484,#5485,#5486,
    #5487,#5488,#5489,#5490,#5491,#5492,#5493,#5494,#5495,#5496,#5497,
    #5498,#5499,#5500,#5501,#5502,#5503,#5504,#5505,#5506,#5507,#5508,
    #5509,#5510,#5511,#5512,#5513,#5514,#5515,#5516,#5517),
  .UNSPECIFIED.,.F.,.F.,(4,1,1,1,1,1,1,1,1,1,1,1,1,1,1,1,1,1,1,1,1,1,1,1
    ,1,1,1,1,1,1,1,1,1,1,1,1,1,1,1,1,1,1,1,1,1,1,1,1,1,1,1,1,1,1,1,1,1,1
    ,1,1,1,1,1,1,1,1,1,1,1,1,1,1,1,1,1,1,1,1,1,1,1,1,1,1,1,1,1,1,4),(0.,
    2.262298083476E-02,4.524596166952E-02,6.786894250428E-02,
    9.049192333904E-02,0.113114904174,0.135737885009,0.158360865843,
    0.180983846678,0.203606827513,0.226229808348,0.248852789182,
    0.271475770017,0.294098750852,0.316721731687,0.339344712521,
    0.361967693356,0.384590674191,0.407213655026,0.42983663586,
    0.452459616695,0.47508259753,0.497705578365,0.520328559199,
    0.542951540034,0.565574520869,0.588197501704,0.610820482539,
    0.633443463373,0.656066444208,0.678689425043,0.701312405878,
    0.723935386712,0.746558367547,0.769181348382,0.791804329217,
    0.814427310051,0.837050290886,0.859673271721,0.882296252556,
    0.90491923339,0.927542214225,0.95016519506,0.972788175895,
    0.995411156729,1.018034137564,1.040657118399,1.063280099234,
    1.085903080068,1.108526060903,1.131149041738,1.153772022573,
    1.176395003408,1.199017984242,1.221640965077,1.244263945912,
    1.266886926747,1.289509907581,1.312132888416,1.334755869251,
    1.357378850086,1.38000183092,1.402624811755,1.42524779259,
    1.447870773425,1.470493754259,1.493116735094,1.515739715929,
    1.538362696764,1.560985677598,1.583608658433,1.606231639268,
    1.628854620103,1.651477600937,1.674100581772,1.696723562607,
    1.719346543442,1.741969524277,1.764592505111,1.787215485946,
    1.809838466781,1.832461447616,1.85508442845,1.877707409285,
    1.90033039012,1.922953370955,1.945576351789,1.968199332624,
    1.990822313459),.QUASI_UNIFORM_KNOTS.);
#5427 = CARTESIAN_POINT('',(-3.436500229564,-40.5));
#5428 = CARTESIAN_POINT('',(-3.436167069158,-40.52408159065));
#5429 = CARTESIAN_POINT('',(-3.435487104296,-40.57205626108));
#5430 = CARTESIAN_POINT('',(-3.434426052281,-40.64342127964));
#5431 = CARTESIAN_POINT('',(-3.433323721727,-40.71415829849));
#5432 = CARTESIAN_POINT('',(-3.4321799432,-40.78423475848));
#5433 = CARTESIAN_POINT('',(-3.430994550194,-40.85361708512));
#5434 = CARTESIAN_POINT('',(-3.429767379227,-40.92227055162));
#5435 = CARTESIAN_POINT('',(-3.42849827084,-40.99015929521));
#5436 = CARTESIAN_POINT('',(-3.427187079673,-41.05724584308));
#5437 = CARTESIAN_POINT('',(-3.425833661307,-41.12349169442));
#5438 = CARTESIAN_POINT('',(-3.424437889887,-41.18885674605));
#5439 = CARTESIAN_POINT('',(-3.422999654179,-41.2532994198));
#5440 = CARTESIAN_POINT('',(-3.421518858902,-41.3167766155));
#5441 = CARTESIAN_POINT('',(-3.41999542326,-41.37924377216));
#5442 = CARTESIAN_POINT('',(-3.418429302592,-41.44065432338));
#5443 = CARTESIAN_POINT('',(-3.416820465963,-41.50096024862));
#5444 = CARTESIAN_POINT('',(-3.415168924695,-41.56011168506));
#5445 = CARTESIAN_POINT('',(-3.413474727088,-41.6180569888));
#5446 = CARTESIAN_POINT('',(-3.411737959876,-41.67474273589));
#5447 = CARTESIAN_POINT('',(-3.409958747621,-41.73011365987));
#5448 = CARTESIAN_POINT('',(-3.408137286095,-41.78411244104));
#5449 = CARTESIAN_POINT('',(-3.406273817072,-41.83668020446));
#5450 = CARTESIAN_POINT('',(-3.404368655623,-41.88775608844));
#5451 = CARTESIAN_POINT('',(-3.402422189795,-41.93727752606));
#5452 = CARTESIAN_POINT('',(-3.400434885751,-41.98518040128));
#5453 = CARTESIAN_POINT('',(-3.398407294378,-42.03139908611));
#5454 = CARTESIAN_POINT('',(-3.396340073526,-42.07586645774));
#5455 = CARTESIAN_POINT('',(-3.394233988677,-42.11851411588));
#5456 = CARTESIAN_POINT('',(-3.392089921303,-42.15927265915));
#5457 = CARTESIAN_POINT('',(-3.389908875019,-42.19807206667));
#5458 = CARTESIAN_POINT('',(-3.387691982523,-42.23484204795));
#5459 = CARTESIAN_POINT('',(-3.385440511635,-42.26951241559));
#5460 = CARTESIAN_POINT('',(-3.383155874196,-42.30201339963));
#5461 = CARTESIAN_POINT('',(-3.380839624263,-42.33227617784));
#5462 = CARTESIAN_POINT('',(-3.37849351166,-42.36023301569));
#5463 = CARTESIAN_POINT('',(-3.376119433036,-42.38581835704));
#5464 = CARTESIAN_POINT('',(-3.373719434827,-42.40896945194));
#5465 = CARTESIAN_POINT('',(-3.371295716325,-42.42962691108));
#5466 = CARTESIAN_POINT('',(-3.368850647726,-42.44773518245));
#5467 = CARTESIAN_POINT('',(-3.366386728188,-42.46324341318));
#5468 = CARTESIAN_POINT('',(-3.363906600664,-42.47610602912));
#5469 = CARTESIAN_POINT('',(-3.361413078532,-42.48628313443));
#5470 = CARTESIAN_POINT('',(-3.358909043923,-42.49374159998));
#5471 = CARTESIAN_POINT('',(-3.356397458817,-42.49845526521));
#5472 = CARTESIAN_POINT('',(-3.353881423692,-42.50040534154));
#5473 = CARTESIAN_POINT('',(-3.351363936568,-42.49958087266));
#5474 = CARTESIAN_POINT('',(-3.34884790676,-42.49597801936));
#5475 = CARTESIAN_POINT('',(-3.346336826935,-42.48960190539));
#5476 = CARTESIAN_POINT('',(-3.343833883077,-42.48046619955));
#5477 = CARTESIAN_POINT('',(-3.341342178501,-42.46859249961));
#5478 = CARTESIAN_POINT('',(-3.338864677788,-42.45400981363));
#5479 = CARTESIAN_POINT('',(-3.336404225503,-42.43675406138));
#5480 = CARTESIAN_POINT('',(-3.333963544583,-42.41686761583));
#5481 = CARTESIAN_POINT('',(-3.331545240022,-42.39439888207));
#5482 = CARTESIAN_POINT('',(-3.329151800411,-42.36940190416));
#5483 = CARTESIAN_POINT('',(-3.326785601492,-42.3419360409));
#5484 = CARTESIAN_POINT('',(-3.32444890253,-42.31206555576));
#5485 = CARTESIAN_POINT('',(-3.322143868095,-42.2798596994));
#5486 = CARTESIAN_POINT('',(-3.319872494138,-42.24539112565));
#5487 = CARTESIAN_POINT('',(-3.317636890152,-42.20874069922));
#5488 = CARTESIAN_POINT('',(-3.315437975187,-42.16997420559));
#5489 = CARTESIAN_POINT('',(-3.313277013003,-42.12916512465));
#5490 = CARTESIAN_POINT('',(-3.311155201093,-42.08638907655));
#5491 = CARTESIAN_POINT('',(-3.309073563644,-42.04172117093));
#5492 = CARTESIAN_POINT('',(-3.307032989441,-41.99523621466));
#5493 = CARTESIAN_POINT('',(-3.305034234852,-41.94700822821));
#5494 = CARTESIAN_POINT('',(-3.303077921483,-41.89710987095));
#5495 = CARTESIAN_POINT('',(-3.301164590052,-41.84561292331));
#5496 = CARTESIAN_POINT('',(-3.299295080109,-41.79259982032));
#5497 = CARTESIAN_POINT('',(-3.297469413794,-41.73813181427));
#5498 = CARTESIAN_POINT('',(-3.295687718906,-41.68227237875));
#5499 = CARTESIAN_POINT('',(-3.293950042383,-41.62508241922));
#5500 = CARTESIAN_POINT('',(-3.292256402665,-41.56662150452));
#5501 = CARTESIAN_POINT('',(-3.290606778088,-41.50694748477));
#5502 = CARTESIAN_POINT('',(-3.289001112446,-41.44611654149));
#5503 = CARTESIAN_POINT('',(-3.287439315996,-41.38418312178));
#5504 = CARTESIAN_POINT('',(-3.28592126771,-41.32119990327));
#5505 = CARTESIAN_POINT('',(-3.284446817236,-41.2572177507));
#5506 = CARTESIAN_POINT('',(-3.28301578696,-41.19228567451));
#5507 = CARTESIAN_POINT('',(-3.281627974091,-41.12645078869));
#5508 = CARTESIAN_POINT('',(-3.28028315276,-41.05975826865));
#5509 = CARTESIAN_POINT('',(-3.278981076165,-40.99225130889));
#5510 = CARTESIAN_POINT('',(-3.277721478724,-40.92397108017));
#5511 = CARTESIAN_POINT('',(-3.276504078277,-40.85495668825));
#5512 = CARTESIAN_POINT('',(-3.275328578293,-40.78524512546));
#5513 = CARTESIAN_POINT('',(-3.274194670153,-40.71487124867));
#5514 = CARTESIAN_POINT('',(-3.273102035306,-40.64386765745));
#5515 = CARTESIAN_POINT('',(-3.272050348007,-40.57226494425));
#5516 = CARTESIAN_POINT('',(-3.271376300041,-40.52414868484));
#5517 = CARTESIAN_POINT('',(-3.271045990223,-40.5));
#5518 = ( GEOMETRIC_REPRESENTATION_CONTEXT(2) 
PARAMETRIC_REPRESENTATION_CONTEXT() REPRESENTATION_CONTEXT('2D SPACE',''
  ) );
#5519 = ORIENTED_EDGE('',*,*,#5226,.T.);
#5520 = ORIENTED_EDGE('',*,*,#1063,.F.);
#5521 = ADVANCED_FACE('',(#5522),#1110,.T.);
#5522 = FACE_BOUND('',#5523,.T.);
#5523 = EDGE_LOOP('',(#5524,#5525,#5548,#5577));
#5524 = ORIENTED_EDGE('',*,*,#1092,.F.);
#5525 = ORIENTED_EDGE('',*,*,#5526,.F.);
#5526 = EDGE_CURVE('',#5527,#1093,#5529,.T.);
#5527 = VERTEX_POINT('',#5528);
#5528 = CARTESIAN_POINT('',(-153.5,-35.,20.608581006734));
#5529 = SURFACE_CURVE('',#5530,(#5534,#5541),.PCURVE_S1.);
#5530 = LINE('',#5531,#5532);
#5531 = CARTESIAN_POINT('',(-153.5,-35.,18.));
#5532 = VECTOR('',#5533,1.);
#5533 = DIRECTION('',(0.,0.,1.));
#5534 = PCURVE('',#1110,#5535);
#5535 = DEFINITIONAL_REPRESENTATION('',(#5536),#5540);
#5536 = LINE('',#5537,#5538);
#5537 = CARTESIAN_POINT('',(0.,0.));
#5538 = VECTOR('',#5539,1.);
#5539 = DIRECTION('',(1.,0.));
#5540 = ( GEOMETRIC_REPRESENTATION_CONTEXT(2) 
PARAMETRIC_REPRESENTATION_CONTEXT() REPRESENTATION_CONTEXT('2D SPACE',''
  ) );
#5541 = PCURVE('',#1138,#5542);
#5542 = DEFINITIONAL_REPRESENTATION('',(#5543),#5547);
#5543 = LINE('',#5544,#5545);
#5544 = CARTESIAN_POINT('',(0.,4.));
#5545 = VECTOR('',#5546,1.);
#5546 = DIRECTION('',(1.,0.));
#5547 = ( GEOMETRIC_REPRESENTATION_CONTEXT(2) 
PARAMETRIC_REPRESENTATION_CONTEXT() REPRESENTATION_CONTEXT('2D SPACE',''
  ) );
#5548 = ORIENTED_EDGE('',*,*,#5549,.F.);
#5549 = EDGE_CURVE('',#5550,#5527,#5552,.T.);
#5550 = VERTEX_POINT('',#5551);
#5551 = CARTESIAN_POINT('',(-153.5,-12.46410161513,38.656949983653));
#5552 = SURFACE_CURVE('',#5553,(#5558,#5565),.PCURVE_S1.);
#5553 = CIRCLE('',#5554,40.616666666667);
#5554 = AXIS2_PLACEMENT_3D('',#5555,#5556,#5557);
#5555 = CARTESIAN_POINT('',(-153.5,0.,3.330669073875E-16));
#5556 = DIRECTION('',(1.,0.,2.22044604925E-16));
#5557 = DIRECTION('',(2.22044604925E-16,0.,-1.));
#5558 = PCURVE('',#1110,#5559);
#5559 = DEFINITIONAL_REPRESENTATION('',(#5560),#5564);
#5560 = CIRCLE('',#5561,40.616666666667);
#5561 = AXIS2_PLACEMENT_2D('',#5562,#5563);
#5562 = CARTESIAN_POINT('',(-18.,-35.));
#5563 = DIRECTION('',(-1.,0.));
#5564 = ( GEOMETRIC_REPRESENTATION_CONTEXT(2) 
PARAMETRIC_REPRESENTATION_CONTEXT() REPRESENTATION_CONTEXT('2D SPACE',''
  ) );
#5565 = PCURVE('',#5566,#5571);
#5566 = CONICAL_SURFACE('',#5567,44.233333333333,3.332099587825E-02);
#5567 = AXIS2_PLACEMENT_3D('',#5568,#5569,#5570);
#5568 = CARTESIAN_POINT('',(-262.,0.,-2.375877272698E-14));
#5569 = DIRECTION('',(-1.,-0.,-2.22044604925E-16));
#5570 = DIRECTION('',(2.22044604925E-16,0.,-1.));
#5571 = DEFINITIONAL_REPRESENTATION('',(#5572),#5576);
#5572 = LINE('',#5573,#5574);
#5573 = CARTESIAN_POINT('',(-0.,-108.5));
#5574 = VECTOR('',#5575,1.);
#5575 = DIRECTION('',(-1.,-0.));
#5576 = ( GEOMETRIC_REPRESENTATION_CONTEXT(2) 
PARAMETRIC_REPRESENTATION_CONTEXT() REPRESENTATION_CONTEXT('2D SPACE',''
  ) );
#5577 = ORIENTED_EDGE('',*,*,#5578,.T.);
#5578 = EDGE_CURVE('',#5550,#1095,#5579,.T.);
#5579 = SURFACE_CURVE('',#5580,(#5584,#5590),.PCURVE_S1.);
#5580 = LINE('',#5581,#5582);
#5581 = CARTESIAN_POINT('',(-153.5,-12.46410161513,18.));
#5582 = VECTOR('',#5583,1.);
#5583 = DIRECTION('',(0.,0.,1.));
#5584 = PCURVE('',#1110,#5585);
#5585 = DEFINITIONAL_REPRESENTATION('',(#5586),#5589);
#5586 = B_SPLINE_CURVE_WITH_KNOTS('',1,(#5587,#5588),.UNSPECIFIED.,.F.,
  .F.,(2,2),(-2.399999999625E-06,27.5000024),.PIECEWISE_BEZIER_KNOTS.);
#5587 = CARTESIAN_POINT('',(-2.399999999625E-06,-22.53589838486));
#5588 = CARTESIAN_POINT('',(27.5000024,-22.53589838486));
#5589 = ( GEOMETRIC_REPRESENTATION_CONTEXT(2) 
PARAMETRIC_REPRESENTATION_CONTEXT() REPRESENTATION_CONTEXT('2D SPACE',''
  ) );
#5590 = PCURVE('',#1420,#5591);
#5591 = DEFINITIONAL_REPRESENTATION('',(#5592),#5595);
#5592 = B_SPLINE_CURVE_WITH_KNOTS('',1,(#5593,#5594),.UNSPECIFIED.,.F.,
  .F.,(2,2),(0.,27.5),.PIECEWISE_BEZIER_KNOTS.);
#5593 = CARTESIAN_POINT('',(5.235987755983,0.));
#5594 = CARTESIAN_POINT('',(5.235987755983,27.5));
#5595 = ( GEOMETRIC_REPRESENTATION_CONTEXT(2) 
PARAMETRIC_REPRESENTATION_CONTEXT() REPRESENTATION_CONTEXT('2D SPACE',''
  ) );
#5596 = ADVANCED_FACE('',(#5597),#1138,.F.);
#5597 = FACE_BOUND('',#5598,.F.);
#5598 = EDGE_LOOP('',(#5599,#5600,#5627,#5648));
#5599 = ORIENTED_EDGE('',*,*,#5526,.F.);
#5600 = ORIENTED_EDGE('',*,*,#5601,.T.);
#5601 = EDGE_CURVE('',#5527,#5602,#5604,.T.);
#5602 = VERTEX_POINT('',#5603);
#5603 = CARTESIAN_POINT('',(-157.5,-35.,20.87013416344));
#5604 = SURFACE_CURVE('',#5605,(#5610,#5617),.PCURVE_S1.);
#5605 = HYPERBOLA('',#5606,1.05E+03,35.);
#5606 = AXIS2_PLACEMENT_3D('',#5607,#5608,#5609);
#5607 = CARTESIAN_POINT('',(1.065E+03,-35.,2.708944180085E-13));
#5608 = DIRECTION('',(0.,1.,0.));
#5609 = DIRECTION('',(-1.,0.,-2.22044604925E-16));
#5610 = PCURVE('',#1138,#5611);
#5611 = DEFINITIONAL_REPRESENTATION('',(#5612),#5616);
#5612 = ( BOUNDED_CURVE() B_SPLINE_CURVE(2,(#5613,#5614,#5615),
.UNSPECIFIED.,.F.,.F.) B_SPLINE_CURVE_WITH_KNOTS((3,3),(0.558564193984,
0.566279082399),.PIECEWISE_BEZIER_KNOTS.) CURVE() 
GEOMETRIC_REPRESENTATION_ITEM() RATIONAL_B_SPLINE_CURVE((1.,
1.000007439947,1.)) REPRESENTATION_ITEM('') );
#5613 = CARTESIAN_POINT('',(2.582290391931,4.4));
#5614 = CARTESIAN_POINT('',(2.738914708057,2.018160708285));
#5615 = CARTESIAN_POINT('',(2.896156212195,-0.4));
#5616 = ( GEOMETRIC_REPRESENTATION_CONTEXT(2) 
PARAMETRIC_REPRESENTATION_CONTEXT() REPRESENTATION_CONTEXT('2D SPACE',''
  ) );
#5617 = PCURVE('',#5566,#5618);
#5618 = DEFINITIONAL_REPRESENTATION('',(#5619),#5626);
#5619 = B_SPLINE_CURVE_WITH_KNOTS('',5,(#5620,#5621,#5622,#5623,#5624,
    #5625),.UNSPECIFIED.,.F.,.F.,(6,6),(0.558564193984,0.566279082399),
  .PIECEWISE_BEZIER_KNOTS.);
#5620 = CARTESIAN_POINT('',(-4.180791112484,-108.9));
#5621 = CARTESIAN_POINT('',(-4.179461068508,-107.9472595577));
#5622 = CARTESIAN_POINT('',(-4.178132324904,-106.9908940802));
#5623 = CARTESIAN_POINT('',(-4.176804884879,-106.0308988417));
#5624 = CARTESIAN_POINT('',(-4.175478751595,-105.0672690808));
#5625 = CARTESIAN_POINT('',(-4.17415392817,-104.1));
#5626 = ( GEOMETRIC_REPRESENTATION_CONTEXT(2) 
PARAMETRIC_REPRESENTATION_CONTEXT() REPRESENTATION_CONTEXT('2D SPACE',''
  ) );
#5627 = ORIENTED_EDGE('',*,*,#5628,.T.);
#5628 = EDGE_CURVE('',#5602,#1123,#5629,.T.);
#5629 = SURFACE_CURVE('',#5630,(#5634,#5641),.PCURVE_S1.);
#5630 = LINE('',#5631,#5632);
#5631 = CARTESIAN_POINT('',(-157.5,-35.,18.));
#5632 = VECTOR('',#5633,1.);
#5633 = DIRECTION('',(0.,0.,1.));
#5634 = PCURVE('',#1138,#5635);
#5635 = DEFINITIONAL_REPRESENTATION('',(#5636),#5640);
#5636 = LINE('',#5637,#5638);
#5637 = CARTESIAN_POINT('',(0.,0.));
#5638 = VECTOR('',#5639,1.);
#5639 = DIRECTION('',(1.,0.));
#5640 = ( GEOMETRIC_REPRESENTATION_CONTEXT(2) 
PARAMETRIC_REPRESENTATION_CONTEXT() REPRESENTATION_CONTEXT('2D SPACE',''
  ) );
#5641 = PCURVE('',#1166,#5642);
#5642 = DEFINITIONAL_REPRESENTATION('',(#5643),#5647);
#5643 = LINE('',#5644,#5645);
#5644 = CARTESIAN_POINT('',(0.,0.));
#5645 = VECTOR('',#5646,1.);
#5646 = DIRECTION('',(1.,0.));
#5647 = ( GEOMETRIC_REPRESENTATION_CONTEXT(2) 
PARAMETRIC_REPRESENTATION_CONTEXT() REPRESENTATION_CONTEXT('2D SPACE',''
  ) );
#5648 = ORIENTED_EDGE('',*,*,#1122,.T.);
#5649 = ADVANCED_FACE('',(#5650),#1166,.F.);
#5650 = FACE_BOUND('',#5651,.F.);
#5651 = EDGE_LOOP('',(#5652,#5653,#5654,#5678));
#5652 = ORIENTED_EDGE('',*,*,#1150,.F.);
#5653 = ORIENTED_EDGE('',*,*,#5628,.F.);
#5654 = ORIENTED_EDGE('',*,*,#5655,.F.);
#5655 = EDGE_CURVE('',#5656,#5602,#5658,.T.);
#5656 = VERTEX_POINT('',#5657);
#5657 = CARTESIAN_POINT('',(-157.5,-12.46410161513,38.797018840724));
#5658 = SURFACE_CURVE('',#5659,(#5664,#5671),.PCURVE_S1.);
#5659 = CIRCLE('',#5660,40.75);
#5660 = AXIS2_PLACEMENT_3D('',#5661,#5662,#5663);
#5661 = CARTESIAN_POINT('',(-157.5,0.,-5.551115123126E-16));
#5662 = DIRECTION('',(1.,0.,2.22044604925E-16));
#5663 = DIRECTION('',(2.22044604925E-16,0.,-1.));
#5664 = PCURVE('',#1166,#5665);
#5665 = DEFINITIONAL_REPRESENTATION('',(#5666),#5670);
#5666 = CIRCLE('',#5667,40.75);
#5667 = AXIS2_PLACEMENT_2D('',#5668,#5669);
#5668 = CARTESIAN_POINT('',(-18.,-35.));
#5669 = DIRECTION('',(-1.,0.));
#5670 = ( GEOMETRIC_REPRESENTATION_CONTEXT(2) 
PARAMETRIC_REPRESENTATION_CONTEXT() REPRESENTATION_CONTEXT('2D SPACE',''
  ) );
#5671 = PCURVE('',#5566,#5672);
#5672 = DEFINITIONAL_REPRESENTATION('',(#5673),#5677);
#5673 = LINE('',#5674,#5675);
#5674 = CARTESIAN_POINT('',(-0.,-104.5));
#5675 = VECTOR('',#5676,1.);
#5676 = DIRECTION('',(-1.,-0.));
#5677 = ( GEOMETRIC_REPRESENTATION_CONTEXT(2) 
PARAMETRIC_REPRESENTATION_CONTEXT() REPRESENTATION_CONTEXT('2D SPACE',''
  ) );
#5678 = ORIENTED_EDGE('',*,*,#5679,.T.);
#5679 = EDGE_CURVE('',#5656,#1151,#5680,.T.);
#5680 = SURFACE_CURVE('',#5681,(#5685,#5691),.PCURVE_S1.);
#5681 = LINE('',#5682,#5683);
#5682 = CARTESIAN_POINT('',(-157.5,-12.46410161513,18.));
#5683 = VECTOR('',#5684,1.);
#5684 = DIRECTION('',(0.,0.,1.));
#5685 = PCURVE('',#1166,#5686);
#5686 = DEFINITIONAL_REPRESENTATION('',(#5687),#5690);
#5687 = B_SPLINE_CURVE_WITH_KNOTS('',1,(#5688,#5689),.UNSPECIFIED.,.F.,
  .F.,(2,2),(-2.399999999625E-06,27.5000024),.PIECEWISE_BEZIER_KNOTS.);
#5688 = CARTESIAN_POINT('',(-2.399999999625E-06,-22.53589838486));
#5689 = CARTESIAN_POINT('',(27.5000024,-22.53589838486));
#5690 = ( GEOMETRIC_REPRESENTATION_CONTEXT(2) 
PARAMETRIC_REPRESENTATION_CONTEXT() REPRESENTATION_CONTEXT('2D SPACE',''
  ) );
#5691 = PCURVE('',#1195,#5692);
#5692 = DEFINITIONAL_REPRESENTATION('',(#5693),#5696);
#5693 = B_SPLINE_CURVE_WITH_KNOTS('',1,(#5694,#5695),.UNSPECIFIED.,.F.,
  .F.,(2,2),(-2.399999999625E-06,27.5000024),.PIECEWISE_BEZIER_KNOTS.);
#5694 = CARTESIAN_POINT('',(4.188790204786,-2.399999999625E-06));
#5695 = CARTESIAN_POINT('',(4.188790204786,27.5000024));
#5696 = ( GEOMETRIC_REPRESENTATION_CONTEXT(2) 
PARAMETRIC_REPRESENTATION_CONTEXT() REPRESENTATION_CONTEXT('2D SPACE',''
  ) );
#5697 = ADVANCED_FACE('',(#5698),#1195,.T.);
#5698 = FACE_BOUND('',#5699,.T.);
#5699 = EDGE_LOOP('',(#5700,#5701,#5722,#5860));
#5700 = ORIENTED_EDGE('',*,*,#1178,.F.);
#5701 = ORIENTED_EDGE('',*,*,#5702,.F.);
#5702 = EDGE_CURVE('',#5703,#1179,#5705,.T.);
#5703 = VERTEX_POINT('',#5704);
#5704 = CARTESIAN_POINT('',(-157.5,-5.535898384862,40.372222245902));
#5705 = SURFACE_CURVE('',#5706,(#5710,#5716),.PCURVE_S1.);
#5706 = LINE('',#5707,#5708);
#5707 = CARTESIAN_POINT('',(-157.5,-5.535898384862,18.));
#5708 = VECTOR('',#5709,1.);
#5709 = DIRECTION('',(0.,0.,1.));
#5710 = PCURVE('',#1195,#5711);
#5711 = DEFINITIONAL_REPRESENTATION('',(#5712),#5715);
#5712 = B_SPLINE_CURVE_WITH_KNOTS('',1,(#5713,#5714),.UNSPECIFIED.,.F.,
  .F.,(2,2),(-2.399999999625E-06,27.5000024),.PIECEWISE_BEZIER_KNOTS.);
#5713 = CARTESIAN_POINT('',(2.094395102393,-2.399999999625E-06));
#5714 = CARTESIAN_POINT('',(2.094395102393,27.5000024));
#5715 = ( GEOMETRIC_REPRESENTATION_CONTEXT(2) 
PARAMETRIC_REPRESENTATION_CONTEXT() REPRESENTATION_CONTEXT('2D SPACE',''
  ) );
#5716 = PCURVE('',#1223,#5717);
#5717 = DEFINITIONAL_REPRESENTATION('',(#5718),#5721);
#5718 = B_SPLINE_CURVE_WITH_KNOTS('',1,(#5719,#5720),.UNSPECIFIED.,.F.,
  .F.,(2,2),(-2.399999999625E-06,27.5000024),.PIECEWISE_BEZIER_KNOTS.);
#5719 = CARTESIAN_POINT('',(-2.399999999625E-06,-29.46410161513));
#5720 = CARTESIAN_POINT('',(27.5000024,-29.46410161513));
#5721 = ( GEOMETRIC_REPRESENTATION_CONTEXT(2) 
PARAMETRIC_REPRESENTATION_CONTEXT() REPRESENTATION_CONTEXT('2D SPACE',''
  ) );
#5722 = ORIENTED_EDGE('',*,*,#5723,.T.);
#5723 = EDGE_CURVE('',#5703,#5656,#5724,.T.);
#5724 = SURFACE_CURVE('',#5725,(#5768,#5814),.PCURVE_S1.);
#5725 = B_SPLINE_CURVE_WITH_KNOTS('',6,(#5726,#5727,#5728,#5729,#5730,
    #5731,#5732,#5733,#5734,#5735,#5736,#5737,#5738,#5739,#5740,#5741,
    #5742,#5743,#5744,#5745,#5746,#5747,#5748,#5749,#5750,#5751,#5752,
    #5753,#5754,#5755,#5756,#5757,#5758,#5759,#5760,#5761,#5762,#5763,
    #5764,#5765,#5766,#5767),.UNSPECIFIED.,.F.,.F.,(7,5,5,5,5,5,5,5,7),(
    0.,0.234343053936,0.318621472173,0.366292868872,0.465728054429,
    0.567046717149,0.616668516879,0.707058277169,1.),.UNSPECIFIED.);
#5726 = CARTESIAN_POINT('',(-157.5,-5.535898384862,40.372222245902));
#5727 = CARTESIAN_POINT('',(-157.7512614504,-5.680964250921,
    40.36078435459));
#5728 = CARTESIAN_POINT('',(-157.994819276,-5.850741213969,
    40.345071750807));
#5729 = CARTESIAN_POINT('',(-158.228786288,-6.046287411817,
    40.324469180436));
#5730 = CARTESIAN_POINT('',(-158.4500154593,-6.268618618183,
    40.2981823799));
#5731 = CARTESIAN_POINT('',(-158.6543355393,-6.518136437294,
    40.265265525926));
#5732 = CARTESIAN_POINT('',(-158.9024227878,-6.893420045663,
    40.210265122939));
#5733 = CARTESIAN_POINT('',(-158.9651936965,-6.996077445111,
    40.194747659017));
#5734 = CARTESIAN_POINT('',(-159.0248710791,-7.102062787564,
    40.178224233361));
#5735 = CARTESIAN_POINT('',(-159.0811931039,-7.211272959026,
    40.160662694538));
#5736 = CARTESIAN_POINT('',(-159.1338915803,-7.323554047066,
    40.142040339254));
#5737 = CARTESIAN_POINT('',(-159.2103150358,-7.503816168031,
    40.111210572052));
#5738 = CARTESIAN_POINT('',(-159.2366823936,-7.569855388443,
    40.099730239726));
#5739 = CARTESIAN_POINT('',(-159.2617589811,-7.636768277816,
    40.087906532172));
#5740 = CARTESIAN_POINT('',(-159.2854983219,-7.704509301491,
    40.07573953873));
#5741 = CARTESIAN_POINT('',(-159.307856046,-7.773026488049,
    40.06323115887));
#5742 = CARTESIAN_POINT('',(-159.3724579013,-7.98667305797,
    40.023591340458));
#5743 = CARTESIAN_POINT('',(-159.4099404459,-8.134226312524,
    39.995325802654));
#5744 = CARTESIAN_POINT('',(-159.4408521698,-8.28435080351,
    39.965631843578));
#5745 = CARTESIAN_POINT('',(-159.4648936575,-8.436406100999,
    39.934583724446));
#5746 = CARTESIAN_POINT('',(-159.4818785372,-8.589678133625,
    39.902294842196));
#5747 = CARTESIAN_POINT('',(-159.5018277019,-8.899985510737,
    39.834924269218));
#5748 = CARTESIAN_POINT('',(-159.5045225565,-9.057073089304,
    39.799793480359));
#5749 = CARTESIAN_POINT('',(-159.499791778,-9.213802765816,
    39.763701828183));
#5750 = CARTESIAN_POINT('',(-159.48774197,-9.36941005495,39.726835341656
    ));
#5751 = CARTESIAN_POINT('',(-159.4686065016,-9.523200054691,
    39.689392147409));
#5752 = CARTESIAN_POINT('',(-159.430031922,-9.748668221409,
    39.633056874652));
#5753 = CARTESIAN_POINT('',(-159.4157287347,-9.822210079396,
    39.614446067367));
#5754 = CARTESIAN_POINT('',(-159.3998413562,-9.895101649211,
    39.595767620644));
#5755 = CARTESIAN_POINT('',(-159.3824116869,-9.967281252875,
    39.577043771344));
#5756 = CARTESIAN_POINT('',(-159.3634846504,-10.03869422815,
    39.558295950214));
#5757 = CARTESIAN_POINT('',(-159.3059872932,-10.23789193799,
    39.505387748498));
#5758 = CARTESIAN_POINT('',(-159.2640541895,-10.36378644538,
    39.47121956608));
#5759 = CARTESIAN_POINT('',(-159.2175892921,-10.48668942688,
    39.437162750539));
#5760 = CARTESIAN_POINT('',(-159.166888873,-10.60638910699,
    39.40332780291));
#5761 = CARTESIAN_POINT('',(-159.1122468373,-10.72273538963,
    39.369812145132));
#5762 = CARTESIAN_POINT('',(-158.8649656242,-11.20149392779,
    39.22938434422));
#5763 = CARTESIAN_POINT('',(-158.6378477668,-11.530363733,
    39.126508116476));
#5764 = CARTESIAN_POINT('',(-158.3814581884,-11.82055459734,
    39.030445089402));
#5765 = CARTESIAN_POINT('',(-158.103044997,-12.07206681511,
    38.942960505095));
#5766 = CARTESIAN_POINT('',(-157.8081809419,-12.28617326535,
    38.864970697771));
#5767 = CARTESIAN_POINT('',(-157.5,-12.46410161513,38.797018840724));
#5768 = PCURVE('',#1195,#5769);
#5769 = DEFINITIONAL_REPRESENTATION('',(#5770),#5813);
#5770 = B_SPLINE_CURVE_WITH_KNOTS('',6,(#5771,#5772,#5773,#5774,#5775,
    #5776,#5777,#5778,#5779,#5780,#5781,#5782,#5783,#5784,#5785,#5786,
    #5787,#5788,#5789,#5790,#5791,#5792,#5793,#5794,#5795,#5796,#5797,
    #5798,#5799,#5800,#5801,#5802,#5803,#5804,#5805,#5806,#5807,#5808,
    #5809,#5810,#5811,#5812),.UNSPECIFIED.,.F.,.F.,(7,5,5,5,5,5,5,5,7),(
    0.,0.234343053936,0.318621472173,0.366292868872,0.465728054429,
    0.567046717149,0.616668516879,0.707058277169,1.),.UNSPECIFIED.);
#5771 = CARTESIAN_POINT('',(2.094395102393,22.372222245902));
#5772 = CARTESIAN_POINT('',(2.166928035422,22.36078435459));
#5773 = CARTESIAN_POINT('',(2.240882040269,22.345071750807));
#5774 = CARTESIAN_POINT('',(2.316667162878,22.324469180436));
#5775 = CARTESIAN_POINT('',(2.394552508788,22.2981823799));
#5776 = CARTESIAN_POINT('',(2.474758243508,22.265265525926));
#5777 = CARTESIAN_POINT('',(2.587226313862,22.210265122939));
#5778 = CARTESIAN_POINT('',(2.617289490934,22.194747659017));
#5779 = CARTESIAN_POINT('',(2.647667489277,22.178224233361));
#5780 = CARTESIAN_POINT('',(2.678355389068,22.160662694538));
#5781 = CARTESIAN_POINT('',(2.709341403079,22.142040339254));
#5782 = CARTESIAN_POINT('',(2.758289702854,22.111210572052));
#5783 = CARTESIAN_POINT('',(2.776062863197,22.099730239726));
#5784 = CARTESIAN_POINT('',(2.793921108606,22.087906532172));
#5785 = CARTESIAN_POINT('',(2.811859891705,22.07573953873));
#5786 = CARTESIAN_POINT('',(2.829873790029,22.06323115887));
#5787 = CARTESIAN_POINT('',(2.885673799295,22.023591340458));
#5788 = CARTESIAN_POINT('',(2.923695473161,21.995325802654));
#5789 = CARTESIAN_POINT('',(2.961953292547,21.965631843578));
#5790 = CARTESIAN_POINT('',(3.000377348255,21.934583724446));
#5791 = CARTESIAN_POINT('',(3.038888772091,21.902294842196));
#5792 = CARTESIAN_POINT('',(3.116625763553,21.834924269218));
#5793 = CARTESIAN_POINT('',(3.155859895188,21.799793480359));
#5794 = CARTESIAN_POINT('',(3.194994657748,21.763701828183));
#5795 = CARTESIAN_POINT('',(3.233948910164,21.726835341656));
#5796 = CARTESIAN_POINT('',(3.272652606039,21.689392147409));
#5797 = CARTESIAN_POINT('',(3.329838646947,21.633056874652));
#5798 = CARTESIAN_POINT('',(3.348563808604,21.614446067367));
#5799 = CARTESIAN_POINT('',(3.367207481527,21.595767620644));
#5800 = CARTESIAN_POINT('',(3.385764168155,21.577043771344));
#5801 = CARTESIAN_POINT('',(3.404229377056,21.558295950214));
#5802 = CARTESIAN_POINT('',(3.456061843769,21.505387748498));
#5803 = CARTESIAN_POINT('',(3.48920818667,21.47121956608));
#5804 = CARTESIAN_POINT('',(3.522017774364,21.437162750539));
#5805 = CARTESIAN_POINT('',(3.554479867104,21.40332780291));
#5806 = CARTESIAN_POINT('',(3.586591776035,21.369812145132));
#5807 = CARTESIAN_POINT('',(3.72130390805,21.22938434422));
#5808 = CARTESIAN_POINT('',(3.820410261479,21.126508116476));
#5809 = CARTESIAN_POINT('',(3.916241595017,21.030445089402));
#5810 = CARTESIAN_POINT('',(4.009221870493,20.942960505095));
#5811 = CARTESIAN_POINT('',(4.099826029892,20.864970697771));
#5812 = CARTESIAN_POINT('',(4.188790204786,20.797018840724));
#5813 = ( GEOMETRIC_REPRESENTATION_CONTEXT(2) 
PARAMETRIC_REPRESENTATION_CONTEXT() REPRESENTATION_CONTEXT('2D SPACE',''
  ) );
#5814 = PCURVE('',#5566,#5815);
#5815 = DEFINITIONAL_REPRESENTATION('',(#5816),#5859);
#5816 = B_SPLINE_CURVE_WITH_KNOTS('',6,(#5817,#5818,#5819,#5820,#5821,
    #5822,#5823,#5824,#5825,#5826,#5827,#5828,#5829,#5830,#5831,#5832,
    #5833,#5834,#5835,#5836,#5837,#5838,#5839,#5840,#5841,#5842,#5843,
    #5844,#5845,#5846,#5847,#5848,#5849,#5850,#5851,#5852,#5853,#5854,
    #5855,#5856,#5857,#5858),.UNSPECIFIED.,.F.,.F.,(7,5,5,5,5,5,5,5,7),(
    0.,0.234343053936,0.318621472173,0.366292868872,0.465728054429,
    0.567046717149,0.616668516879,0.707058277169,1.),.UNSPECIFIED.);
#5817 = CARTESIAN_POINT('',(-3.277864289045,-104.5));
#5818 = CARTESIAN_POINT('',(-3.28142931619,-104.2487385495));
#5819 = CARTESIAN_POINT('',(-3.285607620408,-104.0051807239));
#5820 = CARTESIAN_POINT('',(-3.29042659885,-103.7712137119));
#5821 = CARTESIAN_POINT('',(-3.295913393017,-103.5499845406));
#5822 = CARTESIAN_POINT('',(-3.302081247616,-103.3456644606));
#5823 = CARTESIAN_POINT('',(-3.31137666298,-103.0975772121));
#5824 = CARTESIAN_POINT('',(-3.313921000301,-103.0348063034));
#5825 = CARTESIAN_POINT('',(-3.316549598473,-102.9751289208));
#5826 = CARTESIAN_POINT('',(-3.319260145689,-102.918806896));
#5827 = CARTESIAN_POINT('',(-3.322049083126,-102.8661084196));
#5828 = CARTESIAN_POINT('',(-3.326530319702,-102.7896849641));
#5829 = CARTESIAN_POINT('',(-3.328172767962,-102.7633176063));
#5830 = CARTESIAN_POINT('',(-3.329837726703,-102.7382410188));
#5831 = CARTESIAN_POINT('',(-3.331524113179,-102.714501678));
#5832 = CARTESIAN_POINT('',(-3.333230683501,-102.6921439539));
#5833 = CARTESIAN_POINT('',(-3.338554796355,-102.6275420986));
#5834 = CARTESIAN_POINT('',(-3.342235727701,-102.590059554));
#5835 = CARTESIAN_POINT('',(-3.345985057523,-102.5591478301));
#5836 = CARTESIAN_POINT('',(-3.349787229921,-102.5351063424));
#5837 = CARTESIAN_POINT('',(-3.353624753271,-102.5181214627));
#5838 = CARTESIAN_POINT('',(-3.361404369281,-102.498172298));
#5839 = CARTESIAN_POINT('',(-3.365347966235,-102.4954774434));
#5840 = CARTESIAN_POINT('',(-3.369288179077,-102.5002082219));
#5841 = CARTESIAN_POINT('',(-3.373205958037,-102.5122580299));
#5842 = CARTESIAN_POINT('',(-3.377083834752,-102.5313934983));
#5843 = CARTESIAN_POINT('',(-3.382777755846,-102.5699680779));
#5844 = CARTESIAN_POINT('',(-3.384636380372,-102.5842712652));
#5845 = CARTESIAN_POINT('',(-3.386479988008,-102.6001586437));
#5846 = CARTESIAN_POINT('',(-3.388307002094,-102.617588313));
#5847 = CARTESIAN_POINT('',(-3.390116015552,-102.6365153495));
#5848 = CARTESIAN_POINT('',(-3.395165958899,-102.6940127067));
#5849 = CARTESIAN_POINT('',(-3.398362229082,-102.7359458104));
#5850 = CARTESIAN_POINT('',(-3.40148715564,-102.7824107078));
#5851 = CARTESIAN_POINT('',(-3.404535126699,-102.8331111269));
#5852 = CARTESIAN_POINT('',(-3.407502049333,-102.8877531626));
#5853 = CARTESIAN_POINT('',(-3.419728482719,-103.1350343757));
#5854 = CARTESIAN_POINT('',(-3.428172290583,-103.3621522331));
#5855 = CARTESIAN_POINT('',(-3.435663455792,-103.6185418115));
#5856 = CARTESIAN_POINT('',(-3.442190124032,-103.8969550029));
#5857 = CARTESIAN_POINT('',(-3.447775021407,-104.191819058));
#5858 = CARTESIAN_POINT('',(-3.452442143776,-104.5));
#5859 = ( GEOMETRIC_REPRESENTATION_CONTEXT(2) 
PARAMETRIC_REPRESENTATION_CONTEXT() REPRESENTATION_CONTEXT('2D SPACE',''
  ) );
#5860 = ORIENTED_EDGE('',*,*,#5679,.T.);
#5861 = ADVANCED_FACE('',(#5862),#1223,.F.);
#5862 = FACE_BOUND('',#5863,.F.);
#5863 = EDGE_LOOP('',(#5864,#5865,#5866,#5890));
#5864 = ORIENTED_EDGE('',*,*,#1207,.F.);
#5865 = ORIENTED_EDGE('',*,*,#5702,.F.);
#5866 = ORIENTED_EDGE('',*,*,#5867,.F.);
#5867 = EDGE_CURVE('',#5868,#5703,#5870,.T.);
#5868 = VERTEX_POINT('',#5869);
#5869 = CARTESIAN_POINT('',(-157.5,5.535898384862,40.372222245902));
#5870 = SURFACE_CURVE('',#5871,(#5876,#5883),.PCURVE_S1.);
#5871 = CIRCLE('',#5872,40.75);
#5872 = AXIS2_PLACEMENT_3D('',#5873,#5874,#5875);
#5873 = CARTESIAN_POINT('',(-157.5,0.,-5.551115123126E-16));
#5874 = DIRECTION('',(1.,0.,2.22044604925E-16));
#5875 = DIRECTION('',(2.22044604925E-16,0.,-1.));
#5876 = PCURVE('',#1223,#5877);
#5877 = DEFINITIONAL_REPRESENTATION('',(#5878),#5882);
#5878 = CIRCLE('',#5879,40.75);
#5879 = AXIS2_PLACEMENT_2D('',#5880,#5881);
#5880 = CARTESIAN_POINT('',(-18.,-35.));
#5881 = DIRECTION('',(-1.,0.));
#5882 = ( GEOMETRIC_REPRESENTATION_CONTEXT(2) 
PARAMETRIC_REPRESENTATION_CONTEXT() REPRESENTATION_CONTEXT('2D SPACE',''
  ) );
#5883 = PCURVE('',#5566,#5884);
#5884 = DEFINITIONAL_REPRESENTATION('',(#5885),#5889);
#5885 = LINE('',#5886,#5887);
#5886 = CARTESIAN_POINT('',(-0.,-104.5));
#5887 = VECTOR('',#5888,1.);
#5888 = DIRECTION('',(-1.,-0.));
#5889 = ( GEOMETRIC_REPRESENTATION_CONTEXT(2) 
PARAMETRIC_REPRESENTATION_CONTEXT() REPRESENTATION_CONTEXT('2D SPACE',''
  ) );
#5890 = ORIENTED_EDGE('',*,*,#5891,.T.);
#5891 = EDGE_CURVE('',#5868,#1208,#5892,.T.);
#5892 = SURFACE_CURVE('',#5893,(#5897,#5903),.PCURVE_S1.);
#5893 = LINE('',#5894,#5895);
#5894 = CARTESIAN_POINT('',(-157.5,5.535898384862,18.));
#5895 = VECTOR('',#5896,1.);
#5896 = DIRECTION('',(0.,0.,1.));
#5897 = PCURVE('',#1223,#5898);
#5898 = DEFINITIONAL_REPRESENTATION('',(#5899),#5902);
#5899 = B_SPLINE_CURVE_WITH_KNOTS('',1,(#5900,#5901),.UNSPECIFIED.,.F.,
  .F.,(2,2),(-2.399999999625E-06,27.5000024),.PIECEWISE_BEZIER_KNOTS.);
#5900 = CARTESIAN_POINT('',(-2.399999999625E-06,-40.53589838486));
#5901 = CARTESIAN_POINT('',(27.5000024,-40.53589838486));
#5902 = ( GEOMETRIC_REPRESENTATION_CONTEXT(2) 
PARAMETRIC_REPRESENTATION_CONTEXT() REPRESENTATION_CONTEXT('2D SPACE',''
  ) );
#5903 = PCURVE('',#1252,#5904);
#5904 = DEFINITIONAL_REPRESENTATION('',(#5905),#5908);
#5905 = B_SPLINE_CURVE_WITH_KNOTS('',1,(#5906,#5907),.UNSPECIFIED.,.F.,
  .F.,(2,2),(-2.399999999625E-06,27.5000024),.PIECEWISE_BEZIER_KNOTS.);
#5906 = CARTESIAN_POINT('',(4.188790204786,-2.399999999625E-06));
#5907 = CARTESIAN_POINT('',(4.188790204786,27.5000024));
#5908 = ( GEOMETRIC_REPRESENTATION_CONTEXT(2) 
PARAMETRIC_REPRESENTATION_CONTEXT() REPRESENTATION_CONTEXT('2D SPACE',''
  ) );
#5909 = ADVANCED_FACE('',(#5910),#1252,.T.);
#5910 = FACE_BOUND('',#5911,.T.);
#5911 = EDGE_LOOP('',(#5912,#5913,#5934,#6072));
#5912 = ORIENTED_EDGE('',*,*,#1235,.F.);
#5913 = ORIENTED_EDGE('',*,*,#5914,.F.);
#5914 = EDGE_CURVE('',#5915,#1236,#5917,.T.);
#5915 = VERTEX_POINT('',#5916);
#5916 = CARTESIAN_POINT('',(-157.5,12.464101615138,38.797018840724));
#5917 = SURFACE_CURVE('',#5918,(#5922,#5928),.PCURVE_S1.);
#5918 = LINE('',#5919,#5920);
#5919 = CARTESIAN_POINT('',(-157.5,12.464101615138,18.));
#5920 = VECTOR('',#5921,1.);
#5921 = DIRECTION('',(0.,0.,1.));
#5922 = PCURVE('',#1252,#5923);
#5923 = DEFINITIONAL_REPRESENTATION('',(#5924),#5927);
#5924 = B_SPLINE_CURVE_WITH_KNOTS('',1,(#5925,#5926),.UNSPECIFIED.,.F.,
  .F.,(2,2),(-2.399999999625E-06,27.5000024),.PIECEWISE_BEZIER_KNOTS.);
#5925 = CARTESIAN_POINT('',(2.094395102393,-2.399999999625E-06));
#5926 = CARTESIAN_POINT('',(2.094395102393,27.5000024));
#5927 = ( GEOMETRIC_REPRESENTATION_CONTEXT(2) 
PARAMETRIC_REPRESENTATION_CONTEXT() REPRESENTATION_CONTEXT('2D SPACE',''
  ) );
#5928 = PCURVE('',#1280,#5929);
#5929 = DEFINITIONAL_REPRESENTATION('',(#5930),#5933);
#5930 = B_SPLINE_CURVE_WITH_KNOTS('',1,(#5931,#5932),.UNSPECIFIED.,.F.,
  .F.,(2,2),(-2.399999999625E-06,27.5000024),.PIECEWISE_BEZIER_KNOTS.);
#5931 = CARTESIAN_POINT('',(-2.399999999625E-06,-47.46410161513));
#5932 = CARTESIAN_POINT('',(27.5000024,-47.46410161513));
#5933 = ( GEOMETRIC_REPRESENTATION_CONTEXT(2) 
PARAMETRIC_REPRESENTATION_CONTEXT() REPRESENTATION_CONTEXT('2D SPACE',''
  ) );
#5934 = ORIENTED_EDGE('',*,*,#5935,.T.);
#5935 = EDGE_CURVE('',#5915,#5868,#5936,.T.);
#5936 = SURFACE_CURVE('',#5937,(#5980,#6026),.PCURVE_S1.);
#5937 = B_SPLINE_CURVE_WITH_KNOTS('',6,(#5938,#5939,#5940,#5941,#5942,
    #5943,#5944,#5945,#5946,#5947,#5948,#5949,#5950,#5951,#5952,#5953,
    #5954,#5955,#5956,#5957,#5958,#5959,#5960,#5961,#5962,#5963,#5964,
    #5965,#5966,#5967,#5968,#5969,#5970,#5971,#5972,#5973,#5974,#5975,
    #5976,#5977,#5978,#5979),.UNSPECIFIED.,.F.,.F.,(7,5,5,5,5,5,5,5,7),(
    0.,0.292941722832,0.383331483121,0.432953282851,0.534271945571,
    0.633707131128,0.681378527827,0.765656946065,1.),.UNSPECIFIED.);
#5938 = CARTESIAN_POINT('',(-157.5,12.464101615138,38.797018840724));
#5939 = CARTESIAN_POINT('',(-157.8081809419,12.28617326535,
    38.864970697771));
#5940 = CARTESIAN_POINT('',(-158.103044997,12.072066815113,
    38.942960505095));
#5941 = CARTESIAN_POINT('',(-158.3814581884,11.820554597348,
    39.030445089401));
#5942 = CARTESIAN_POINT('',(-158.6378477668,11.530363733006,
    39.126508116476));
#5943 = CARTESIAN_POINT('',(-158.8649656242,11.201493927793,
    39.22938434422));
#5944 = CARTESIAN_POINT('',(-159.1122468373,10.722735389638,
    39.369812145132));
#5945 = CARTESIAN_POINT('',(-159.166888873,10.606389106998,
    39.40332780291));
#5946 = CARTESIAN_POINT('',(-159.2175892921,10.486689426883,
    39.437162750539));
#5947 = CARTESIAN_POINT('',(-159.2640541895,10.363786445388,
    39.47121956608));
#5948 = CARTESIAN_POINT('',(-159.3059872932,10.237891937989,
    39.505387748498));
#5949 = CARTESIAN_POINT('',(-159.3634846504,10.038694228153,
    39.558295950214));
#5950 = CARTESIAN_POINT('',(-159.3824116869,9.967281252874,
    39.577043771344));
#5951 = CARTESIAN_POINT('',(-159.3998413562,9.895101649211,
    39.595767620644));
#5952 = CARTESIAN_POINT('',(-159.4157287347,9.822210079396,
    39.614446067367));
#5953 = CARTESIAN_POINT('',(-159.430031922,9.748668221409,
    39.633056874652));
#5954 = CARTESIAN_POINT('',(-159.4686065016,9.523200054691,
    39.689392147409));
#5955 = CARTESIAN_POINT('',(-159.48774197,9.36941005495,39.726835341656)
  );
#5956 = CARTESIAN_POINT('',(-159.499791778,9.213802765815,
    39.763701828183));
#5957 = CARTESIAN_POINT('',(-159.5045225565,9.057073089304,
    39.799793480359));
#5958 = CARTESIAN_POINT('',(-159.5018277019,8.899985510737,
    39.834924269218));
#5959 = CARTESIAN_POINT('',(-159.4818785372,8.589678133625,
    39.902294842196));
#5960 = CARTESIAN_POINT('',(-159.4648936575,8.436406100999,
    39.934583724446));
#5961 = CARTESIAN_POINT('',(-159.4408521698,8.28435080351,
    39.965631843578));
#5962 = CARTESIAN_POINT('',(-159.4099404459,8.134226312524,
    39.995325802654));
#5963 = CARTESIAN_POINT('',(-159.3724579013,7.98667305797,
    40.023591340458));
#5964 = CARTESIAN_POINT('',(-159.307856046,7.773026488049,40.06323115887
    ));
#5965 = CARTESIAN_POINT('',(-159.2854983219,7.704509301491,
    40.07573953873));
#5966 = CARTESIAN_POINT('',(-159.2617589811,7.636768277816,
    40.087906532172));
#5967 = CARTESIAN_POINT('',(-159.2366823936,7.569855388442,
    40.099730239726));
#5968 = CARTESIAN_POINT('',(-159.2103150358,7.503816168031,
    40.111210572053));
#5969 = CARTESIAN_POINT('',(-159.1338915803,7.323554047066,
    40.142040339254));
#5970 = CARTESIAN_POINT('',(-159.0811931039,7.211272959026,
    40.160662694538));
#5971 = CARTESIAN_POINT('',(-159.0248710791,7.102062787563,
    40.178224233361));
#5972 = CARTESIAN_POINT('',(-158.9651936965,6.996077445111,
    40.194747659017));
#5973 = CARTESIAN_POINT('',(-158.9024227878,6.893420045663,
    40.210265122939));
#5974 = CARTESIAN_POINT('',(-158.6543355393,6.518136437294,
    40.265265525926));
#5975 = CARTESIAN_POINT('',(-158.4500154593,6.268618618183,40.2981823799
    ));
#5976 = CARTESIAN_POINT('',(-158.228786288,6.046287411816,
    40.324469180436));
#5977 = CARTESIAN_POINT('',(-157.994819276,5.850741213969,
    40.345071750807));
#5978 = CARTESIAN_POINT('',(-157.7512614504,5.68096425092,40.36078435459
    ));
#5979 = CARTESIAN_POINT('',(-157.5,5.535898384862,40.372222245902));
#5980 = PCURVE('',#1252,#5981);
#5981 = DEFINITIONAL_REPRESENTATION('',(#5982),#6025);
#5982 = B_SPLINE_CURVE_WITH_KNOTS('',6,(#5983,#5984,#5985,#5986,#5987,
    #5988,#5989,#5990,#5991,#5992,#5993,#5994,#5995,#5996,#5997,#5998,
    #5999,#6000,#6001,#6002,#6003,#6004,#6005,#6006,#6007,#6008,#6009,
    #6010,#6011,#6012,#6013,#6014,#6015,#6016,#6017,#6018,#6019,#6020,
    #6021,#6022,#6023,#6024),.UNSPECIFIED.,.F.,.F.,(7,5,5,5,5,5,5,5,7),(
    0.,0.292941722832,0.383331483121,0.432953282851,0.534271945571,
    0.633707131128,0.681378527827,0.765656946065,1.),.UNSPECIFIED.);
#5983 = CARTESIAN_POINT('',(2.094395102393,20.797018840724));
#5984 = CARTESIAN_POINT('',(2.183359277287,20.864970697771));
#5985 = CARTESIAN_POINT('',(2.273963436687,20.942960505095));
#5986 = CARTESIAN_POINT('',(2.366943712162,21.030445089401));
#5987 = CARTESIAN_POINT('',(2.462775045701,21.126508116476));
#5988 = CARTESIAN_POINT('',(2.561881399129,21.22938434422));
#5989 = CARTESIAN_POINT('',(2.696593531145,21.369812145132));
#5990 = CARTESIAN_POINT('',(2.728705440076,21.40332780291));
#5991 = CARTESIAN_POINT('',(2.761167532815,21.437162750539));
#5992 = CARTESIAN_POINT('',(2.793977120509,21.47121956608));
#5993 = CARTESIAN_POINT('',(2.82712346341,21.505387748498));
#5994 = CARTESIAN_POINT('',(2.878955930124,21.558295950214));
#5995 = CARTESIAN_POINT('',(2.897421139025,21.577043771344));
#5996 = CARTESIAN_POINT('',(2.915977825652,21.595767620644));
#5997 = CARTESIAN_POINT('',(2.934621498576,21.614446067367));
#5998 = CARTESIAN_POINT('',(2.953346660233,21.633056874652));
#5999 = CARTESIAN_POINT('',(3.01053270114,21.689392147409));
#6000 = CARTESIAN_POINT('',(3.049236397015,21.726835341656));
#6001 = CARTESIAN_POINT('',(3.088190649432,21.763701828183));
#6002 = CARTESIAN_POINT('',(3.127325411992,21.799793480359));
#6003 = CARTESIAN_POINT('',(3.166559543627,21.834924269218));
#6004 = CARTESIAN_POINT('',(3.244296535088,21.902294842196));
#6005 = CARTESIAN_POINT('',(3.282807958924,21.934583724446));
#6006 = CARTESIAN_POINT('',(3.321232014632,21.965631843578));
#6007 = CARTESIAN_POINT('',(3.359489834019,21.995325802654));
#6008 = CARTESIAN_POINT('',(3.397511507884,22.023591340458));
#6009 = CARTESIAN_POINT('',(3.45331151715,22.06323115887));
#6010 = CARTESIAN_POINT('',(3.471325415474,22.07573953873));
#6011 = CARTESIAN_POINT('',(3.489264198574,22.087906532172));
#6012 = CARTESIAN_POINT('',(3.507122443983,22.099730239726));
#6013 = CARTESIAN_POINT('',(3.524895604326,22.111210572053));
#6014 = CARTESIAN_POINT('',(3.5738439041,22.142040339254));
#6015 = CARTESIAN_POINT('',(3.604829918112,22.160662694538));
#6016 = CARTESIAN_POINT('',(3.635517817903,22.178224233361));
#6017 = CARTESIAN_POINT('',(3.665895816246,22.194747659017));
#6018 = CARTESIAN_POINT('',(3.695958993318,22.210265122939));
#6019 = CARTESIAN_POINT('',(3.808427063672,22.265265525926));
#6020 = CARTESIAN_POINT('',(3.888632798392,22.2981823799));
#6021 = CARTESIAN_POINT('',(3.966518144302,22.324469180436));
#6022 = CARTESIAN_POINT('',(4.04230326691,22.345071750807));
#6023 = CARTESIAN_POINT('',(4.116257271757,22.36078435459));
#6024 = CARTESIAN_POINT('',(4.188790204786,22.372222245902));
#6025 = ( GEOMETRIC_REPRESENTATION_CONTEXT(2) 
PARAMETRIC_REPRESENTATION_CONTEXT() REPRESENTATION_CONTEXT('2D SPACE',''
  ) );
#6026 = PCURVE('',#5566,#6027);
#6027 = DEFINITIONAL_REPRESENTATION('',(#6028),#6071);
#6028 = B_SPLINE_CURVE_WITH_KNOTS('',6,(#6029,#6030,#6031,#6032,#6033,
    #6034,#6035,#6036,#6037,#6038,#6039,#6040,#6041,#6042,#6043,#6044,
    #6045,#6046,#6047,#6048,#6049,#6050,#6051,#6052,#6053,#6054,#6055,
    #6056,#6057,#6058,#6059,#6060,#6061,#6062,#6063,#6064,#6065,#6066,
    #6067,#6068,#6069,#6070),.UNSPECIFIED.,.F.,.F.,(7,5,5,5,5,5,5,5,7),(
    0.,0.292941722832,0.383331483121,0.432953282851,0.534271945571,
    0.633707131128,0.681378527827,0.765656946065,1.),.UNSPECIFIED.);
#6029 = CARTESIAN_POINT('',(-2.830743163403,-104.5));
#6030 = CARTESIAN_POINT('',(-2.835410285773,-104.191819058));
#6031 = CARTESIAN_POINT('',(-2.840995183148,-103.8969550029));
#6032 = CARTESIAN_POINT('',(-2.847521851388,-103.6185418115));
#6033 = CARTESIAN_POINT('',(-2.855013016596,-103.3621522331));
#6034 = CARTESIAN_POINT('',(-2.863456824461,-103.1350343757));
#6035 = CARTESIAN_POINT('',(-2.875683257846,-102.8877531626));
#6036 = CARTESIAN_POINT('',(-2.878650180481,-102.8331111269));
#6037 = CARTESIAN_POINT('',(-2.881698151539,-102.7824107078));
#6038 = CARTESIAN_POINT('',(-2.884823078097,-102.7359458104));
#6039 = CARTESIAN_POINT('',(-2.88801934828,-102.6940127067));
#6040 = CARTESIAN_POINT('',(-2.893069291628,-102.6365153495));
#6041 = CARTESIAN_POINT('',(-2.894878305085,-102.617588313));
#6042 = CARTESIAN_POINT('',(-2.896705319172,-102.6001586437));
#6043 = CARTESIAN_POINT('',(-2.898548926807,-102.5842712652));
#6044 = CARTESIAN_POINT('',(-2.900407551333,-102.5699680779));
#6045 = CARTESIAN_POINT('',(-2.906101472428,-102.5313934983));
#6046 = CARTESIAN_POINT('',(-2.909979349143,-102.5122580299));
#6047 = CARTESIAN_POINT('',(-2.913897128102,-102.5002082219));
#6048 = CARTESIAN_POINT('',(-2.917837340945,-102.4954774434));
#6049 = CARTESIAN_POINT('',(-2.921780937899,-102.498172298));
#6050 = CARTESIAN_POINT('',(-2.929560553909,-102.5181214627));
#6051 = CARTESIAN_POINT('',(-2.933398077259,-102.5351063424));
#6052 = CARTESIAN_POINT('',(-2.937200249657,-102.5591478301));
#6053 = CARTESIAN_POINT('',(-2.940949579478,-102.590059554));
#6054 = CARTESIAN_POINT('',(-2.944630510825,-102.6275420986));
#6055 = CARTESIAN_POINT('',(-2.949954623679,-102.6921439539));
#6056 = CARTESIAN_POINT('',(-2.951661194,-102.714501678));
#6057 = CARTESIAN_POINT('',(-2.953347580476,-102.7382410188));
#6058 = CARTESIAN_POINT('',(-2.955012539217,-102.7633176063));
#6059 = CARTESIAN_POINT('',(-2.956654987478,-102.7896849641));
#6060 = CARTESIAN_POINT('',(-2.961136224054,-102.8661084196));
#6061 = CARTESIAN_POINT('',(-2.96392516149,-102.918806896));
#6062 = CARTESIAN_POINT('',(-2.966635708707,-102.9751289208));
#6063 = CARTESIAN_POINT('',(-2.969264306878,-103.0348063034));
#6064 = CARTESIAN_POINT('',(-2.971808644199,-103.0975772121));
#6065 = CARTESIAN_POINT('',(-2.981104059564,-103.3456644606));
#6066 = CARTESIAN_POINT('',(-2.987271914163,-103.5499845406));
#6067 = CARTESIAN_POINT('',(-2.992758708329,-103.7712137119));
#6068 = CARTESIAN_POINT('',(-2.997577686771,-104.0051807239));
#6069 = CARTESIAN_POINT('',(-3.001755990989,-104.2487385495));
#6070 = CARTESIAN_POINT('',(-3.005321018134,-104.5));
#6071 = ( GEOMETRIC_REPRESENTATION_CONTEXT(2) 
PARAMETRIC_REPRESENTATION_CONTEXT() REPRESENTATION_CONTEXT('2D SPACE',''
  ) );
#6072 = ORIENTED_EDGE('',*,*,#5891,.T.);
#6073 = ADVANCED_FACE('',(#6074),#1280,.F.);
#6074 = FACE_BOUND('',#6075,.F.);
#6075 = EDGE_LOOP('',(#6076,#6077,#6078,#6102));
#6076 = ORIENTED_EDGE('',*,*,#1264,.F.);
#6077 = ORIENTED_EDGE('',*,*,#5914,.F.);
#6078 = ORIENTED_EDGE('',*,*,#6079,.F.);
#6079 = EDGE_CURVE('',#6080,#5915,#6082,.T.);
#6080 = VERTEX_POINT('',#6081);
#6081 = CARTESIAN_POINT('',(-157.5,35.,20.87013416344));
#6082 = SURFACE_CURVE('',#6083,(#6088,#6095),.PCURVE_S1.);
#6083 = CIRCLE('',#6084,40.75);
#6084 = AXIS2_PLACEMENT_3D('',#6085,#6086,#6087);
#6085 = CARTESIAN_POINT('',(-157.5,0.,-5.551115123126E-16));
#6086 = DIRECTION('',(1.,0.,2.22044604925E-16));
#6087 = DIRECTION('',(2.22044604925E-16,0.,-1.));
#6088 = PCURVE('',#1280,#6089);
#6089 = DEFINITIONAL_REPRESENTATION('',(#6090),#6094);
#6090 = CIRCLE('',#6091,40.75);
#6091 = AXIS2_PLACEMENT_2D('',#6092,#6093);
#6092 = CARTESIAN_POINT('',(-18.,-35.));
#6093 = DIRECTION('',(-1.,0.));
#6094 = ( GEOMETRIC_REPRESENTATION_CONTEXT(2) 
PARAMETRIC_REPRESENTATION_CONTEXT() REPRESENTATION_CONTEXT('2D SPACE',''
  ) );
#6095 = PCURVE('',#5566,#6096);
#6096 = DEFINITIONAL_REPRESENTATION('',(#6097),#6101);
#6097 = LINE('',#6098,#6099);
#6098 = CARTESIAN_POINT('',(-0.,-104.5));
#6099 = VECTOR('',#6100,1.);
#6100 = DIRECTION('',(-1.,-0.));
#6101 = ( GEOMETRIC_REPRESENTATION_CONTEXT(2) 
PARAMETRIC_REPRESENTATION_CONTEXT() REPRESENTATION_CONTEXT('2D SPACE',''
  ) );
#6102 = ORIENTED_EDGE('',*,*,#6103,.T.);
#6103 = EDGE_CURVE('',#6080,#1265,#6104,.T.);
#6104 = SURFACE_CURVE('',#6105,(#6109,#6116),.PCURVE_S1.);
#6105 = LINE('',#6106,#6107);
#6106 = CARTESIAN_POINT('',(-157.5,35.,18.));
#6107 = VECTOR('',#6108,1.);
#6108 = DIRECTION('',(0.,0.,1.));
#6109 = PCURVE('',#1280,#6110);
#6110 = DEFINITIONAL_REPRESENTATION('',(#6111),#6115);
#6111 = LINE('',#6112,#6113);
#6112 = CARTESIAN_POINT('',(0.,-70.));
#6113 = VECTOR('',#6114,1.);
#6114 = DIRECTION('',(1.,0.));
#6115 = ( GEOMETRIC_REPRESENTATION_CONTEXT(2) 
PARAMETRIC_REPRESENTATION_CONTEXT() REPRESENTATION_CONTEXT('2D SPACE',''
  ) );
#6116 = PCURVE('',#1308,#6117);
#6117 = DEFINITIONAL_REPRESENTATION('',(#6118),#6122);
#6118 = LINE('',#6119,#6120);
#6119 = CARTESIAN_POINT('',(0.,0.));
#6120 = VECTOR('',#6121,1.);
#6121 = DIRECTION('',(1.,0.));
#6122 = ( GEOMETRIC_REPRESENTATION_CONTEXT(2) 
PARAMETRIC_REPRESENTATION_CONTEXT() REPRESENTATION_CONTEXT('2D SPACE',''
  ) );
#6123 = ADVANCED_FACE('',(#6124),#1308,.T.);
#6124 = FACE_BOUND('',#6125,.T.);
#6125 = EDGE_LOOP('',(#6126,#6149,#6174,#6175));
#6126 = ORIENTED_EDGE('',*,*,#6127,.F.);
#6127 = EDGE_CURVE('',#6128,#1293,#6130,.T.);
#6128 = VERTEX_POINT('',#6129);
#6129 = CARTESIAN_POINT('',(-153.5,35.,20.608581006734));
#6130 = SURFACE_CURVE('',#6131,(#6135,#6142),.PCURVE_S1.);
#6131 = LINE('',#6132,#6133);
#6132 = CARTESIAN_POINT('',(-153.5,35.,18.));
#6133 = VECTOR('',#6134,1.);
#6134 = DIRECTION('',(0.,0.,1.));
#6135 = PCURVE('',#1308,#6136);
#6136 = DEFINITIONAL_REPRESENTATION('',(#6137),#6141);
#6137 = LINE('',#6138,#6139);
#6138 = CARTESIAN_POINT('',(0.,4.));
#6139 = VECTOR('',#6140,1.);
#6140 = DIRECTION('',(1.,0.));
#6141 = ( GEOMETRIC_REPRESENTATION_CONTEXT(2) 
PARAMETRIC_REPRESENTATION_CONTEXT() REPRESENTATION_CONTEXT('2D SPACE',''
  ) );
#6142 = PCURVE('',#1336,#6143);
#6143 = DEFINITIONAL_REPRESENTATION('',(#6144),#6148);
#6144 = LINE('',#6145,#6146);
#6145 = CARTESIAN_POINT('',(0.,-70.));
#6146 = VECTOR('',#6147,1.);
#6147 = DIRECTION('',(1.,0.));
#6148 = ( GEOMETRIC_REPRESENTATION_CONTEXT(2) 
PARAMETRIC_REPRESENTATION_CONTEXT() REPRESENTATION_CONTEXT('2D SPACE',''
  ) );
#6149 = ORIENTED_EDGE('',*,*,#6150,.T.);
#6150 = EDGE_CURVE('',#6128,#6080,#6151,.T.);
#6151 = SURFACE_CURVE('',#6152,(#6157,#6164),.PCURVE_S1.);
#6152 = HYPERBOLA('',#6153,1.05E+03,35.);
#6153 = AXIS2_PLACEMENT_3D('',#6154,#6155,#6156);
#6154 = CARTESIAN_POINT('',(1.065E+03,35.,2.708944180085E-13));
#6155 = DIRECTION('',(0.,1.,0.));
#6156 = DIRECTION('',(-1.,0.,-2.22044604925E-16));
#6157 = PCURVE('',#1308,#6158);
#6158 = DEFINITIONAL_REPRESENTATION('',(#6159),#6163);
#6159 = ( BOUNDED_CURVE() B_SPLINE_CURVE(2,(#6160,#6161,#6162),
.UNSPECIFIED.,.F.,.F.) B_SPLINE_CURVE_WITH_KNOTS((3,3),(0.558564193984,
0.566279082399),.PIECEWISE_BEZIER_KNOTS.) CURVE() 
GEOMETRIC_REPRESENTATION_ITEM() RATIONAL_B_SPLINE_CURVE((1.,
1.000007439947,1.)) REPRESENTATION_ITEM('') );
#6160 = CARTESIAN_POINT('',(2.582290391931,4.4));
#6161 = CARTESIAN_POINT('',(2.738914708057,2.018160708285));
#6162 = CARTESIAN_POINT('',(2.896156212195,-0.4));
#6163 = ( GEOMETRIC_REPRESENTATION_CONTEXT(2) 
PARAMETRIC_REPRESENTATION_CONTEXT() REPRESENTATION_CONTEXT('2D SPACE',''
  ) );
#6164 = PCURVE('',#5566,#6165);
#6165 = DEFINITIONAL_REPRESENTATION('',(#6166),#6173);
#6166 = B_SPLINE_CURVE_WITH_KNOTS('',5,(#6167,#6168,#6169,#6170,#6171,
    #6172),.UNSPECIFIED.,.F.,.F.,(6,6),(0.558564193984,0.566279082399),
  .PIECEWISE_BEZIER_KNOTS.);
#6167 = CARTESIAN_POINT('',(-2.102394194695,-108.9));
#6168 = CARTESIAN_POINT('',(-2.103724238671,-107.9472595577));
#6169 = CARTESIAN_POINT('',(-2.105052982275,-106.9908940802));
#6170 = CARTESIAN_POINT('',(-2.1063804223,-106.0308988417));
#6171 = CARTESIAN_POINT('',(-2.107706555584,-105.0672690808));
#6172 = CARTESIAN_POINT('',(-2.10903137901,-104.1));
#6173 = ( GEOMETRIC_REPRESENTATION_CONTEXT(2) 
PARAMETRIC_REPRESENTATION_CONTEXT() REPRESENTATION_CONTEXT('2D SPACE',''
  ) );
#6174 = ORIENTED_EDGE('',*,*,#6103,.T.);
#6175 = ORIENTED_EDGE('',*,*,#1292,.T.);
#6176 = ADVANCED_FACE('',(#6177),#1336,.T.);
#6177 = FACE_BOUND('',#6178,.T.);
#6178 = EDGE_LOOP('',(#6179,#6180,#6201,#6223));
#6179 = ORIENTED_EDGE('',*,*,#1320,.F.);
#6180 = ORIENTED_EDGE('',*,*,#6181,.F.);
#6181 = EDGE_CURVE('',#6182,#1321,#6184,.T.);
#6182 = VERTEX_POINT('',#6183);
#6183 = CARTESIAN_POINT('',(-153.5,12.464101615138,38.656949983653));
#6184 = SURFACE_CURVE('',#6185,(#6189,#6195),.PCURVE_S1.);
#6185 = LINE('',#6186,#6187);
#6186 = CARTESIAN_POINT('',(-153.5,12.464101615138,18.));
#6187 = VECTOR('',#6188,1.);
#6188 = DIRECTION('',(0.,0.,1.));
#6189 = PCURVE('',#1336,#6190);
#6190 = DEFINITIONAL_REPRESENTATION('',(#6191),#6194);
#6191 = B_SPLINE_CURVE_WITH_KNOTS('',1,(#6192,#6193),.UNSPECIFIED.,.F.,
  .F.,(2,2),(-2.399999999625E-06,27.5000024),.PIECEWISE_BEZIER_KNOTS.);
#6192 = CARTESIAN_POINT('',(-2.399999999625E-06,-47.46410161513));
#6193 = CARTESIAN_POINT('',(27.5000024,-47.46410161513));
#6194 = ( GEOMETRIC_REPRESENTATION_CONTEXT(2) 
PARAMETRIC_REPRESENTATION_CONTEXT() REPRESENTATION_CONTEXT('2D SPACE',''
  ) );
#6195 = PCURVE('',#1365,#6196);
#6196 = DEFINITIONAL_REPRESENTATION('',(#6197),#6200);
#6197 = B_SPLINE_CURVE_WITH_KNOTS('',1,(#6198,#6199),.UNSPECIFIED.,.F.,
  .F.,(2,2),(0.,27.5),.PIECEWISE_BEZIER_KNOTS.);
#6198 = CARTESIAN_POINT('',(7.330382858376,0.));
#6199 = CARTESIAN_POINT('',(7.330382858376,27.5));
#6200 = ( GEOMETRIC_REPRESENTATION_CONTEXT(2) 
PARAMETRIC_REPRESENTATION_CONTEXT() REPRESENTATION_CONTEXT('2D SPACE',''
  ) );
#6201 = ORIENTED_EDGE('',*,*,#6202,.F.);
#6202 = EDGE_CURVE('',#6128,#6182,#6203,.T.);
#6203 = SURFACE_CURVE('',#6204,(#6209,#6216),.PCURVE_S1.);
#6204 = CIRCLE('',#6205,40.616666666667);
#6205 = AXIS2_PLACEMENT_3D('',#6206,#6207,#6208);
#6206 = CARTESIAN_POINT('',(-153.5,0.,3.330669073875E-16));
#6207 = DIRECTION('',(1.,0.,2.22044604925E-16));
#6208 = DIRECTION('',(2.22044604925E-16,0.,-1.));
#6209 = PCURVE('',#1336,#6210);
#6210 = DEFINITIONAL_REPRESENTATION('',(#6211),#6215);
#6211 = CIRCLE('',#6212,40.616666666667);
#6212 = AXIS2_PLACEMENT_2D('',#6213,#6214);
#6213 = CARTESIAN_POINT('',(-18.,-35.));
#6214 = DIRECTION('',(-1.,0.));
#6215 = ( GEOMETRIC_REPRESENTATION_CONTEXT(2) 
PARAMETRIC_REPRESENTATION_CONTEXT() REPRESENTATION_CONTEXT('2D SPACE',''
  ) );
#6216 = PCURVE('',#5566,#6217);
#6217 = DEFINITIONAL_REPRESENTATION('',(#6218),#6222);
#6218 = LINE('',#6219,#6220);
#6219 = CARTESIAN_POINT('',(-0.,-108.5));
#6220 = VECTOR('',#6221,1.);
#6221 = DIRECTION('',(-1.,-0.));
#6222 = ( GEOMETRIC_REPRESENTATION_CONTEXT(2) 
PARAMETRIC_REPRESENTATION_CONTEXT() REPRESENTATION_CONTEXT('2D SPACE',''
  ) );
#6223 = ORIENTED_EDGE('',*,*,#6127,.T.);
#6224 = ADVANCED_FACE('',(#6225),#1365,.T.);
#6225 = FACE_BOUND('',#6226,.T.);
#6226 = EDGE_LOOP('',(#6227,#6248,#6499,#6500));
#6227 = ORIENTED_EDGE('',*,*,#6228,.F.);
#6228 = EDGE_CURVE('',#6229,#1349,#6231,.T.);
#6229 = VERTEX_POINT('',#6230);
#6230 = CARTESIAN_POINT('',(-153.5,5.535898384862,40.237637109845));
#6231 = SURFACE_CURVE('',#6232,(#6236,#6242),.PCURVE_S1.);
#6232 = LINE('',#6233,#6234);
#6233 = CARTESIAN_POINT('',(-153.5,5.535898384862,18.));
#6234 = VECTOR('',#6235,1.);
#6235 = DIRECTION('',(0.,0.,1.));
#6236 = PCURVE('',#1365,#6237);
#6237 = DEFINITIONAL_REPRESENTATION('',(#6238),#6241);
#6238 = B_SPLINE_CURVE_WITH_KNOTS('',1,(#6239,#6240),.UNSPECIFIED.,.F.,
  .F.,(2,2),(0.,27.5),.PIECEWISE_BEZIER_KNOTS.);
#6239 = CARTESIAN_POINT('',(5.235987755983,0.));
#6240 = CARTESIAN_POINT('',(5.235987755983,27.5));
#6241 = ( GEOMETRIC_REPRESENTATION_CONTEXT(2) 
PARAMETRIC_REPRESENTATION_CONTEXT() REPRESENTATION_CONTEXT('2D SPACE',''
  ) );
#6242 = PCURVE('',#1393,#6243);
#6243 = DEFINITIONAL_REPRESENTATION('',(#6244),#6247);
#6244 = B_SPLINE_CURVE_WITH_KNOTS('',1,(#6245,#6246),.UNSPECIFIED.,.F.,
  .F.,(2,2),(-2.399999999625E-06,27.5000024),.PIECEWISE_BEZIER_KNOTS.);
#6245 = CARTESIAN_POINT('',(-2.399999999625E-06,-40.53589838486));
#6246 = CARTESIAN_POINT('',(27.5000024,-40.53589838486));
#6247 = ( GEOMETRIC_REPRESENTATION_CONTEXT(2) 
PARAMETRIC_REPRESENTATION_CONTEXT() REPRESENTATION_CONTEXT('2D SPACE',''
  ) );
#6248 = ORIENTED_EDGE('',*,*,#6249,.T.);
#6249 = EDGE_CURVE('',#6229,#6182,#6250,.T.);
#6250 = SURFACE_CURVE('',#6251,(#6309,#6404),.PCURVE_S1.);
#6251 = B_SPLINE_CURVE_WITH_KNOTS('',6,(#6252,#6253,#6254,#6255,#6256,
    #6257,#6258,#6259,#6260,#6261,#6262,#6263,#6264,#6265,#6266,#6267,
    #6268,#6269,#6270,#6271,#6272,#6273,#6274,#6275,#6276,#6277,#6278,
    #6279,#6280,#6281,#6282,#6283,#6284,#6285,#6286,#6287,#6288,#6289,
    #6290,#6291,#6292,#6293,#6294,#6295,#6296,#6297,#6298,#6299,#6300,
    #6301,#6302,#6303,#6304,#6305,#6306,#6307,#6308),.UNSPECIFIED.,.F.,
  .F.,(7,5,5,5,5,5,5,5,5,5,5,7),(0.,0.128350041039,0.252247393803,
    0.372530529233,0.488120203775,0.663404715846,0.818325870728,
    0.969355935854,1.,1.279080895883,1.461228472861,2.011581088375),
  .UNSPECIFIED.);
#6252 = CARTESIAN_POINT('',(-153.5,5.535898384862,40.237637109845));
#6253 = CARTESIAN_POINT('',(-153.4319958532,5.575160597297,
    40.229947252803));
#6254 = CARTESIAN_POINT('',(-153.3645600192,5.61623063763,
    40.221980205635));
#6255 = CARTESIAN_POINT('',(-153.2977362844,5.65912538729,
    40.213726962918));
#6256 = CARTESIAN_POINT('',(-153.2315723519,5.703861599602,
    40.205177857438));
#6257 = CARTESIAN_POINT('',(-153.1661198415,5.750455899786,
    40.196322560184));
#6258 = CARTESIAN_POINT('',(-153.0389927928,5.845712199403,
    40.17829580995));
#6259 = CARTESIAN_POINT('',(-152.9772662821,5.894245993333,
    40.169146041894));
#6260 = CARTESIAN_POINT('',(-152.9163047659,5.944541151943,
    40.159690852533));
#6261 = CARTESIAN_POINT('',(-152.8561626501,5.996611047072,
    40.149919950629));
#6262 = CARTESIAN_POINT('',(-152.7968987373,6.05046743721,40.13982267736
    ));
#6263 = CARTESIAN_POINT('',(-152.6819550471,6.160150039794,
    40.119257725707));
#6264 = CARTESIAN_POINT('',(-152.6262213797,6.215872395328,
    40.108809551715));
#6265 = CARTESIAN_POINT('',(-152.571433236,6.273296958105,
    40.098033343948));
#6266 = CARTESIAN_POINT('',(-152.5176531627,6.332429441601,
    40.086919063956));
#6267 = CARTESIAN_POINT('',(-152.4649482428,6.393271848757,
    40.075456775233));
#6268 = CARTESIAN_POINT('',(-152.3638437515,6.515932363162,
    40.052277734023));
#6269 = CARTESIAN_POINT('',(-152.3153566681,6.577619244053,
    40.040588465639));
#6270 = CARTESIAN_POINT('',(-152.2679922309,6.64088101826,
    40.028560249169));
#6271 = CARTESIAN_POINT('',(-152.2218183472,6.705710562359,
    40.016184952955));
#6272 = CARTESIAN_POINT('',(-152.1769066286,6.772094675752,
    40.003455216052));
#6273 = CARTESIAN_POINT('',(-152.0672527285,6.9430069677,39.970513906383
    ));
#6274 = CARTESIAN_POINT('',(-152.0042477666,7.049529046616,
    39.94983352126));
#6275 = CARTESIAN_POINT('',(-151.9445767677,7.159506716366,
    39.928302203095));
#6276 = CARTESIAN_POINT('',(-151.8885194862,7.272824406131,
    39.905905046182));
#6277 = CARTESIAN_POINT('',(-151.8363614832,7.389311856751,
    39.882638251703));
#6278 = CARTESIAN_POINT('',(-151.7459731658,7.614279578824,
    39.837191843803));
#6279 = CARTESIAN_POINT('',(-151.7068279878,7.722119790181,
    39.815199580965));
#6280 = CARTESIAN_POINT('',(-151.671138076,7.832083762326,
    39.792546504332));
#6281 = CARTESIAN_POINT('',(-151.6390879426,7.943967141808,
    39.76925085754));
#6282 = CARTESIAN_POINT('',(-151.6108425315,8.057525875588,
    39.745342440303));
#6283 = CARTESIAN_POINT('',(-151.5628409318,8.284530164033,
    39.697003290547));
#6284 = CARTESIAN_POINT('',(-151.5428879151,8.39791354817,
    39.672599362791));
#6285 = CARTESIAN_POINT('',(-151.5268034219,8.512349569856,
    39.647695652907));
#6286 = CARTESIAN_POINT('',(-151.5146795887,8.627549287328,
    39.622342452455));
#6287 = CARTESIAN_POINT('',(-151.5065701548,8.743206881479,
    39.596599374318));
#6288 = CARTESIAN_POINT('',(-151.501657217,8.882493987813,
    39.565248141775));
#6289 = CARTESIAN_POINT('',(-151.5009942247,8.905994128557,
    39.55994672703));
#6290 = CARTESIAN_POINT('',(-151.500497024,8.929497405293,
    39.554632662727));
#6291 = CARTESIAN_POINT('',(-151.5001656334,8.953001209994,
    39.549306523027));
#6292 = CARTESIAN_POINT('',(-151.5,8.976502940397,39.543968891345));
#6293 = CARTESIAN_POINT('',(-151.5,9.213991865227,39.489910345447));
#6294 = CARTESIAN_POINT('',(-151.5137379929,9.427631002879,
    39.440288465692));
#6295 = CARTESIAN_POINT('',(-151.5411274091,9.638822952439,
    39.39023194143));
#6296 = CARTESIAN_POINT('',(-151.5815469456,9.845852307818,
    39.340209184531));
#6297 = CARTESIAN_POINT('',(-151.6341086223,10.047312250937,
    39.290671534027));
#6298 = CARTESIAN_POINT('',(-151.7392538001,10.369185950518,
    39.210285549963));
#6299 = CARTESIAN_POINT('',(-151.7854999094,10.49347901307,
    39.17891365303));
#6300 = CARTESIAN_POINT('',(-151.8361852047,10.614675748796,
    39.148020595505));
#6301 = CARTESIAN_POINT('',(-151.8910137449,10.732571945059,
    39.117697930719));
#6302 = CARTESIAN_POINT('',(-151.9496923477,10.847022222627,
    39.088024204449));
#6303 = CARTESIAN_POINT('',(-152.2000437581,11.293024028536,
    38.971566696563));
#6304 = CARTESIAN_POINT('',(-152.4205109349,11.595279904887,
    38.890718114237));
#6305 = CARTESIAN_POINT('',(-152.66612405,11.863130579401,
    38.818045371857));
#6306 = CARTESIAN_POINT('',(-152.9307826109,12.096546024132,
    38.75459611425));
#6307 = CARTESIAN_POINT('',(-153.2097210459,12.296508982862,
    38.700820132455));
#6308 = CARTESIAN_POINT('',(-153.5,12.464101615138,38.656949983653));
#6309 = PCURVE('',#1365,#6310);
#6310 = DEFINITIONAL_REPRESENTATION('',(#6311),#6403);
#6311 = B_SPLINE_CURVE_WITH_KNOTS('',3,(#6312,#6313,#6314,#6315,#6316,
    #6317,#6318,#6319,#6320,#6321,#6322,#6323,#6324,#6325,#6326,#6327,
    #6328,#6329,#6330,#6331,#6332,#6333,#6334,#6335,#6336,#6337,#6338,
    #6339,#6340,#6341,#6342,#6343,#6344,#6345,#6346,#6347,#6348,#6349,
    #6350,#6351,#6352,#6353,#6354,#6355,#6356,#6357,#6358,#6359,#6360,
    #6361,#6362,#6363,#6364,#6365,#6366,#6367,#6368,#6369,#6370,#6371,
    #6372,#6373,#6374,#6375,#6376,#6377,#6378,#6379,#6380,#6381,#6382,
    #6383,#6384,#6385,#6386,#6387,#6388,#6389,#6390,#6391,#6392,#6393,
    #6394,#6395,#6396,#6397,#6398,#6399,#6400,#6401,#6402),
  .UNSPECIFIED.,.F.,.F.,(4,1,1,1,1,1,1,1,1,1,1,1,1,1,1,1,1,1,1,1,1,1,1,1
    ,1,1,1,1,1,1,1,1,1,1,1,1,1,1,1,1,1,1,1,1,1,1,1,1,1,1,1,1,1,1,1,1,1,1
    ,1,1,1,1,1,1,1,1,1,1,1,1,1,1,1,1,1,1,1,1,1,1,1,1,1,1,1,1,1,1,4),(0.,
    2.285887600426E-02,4.571775200851E-02,6.857662801277E-02,
    9.143550401702E-02,0.114294380021,0.137153256026,0.16001213203,
    0.182871008034,0.205729884038,0.228588760043,0.251447636047,
    0.274306512051,0.297165388055,0.32002426406,0.342883140064,
    0.365742016068,0.388600892072,0.411459768077,0.434318644081,
    0.457177520085,0.480036396089,0.502895272094,0.525754148098,
    0.548613024102,0.571471900106,0.594330776111,0.617189652115,
    0.640048528119,0.662907404123,0.685766280128,0.708625156132,
    0.731484032136,0.75434290814,0.777201784145,0.800060660149,
    0.822919536153,0.845778412157,0.868637288162,0.891496164166,
    0.91435504017,0.937213916174,0.960072792179,0.982931668183,
    1.005790544187,1.028649420192,1.051508296196,1.0743671722,
    1.097226048204,1.120084924209,1.142943800213,1.165802676217,
    1.188661552221,1.211520428226,1.23437930423,1.257238180234,
    1.280097056238,1.302955932243,1.325814808247,1.348673684251,
    1.371532560255,1.39439143626,1.417250312264,1.440109188268,
    1.462968064272,1.485826940277,1.508685816281,1.531544692285,
    1.554403568289,1.577262444294,1.600121320298,1.622980196302,
    1.645839072306,1.668697948311,1.691556824315,1.714415700319,
    1.737274576323,1.760133452328,1.782992328332,1.805851204336,
    1.82871008034,1.851568956345,1.874427832349,1.897286708353,
    1.920145584357,1.943004460362,1.965863336366,1.98872221237,
    2.011581088375),.QUASI_UNIFORM_KNOTS.);
#6312 = CARTESIAN_POINT('',(5.235987755983,22.237637109845));
#6313 = CARTESIAN_POINT('',(5.242980271794,22.234897994702));
#6314 = CARTESIAN_POINT('',(5.256997964195,22.229331918698));
#6315 = CARTESIAN_POINT('',(5.278126659104,22.220712779754));
#6316 = CARTESIAN_POINT('',(5.299361692782,22.211817222373));
#6317 = CARTESIAN_POINT('',(5.320707217968,22.202638523081));
#6318 = CARTESIAN_POINT('',(5.342167381051,22.193169745834));
#6319 = CARTESIAN_POINT('',(5.363746374882,22.183403696673));
#6320 = CARTESIAN_POINT('',(5.385448261964,22.173333013549));
#6321 = CARTESIAN_POINT('',(5.407277162715,22.162950076692));
#6322 = CARTESIAN_POINT('',(5.42923709001,22.152247118689));
#6323 = CARTESIAN_POINT('',(5.451331967921,22.141216221933));
#6324 = CARTESIAN_POINT('',(5.473565680371,22.12984929726));
#6325 = CARTESIAN_POINT('',(5.495941978133,22.118138171928));
#6326 = CARTESIAN_POINT('',(5.518464449647,22.106074588777));
#6327 = CARTESIAN_POINT('',(5.541136563208,22.093650246837));
#6328 = CARTESIAN_POINT('',(5.563961528939,22.080856916827));
#6329 = CARTESIAN_POINT('',(5.586942356892,22.067686413305));
#6330 = CARTESIAN_POINT('',(5.610081867996,22.054130591005));
#6331 = CARTESIAN_POINT('',(5.633382435317,22.040181623925));
#6332 = CARTESIAN_POINT('',(5.656846191312,22.025831872687));
#6333 = CARTESIAN_POINT('',(5.680474808753,22.011074087117));
#6334 = CARTESIAN_POINT('',(5.704269533075,21.995901452811));
#6335 = CARTESIAN_POINT('',(5.728231183486,21.980307640802));
#6336 = CARTESIAN_POINT('',(5.752360003445,21.964286991255));
#6337 = CARTESIAN_POINT('',(5.776655545973,21.947834673114));
#6338 = CARTESIAN_POINT('',(5.801116700304,21.930946722068));
#6339 = CARTESIAN_POINT('',(5.825741655342,21.913620185043));
#6340 = CARTESIAN_POINT('',(5.850527861604,21.895853244146));
#6341 = CARTESIAN_POINT('',(5.875472008204,21.877645327456));
#6342 = CARTESIAN_POINT('',(5.900569891353,21.858997293002));
#6343 = CARTESIAN_POINT('',(5.925816654883,21.839911333121));
#6344 = CARTESIAN_POINT('',(5.951206056535,21.820391690966));
#6345 = CARTESIAN_POINT('',(5.976730847629,21.800444437181));
#6346 = CARTESIAN_POINT('',(6.00238307346,21.7800773517));
#6347 = CARTESIAN_POINT('',(6.028153882103,21.759300159432));
#6348 = CARTESIAN_POINT('',(6.05403356965,21.738124571976));
#6349 = CARTESIAN_POINT('',(6.080011101367,21.716564751669));
#6350 = CARTESIAN_POINT('',(6.106075564826,21.694636166953));
#6351 = CARTESIAN_POINT('',(6.132214259343,21.672357224829));
#6352 = CARTESIAN_POINT('',(6.158414051365,21.64974818458));
#6353 = CARTESIAN_POINT('',(6.184661602149,21.62683094599));
#6354 = CARTESIAN_POINT('',(6.210943178841,21.603629185952));
#6355 = CARTESIAN_POINT('',(6.237244610953,21.580168363281));
#6356 = CARTESIAN_POINT('',(6.263551049837,21.556475902318));
#6357 = CARTESIAN_POINT('',(6.289848413908,21.532579815324));
#6358 = CARTESIAN_POINT('',(6.316123784711,21.508508213428));
#6359 = CARTESIAN_POINT('',(6.342361907311,21.484292409665));
#6360 = CARTESIAN_POINT('',(6.368548736424,21.459963598304));
#6361 = CARTESIAN_POINT('',(6.394671356269,21.435552759599));
#6362 = CARTESIAN_POINT('',(6.420717833803,21.411090647895));
#6363 = CARTESIAN_POINT('',(6.446677105428,21.386607754203));
#6364 = CARTESIAN_POINT('',(6.472538871928,21.362134269862));
#6365 = CARTESIAN_POINT('',(6.498293497049,21.337700053718));
#6366 = CARTESIAN_POINT('',(6.523931947094,21.313334566488));
#6367 = CARTESIAN_POINT('',(6.549445619805,21.289066915196));
#6368 = CARTESIAN_POINT('',(6.574826624676,21.264925472467));
#6369 = CARTESIAN_POINT('',(6.600066410038,21.24093906865));
#6370 = CARTESIAN_POINT('',(6.625160610059,21.217132276542));
#6371 = CARTESIAN_POINT('',(6.650107172258,21.193527160178));
#6372 = CARTESIAN_POINT('',(6.674901972811,21.170147339304));
#6373 = CARTESIAN_POINT('',(6.69954242122,21.14701451931));
#6374 = CARTESIAN_POINT('',(6.724026387705,21.124149465936));
#6375 = CARTESIAN_POINT('',(6.748352585249,21.101571613782));
#6376 = CARTESIAN_POINT('',(6.772519851195,21.07929969483));
#6377 = CARTESIAN_POINT('',(6.796529419978,21.057349653106));
#6378 = CARTESIAN_POINT('',(6.820376256222,21.035742505888));
#6379 = CARTESIAN_POINT('',(6.84406028651,21.014494007118));
#6380 = CARTESIAN_POINT('',(6.867585479705,20.993615672736));
#6381 = CARTESIAN_POINT('',(6.89095466862,20.973119483659));
#6382 = CARTESIAN_POINT('',(6.914170951715,20.953016617671));
#6383 = CARTESIAN_POINT('',(6.937237331047,20.9333177836));
#6384 = CARTESIAN_POINT('',(6.960156822312,20.914033128514));
#6385 = CARTESIAN_POINT('',(6.982932437996,20.895172261668));
#6386 = CARTESIAN_POINT('',(7.005567204255,20.876744249509));
#6387 = CARTESIAN_POINT('',(7.028064168596,20.858757620791));
#6388 = CARTESIAN_POINT('',(7.050426409973,20.841220371313));
#6389 = CARTESIAN_POINT('',(7.072657048294,20.824139971112));
#6390 = CARTESIAN_POINT('',(7.094759254252,20.807523373339));
#6391 = CARTESIAN_POINT('',(7.116736259322,20.791377025031));
#6392 = CARTESIAN_POINT('',(7.138591366074,20.775706879716));
#6393 = CARTESIAN_POINT('',(7.160327958847,20.760518411871));
#6394 = CARTESIAN_POINT('',(7.181949514837,20.745816633247));
#6395 = CARTESIAN_POINT('',(7.203459615727,20.731606110972));
#6396 = CARTESIAN_POINT('',(7.224861959685,20.717890987742));
#6397 = CARTESIAN_POINT('',(7.246160374575,20.70467500301));
#6398 = CARTESIAN_POINT('',(7.267358829511,20.691961519172));
#6399 = CARTESIAN_POINT('',(7.288461455665,20.679753537866));
#6400 = CARTESIAN_POINT('',(7.309472535729,20.668053761923));
#6401 = CARTESIAN_POINT('',(7.323421921113,20.660594251089));
#6402 = CARTESIAN_POINT('',(7.330382858376,20.656949983653));
#6403 = ( GEOMETRIC_REPRESENTATION_CONTEXT(2) 
PARAMETRIC_REPRESENTATION_CONTEXT() REPRESENTATION_CONTEXT('2D SPACE',''
  ) );
#6404 = PCURVE('',#5566,#6405);
#6405 = DEFINITIONAL_REPRESENTATION('',(#6406),#6498);
#6406 = B_SPLINE_CURVE_WITH_KNOTS('',3,(#6407,#6408,#6409,#6410,#6411,
    #6412,#6413,#6414,#6415,#6416,#6417,#6418,#6419,#6420,#6421,#6422,
    #6423,#6424,#6425,#6426,#6427,#6428,#6429,#6430,#6431,#6432,#6433,
    #6434,#6435,#6436,#6437,#6438,#6439,#6440,#6441,#6442,#6443,#6444,
    #6445,#6446,#6447,#6448,#6449,#6450,#6451,#6452,#6453,#6454,#6455,
    #6456,#6457,#6458,#6459,#6460,#6461,#6462,#6463,#6464,#6465,#6466,
    #6467,#6468,#6469,#6470,#6471,#6472,#6473,#6474,#6475,#6476,#6477,
    #6478,#6479,#6480,#6481,#6482,#6483,#6484,#6485,#6486,#6487,#6488,
    #6489,#6490,#6491,#6492,#6493,#6494,#6495,#6496,#6497),
  .UNSPECIFIED.,.F.,.F.,(4,1,1,1,1,1,1,1,1,1,1,1,1,1,1,1,1,1,1,1,1,1,1,1
    ,1,1,1,1,1,1,1,1,1,1,1,1,1,1,1,1,1,1,1,1,1,1,1,1,1,1,1,1,1,1,1,1,1,1
    ,1,1,1,1,1,1,1,1,1,1,1,1,1,1,1,1,1,1,1,1,1,1,1,1,1,1,1,1,1,1,4),(0.,
    2.285887600426E-02,4.571775200851E-02,6.857662801277E-02,
    9.143550401702E-02,0.114294380021,0.137153256026,0.16001213203,
    0.182871008034,0.205729884038,0.228588760043,0.251447636047,
    0.274306512051,0.297165388055,0.32002426406,0.342883140064,
    0.365742016068,0.388600892072,0.411459768077,0.434318644081,
    0.457177520085,0.480036396089,0.502895272094,0.525754148098,
    0.548613024102,0.571471900106,0.594330776111,0.617189652115,
    0.640048528119,0.662907404123,0.685766280128,0.708625156132,
    0.731484032136,0.75434290814,0.777201784145,0.800060660149,
    0.822919536153,0.845778412157,0.868637288162,0.891496164166,
    0.91435504017,0.937213916174,0.960072792179,0.982931668183,
    1.005790544187,1.028649420192,1.051508296196,1.0743671722,
    1.097226048204,1.120084924209,1.142943800213,1.165802676217,
    1.188661552221,1.211520428226,1.23437930423,1.257238180234,
    1.280097056238,1.302955932243,1.325814808247,1.348673684251,
    1.371532560255,1.39439143626,1.417250312264,1.440109188268,
    1.462968064272,1.485826940277,1.508685816281,1.531544692285,
    1.554403568289,1.577262444294,1.600121320298,1.622980196302,
    1.645839072306,1.668697948311,1.691556824315,1.714415700319,
    1.737274576323,1.760133452328,1.782992328332,1.805851204336,
    1.82871008034,1.851568956345,1.874427832349,1.897286708353,
    1.920145584357,1.943004460362,1.965863336366,1.98872221237,
    2.011581088375),.QUASI_UNIFORM_KNOTS.);
#6407 = CARTESIAN_POINT('',(-3.004870872202,-108.5));
#6408 = CARTESIAN_POINT('',(-3.004520576141,-108.5242226766));
#6409 = CARTESIAN_POINT('',(-3.003805660983,-108.5724882165));
#6410 = CARTESIAN_POINT('',(-3.002690012345,-108.6443151368));
#6411 = CARTESIAN_POINT('',(-3.001530780999,-108.7155392735));
#6412 = CARTESIAN_POINT('',(-3.000327660201,-108.7861272908));
#6413 = CARTESIAN_POINT('',(-2.999080343907,-108.8560445539));
#6414 = CARTESIAN_POINT('',(-2.997788524032,-108.9252550546));
#6415 = CARTESIAN_POINT('',(-2.996451905079,-108.9937209155));
#6416 = CARTESIAN_POINT('',(-2.995070191168,-109.0614028314));
#6417 = CARTESIAN_POINT('',(-2.993643102813,-109.1282596569));
#6418 = CARTESIAN_POINT('',(-2.99217037657,-109.1942484039));
#6419 = CARTESIAN_POINT('',(-2.990651762213,-109.259324291));
#6420 = CARTESIAN_POINT('',(-2.989087034278,-109.3234405477));
#6421 = CARTESIAN_POINT('',(-2.987475994661,-109.3865482451));
#6422 = CARTESIAN_POINT('',(-2.98581847554,-109.4485965265));
#6423 = CARTESIAN_POINT('',(-2.984114354605,-109.509532348));
#6424 = CARTESIAN_POINT('',(-2.982363551254,-109.5693005616));
#6425 = CARTESIAN_POINT('',(-2.980566026591,-109.627843844));
#6426 = CARTESIAN_POINT('',(-2.978721816117,-109.6851025234));
#6427 = CARTESIAN_POINT('',(-2.976831012388,-109.7410149668));
#6428 = CARTESIAN_POINT('',(-2.974893788877,-109.7955172693));
#6429 = CARTESIAN_POINT('',(-2.972910402613,-109.8485435344));
#6430 = CARTESIAN_POINT('',(-2.970881198499,-109.9000260536));
#6431 = CARTESIAN_POINT('',(-2.968806627634,-109.9498952613));
#6432 = CARTESIAN_POINT('',(-2.96668726291,-109.9980798262));
#6433 = CARTESIAN_POINT('',(-2.964523801022,-110.0445069835));
#6434 = CARTESIAN_POINT('',(-2.962317072089,-110.0891029197));
#6435 = CARTESIAN_POINT('',(-2.960068048047,-110.1317931384));
#6436 = CARTESIAN_POINT('',(-2.957777849013,-110.1725028692));
#6437 = CARTESIAN_POINT('',(-2.955447759028,-110.2111573283));
#6438 = CARTESIAN_POINT('',(-2.95307920635,-110.2476825279));
#6439 = CARTESIAN_POINT('',(-2.950673837585,-110.2820050148));
#6440 = CARTESIAN_POINT('',(-2.948233483087,-110.3140529647));
#6441 = CARTESIAN_POINT('',(-2.945760129904,-110.3437572438));
#6442 = CARTESIAN_POINT('',(-2.943255939648,-110.371051789));
#6443 = CARTESIAN_POINT('',(-2.940723242553,-110.3958742683));
#6444 = CARTESIAN_POINT('',(-2.938164581986,-110.4181662989));
#6445 = CARTESIAN_POINT('',(-2.935582567481,-110.4378752742));
#6446 = CARTESIAN_POINT('',(-2.932980058489,-110.4549534595));
#6447 = CARTESIAN_POINT('',(-2.930360024166,-110.4693596408));
#6448 = CARTESIAN_POINT('',(-2.927725512386,-110.4810596212));
#6449 = CARTESIAN_POINT('',(-2.925079659467,-110.4900264161));
#6450 = CARTESIAN_POINT('',(-2.922425684863,-110.4962405373));
#6451 = CARTESIAN_POINT('',(-2.91976690533,-110.4996902234));
#6452 = CARTESIAN_POINT('',(-2.917106577979,-110.5003719558));
#6453 = CARTESIAN_POINT('',(-2.914447848581,-110.4982897696));
#6454 = CARTESIAN_POINT('',(-2.911794094874,-110.4934556545));
#6455 = CARTESIAN_POINT('',(-2.909148556594,-110.4858895016));
#6456 = CARTESIAN_POINT('',(-2.906514333094,-110.4756183458));
#6457 = CARTESIAN_POINT('',(-2.903894388907,-110.4626758037));
#6458 = CARTESIAN_POINT('',(-2.901291556963,-110.4471015136));
#6459 = CARTESIAN_POINT('',(-2.89870854194,-110.4289406267));
#6460 = CARTESIAN_POINT('',(-2.896147924068,-110.4082433478));
#6461 = CARTESIAN_POINT('',(-2.893612159671,-110.3850644805));
#6462 = CARTESIAN_POINT('',(-2.891103592969,-110.3594631631));
#6463 = CARTESIAN_POINT('',(-2.888624424748,-110.3315020893));
#6464 = CARTESIAN_POINT('',(-2.88617684095,-110.3012488574));
#6465 = CARTESIAN_POINT('',(-2.883762540986,-110.2687695433));
#6466 = CARTESIAN_POINT('',(-2.881382930187,-110.2341290436));
#6467 = CARTESIAN_POINT('',(-2.879039539815,-110.1973966473));
#6468 = CARTESIAN_POINT('',(-2.876733680393,-110.1586410864));
#6469 = CARTESIAN_POINT('',(-2.874466546788,-110.1179315022));
#6470 = CARTESIAN_POINT('',(-2.872239185165,-110.0753364413));
#6471 = CARTESIAN_POINT('',(-2.87005256061,-110.0309248137));
#6472 = CARTESIAN_POINT('',(-2.867907360195,-109.9847609781));
#6473 = CARTESIAN_POINT('',(-2.865804764364,-109.9369215949));
#6474 = CARTESIAN_POINT('',(-2.86374543483,-109.8874745457));
#6475 = CARTESIAN_POINT('',(-2.861729630972,-109.8364782905));
#6476 = CARTESIAN_POINT('',(-2.85975766909,-109.7839922409));
#6477 = CARTESIAN_POINT('',(-2.857829800783,-109.7300739543));
#6478 = CARTESIAN_POINT('',(-2.855946247024,-109.6747798566));
#6479 = CARTESIAN_POINT('',(-2.854107190578,-109.6181650196));
#6480 = CARTESIAN_POINT('',(-2.852312779637,-109.5602831891));
#6481 = CARTESIAN_POINT('',(-2.850563128506,-109.5011867454));
#6482 = CARTESIAN_POINT('',(-2.84885831914,-109.4409266805));
#6483 = CARTESIAN_POINT('',(-2.84719840251,-109.3795525688));
#6484 = CARTESIAN_POINT('',(-2.845583400076,-109.3171125395));
#6485 = CARTESIAN_POINT('',(-2.844013305285,-109.2536532458));
#6486 = CARTESIAN_POINT('',(-2.842488085128,-109.1892198349));
#6487 = CARTESIAN_POINT('',(-2.841007681737,-109.1238559159));
#6488 = CARTESIAN_POINT('',(-2.839572014029,-109.0576035266));
#6489 = CARTESIAN_POINT('',(-2.838180979406,-108.9905031001));
#6490 = CARTESIAN_POINT('',(-2.836834455488,-108.9225934295));
#6491 = CARTESIAN_POINT('',(-2.835532301912,-108.8539116329));
#6492 = CARTESIAN_POINT('',(-2.834274362145,-108.7844931118));
#6493 = CARTESIAN_POINT('',(-2.83306046544,-108.7143715306));
#6494 = CARTESIAN_POINT('',(-2.83189042853,-108.6435787127));
#6495 = CARTESIAN_POINT('',(-2.830764058466,-108.5721448415));
#6496 = CARTESIAN_POINT('',(-2.830042120467,-108.5241132929));
#6497 = CARTESIAN_POINT('',(-2.829688361865,-108.5));
#6498 = ( GEOMETRIC_REPRESENTATION_CONTEXT(2) 
PARAMETRIC_REPRESENTATION_CONTEXT() REPRESENTATION_CONTEXT('2D SPACE',''
  ) );
#6499 = ORIENTED_EDGE('',*,*,#6181,.T.);
#6500 = ORIENTED_EDGE('',*,*,#1348,.F.);
#6501 = ADVANCED_FACE('',(#6502),#1393,.T.);
#6502 = FACE_BOUND('',#6503,.T.);
#6503 = EDGE_LOOP('',(#6504,#6505,#6526,#6548));
#6504 = ORIENTED_EDGE('',*,*,#1377,.F.);
#6505 = ORIENTED_EDGE('',*,*,#6506,.F.);
#6506 = EDGE_CURVE('',#6507,#1378,#6509,.T.);
#6507 = VERTEX_POINT('',#6508);
#6508 = CARTESIAN_POINT('',(-153.5,-5.535898384862,40.237637109845));
#6509 = SURFACE_CURVE('',#6510,(#6514,#6520),.PCURVE_S1.);
#6510 = LINE('',#6511,#6512);
#6511 = CARTESIAN_POINT('',(-153.5,-5.535898384862,18.));
#6512 = VECTOR('',#6513,1.);
#6513 = DIRECTION('',(0.,0.,1.));
#6514 = PCURVE('',#1393,#6515);
#6515 = DEFINITIONAL_REPRESENTATION('',(#6516),#6519);
#6516 = B_SPLINE_CURVE_WITH_KNOTS('',1,(#6517,#6518),.UNSPECIFIED.,.F.,
  .F.,(2,2),(-2.399999999625E-06,27.5000024),.PIECEWISE_BEZIER_KNOTS.);
#6517 = CARTESIAN_POINT('',(-2.399999999625E-06,-29.46410161513));
#6518 = CARTESIAN_POINT('',(27.5000024,-29.46410161513));
#6519 = ( GEOMETRIC_REPRESENTATION_CONTEXT(2) 
PARAMETRIC_REPRESENTATION_CONTEXT() REPRESENTATION_CONTEXT('2D SPACE',''
  ) );
#6520 = PCURVE('',#1420,#6521);
#6521 = DEFINITIONAL_REPRESENTATION('',(#6522),#6525);
#6522 = B_SPLINE_CURVE_WITH_KNOTS('',1,(#6523,#6524),.UNSPECIFIED.,.F.,
  .F.,(2,2),(0.,27.5),.PIECEWISE_BEZIER_KNOTS.);
#6523 = CARTESIAN_POINT('',(7.330382858376,0.));
#6524 = CARTESIAN_POINT('',(7.330382858376,27.5));
#6525 = ( GEOMETRIC_REPRESENTATION_CONTEXT(2) 
PARAMETRIC_REPRESENTATION_CONTEXT() REPRESENTATION_CONTEXT('2D SPACE',''
  ) );
#6526 = ORIENTED_EDGE('',*,*,#6527,.F.);
#6527 = EDGE_CURVE('',#6229,#6507,#6528,.T.);
#6528 = SURFACE_CURVE('',#6529,(#6534,#6541),.PCURVE_S1.);
#6529 = CIRCLE('',#6530,40.616666666667);
#6530 = AXIS2_PLACEMENT_3D('',#6531,#6532,#6533);
#6531 = CARTESIAN_POINT('',(-153.5,0.,3.330669073875E-16));
#6532 = DIRECTION('',(1.,0.,2.22044604925E-16));
#6533 = DIRECTION('',(2.22044604925E-16,0.,-1.));
#6534 = PCURVE('',#1393,#6535);
#6535 = DEFINITIONAL_REPRESENTATION('',(#6536),#6540);
#6536 = CIRCLE('',#6537,40.616666666667);
#6537 = AXIS2_PLACEMENT_2D('',#6538,#6539);
#6538 = CARTESIAN_POINT('',(-18.,-35.));
#6539 = DIRECTION('',(-1.,0.));
#6540 = ( GEOMETRIC_REPRESENTATION_CONTEXT(2) 
PARAMETRIC_REPRESENTATION_CONTEXT() REPRESENTATION_CONTEXT('2D SPACE',''
  ) );
#6541 = PCURVE('',#5566,#6542);
#6542 = DEFINITIONAL_REPRESENTATION('',(#6543),#6547);
#6543 = LINE('',#6544,#6545);
#6544 = CARTESIAN_POINT('',(-0.,-108.5));
#6545 = VECTOR('',#6546,1.);
#6546 = DIRECTION('',(-1.,-0.));
#6547 = ( GEOMETRIC_REPRESENTATION_CONTEXT(2) 
PARAMETRIC_REPRESENTATION_CONTEXT() REPRESENTATION_CONTEXT('2D SPACE',''
  ) );
#6548 = ORIENTED_EDGE('',*,*,#6228,.T.);
#6549 = ADVANCED_FACE('',(#6550),#1420,.T.);
#6550 = FACE_BOUND('',#6551,.T.);
#6551 = EDGE_LOOP('',(#6552,#6553,#6799,#6800));
#6552 = ORIENTED_EDGE('',*,*,#5578,.F.);
#6553 = ORIENTED_EDGE('',*,*,#6554,.T.);
#6554 = EDGE_CURVE('',#5550,#6507,#6555,.T.);
#6555 = SURFACE_CURVE('',#6556,(#6609,#6704),.PCURVE_S1.);
#6556 = B_SPLINE_CURVE_WITH_KNOTS('',6,(#6557,#6558,#6559,#6560,#6561,
    #6562,#6563,#6564,#6565,#6566,#6567,#6568,#6569,#6570,#6571,#6572,
    #6573,#6574,#6575,#6576,#6577,#6578,#6579,#6580,#6581,#6582,#6583,
    #6584,#6585,#6586,#6587,#6588,#6589,#6590,#6591,#6592,#6593,#6594,
    #6595,#6596,#6597,#6598,#6599,#6600,#6601,#6602,#6603,#6604,#6605,
    #6606,#6607,#6608),.UNSPECIFIED.,.F.,.F.,(7,5,5,5,5,5,5,5,5,5,7),(0.
    ,0.143171993967,0.281924305607,0.415872354033,0.544916417036,
    0.725437876158,0.863992999573,1.,1.332834793297,1.504229263325,
    1.989203317503),.UNSPECIFIED.);
#6557 = CARTESIAN_POINT('',(-153.5,-12.46410161513,38.656949983653));
#6558 = CARTESIAN_POINT('',(-153.4236053782,-12.41999515969,
    38.668495579287));
#6559 = CARTESIAN_POINT('',(-153.3479813256,-12.37363804824,
    38.680729507404));
#6560 = CARTESIAN_POINT('',(-153.2731911671,-12.32501418811,
    38.693646702008));
#6561 = CARTESIAN_POINT('',(-153.1993030951,-12.27410790738,
    38.707240894163));
#6562 = CARTESIAN_POINT('',(-153.1263901691,-12.22090395483,
    38.721504611985));
#6563 = CARTESIAN_POINT('',(-152.984888758,-12.11158482375,
    38.75089303175));
#6564 = CARTESIAN_POINT('',(-152.9162367122,-12.05561074548,
    38.765977415272));
#6565 = CARTESIAN_POINT('',(-152.8486451598,-11.99745153736,
    38.781674475863));
#6566 = CARTESIAN_POINT('',(-152.782190808,-11.93709581658,
    38.797974739813));
#6567 = CARTESIAN_POINT('',(-152.7169560895,-11.87453454535,
    38.814867115054));
#6568 = CARTESIAN_POINT('',(-152.591315689,-11.74723028279,
    38.849205711504));
#6569 = CARTESIAN_POINT('',(-152.5308213506,-11.68263864041,
    38.866612311879));
#6570 = CARTESIAN_POINT('',(-152.4716257172,-11.61597984947,
    38.884547273754));
#6571 = CARTESIAN_POINT('',(-152.4138142665,-11.5472528678,
    38.902997031775));
#6572 = CARTESIAN_POINT('',(-152.3574783842,-11.47646186535,
    38.921945873767));
#6573 = CARTESIAN_POINT('',(-152.2499572771,-11.33343754211,
    38.960094651561));
#6574 = CARTESIAN_POINT('',(-152.1986593478,-11.26135271224,
    38.979259802409));
#6575 = CARTESIAN_POINT('',(-152.1489082961,-11.18737092802,
    38.998855294329));
#6576 = CARTESIAN_POINT('',(-152.1007969482,-11.11150872701,
    39.018862501184));
#6577 = CARTESIAN_POINT('',(-152.0544229391,-11.03379156581,
    39.039260112991));
#6578 = CARTESIAN_POINT('',(-151.9475860785,-10.84299118591,
    39.089070828447));
#6579 = CARTESIAN_POINT('',(-151.8888828611,-10.72816747008,
    39.118834340748));
#6580 = CARTESIAN_POINT('',(-151.8340548633,-10.6098847973,
    39.149248028213));
#6581 = CARTESIAN_POINT('',(-151.7833975535,-10.48829060649,
    39.180232536479));
#6582 = CARTESIAN_POINT('',(-151.7372089722,-10.36359190991,
    39.211695373909));
#6583 = CARTESIAN_POINT('',(-151.6639714181,-10.13818989541,
    39.267965072761));
#6584 = CARTESIAN_POINT('',(-151.6349689864,-10.03864696811,
    39.292619042279));
#6585 = CARTESIAN_POINT('',(-151.608896,-9.937569022196,39.317443853781)
  );
#6586 = CARTESIAN_POINT('',(-151.5858753483,-9.835108327042,
    39.342386959284));
#6587 = CARTESIAN_POINT('',(-151.5660169771,-9.731442488218,
    39.367392315773));
#6588 = CARTESIAN_POINT('',(-151.5331112411,-9.524037056678,
    39.416949247538));
#6589 = CARTESIAN_POINT('',(-151.5199447348,-9.420330181688,
    39.44150160147));
#6590 = CARTESIAN_POINT('',(-151.5099980203,-9.315854471697,
    39.46600105804));
#6591 = CARTESIAN_POINT('',(-151.503336361,-9.210821367447,
    39.490391077877));
#6592 = CARTESIAN_POINT('',(-151.5,-9.105456467303,39.514615774529));
#6593 = CARTESIAN_POINT('',(-151.5,-8.741928125857,39.5973641113));
#6594 = CARTESIAN_POINT('',(-151.5199810432,-8.483137316726,
    39.654828559403));
#6595 = CARTESIAN_POINT('',(-151.5601468582,-8.227517856774,
    39.710122165025));
#6596 = CARTESIAN_POINT('',(-151.6194656093,-7.978259196741,
    39.762686020999));
#6597 = CARTESIAN_POINT('',(-151.6962726306,-7.737979372238,
    39.812202875533));
#6598 = CARTESIAN_POINT('',(-151.8358114125,-7.390680928995,
    39.88236168129));
#6599 = CARTESIAN_POINT('',(-151.8873241464,-7.275495618658,
    39.905371473203));
#6600 = CARTESIAN_POINT('',(-151.942650395,-7.163405171008,
    39.927531579821));
#6601 = CARTESIAN_POINT('',(-152.001514357,-7.054574812415,
    39.948845497196));
#6602 = CARTESIAN_POINT('',(-152.0636456452,-6.949117383558,
    39.9693273837));
#6603 = CARTESIAN_POINT('',(-152.3131303757,-6.558450599001,
    40.044656372245));
#6604 = CARTESIAN_POINT('',(-152.5214104971,-6.297689460162,
    40.093756462376));
#6605 = CARTESIAN_POINT('',(-152.7482238757,-6.065679943195,
    40.136917130951));
#6606 = CARTESIAN_POINT('',(-152.9889985602,-5.862080627807,
    40.17487326952));
#6607 = CARTESIAN_POINT('',(-153.2402785376,-5.685848641074,
    40.208268004993));
#6608 = CARTESIAN_POINT('',(-153.5,-5.535898384862,40.237637109845));
#6609 = PCURVE('',#1420,#6610);
#6610 = DEFINITIONAL_REPRESENTATION('',(#6611),#6703);
#6611 = B_SPLINE_CURVE_WITH_KNOTS('',3,(#6612,#6613,#6614,#6615,#6616,
    #6617,#6618,#6619,#6620,#6621,#6622,#6623,#6624,#6625,#6626,#6627,
    #6628,#6629,#6630,#6631,#6632,#6633,#6634,#6635,#6636,#6637,#6638,
    #6639,#6640,#6641,#6642,#6643,#6644,#6645,#6646,#6647,#6648,#6649,
    #6650,#6651,#6652,#6653,#6654,#6655,#6656,#6657,#6658,#6659,#6660,
    #6661,#6662,#6663,#6664,#6665,#6666,#6667,#6668,#6669,#6670,#6671,
    #6672,#6673,#6674,#6675,#6676,#6677,#6678,#6679,#6680,#6681,#6682,
    #6683,#6684,#6685,#6686,#6687,#6688,#6689,#6690,#6691,#6692,#6693,
    #6694,#6695,#6696,#6697,#6698,#6699,#6700,#6701,#6702),
  .UNSPECIFIED.,.F.,.F.,(4,1,1,1,1,1,1,1,1,1,1,1,1,1,1,1,1,1,1,1,1,1,1,1
    ,1,1,1,1,1,1,1,1,1,1,1,1,1,1,1,1,1,1,1,1,1,1,1,1,1,1,1,1,1,1,1,1,1,1
    ,1,1,1,1,1,1,1,1,1,1,1,1,1,1,1,1,1,1,1,1,1,1,1,1,1,1,1,1,1,1,4),(0.,
    2.260458315344E-02,4.520916630688E-02,6.781374946032E-02,
    9.041833261375E-02,0.113022915767,0.135627498921,0.158232082074,
    0.180836665228,0.203441248381,0.226045831534,0.248650414688,
    0.271254997841,0.293859580995,0.316464164148,0.339068747302,
    0.361673330455,0.384277913608,0.406882496762,0.429487079915,
    0.452091663069,0.474696246222,0.497300829376,0.519905412529,
    0.542509995683,0.565114578836,0.587719161989,0.610323745143,
    0.632928328296,0.65553291145,0.678137494603,0.700742077757,
    0.72334666091,0.745951244063,0.768555827217,0.79116041037,
    0.813764993524,0.836369576677,0.858974159831,0.881578742984,
    0.904183326138,0.926787909291,0.949392492444,0.971997075598,
    0.994601658751,1.017206241905,1.039810825058,1.062415408212,
    1.085019991365,1.107624574518,1.130229157672,1.152833740825,
    1.175438323979,1.198042907132,1.220647490286,1.243252073439,
    1.265856656593,1.288461239746,1.311065822899,1.333670406053,
    1.356274989206,1.37887957236,1.401484155513,1.424088738667,
    1.44669332182,1.469297904974,1.491902488127,1.51450707128,
    1.537111654434,1.559716237587,1.582320820741,1.604925403894,
    1.627529987048,1.650134570201,1.672739153354,1.695343736508,
    1.717948319661,1.740552902815,1.763157485968,1.785762069122,
    1.808366652275,1.830971235429,1.853575818582,1.876180401735,
    1.898784984889,1.921389568042,1.943994151196,1.966598734349,
    1.989203317503),.QUASI_UNIFORM_KNOTS.);
#6612 = CARTESIAN_POINT('',(5.235987755983,20.656949983653));
#6613 = CARTESIAN_POINT('',(5.242951464016,20.66059569346));
#6614 = CARTESIAN_POINT('',(5.256907424014,20.668058781572));
#6615 = CARTESIAN_POINT('',(5.277930571474,20.679765596656));
#6616 = CARTESIAN_POINT('',(5.299046501378,20.691981877615));
#6617 = CARTESIAN_POINT('',(5.320258791126,20.704704538043));
#6618 = CARTESIAN_POINT('',(5.34157103728,20.717930248916));
#6619 = CARTESIAN_POINT('',(5.362986871888,20.731655406486));
#6620 = CARTESIAN_POINT('',(5.384509971356,20.745876133965));
#6621 = CARTESIAN_POINT('',(5.406143914983,20.760588149691));
#6622 = CARTESIAN_POINT('',(5.427892401519,20.775786925323));
#6623 = CARTESIAN_POINT('',(5.449759041445,20.791467488713));
#6624 = CARTESIAN_POINT('',(5.471747421723,20.807624467745));
#6625 = CARTESIAN_POINT('',(5.493861101783,20.824252071618));
#6626 = CARTESIAN_POINT('',(5.516103667119,20.841344121861));
#6627 = CARTESIAN_POINT('',(5.538478479928,20.858893806853));
#6628 = CARTESIAN_POINT('',(5.560988966377,20.876893922616));
#6629 = CARTESIAN_POINT('',(5.583638358558,20.895336605542));
#6630 = CARTESIAN_POINT('',(5.606429751175,20.914213375492));
#6631 = CARTESIAN_POINT('',(5.62936609972,20.933515117189));
#6632 = CARTESIAN_POINT('',(5.65245027215,20.95323211155));
#6633 = CARTESIAN_POINT('',(5.675684722108,20.973353708975));
#6634 = CARTESIAN_POINT('',(5.699071801699,20.993868597271));
#6635 = CARTESIAN_POINT('',(5.722613489956,21.01476454454));
#6636 = CARTESIAN_POINT('',(5.746311436067,21.036028422598));
#6637 = CARTESIAN_POINT('',(5.770166938452,21.057646178089));
#6638 = CARTESIAN_POINT('',(5.794180936292,21.079602813006));
#6639 = CARTESIAN_POINT('',(5.818353793975,21.101882197443));
#6640 = CARTESIAN_POINT('',(5.842685320272,21.124467078193));
#6641 = CARTESIAN_POINT('',(5.867174725374,21.14733904657));
#6642 = CARTESIAN_POINT('',(5.89182059834,21.17047853956));
#6643 = CARTESIAN_POINT('',(5.916620867105,21.193864830175));
#6644 = CARTESIAN_POINT('',(5.941572762065,21.217476028862));
#6645 = CARTESIAN_POINT('',(5.966672738485,21.241289051497));
#6646 = CARTESIAN_POINT('',(5.991916518728,21.265279709965));
#6647 = CARTESIAN_POINT('',(6.01729861411,21.2894223413));
#6648 = CARTESIAN_POINT('',(6.042812658041,21.313690188757));
#6649 = CARTESIAN_POINT('',(6.068451514103,21.338055602311));
#6650 = CARTESIAN_POINT('',(6.094207172935,21.362490040973));
#6651 = CARTESIAN_POINT('',(6.120070603847,21.386964044709));
#6652 = CARTESIAN_POINT('',(6.146031928365,21.411447522919));
#6653 = CARTESIAN_POINT('',(6.172080578291,21.435910025628));
#6654 = CARTESIAN_POINT('',(6.198204583216,21.46032021749));
#6655 = CARTESIAN_POINT('',(6.224391716414,21.484647094563));
#6656 = CARTESIAN_POINT('',(6.250629245677,21.508859873893));
#6657 = CARTESIAN_POINT('',(6.276903330205,21.532927576987));
#6658 = CARTESIAN_POINT('',(6.303201061092,21.556821050605));
#6659 = CARTESIAN_POINT('',(6.32951116169,21.580513614385));
#6660 = CARTESIAN_POINT('',(6.355815419296,21.603973503019));
#6661 = CARTESIAN_POINT('',(6.382098713358,21.627173099558));
#6662 = CARTESIAN_POINT('',(6.408346431762,21.650086602042));
#6663 = CARTESIAN_POINT('',(6.434544997649,21.672690530808));
#6664 = CARTESIAN_POINT('',(6.460681576891,21.694963475251));
#6665 = CARTESIAN_POINT('',(6.486744018792,21.716886045279));
#6666 = CARTESIAN_POINT('',(6.512720745595,21.738440767763));
#6667 = CARTESIAN_POINT('',(6.538600671238,21.75961200154));
#6668 = CARTESIAN_POINT('',(6.564373106744,21.780385836407));
#6669 = CARTESIAN_POINT('',(6.590027736378,21.800750040812));
#6670 = CARTESIAN_POINT('',(6.615554364448,21.820693833991));
#6671 = CARTESIAN_POINT('',(6.640943542401,21.840208314837));
#6672 = CARTESIAN_POINT('',(6.666183930887,21.859284442598));
#6673 = CARTESIAN_POINT('',(6.691271895881,21.877920182574));
#6674 = CARTESIAN_POINT('',(6.716207095877,21.896116739594));
#6675 = CARTESIAN_POINT('',(6.740984132877,21.913872369791));
#6676 = CARTESIAN_POINT('',(6.765600034785,21.931187907084));
#6677 = CARTESIAN_POINT('',(6.790052163741,21.94806511131));
#6678 = CARTESIAN_POINT('',(6.814338792902,21.964506996478));
#6679 = CARTESIAN_POINT('',(6.838458630718,21.980517416892));
#6680 = CARTESIAN_POINT('',(6.862411936883,21.996101641674));
#6681 = CARTESIAN_POINT('',(6.886192821375,22.011261437545));
#6682 = CARTESIAN_POINT('',(6.909804731534,22.026005012127));
#6683 = CARTESIAN_POINT('',(6.933250222179,22.040340076948));
#6684 = CARTESIAN_POINT('',(6.956532141801,22.054274636965));
#6685 = CARTESIAN_POINT('',(6.979653324961,22.067816742269));
#6686 = CARTESIAN_POINT('',(7.002616685002,22.080974519673));
#6687 = CARTESIAN_POINT('',(7.025425199665,22.093756131094));
#6688 = CARTESIAN_POINT('',(7.048081925657,22.106169753358));
#6689 = CARTESIAN_POINT('',(7.070590005826,22.118223554048));
#6690 = CARTESIAN_POINT('',(7.092952678752,22.129925670219));
#6691 = CARTESIAN_POINT('',(7.11517328822,22.141284188136));
#6692 = CARTESIAN_POINT('',(7.13725529333,22.152307124538));
#6693 = CARTESIAN_POINT('',(7.159202279095,22.163002409281));
#6694 = CARTESIAN_POINT('',(7.181017967633,22.173377869425));
#6695 = CARTESIAN_POINT('',(7.202706230032,22.183441214687));
#6696 = CARTESIAN_POINT('',(7.224271098669,22.193200024468));
#6697 = CARTESIAN_POINT('',(7.245716780998,22.202661735735));
#6698 = CARTESIAN_POINT('',(7.267047671192,22.211833634387));
#6699 = CARTESIAN_POINT('',(7.288268373206,22.220722840355));
#6700 = CARTESIAN_POINT('',(7.309383684753,22.229336322763));
#6701 = CARTESIAN_POINT('',(7.323393715407,22.234899314001));
#6702 = CARTESIAN_POINT('',(7.330382858376,22.237637109845));
#6703 = ( GEOMETRIC_REPRESENTATION_CONTEXT(2) 
PARAMETRIC_REPRESENTATION_CONTEXT() REPRESENTATION_CONTEXT('2D SPACE',''
  ) );
#6704 = PCURVE('',#5566,#6705);
#6705 = DEFINITIONAL_REPRESENTATION('',(#6706),#6798);
#6706 = B_SPLINE_CURVE_WITH_KNOTS('',3,(#6707,#6708,#6709,#6710,#6711,
    #6712,#6713,#6714,#6715,#6716,#6717,#6718,#6719,#6720,#6721,#6722,
    #6723,#6724,#6725,#6726,#6727,#6728,#6729,#6730,#6731,#6732,#6733,
    #6734,#6735,#6736,#6737,#6738,#6739,#6740,#6741,#6742,#6743,#6744,
    #6745,#6746,#6747,#6748,#6749,#6750,#6751,#6752,#6753,#6754,#6755,
    #6756,#6757,#6758,#6759,#6760,#6761,#6762,#6763,#6764,#6765,#6766,
    #6767,#6768,#6769,#6770,#6771,#6772,#6773,#6774,#6775,#6776,#6777,
    #6778,#6779,#6780,#6781,#6782,#6783,#6784,#6785,#6786,#6787,#6788,
    #6789,#6790,#6791,#6792,#6793,#6794,#6795,#6796,#6797),
  .UNSPECIFIED.,.F.,.F.,(4,1,1,1,1,1,1,1,1,1,1,1,1,1,1,1,1,1,1,1,1,1,1,1
    ,1,1,1,1,1,1,1,1,1,1,1,1,1,1,1,1,1,1,1,1,1,1,1,1,1,1,1,1,1,1,1,1,1,1
    ,1,1,1,1,1,1,1,1,1,1,1,1,1,1,1,1,1,1,1,1,1,1,1,1,1,1,1,1,1,1,4),(0.,
    2.260458315344E-02,4.520916630688E-02,6.781374946032E-02,
    9.041833261375E-02,0.113022915767,0.135627498921,0.158232082074,
    0.180836665228,0.203441248381,0.226045831534,0.248650414688,
    0.271254997841,0.293859580995,0.316464164148,0.339068747302,
    0.361673330455,0.384277913608,0.406882496762,0.429487079915,
    0.452091663069,0.474696246222,0.497300829376,0.519905412529,
    0.542509995683,0.565114578836,0.587719161989,0.610323745143,
    0.632928328296,0.65553291145,0.678137494603,0.700742077757,
    0.72334666091,0.745951244063,0.768555827217,0.79116041037,
    0.813764993524,0.836369576677,0.858974159831,0.881578742984,
    0.904183326138,0.926787909291,0.949392492444,0.971997075598,
    0.994601658751,1.017206241905,1.039810825058,1.062415408212,
    1.085019991365,1.107624574518,1.130229157672,1.152833740825,
    1.175438323979,1.198042907132,1.220647490286,1.243252073439,
    1.265856656593,1.288461239746,1.311065822899,1.333670406053,
    1.356274989206,1.37887957236,1.401484155513,1.424088738667,
    1.44669332182,1.469297904974,1.491902488127,1.51450707128,
    1.537111654434,1.559716237587,1.582320820741,1.604925403894,
    1.627529987048,1.650134570201,1.672739153354,1.695343736508,
    1.717948319661,1.740552902815,1.763157485968,1.785762069122,
    1.808366652275,1.830971235429,1.853575818582,1.876180401735,
    1.898784984889,1.921389568042,1.943994151196,1.966598734349,
    1.989203317503),.QUASI_UNIFORM_KNOTS.);
#6707 = CARTESIAN_POINT('',(-3.453496945315,-108.5));
#6708 = CARTESIAN_POINT('',(-3.453143046508,-108.5241229033));
#6709 = CARTESIAN_POINT('',(-3.452420762845,-108.5721769717));
#6710 = CARTESIAN_POINT('',(-3.451293718334,-108.6436512127));
#6711 = CARTESIAN_POINT('',(-3.450122892333,-108.7144873722));
#6712 = CARTESIAN_POINT('',(-3.448908127993,-108.7846527357));
#6713 = CARTESIAN_POINT('',(-3.447649272187,-108.854113608));
#6714 = CARTESIAN_POINT('',(-3.44634617578,-108.9228351784));
#6715 = CARTESIAN_POINT('',(-3.444998694343,-108.9907815464));
#6716 = CARTESIAN_POINT('',(-3.443606699081,-109.0579152473));
#6717 = CARTESIAN_POINT('',(-3.44217006259,-109.1241978322));
#6718 = CARTESIAN_POINT('',(-3.440688677425,-109.1895893058));
#6719 = CARTESIAN_POINT('',(-3.439162451945,-109.2540482498));
#6720 = CARTESIAN_POINT('',(-3.437591312049,-109.317531772));
#6721 = CARTESIAN_POINT('',(-3.435975198268,-109.3799955884));
#6722 = CARTESIAN_POINT('',(-3.434314090071,-109.4413934744));
#6723 = CARTESIAN_POINT('',(-3.432607980962,-109.5016777964));
#6724 = CARTESIAN_POINT('',(-3.430856908317,-109.5607991594));
#6725 = CARTESIAN_POINT('',(-3.429060948418,-109.6187064524));
#6726 = CARTESIAN_POINT('',(-3.427220218681,-109.6753468384));
#6727 = CARTESIAN_POINT('',(-3.425334873635,-109.7306657523));
#6728 = CARTESIAN_POINT('',(-3.423405142623,-109.7846065937));
#6729 = CARTESIAN_POINT('',(-3.421431302599,-109.837111309));
#6730 = CARTESIAN_POINT('',(-3.41941370544,-109.8881199274));
#6731 = CARTESIAN_POINT('',(-3.41735277857,-109.9375708322));
#6732 = CARTESIAN_POINT('',(-3.415249030715,-109.9854008955));
#6733 = CARTESIAN_POINT('',(-3.413103055645,-110.0315455908));
#6734 = CARTESIAN_POINT('',(-3.410915556763,-110.0759389219));
#6735 = CARTESIAN_POINT('',(-3.408687348605,-110.1185136834));
#6736 = CARTESIAN_POINT('',(-3.406419364498,-110.1592016809));
#6737 = CARTESIAN_POINT('',(-3.40411266304,-110.1979341149));
#6738 = CARTESIAN_POINT('',(-3.401768435105,-110.2346419196));
#6739 = CARTESIAN_POINT('',(-3.399388009903,-110.2692561233));
#6740 = CARTESIAN_POINT('',(-3.396972864356,-110.3017081694));
#6741 = CARTESIAN_POINT('',(-3.394524620205,-110.3319303746));
#6742 = CARTESIAN_POINT('',(-3.392045093459,-110.3598561683));
#6743 = CARTESIAN_POINT('',(-3.389536261256,-110.3854209413));
#6744 = CARTESIAN_POINT('',(-3.387000250905,-110.4085628065));
#6745 = CARTESIAN_POINT('',(-3.384439348056,-110.4292230893));
#6746 = CARTESIAN_POINT('',(-3.38185600851,-110.4473468398));
#6747 = CARTESIAN_POINT('',(-3.379252836661,-110.462883528));
#6748 = CARTESIAN_POINT('',(-3.376632564804,-110.4757878227));
#6749 = CARTESIAN_POINT('',(-3.373998118053,-110.4860197747));
#6750 = CARTESIAN_POINT('',(-3.371352491685,-110.49354599));
#6751 = CARTESIAN_POINT('',(-3.36869876722,-110.4983398268));
#6752 = CARTESIAN_POINT('',(-3.366040163969,-110.5003817921));
#6753 = CARTESIAN_POINT('',(-3.363379822034,-110.4996600367));
#6754 = CARTESIAN_POINT('',(-3.360720721844,-110.4961695631));
#6755 = CARTESIAN_POINT('',(-3.358066538983,-110.4899141388));
#6756 = CARTESIAN_POINT('',(-3.355420617352,-110.4809060027));
#6757 = CARTESIAN_POINT('',(-3.3527862199,-110.4691652428));
#6758 = CARTESIAN_POINT('',(-3.350166465471,-110.4547193021));
#6759 = CARTESIAN_POINT('',(-3.347564349478,-110.4376024955));
#6760 = CARTESIAN_POINT('',(-3.344982741819,-110.4178555663));
#6761 = CARTESIAN_POINT('',(-3.342424390713,-110.3955252785));
#6762 = CARTESIAN_POINT('',(-3.339891924287,-110.3706640375));
#6763 = CARTESIAN_POINT('',(-3.337387853943,-110.3433295708));
#6764 = CARTESIAN_POINT('',(-3.334914571519,-110.3135845483));
#6765 = CARTESIAN_POINT('',(-3.332474368162,-110.2814965913));
#6766 = CARTESIAN_POINT('',(-3.330069371267,-110.2471370002));
#6767 = CARTESIAN_POINT('',(-3.32770178608,-110.2105844252));
#6768 = CARTESIAN_POINT('',(-3.325372996034,-110.1719102041));
#6769 = CARTESIAN_POINT('',(-3.323084006217,-110.1311815141));
#6770 = CARTESIAN_POINT('',(-3.320836210124,-110.0884748996));
#6771 = CARTESIAN_POINT('',(-3.318630694478,-110.0438645794));
#6772 = CARTESIAN_POINT('',(-3.316468437596,-109.997425147));
#6773 = CARTESIAN_POINT('',(-3.314350260775,-109.9492301933));
#6774 = CARTESIAN_POINT('',(-3.312276874024,-109.8993528476));
#6775 = CARTESIAN_POINT('',(-3.310248791333,-109.8478627264));
#6776 = CARTESIAN_POINT('',(-3.308266971561,-109.7948431452));
#6777 = CARTESIAN_POINT('',(-3.306331518742,-109.7403570548));
#6778 = CARTESIAN_POINT('',(-3.304442572157,-109.6844676916));
#6779 = CARTESIAN_POINT('',(-3.302600204053,-109.6272362869));
#6780 = CARTESIAN_POINT('',(-3.300804449712,-109.5687226247));
#6781 = CARTESIAN_POINT('',(-3.299055302088,-109.508984836));
#6782 = CARTESIAN_POINT('',(-3.29735271597,-109.4480793983));
#6783 = CARTESIAN_POINT('',(-3.295696609615,-109.3860610797));
#6784 = CARTESIAN_POINT('',(-3.294086867088,-109.3229828981));
#6785 = CARTESIAN_POINT('',(-3.292523340447,-109.2588960759));
#6786 = CARTESIAN_POINT('',(-3.291005851994,-109.193849997));
#6787 = CARTESIAN_POINT('',(-3.289534196536,-109.1278921621));
#6788 = CARTESIAN_POINT('',(-3.288108143682,-109.0610681451));
#6789 = CARTESIAN_POINT('',(-3.286727440147,-108.993421549));
#6790 = CARTESIAN_POINT('',(-3.285391812094,-108.924993962));
#6791 = CARTESIAN_POINT('',(-3.284100967496,-108.8558249147));
#6792 = CARTESIAN_POINT('',(-3.282854598508,-108.7859518307));
#6793 = CARTESIAN_POINT('',(-3.281652383916,-108.7154100037));
#6794 = CARTESIAN_POINT('',(-3.28049399143,-108.6442324755));
#6795 = CARTESIAN_POINT('',(-3.279379080655,-108.5724502844));
#6796 = CARTESIAN_POINT('',(-3.27866456265,-108.5242109803));
#6797 = CARTESIAN_POINT('',(-3.278314434978,-108.5));
#6798 = ( GEOMETRIC_REPRESENTATION_CONTEXT(2) 
PARAMETRIC_REPRESENTATION_CONTEXT() REPRESENTATION_CONTEXT('2D SPACE',''
  ) );
#6799 = ORIENTED_EDGE('',*,*,#6506,.T.);
#6800 = ORIENTED_EDGE('',*,*,#1405,.F.);
#6801 = ADVANCED_FACE('',(#6802),#1452,.T.);
#6802 = FACE_BOUND('',#6803,.T.);
#6803 = EDGE_LOOP('',(#6804,#6805,#6828,#6856,#6885));
#6804 = ORIENTED_EDGE('',*,*,#1434,.F.);
#6805 = ORIENTED_EDGE('',*,*,#6806,.F.);
#6806 = EDGE_CURVE('',#6807,#1435,#6809,.T.);
#6807 = VERTEX_POINT('',#6808);
#6808 = CARTESIAN_POINT('',(-85.5,-35.,18.));
#6809 = SURFACE_CURVE('',#6810,(#6814,#6821),.PCURVE_S1.);
#6810 = LINE('',#6811,#6812);
#6811 = CARTESIAN_POINT('',(-85.5,-35.,18.));
#6812 = VECTOR('',#6813,1.);
#6813 = DIRECTION('',(0.,0.,1.));
#6814 = PCURVE('',#1452,#6815);
#6815 = DEFINITIONAL_REPRESENTATION('',(#6816),#6820);
#6816 = LINE('',#6817,#6818);
#6817 = CARTESIAN_POINT('',(0.,0.));
#6818 = VECTOR('',#6819,1.);
#6819 = DIRECTION('',(1.,0.));
#6820 = ( GEOMETRIC_REPRESENTATION_CONTEXT(2) 
PARAMETRIC_REPRESENTATION_CONTEXT() REPRESENTATION_CONTEXT('2D SPACE',''
  ) );
#6821 = PCURVE('',#1480,#6822);
#6822 = DEFINITIONAL_REPRESENTATION('',(#6823),#6827);
#6823 = LINE('',#6824,#6825);
#6824 = CARTESIAN_POINT('',(0.,4.));
#6825 = VECTOR('',#6826,1.);
#6826 = DIRECTION('',(1.,0.));
#6827 = ( GEOMETRIC_REPRESENTATION_CONTEXT(2) 
PARAMETRIC_REPRESENTATION_CONTEXT() REPRESENTATION_CONTEXT('2D SPACE',''
  ) );
#6828 = ORIENTED_EDGE('',*,*,#6829,.T.);
#6829 = EDGE_CURVE('',#6807,#6830,#6832,.T.);
#6830 = VERTEX_POINT('',#6831);
#6831 = CARTESIAN_POINT('',(-85.5,-33.86329133442,18.));
#6832 = SURFACE_CURVE('',#6833,(#6837,#6844),.PCURVE_S1.);
#6833 = LINE('',#6834,#6835);
#6834 = CARTESIAN_POINT('',(-85.5,-35.,18.));
#6835 = VECTOR('',#6836,1.);
#6836 = DIRECTION('',(0.,1.,0.));
#6837 = PCURVE('',#1452,#6838);
#6838 = DEFINITIONAL_REPRESENTATION('',(#6839),#6843);
#6839 = LINE('',#6840,#6841);
#6840 = CARTESIAN_POINT('',(0.,0.));
#6841 = VECTOR('',#6842,1.);
#6842 = DIRECTION('',(0.,-1.));
#6843 = ( GEOMETRIC_REPRESENTATION_CONTEXT(2) 
PARAMETRIC_REPRESENTATION_CONTEXT() REPRESENTATION_CONTEXT('2D SPACE',''
  ) );
#6844 = PCURVE('',#6845,#6850);
#6845 = PLANE('',#6846);
#6846 = AXIS2_PLACEMENT_3D('',#6847,#6848,#6849);
#6847 = CARTESIAN_POINT('',(-89.5,-35.,18.));
#6848 = DIRECTION('',(0.,0.,1.));
#6849 = DIRECTION('',(1.,0.,-0.));
#6850 = DEFINITIONAL_REPRESENTATION('',(#6851),#6855);
#6851 = LINE('',#6852,#6853);
#6852 = CARTESIAN_POINT('',(4.,0.));
#6853 = VECTOR('',#6854,1.);
#6854 = DIRECTION('',(0.,1.));
#6855 = ( GEOMETRIC_REPRESENTATION_CONTEXT(2) 
PARAMETRIC_REPRESENTATION_CONTEXT() REPRESENTATION_CONTEXT('2D SPACE',''
  ) );
#6856 = ORIENTED_EDGE('',*,*,#6857,.F.);
#6857 = EDGE_CURVE('',#6858,#6830,#6860,.T.);
#6858 = VERTEX_POINT('',#6859);
#6859 = CARTESIAN_POINT('',(-85.5,-12.46410161513,36.268011675959));
#6860 = SURFACE_CURVE('',#6861,(#6866,#6873),.PCURVE_S1.);
#6861 = CIRCLE('',#6862,38.35);
#6862 = AXIS2_PLACEMENT_3D('',#6863,#6864,#6865);
#6863 = CARTESIAN_POINT('',(-85.5,0.,1.543210004229E-14));
#6864 = DIRECTION('',(1.,0.,2.22044604925E-16));
#6865 = DIRECTION('',(2.22044604925E-16,0.,-1.));
#6866 = PCURVE('',#1452,#6867);
#6867 = DEFINITIONAL_REPRESENTATION('',(#6868),#6872);
#6868 = CIRCLE('',#6869,38.35);
#6869 = AXIS2_PLACEMENT_2D('',#6870,#6871);
#6870 = CARTESIAN_POINT('',(-18.,-35.));
#6871 = DIRECTION('',(-1.,0.));
#6872 = ( GEOMETRIC_REPRESENTATION_CONTEXT(2) 
PARAMETRIC_REPRESENTATION_CONTEXT() REPRESENTATION_CONTEXT('2D SPACE',''
  ) );
#6873 = PCURVE('',#6874,#6879);
#6874 = CONICAL_SURFACE('',#6875,44.233333333333,3.332099587825E-02);
#6875 = AXIS2_PLACEMENT_3D('',#6876,#6877,#6878);
#6876 = CARTESIAN_POINT('',(-262.,0.,-2.375877272698E-14));
#6877 = DIRECTION('',(-1.,-0.,-2.22044604925E-16));
#6878 = DIRECTION('',(2.22044604925E-16,0.,-1.));
#6879 = DEFINITIONAL_REPRESENTATION('',(#6880),#6884);
#6880 = LINE('',#6881,#6882);
#6881 = CARTESIAN_POINT('',(-0.,-176.5));
#6882 = VECTOR('',#6883,1.);
#6883 = DIRECTION('',(-1.,-0.));
#6884 = ( GEOMETRIC_REPRESENTATION_CONTEXT(2) 
PARAMETRIC_REPRESENTATION_CONTEXT() REPRESENTATION_CONTEXT('2D SPACE',''
  ) );
#6885 = ORIENTED_EDGE('',*,*,#6886,.T.);
#6886 = EDGE_CURVE('',#6858,#1437,#6887,.T.);
#6887 = SURFACE_CURVE('',#6888,(#6892,#6898),.PCURVE_S1.);
#6888 = LINE('',#6889,#6890);
#6889 = CARTESIAN_POINT('',(-85.5,-12.46410161513,18.));
#6890 = VECTOR('',#6891,1.);
#6891 = DIRECTION('',(0.,0.,1.));
#6892 = PCURVE('',#1452,#6893);
#6893 = DEFINITIONAL_REPRESENTATION('',(#6894),#6897);
#6894 = B_SPLINE_CURVE_WITH_KNOTS('',1,(#6895,#6896),.UNSPECIFIED.,.F.,
  .F.,(2,2),(-2.399999999625E-06,27.5000024),.PIECEWISE_BEZIER_KNOTS.);
#6895 = CARTESIAN_POINT('',(-2.399999999625E-06,-22.53589838486));
#6896 = CARTESIAN_POINT('',(27.5000024,-22.53589838486));
#6897 = ( GEOMETRIC_REPRESENTATION_CONTEXT(2) 
PARAMETRIC_REPRESENTATION_CONTEXT() REPRESENTATION_CONTEXT('2D SPACE',''
  ) );
#6898 = PCURVE('',#1762,#6899);
#6899 = DEFINITIONAL_REPRESENTATION('',(#6900),#6903);
#6900 = B_SPLINE_CURVE_WITH_KNOTS('',1,(#6901,#6902),.UNSPECIFIED.,.F.,
  .F.,(2,2),(0.,27.5),.PIECEWISE_BEZIER_KNOTS.);
#6901 = CARTESIAN_POINT('',(5.235987755983,0.));
#6902 = CARTESIAN_POINT('',(5.235987755983,27.5));
#6903 = ( GEOMETRIC_REPRESENTATION_CONTEXT(2) 
PARAMETRIC_REPRESENTATION_CONTEXT() REPRESENTATION_CONTEXT('2D SPACE',''
  ) );
#6904 = ADVANCED_FACE('',(#6905),#1480,.F.);
#6905 = FACE_BOUND('',#6906,.F.);
#6906 = EDGE_LOOP('',(#6907,#6930,#6951,#6952));
#6907 = ORIENTED_EDGE('',*,*,#6908,.F.);
#6908 = EDGE_CURVE('',#6909,#6807,#6911,.T.);
#6909 = VERTEX_POINT('',#6910);
#6910 = CARTESIAN_POINT('',(-89.5,-35.,18.));
#6911 = SURFACE_CURVE('',#6912,(#6916,#6923),.PCURVE_S1.);
#6912 = LINE('',#6913,#6914);
#6913 = CARTESIAN_POINT('',(-89.5,-35.,18.));
#6914 = VECTOR('',#6915,1.);
#6915 = DIRECTION('',(1.,0.,0.));
#6916 = PCURVE('',#1480,#6917);
#6917 = DEFINITIONAL_REPRESENTATION('',(#6918),#6922);
#6918 = LINE('',#6919,#6920);
#6919 = CARTESIAN_POINT('',(0.,0.));
#6920 = VECTOR('',#6921,1.);
#6921 = DIRECTION('',(0.,1.));
#6922 = ( GEOMETRIC_REPRESENTATION_CONTEXT(2) 
PARAMETRIC_REPRESENTATION_CONTEXT() REPRESENTATION_CONTEXT('2D SPACE',''
  ) );
#6923 = PCURVE('',#6845,#6924);
#6924 = DEFINITIONAL_REPRESENTATION('',(#6925),#6929);
#6925 = LINE('',#6926,#6927);
#6926 = CARTESIAN_POINT('',(0.,0.));
#6927 = VECTOR('',#6928,1.);
#6928 = DIRECTION('',(1.,0.));
#6929 = ( GEOMETRIC_REPRESENTATION_CONTEXT(2) 
PARAMETRIC_REPRESENTATION_CONTEXT() REPRESENTATION_CONTEXT('2D SPACE',''
  ) );
#6930 = ORIENTED_EDGE('',*,*,#6931,.T.);
#6931 = EDGE_CURVE('',#6909,#1465,#6932,.T.);
#6932 = SURFACE_CURVE('',#6933,(#6937,#6944),.PCURVE_S1.);
#6933 = LINE('',#6934,#6935);
#6934 = CARTESIAN_POINT('',(-89.5,-35.,18.));
#6935 = VECTOR('',#6936,1.);
#6936 = DIRECTION('',(0.,0.,1.));
#6937 = PCURVE('',#1480,#6938);
#6938 = DEFINITIONAL_REPRESENTATION('',(#6939),#6943);
#6939 = LINE('',#6940,#6941);
#6940 = CARTESIAN_POINT('',(0.,0.));
#6941 = VECTOR('',#6942,1.);
#6942 = DIRECTION('',(1.,0.));
#6943 = ( GEOMETRIC_REPRESENTATION_CONTEXT(2) 
PARAMETRIC_REPRESENTATION_CONTEXT() REPRESENTATION_CONTEXT('2D SPACE',''
  ) );
#6944 = PCURVE('',#1508,#6945);
#6945 = DEFINITIONAL_REPRESENTATION('',(#6946),#6950);
#6946 = LINE('',#6947,#6948);
#6947 = CARTESIAN_POINT('',(0.,0.));
#6948 = VECTOR('',#6949,1.);
#6949 = DIRECTION('',(1.,0.));
#6950 = ( GEOMETRIC_REPRESENTATION_CONTEXT(2) 
PARAMETRIC_REPRESENTATION_CONTEXT() REPRESENTATION_CONTEXT('2D SPACE',''
  ) );
#6951 = ORIENTED_EDGE('',*,*,#1464,.T.);
#6952 = ORIENTED_EDGE('',*,*,#6806,.F.);
#6953 = ADVANCED_FACE('',(#6954),#1508,.F.);
#6954 = FACE_BOUND('',#6955,.F.);
#6955 = EDGE_LOOP('',(#6956,#6957,#6958,#6981,#7005));
#6956 = ORIENTED_EDGE('',*,*,#1492,.F.);
#6957 = ORIENTED_EDGE('',*,*,#6931,.F.);
#6958 = ORIENTED_EDGE('',*,*,#6959,.T.);
#6959 = EDGE_CURVE('',#6909,#6960,#6962,.T.);
#6960 = VERTEX_POINT('',#6961);
#6961 = CARTESIAN_POINT('',(-89.5,-34.01421679892,18.));
#6962 = SURFACE_CURVE('',#6963,(#6967,#6974),.PCURVE_S1.);
#6963 = LINE('',#6964,#6965);
#6964 = CARTESIAN_POINT('',(-89.5,-35.,18.));
#6965 = VECTOR('',#6966,1.);
#6966 = DIRECTION('',(0.,1.,0.));
#6967 = PCURVE('',#1508,#6968);
#6968 = DEFINITIONAL_REPRESENTATION('',(#6969),#6973);
#6969 = LINE('',#6970,#6971);
#6970 = CARTESIAN_POINT('',(0.,0.));
#6971 = VECTOR('',#6972,1.);
#6972 = DIRECTION('',(0.,-1.));
#6973 = ( GEOMETRIC_REPRESENTATION_CONTEXT(2) 
PARAMETRIC_REPRESENTATION_CONTEXT() REPRESENTATION_CONTEXT('2D SPACE',''
  ) );
#6974 = PCURVE('',#6845,#6975);
#6975 = DEFINITIONAL_REPRESENTATION('',(#6976),#6980);
#6976 = LINE('',#6977,#6978);
#6977 = CARTESIAN_POINT('',(0.,0.));
#6978 = VECTOR('',#6979,1.);
#6979 = DIRECTION('',(0.,1.));
#6980 = ( GEOMETRIC_REPRESENTATION_CONTEXT(2) 
PARAMETRIC_REPRESENTATION_CONTEXT() REPRESENTATION_CONTEXT('2D SPACE',''
  ) );
#6981 = ORIENTED_EDGE('',*,*,#6982,.F.);
#6982 = EDGE_CURVE('',#6983,#6960,#6985,.T.);
#6983 = VERTEX_POINT('',#6984);
#6984 = CARTESIAN_POINT('',(-89.5,-12.46410161513,36.408970259703));
#6985 = SURFACE_CURVE('',#6986,(#6991,#6998),.PCURVE_S1.);
#6986 = CIRCLE('',#6987,38.483333333333);
#6987 = AXIS2_PLACEMENT_3D('',#6988,#6989,#6990);
#6988 = CARTESIAN_POINT('',(-89.5,0.,1.454392162259E-14));
#6989 = DIRECTION('',(1.,0.,2.22044604925E-16));
#6990 = DIRECTION('',(2.22044604925E-16,0.,-1.));
#6991 = PCURVE('',#1508,#6992);
#6992 = DEFINITIONAL_REPRESENTATION('',(#6993),#6997);
#6993 = CIRCLE('',#6994,38.483333333333);
#6994 = AXIS2_PLACEMENT_2D('',#6995,#6996);
#6995 = CARTESIAN_POINT('',(-18.,-35.));
#6996 = DIRECTION('',(-1.,0.));
#6997 = ( GEOMETRIC_REPRESENTATION_CONTEXT(2) 
PARAMETRIC_REPRESENTATION_CONTEXT() REPRESENTATION_CONTEXT('2D SPACE',''
  ) );
#6998 = PCURVE('',#6874,#6999);
#6999 = DEFINITIONAL_REPRESENTATION('',(#7000),#7004);
#7000 = LINE('',#7001,#7002);
#7001 = CARTESIAN_POINT('',(-0.,-172.5));
#7002 = VECTOR('',#7003,1.);
#7003 = DIRECTION('',(-1.,-0.));
#7004 = ( GEOMETRIC_REPRESENTATION_CONTEXT(2) 
PARAMETRIC_REPRESENTATION_CONTEXT() REPRESENTATION_CONTEXT('2D SPACE',''
  ) );
#7005 = ORIENTED_EDGE('',*,*,#7006,.T.);
#7006 = EDGE_CURVE('',#6983,#1493,#7007,.T.);
#7007 = SURFACE_CURVE('',#7008,(#7012,#7018),.PCURVE_S1.);
#7008 = LINE('',#7009,#7010);
#7009 = CARTESIAN_POINT('',(-89.5,-12.46410161513,18.));
#7010 = VECTOR('',#7011,1.);
#7011 = DIRECTION('',(0.,0.,1.));
#7012 = PCURVE('',#1508,#7013);
#7013 = DEFINITIONAL_REPRESENTATION('',(#7014),#7017);
#7014 = B_SPLINE_CURVE_WITH_KNOTS('',1,(#7015,#7016),.UNSPECIFIED.,.F.,
  .F.,(2,2),(-2.399999999625E-06,27.5000024),.PIECEWISE_BEZIER_KNOTS.);
#7015 = CARTESIAN_POINT('',(-2.399999999625E-06,-22.53589838486));
#7016 = CARTESIAN_POINT('',(27.5000024,-22.53589838486));
#7017 = ( GEOMETRIC_REPRESENTATION_CONTEXT(2) 
PARAMETRIC_REPRESENTATION_CONTEXT() REPRESENTATION_CONTEXT('2D SPACE',''
  ) );
#7018 = PCURVE('',#1537,#7019);
#7019 = DEFINITIONAL_REPRESENTATION('',(#7020),#7023);
#7020 = B_SPLINE_CURVE_WITH_KNOTS('',1,(#7021,#7022),.UNSPECIFIED.,.F.,
  .F.,(2,2),(-2.399999999625E-06,27.5000024),.PIECEWISE_BEZIER_KNOTS.);
#7021 = CARTESIAN_POINT('',(4.188790204786,-2.399999999625E-06));
#7022 = CARTESIAN_POINT('',(4.188790204786,27.5000024));
#7023 = ( GEOMETRIC_REPRESENTATION_CONTEXT(2) 
PARAMETRIC_REPRESENTATION_CONTEXT() REPRESENTATION_CONTEXT('2D SPACE',''
  ) );
#7024 = ADVANCED_FACE('',(#7025),#1537,.T.);
#7025 = FACE_BOUND('',#7026,.T.);
#7026 = EDGE_LOOP('',(#7027,#7028,#7049,#7187));
#7027 = ORIENTED_EDGE('',*,*,#1520,.F.);
#7028 = ORIENTED_EDGE('',*,*,#7029,.F.);
#7029 = EDGE_CURVE('',#7030,#1521,#7032,.T.);
#7030 = VERTEX_POINT('',#7031);
#7031 = CARTESIAN_POINT('',(-89.5,-5.535898384862,38.083077259026));
#7032 = SURFACE_CURVE('',#7033,(#7037,#7043),.PCURVE_S1.);
#7033 = LINE('',#7034,#7035);
#7034 = CARTESIAN_POINT('',(-89.5,-5.535898384862,18.));
#7035 = VECTOR('',#7036,1.);
#7036 = DIRECTION('',(0.,0.,1.));
#7037 = PCURVE('',#1537,#7038);
#7038 = DEFINITIONAL_REPRESENTATION('',(#7039),#7042);
#7039 = B_SPLINE_CURVE_WITH_KNOTS('',1,(#7040,#7041),.UNSPECIFIED.,.F.,
  .F.,(2,2),(-2.399999999625E-06,27.5000024),.PIECEWISE_BEZIER_KNOTS.);
#7040 = CARTESIAN_POINT('',(2.094395102393,-2.399999999625E-06));
#7041 = CARTESIAN_POINT('',(2.094395102393,27.5000024));
#7042 = ( GEOMETRIC_REPRESENTATION_CONTEXT(2) 
PARAMETRIC_REPRESENTATION_CONTEXT() REPRESENTATION_CONTEXT('2D SPACE',''
  ) );
#7043 = PCURVE('',#1565,#7044);
#7044 = DEFINITIONAL_REPRESENTATION('',(#7045),#7048);
#7045 = B_SPLINE_CURVE_WITH_KNOTS('',1,(#7046,#7047),.UNSPECIFIED.,.F.,
  .F.,(2,2),(-2.399999999625E-06,27.5000024),.PIECEWISE_BEZIER_KNOTS.);
#7046 = CARTESIAN_POINT('',(-2.399999999625E-06,-29.46410161513));
#7047 = CARTESIAN_POINT('',(27.5000024,-29.46410161513));
#7048 = ( GEOMETRIC_REPRESENTATION_CONTEXT(2) 
PARAMETRIC_REPRESENTATION_CONTEXT() REPRESENTATION_CONTEXT('2D SPACE',''
  ) );
#7049 = ORIENTED_EDGE('',*,*,#7050,.T.);
#7050 = EDGE_CURVE('',#7030,#6983,#7051,.T.);
#7051 = SURFACE_CURVE('',#7052,(#7095,#7141),.PCURVE_S1.);
#7052 = B_SPLINE_CURVE_WITH_KNOTS('',6,(#7053,#7054,#7055,#7056,#7057,
    #7058,#7059,#7060,#7061,#7062,#7063,#7064,#7065,#7066,#7067,#7068,
    #7069,#7070,#7071,#7072,#7073,#7074,#7075,#7076,#7077,#7078,#7079,
    #7080,#7081,#7082,#7083,#7084,#7085,#7086,#7087,#7088,#7089,#7090,
    #7091,#7092,#7093,#7094),.UNSPECIFIED.,.F.,.F.,(7,5,5,5,5,5,5,5,7),(
    0.,0.230677982014,0.314022837312,0.361749990269,0.461331915498,
    0.562795649729,0.612468451844,0.703894193503,1.),.UNSPECIFIED.);
#7053 = CARTESIAN_POINT('',(-89.5,-5.535898384862,38.083077259026));
#7054 = CARTESIAN_POINT('',(-89.74818309354,-5.679186960728,
    38.070608013559));
#7055 = CARTESIAN_POINT('',(-89.98883228434,-5.846574488648,
    38.053732398732));
#7056 = CARTESIAN_POINT('',(-90.22010403542,-6.039058854696,
    38.031827063785));
#7057 = CARTESIAN_POINT('',(-90.43897123066,-6.257583647777,
    38.004093104486));
#7058 = CARTESIAN_POINT('',(-90.64144097701,-6.502505748912,
    37.969582830838));
#7059 = CARTESIAN_POINT('',(-90.8883332392,-6.870903481074,
    37.912153793813));
#7060 = CARTESIAN_POINT('',(-90.95108345587,-6.972001355368,
    37.895914650446));
#7061 = CARTESIAN_POINT('',(-91.01082188098,-7.076358608395,
    37.878641535997));
#7062 = CARTESIAN_POINT('',(-91.06729656596,-7.18387551865,
    37.860301874521));
#7063 = CARTESIAN_POINT('',(-91.12024952164,-7.294404307336,
    37.840872488974));
#7064 = CARTESIAN_POINT('',(-91.19759041926,-7.472639438273,
    37.808589212144));
#7065 = CARTESIAN_POINT('',(-91.22451507975,-7.538459945514,
    37.79647376556));
#7066 = CARTESIAN_POINT('',(-91.25015416188,-7.605161284708,
    37.78399642189));
#7067 = CARTESIAN_POINT('',(-91.27446158806,-7.672698091585,
    37.771157316674));
#7068 = CARTESIAN_POINT('',(-91.29739335838,-7.741018687122,
    37.757958457096));
#7069 = CARTESIAN_POINT('',(-91.36379656142,-7.954129243589,
    37.716121988525));
#7070 = CARTESIAN_POINT('',(-91.40252109884,-8.10137270188,
    37.686287366197));
#7071 = CARTESIAN_POINT('',(-91.43469323901,-8.251231011647,
    37.654943538213));
#7072 = CARTESIAN_POINT('',(-91.46001093874,-8.403069292362,
    37.622166755409));
#7073 = CARTESIAN_POINT('',(-91.47828355829,-8.556179270579,
    37.58807416556));
#7074 = CARTESIAN_POINT('',(-91.50084236273,-8.866275921,37.516924148026
    ));
#7075 = CARTESIAN_POINT('',(-91.50486021593,-9.023316519666,
    37.479814784018));
#7076 = CARTESIAN_POINT('',(-91.50145184894,-9.180068565954,
    37.441678906291));
#7077 = CARTESIAN_POINT('',(-91.49071579259,-9.335771699486,
    37.40270998743));
#7078 = CARTESIAN_POINT('',(-91.47287655684,-9.48973304168,
    37.363114706002));
#7079 = CARTESIAN_POINT('',(-91.43619821547,-9.71553939902,
    37.303521539906));
#7080 = CARTESIAN_POINT('',(-91.42251666445,-9.789190873982,
    37.283835417592));
#7081 = CARTESIAN_POINT('',(-91.40724484046,-9.8622106472,
    37.264073118559));
#7082 = CARTESIAN_POINT('',(-91.39042360897,-9.934536927253,
    37.24425794167));
#7083 = CARTESIAN_POINT('',(-91.37209690431,-10.00611480303,
    37.224412385695));
#7084 = CARTESIAN_POINT('',(-91.31589228435,-10.20717202065,
    37.168014825039));
#7085 = CARTESIAN_POINT('',(-91.27452915075,-10.33474707766,
    37.131442053406));
#7086 = CARTESIAN_POINT('',(-91.22850596531,-10.45932304829,
    37.09497281757));
#7087 = CARTESIAN_POINT('',(-91.1781235649,-10.58067876598,
    37.058727437228));
#7088 = CARTESIAN_POINT('',(-91.12368109523,-10.69865640157,
    37.02281233711));
#7089 = CARTESIAN_POINT('',(-90.87688923717,-11.18395931887,
    36.872364537781));
#7090 = CARTESIAN_POINT('',(-90.64904062648,-11.51747655984,
    36.762060215703));
#7091 = CARTESIAN_POINT('',(-90.39094922615,-11.81185540403,
    36.659008051116));
#7092 = CARTESIAN_POINT('',(-90.11000833695,-12.06696980135,
    36.565175675229));
#7093 = CARTESIAN_POINT('',(-89.81194053494,-12.28400266331,
    36.48161505036));
#7094 = CARTESIAN_POINT('',(-89.5,-12.46410161513,36.408970259703));
#7095 = PCURVE('',#1537,#7096);
#7096 = DEFINITIONAL_REPRESENTATION('',(#7097),#7140);
#7097 = B_SPLINE_CURVE_WITH_KNOTS('',6,(#7098,#7099,#7100,#7101,#7102,
    #7103,#7104,#7105,#7106,#7107,#7108,#7109,#7110,#7111,#7112,#7113,
    #7114,#7115,#7116,#7117,#7118,#7119,#7120,#7121,#7122,#7123,#7124,
    #7125,#7126,#7127,#7128,#7129,#7130,#7131,#7132,#7133,#7134,#7135,
    #7136,#7137,#7138,#7139),.UNSPECIFIED.,.F.,.F.,(7,5,5,5,5,5,5,5,7),(
    0.,0.230677982014,0.314022837312,0.361749990269,0.461331915498,
    0.562795649729,0.612468451844,0.703894193503,1.),.UNSPECIFIED.);
#7098 = CARTESIAN_POINT('',(2.094395102393,20.083077259026));
#7099 = CARTESIAN_POINT('',(2.166039390326,20.070608013559));
#7100 = CARTESIAN_POINT('',(2.239064952914,20.053732398732));
#7101 = CARTESIAN_POINT('',(2.313858986978,20.031827063785));
#7102 = CARTESIAN_POINT('',(2.39067506719,20.004093104486));
#7103 = CARTESIAN_POINT('',(2.469719082634,19.969582830838));
#7104 = CARTESIAN_POINT('',(2.580588566204,19.912153793813));
#7105 = CARTESIAN_POINT('',(2.610317680142,19.895914650446));
#7106 = CARTESIAN_POINT('',(2.640350257895,19.878641535997));
#7107 = CARTESIAN_POINT('',(2.670681376584,19.860301874521));
#7108 = CARTESIAN_POINT('',(2.70129962417,19.840872488974));
#7109 = CARTESIAN_POINT('',(2.749872621005,19.808589212144));
#7110 = CARTESIAN_POINT('',(2.76764726906,19.79647376556));
#7111 = CARTESIAN_POINT('',(2.78550599177,19.78399642189));
#7112 = CARTESIAN_POINT('',(2.803444218995,19.771157316674));
#7113 = CARTESIAN_POINT('',(2.82145653461,19.757958457096));
#7114 = CARTESIAN_POINT('',(2.877260597327,19.716121988525));
#7115 = CARTESIAN_POINT('',(2.915284973306,19.686287366197));
#7116 = CARTESIAN_POINT('',(2.953542520677,19.654943538213));
#7117 = CARTESIAN_POINT('',(2.991964193926,19.622166755409));
#7118 = CARTESIAN_POINT('',(3.030472185233,19.58807416556));
#7119 = CARTESIAN_POINT('',(3.108201214663,19.516924148026));
#7120 = CARTESIAN_POINT('',(3.147430688264,19.479814784018));
#7121 = CARTESIAN_POINT('',(3.186562485442,19.441678906291));
#7122 = CARTESIAN_POINT('',(3.225516661186,19.40270998743));
#7123 = CARTESIAN_POINT('',(3.264224196593,19.363114706002));
#7124 = CARTESIAN_POINT('',(3.321415657789,19.303521539906));
#7125 = CARTESIAN_POINT('',(3.340138717553,19.283835417592));
#7126 = CARTESIAN_POINT('',(3.358781598094,19.264073118559));
#7127 = CARTESIAN_POINT('',(3.377338882841,19.24425794167));
#7128 = CARTESIAN_POINT('',(3.395806143808,19.224412385695));
#7129 = CARTESIAN_POINT('',(3.447997476939,19.168014825039));
#7130 = CARTESIAN_POINT('',(3.481497592154,19.131442053406));
#7131 = CARTESIAN_POINT('',(3.51465904582,19.09497281757));
#7132 = CARTESIAN_POINT('',(3.547470993375,19.058727437228));
#7133 = CARTESIAN_POINT('',(3.579930827751,19.02281233711));
#7134 = CARTESIAN_POINT('',(3.716043176279,18.872364537781));
#7135 = CARTESIAN_POINT('',(3.816185756553,18.762060215703));
#7136 = CARTESIAN_POINT('',(3.913052580989,18.659008051116));
#7137 = CARTESIAN_POINT('',(4.007077082839,18.565175675229));
#7138 = CARTESIAN_POINT('',(4.098740728875,18.48161505036));
#7139 = CARTESIAN_POINT('',(4.188790204786,18.408970259703));
#7140 = ( GEOMETRIC_REPRESENTATION_CONTEXT(2) 
PARAMETRIC_REPRESENTATION_CONTEXT() REPRESENTATION_CONTEXT('2D SPACE',''
  ) );
#7141 = PCURVE('',#6874,#7142);
#7142 = DEFINITIONAL_REPRESENTATION('',(#7143),#7186);
#7143 = B_SPLINE_CURVE_WITH_KNOTS('',6,(#7144,#7145,#7146,#7147,#7148,
    #7149,#7150,#7151,#7152,#7153,#7154,#7155,#7156,#7157,#7158,#7159,
    #7160,#7161,#7162,#7163,#7164,#7165,#7166,#7167,#7168,#7169,#7170,
    #7171,#7172,#7173,#7174,#7175,#7176,#7177,#7178,#7179,#7180,#7181,
    #7182,#7183,#7184,#7185),.UNSPECIFIED.,.F.,.F.,(7,5,5,5,5,5,5,5,7),(
    0.,0.230677982014,0.314022837312,0.361749990269,0.461331915498,
    0.562795649729,0.612468451844,0.703894193503,1.),.UNSPECIFIED.);
#7144 = CARTESIAN_POINT('',(-3.285945302712,-172.5));
#7145 = CARTESIAN_POINT('',(-3.289676580038,-172.2518169064));
#7146 = CARTESIAN_POINT('',(-3.294042107391,-172.0111677156));
#7147 = CARTESIAN_POINT('',(-3.299069470248,-171.7798959645));
#7148 = CARTESIAN_POINT('',(-3.304785713841,-171.5610287693));
#7149 = CARTESIAN_POINT('',(-3.311203937782,-171.3585590229));
#7150 = CARTESIAN_POINT('',(-3.320879027048,-171.1116667607));
#7151 = CARTESIAN_POINT('',(-3.32353595894,-171.0489165441));
#7152 = CARTESIAN_POINT('',(-3.326280576041,-170.989178119));
#7153 = CARTESIAN_POINT('',(-3.329110533735,-170.932703434));
#7154 = CARTESIAN_POINT('',(-3.332022238015,-170.8797504783));
#7155 = CARTESIAN_POINT('',(-3.336721814377,-170.8024095807));
#7156 = CARTESIAN_POINT('',(-3.338458187643,-170.7754849202));
#7157 = CARTESIAN_POINT('',(-3.340218709827,-170.7498458381));
#7158 = CARTESIAN_POINT('',(-3.342002242068,-170.7255384119));
#7159 = CARTESIAN_POINT('',(-3.343807477747,-170.7026066416));
#7160 = CARTESIAN_POINT('',(-3.349441744864,-170.6362034385));
#7161 = CARTESIAN_POINT('',(-3.353339130109,-170.5974789011));
#7162 = CARTESIAN_POINT('',(-3.357310701866,-170.5653067609));
#7163 = CARTESIAN_POINT('',(-3.361340153156,-170.5399890612));
#7164 = CARTESIAN_POINT('',(-3.365409120619,-170.5217164417));
#7165 = CARTESIAN_POINT('',(-3.373662206669,-170.4991576372));
#7166 = CARTESIAN_POINT('',(-3.377847988111,-170.495139784));
#7167 = CARTESIAN_POINT('',(-3.382032645362,-170.498548151));
#7168 = CARTESIAN_POINT('',(-3.386196088377,-170.5092842074));
#7169 = CARTESIAN_POINT('',(-3.39031983267,-170.5271234431));
#7170 = CARTESIAN_POINT('',(-3.39637806737,-170.5638017845));
#7171 = CARTESIAN_POINT('',(-3.3983557501,-170.5774833355));
#7172 = CARTESIAN_POINT('',(-3.400318136646,-170.5927551595));
#7173 = CARTESIAN_POINT('',(-3.402263548042,-170.609576391));
#7174 = CARTESIAN_POINT('',(-3.404190480957,-170.6279030956));
#7175 = CARTESIAN_POINT('',(-3.409607747469,-170.6841077156));
#7176 = CARTESIAN_POINT('',(-3.413050722838,-170.7254708492));
#7177 = CARTESIAN_POINT('',(-3.416418296519,-170.7714940346));
#7178 = CARTESIAN_POINT('',(-3.419704220171,-170.821876435));
#7179 = CARTESIAN_POINT('',(-3.422903896082,-170.8763189047));
#7180 = CARTESIAN_POINT('',(-3.436087097111,-171.1231107628));
#7181 = CARTESIAN_POINT('',(-3.445201321749,-171.3509593735));
#7182 = CARTESIAN_POINT('',(-3.453294541816,-171.6090507738));
#7183 = CARTESIAN_POINT('',(-3.460348909675,-171.889991663));
#7184 = CARTESIAN_POINT('',(-3.466384565258,-172.188059465));
#7185 = CARTESIAN_POINT('',(-3.471423617251,-172.5));
#7186 = ( GEOMETRIC_REPRESENTATION_CONTEXT(2) 
PARAMETRIC_REPRESENTATION_CONTEXT() REPRESENTATION_CONTEXT('2D SPACE',''
  ) );
#7187 = ORIENTED_EDGE('',*,*,#7006,.T.);
#7188 = ADVANCED_FACE('',(#7189),#1565,.F.);
#7189 = FACE_BOUND('',#7190,.F.);
#7190 = EDGE_LOOP('',(#7191,#7192,#7193,#7217));
#7191 = ORIENTED_EDGE('',*,*,#1549,.F.);
#7192 = ORIENTED_EDGE('',*,*,#7029,.F.);
#7193 = ORIENTED_EDGE('',*,*,#7194,.F.);
#7194 = EDGE_CURVE('',#7195,#7030,#7197,.T.);
#7195 = VERTEX_POINT('',#7196);
#7196 = CARTESIAN_POINT('',(-89.5,5.535898384862,38.083077259026));
#7197 = SURFACE_CURVE('',#7198,(#7203,#7210),.PCURVE_S1.);
#7198 = CIRCLE('',#7199,38.483333333333);
#7199 = AXIS2_PLACEMENT_3D('',#7200,#7201,#7202);
#7200 = CARTESIAN_POINT('',(-89.5,0.,1.454392162259E-14));
#7201 = DIRECTION('',(1.,0.,2.22044604925E-16));
#7202 = DIRECTION('',(2.22044604925E-16,0.,-1.));
#7203 = PCURVE('',#1565,#7204);
#7204 = DEFINITIONAL_REPRESENTATION('',(#7205),#7209);
#7205 = CIRCLE('',#7206,38.483333333333);
#7206 = AXIS2_PLACEMENT_2D('',#7207,#7208);
#7207 = CARTESIAN_POINT('',(-18.,-35.));
#7208 = DIRECTION('',(-1.,0.));
#7209 = ( GEOMETRIC_REPRESENTATION_CONTEXT(2) 
PARAMETRIC_REPRESENTATION_CONTEXT() REPRESENTATION_CONTEXT('2D SPACE',''
  ) );
#7210 = PCURVE('',#6874,#7211);
#7211 = DEFINITIONAL_REPRESENTATION('',(#7212),#7216);
#7212 = LINE('',#7213,#7214);
#7213 = CARTESIAN_POINT('',(-0.,-172.5));
#7214 = VECTOR('',#7215,1.);
#7215 = DIRECTION('',(-1.,-0.));
#7216 = ( GEOMETRIC_REPRESENTATION_CONTEXT(2) 
PARAMETRIC_REPRESENTATION_CONTEXT() REPRESENTATION_CONTEXT('2D SPACE',''
  ) );
#7217 = ORIENTED_EDGE('',*,*,#7218,.T.);
#7218 = EDGE_CURVE('',#7195,#1550,#7219,.T.);
#7219 = SURFACE_CURVE('',#7220,(#7224,#7230),.PCURVE_S1.);
#7220 = LINE('',#7221,#7222);
#7221 = CARTESIAN_POINT('',(-89.5,5.535898384862,18.));
#7222 = VECTOR('',#7223,1.);
#7223 = DIRECTION('',(0.,0.,1.));
#7224 = PCURVE('',#1565,#7225);
#7225 = DEFINITIONAL_REPRESENTATION('',(#7226),#7229);
#7226 = B_SPLINE_CURVE_WITH_KNOTS('',1,(#7227,#7228),.UNSPECIFIED.,.F.,
  .F.,(2,2),(-2.399999999625E-06,27.5000024),.PIECEWISE_BEZIER_KNOTS.);
#7227 = CARTESIAN_POINT('',(-2.399999999625E-06,-40.53589838486));
#7228 = CARTESIAN_POINT('',(27.5000024,-40.53589838486));
#7229 = ( GEOMETRIC_REPRESENTATION_CONTEXT(2) 
PARAMETRIC_REPRESENTATION_CONTEXT() REPRESENTATION_CONTEXT('2D SPACE',''
  ) );
#7230 = PCURVE('',#1594,#7231);
#7231 = DEFINITIONAL_REPRESENTATION('',(#7232),#7235);
#7232 = B_SPLINE_CURVE_WITH_KNOTS('',1,(#7233,#7234),.UNSPECIFIED.,.F.,
  .F.,(2,2),(-2.399999999625E-06,27.5000024),.PIECEWISE_BEZIER_KNOTS.);
#7233 = CARTESIAN_POINT('',(4.188790204786,-2.399999999625E-06));
#7234 = CARTESIAN_POINT('',(4.188790204786,27.5000024));
#7235 = ( GEOMETRIC_REPRESENTATION_CONTEXT(2) 
PARAMETRIC_REPRESENTATION_CONTEXT() REPRESENTATION_CONTEXT('2D SPACE',''
  ) );
#7236 = ADVANCED_FACE('',(#7237),#1594,.T.);
#7237 = FACE_BOUND('',#7238,.T.);
#7238 = EDGE_LOOP('',(#7239,#7240,#7261,#7399));
#7239 = ORIENTED_EDGE('',*,*,#1577,.F.);
#7240 = ORIENTED_EDGE('',*,*,#7241,.F.);
#7241 = EDGE_CURVE('',#7242,#1578,#7244,.T.);
#7242 = VERTEX_POINT('',#7243);
#7243 = CARTESIAN_POINT('',(-89.5,12.464101615138,36.408970259703));
#7244 = SURFACE_CURVE('',#7245,(#7249,#7255),.PCURVE_S1.);
#7245 = LINE('',#7246,#7247);
#7246 = CARTESIAN_POINT('',(-89.5,12.464101615138,18.));
#7247 = VECTOR('',#7248,1.);
#7248 = DIRECTION('',(0.,0.,1.));
#7249 = PCURVE('',#1594,#7250);
#7250 = DEFINITIONAL_REPRESENTATION('',(#7251),#7254);
#7251 = B_SPLINE_CURVE_WITH_KNOTS('',1,(#7252,#7253),.UNSPECIFIED.,.F.,
  .F.,(2,2),(-2.399999999625E-06,27.5000024),.PIECEWISE_BEZIER_KNOTS.);
#7252 = CARTESIAN_POINT('',(2.094395102393,-2.399999999625E-06));
#7253 = CARTESIAN_POINT('',(2.094395102393,27.5000024));
#7254 = ( GEOMETRIC_REPRESENTATION_CONTEXT(2) 
PARAMETRIC_REPRESENTATION_CONTEXT() REPRESENTATION_CONTEXT('2D SPACE',''
  ) );
#7255 = PCURVE('',#1622,#7256);
#7256 = DEFINITIONAL_REPRESENTATION('',(#7257),#7260);
#7257 = B_SPLINE_CURVE_WITH_KNOTS('',1,(#7258,#7259),.UNSPECIFIED.,.F.,
  .F.,(2,2),(-2.399999999625E-06,27.5000024),.PIECEWISE_BEZIER_KNOTS.);
#7258 = CARTESIAN_POINT('',(-2.399999999625E-06,-47.46410161513));
#7259 = CARTESIAN_POINT('',(27.5000024,-47.46410161513));
#7260 = ( GEOMETRIC_REPRESENTATION_CONTEXT(2) 
PARAMETRIC_REPRESENTATION_CONTEXT() REPRESENTATION_CONTEXT('2D SPACE',''
  ) );
#7261 = ORIENTED_EDGE('',*,*,#7262,.T.);
#7262 = EDGE_CURVE('',#7242,#7195,#7263,.T.);
#7263 = SURFACE_CURVE('',#7264,(#7307,#7353),.PCURVE_S1.);
#7264 = B_SPLINE_CURVE_WITH_KNOTS('',6,(#7265,#7266,#7267,#7268,#7269,
    #7270,#7271,#7272,#7273,#7274,#7275,#7276,#7277,#7278,#7279,#7280,
    #7281,#7282,#7283,#7284,#7285,#7286,#7287,#7288,#7289,#7290,#7291,
    #7292,#7293,#7294,#7295,#7296,#7297,#7298,#7299,#7300,#7301,#7302,
    #7303,#7304,#7305,#7306),.UNSPECIFIED.,.F.,.F.,(7,5,5,5,5,5,5,5,7),(
    0.,0.296105806497,0.387531548156,0.437204350271,0.538668084502,
    0.638250009731,0.685977162688,0.769322017986,1.),.UNSPECIFIED.);
#7265 = CARTESIAN_POINT('',(-89.5,12.464101615138,36.408970259703));
#7266 = CARTESIAN_POINT('',(-89.81194053494,12.284002663314,
    36.48161505036));
#7267 = CARTESIAN_POINT('',(-90.11000833695,12.066969801354,
    36.565175675229));
#7268 = CARTESIAN_POINT('',(-90.39094922615,11.811855404033,
    36.659008051117));
#7269 = CARTESIAN_POINT('',(-90.64904062648,11.517476559846,
    36.762060215703));
#7270 = CARTESIAN_POINT('',(-90.87688923717,11.183959318877,
    36.872364537781));
#7271 = CARTESIAN_POINT('',(-91.12368109523,10.698656401574,
    37.02281233711));
#7272 = CARTESIAN_POINT('',(-91.1781235649,10.580678765985,
    37.058727437228));
#7273 = CARTESIAN_POINT('',(-91.22850596531,10.45932304829,
    37.09497281757));
#7274 = CARTESIAN_POINT('',(-91.27452915075,10.334747077662,
    37.131442053406));
#7275 = CARTESIAN_POINT('',(-91.31589228435,10.207172020657,
    37.168014825039));
#7276 = CARTESIAN_POINT('',(-91.37209690431,10.006114803037,
    37.224412385695));
#7277 = CARTESIAN_POINT('',(-91.39042360897,9.934536927252,
    37.24425794167));
#7278 = CARTESIAN_POINT('',(-91.40724484046,9.8622106472,37.264073118559
    ));
#7279 = CARTESIAN_POINT('',(-91.42251666445,9.789190873982,
    37.283835417592));
#7280 = CARTESIAN_POINT('',(-91.43619821547,9.71553939902,
    37.303521539906));
#7281 = CARTESIAN_POINT('',(-91.47287655684,9.48973304168,
    37.363114706002));
#7282 = CARTESIAN_POINT('',(-91.49071579259,9.335771699486,
    37.40270998743));
#7283 = CARTESIAN_POINT('',(-91.50145184894,9.180068565954,
    37.441678906292));
#7284 = CARTESIAN_POINT('',(-91.50486021593,9.023316519666,
    37.479814784018));
#7285 = CARTESIAN_POINT('',(-91.50084236273,8.866275921,37.516924148026)
  );
#7286 = CARTESIAN_POINT('',(-91.47828355829,8.556179270579,
    37.58807416556));
#7287 = CARTESIAN_POINT('',(-91.46001093874,8.403069292361,
    37.622166755409));
#7288 = CARTESIAN_POINT('',(-91.43469323901,8.251231011647,
    37.654943538213));
#7289 = CARTESIAN_POINT('',(-91.40252109884,8.101372701879,
    37.686287366197));
#7290 = CARTESIAN_POINT('',(-91.36379656142,7.954129243589,
    37.716121988525));
#7291 = CARTESIAN_POINT('',(-91.29739335838,7.741018687122,
    37.757958457096));
#7292 = CARTESIAN_POINT('',(-91.27446158806,7.672698091585,
    37.771157316674));
#7293 = CARTESIAN_POINT('',(-91.25015416188,7.605161284708,
    37.78399642189));
#7294 = CARTESIAN_POINT('',(-91.22451507975,7.538459945513,
    37.796473765561));
#7295 = CARTESIAN_POINT('',(-91.19759041926,7.472639438273,
    37.808589212144));
#7296 = CARTESIAN_POINT('',(-91.12024952164,7.294404307336,
    37.840872488974));
#7297 = CARTESIAN_POINT('',(-91.06729656596,7.18387551865,
    37.860301874521));
#7298 = CARTESIAN_POINT('',(-91.01082188098,7.076358608394,
    37.878641535997));
#7299 = CARTESIAN_POINT('',(-90.95108345587,6.972001355368,
    37.895914650446));
#7300 = CARTESIAN_POINT('',(-90.8883332392,6.870903481074,
    37.912153793813));
#7301 = CARTESIAN_POINT('',(-90.64144097701,6.502505748912,
    37.969582830838));
#7302 = CARTESIAN_POINT('',(-90.43897123066,6.257583647777,
    38.004093104486));
#7303 = CARTESIAN_POINT('',(-90.22010403542,6.039058854696,
    38.031827063786));
#7304 = CARTESIAN_POINT('',(-89.98883228434,5.846574488648,
    38.053732398732));
#7305 = CARTESIAN_POINT('',(-89.74818309354,5.679186960728,
    38.070608013559));
#7306 = CARTESIAN_POINT('',(-89.5,5.535898384862,38.083077259026));
#7307 = PCURVE('',#1594,#7308);
#7308 = DEFINITIONAL_REPRESENTATION('',(#7309),#7352);
#7309 = B_SPLINE_CURVE_WITH_KNOTS('',6,(#7310,#7311,#7312,#7313,#7314,
    #7315,#7316,#7317,#7318,#7319,#7320,#7321,#7322,#7323,#7324,#7325,
    #7326,#7327,#7328,#7329,#7330,#7331,#7332,#7333,#7334,#7335,#7336,
    #7337,#7338,#7339,#7340,#7341,#7342,#7343,#7344,#7345,#7346,#7347,
    #7348,#7349,#7350,#7351),.UNSPECIFIED.,.F.,.F.,(7,5,5,5,5,5,5,5,7),(
    0.,0.296105806497,0.387531548156,0.437204350271,0.538668084502,
    0.638250009731,0.685977162688,0.769322017986,1.),.UNSPECIFIED.);
#7310 = CARTESIAN_POINT('',(2.094395102393,18.408970259703));
#7311 = CARTESIAN_POINT('',(2.184444578305,18.48161505036));
#7312 = CARTESIAN_POINT('',(2.27610822434,18.565175675229));
#7313 = CARTESIAN_POINT('',(2.370132726191,18.659008051117));
#7314 = CARTESIAN_POINT('',(2.466999550627,18.762060215703));
#7315 = CARTESIAN_POINT('',(2.5671421309,18.872364537781));
#7316 = CARTESIAN_POINT('',(2.703254479428,19.02281233711));
#7317 = CARTESIAN_POINT('',(2.735714313805,19.058727437228));
#7318 = CARTESIAN_POINT('',(2.76852626136,19.09497281757));
#7319 = CARTESIAN_POINT('',(2.801687715026,19.131442053406));
#7320 = CARTESIAN_POINT('',(2.835187830241,19.168014825039));
#7321 = CARTESIAN_POINT('',(2.887379163371,19.224412385695));
#7322 = CARTESIAN_POINT('',(2.905846424339,19.24425794167));
#7323 = CARTESIAN_POINT('',(2.924403709085,19.264073118559));
#7324 = CARTESIAN_POINT('',(2.943046589627,19.283835417592));
#7325 = CARTESIAN_POINT('',(2.961769649391,19.303521539906));
#7326 = CARTESIAN_POINT('',(3.018961110587,19.363114706002));
#7327 = CARTESIAN_POINT('',(3.057668645994,19.40270998743));
#7328 = CARTESIAN_POINT('',(3.096622821738,19.441678906292));
#7329 = CARTESIAN_POINT('',(3.135754618916,19.479814784018));
#7330 = CARTESIAN_POINT('',(3.174984092517,19.516924148026));
#7331 = CARTESIAN_POINT('',(3.252713121947,19.58807416556));
#7332 = CARTESIAN_POINT('',(3.291221113254,19.622166755409));
#7333 = CARTESIAN_POINT('',(3.329642786503,19.654943538213));
#7334 = CARTESIAN_POINT('',(3.367900333874,19.686287366197));
#7335 = CARTESIAN_POINT('',(3.405924709853,19.716121988525));
#7336 = CARTESIAN_POINT('',(3.46172877257,19.757958457096));
#7337 = CARTESIAN_POINT('',(3.479741088185,19.771157316674));
#7338 = CARTESIAN_POINT('',(3.497679315409,19.78399642189));
#7339 = CARTESIAN_POINT('',(3.51553803812,19.796473765561));
#7340 = CARTESIAN_POINT('',(3.533312686175,19.808589212144));
#7341 = CARTESIAN_POINT('',(3.58188568301,19.840872488974));
#7342 = CARTESIAN_POINT('',(3.612503930596,19.860301874521));
#7343 = CARTESIAN_POINT('',(3.642835049285,19.878641535997));
#7344 = CARTESIAN_POINT('',(3.672867627038,19.895914650446));
#7345 = CARTESIAN_POINT('',(3.702596740976,19.912153793813));
#7346 = CARTESIAN_POINT('',(3.813466224546,19.969582830838));
#7347 = CARTESIAN_POINT('',(3.89251023999,20.004093104486));
#7348 = CARTESIAN_POINT('',(3.969326320201,20.031827063786));
#7349 = CARTESIAN_POINT('',(4.044120354265,20.053732398732));
#7350 = CARTESIAN_POINT('',(4.117145916854,20.070608013559));
#7351 = CARTESIAN_POINT('',(4.188790204786,20.083077259026));
#7352 = ( GEOMETRIC_REPRESENTATION_CONTEXT(2) 
PARAMETRIC_REPRESENTATION_CONTEXT() REPRESENTATION_CONTEXT('2D SPACE',''
  ) );
#7353 = PCURVE('',#6874,#7354);
#7354 = DEFINITIONAL_REPRESENTATION('',(#7355),#7398);
#7355 = B_SPLINE_CURVE_WITH_KNOTS('',6,(#7356,#7357,#7358,#7359,#7360,
    #7361,#7362,#7363,#7364,#7365,#7366,#7367,#7368,#7369,#7370,#7371,
    #7372,#7373,#7374,#7375,#7376,#7377,#7378,#7379,#7380,#7381,#7382,
    #7383,#7384,#7385,#7386,#7387,#7388,#7389,#7390,#7391,#7392,#7393,
    #7394,#7395,#7396,#7397),.UNSPECIFIED.,.F.,.F.,(7,5,5,5,5,5,5,5,7),(
    0.,0.296105806497,0.387531548156,0.437204350271,0.538668084502,
    0.638250009731,0.685977162688,0.769322017986,1.),.UNSPECIFIED.);
#7356 = CARTESIAN_POINT('',(-2.811761689928,-172.5));
#7357 = CARTESIAN_POINT('',(-2.816800741922,-172.188059465));
#7358 = CARTESIAN_POINT('',(-2.822836397505,-171.889991663));
#7359 = CARTESIAN_POINT('',(-2.829890765364,-171.6090507738));
#7360 = CARTESIAN_POINT('',(-2.837983985431,-171.3509593735));
#7361 = CARTESIAN_POINT('',(-2.847098210069,-171.1231107628));
#7362 = CARTESIAN_POINT('',(-2.860281411098,-170.8763189047));
#7363 = CARTESIAN_POINT('',(-2.863481087008,-170.821876435));
#7364 = CARTESIAN_POINT('',(-2.86676701066,-170.7714940346));
#7365 = CARTESIAN_POINT('',(-2.870134584342,-170.7254708492));
#7366 = CARTESIAN_POINT('',(-2.873577559711,-170.6841077156));
#7367 = CARTESIAN_POINT('',(-2.878994826223,-170.6279030956));
#7368 = CARTESIAN_POINT('',(-2.880921759137,-170.609576391));
#7369 = CARTESIAN_POINT('',(-2.882867170534,-170.5927551595));
#7370 = CARTESIAN_POINT('',(-2.88482955708,-170.5774833355));
#7371 = CARTESIAN_POINT('',(-2.886807239809,-170.5638017845));
#7372 = CARTESIAN_POINT('',(-2.89286547451,-170.5271234431));
#7373 = CARTESIAN_POINT('',(-2.896989218803,-170.5092842074));
#7374 = CARTESIAN_POINT('',(-2.901152661817,-170.498548151));
#7375 = CARTESIAN_POINT('',(-2.905337319069,-170.495139784));
#7376 = CARTESIAN_POINT('',(-2.909523100511,-170.4991576372));
#7377 = CARTESIAN_POINT('',(-2.917776186561,-170.5217164417));
#7378 = CARTESIAN_POINT('',(-2.921845154024,-170.5399890612));
#7379 = CARTESIAN_POINT('',(-2.925874605314,-170.5653067609));
#7380 = CARTESIAN_POINT('',(-2.929846177071,-170.5974789011));
#7381 = CARTESIAN_POINT('',(-2.933743562315,-170.6362034385));
#7382 = CARTESIAN_POINT('',(-2.939377829432,-170.7026066416));
#7383 = CARTESIAN_POINT('',(-2.941183065112,-170.7255384119));
#7384 = CARTESIAN_POINT('',(-2.942966597353,-170.7498458381));
#7385 = CARTESIAN_POINT('',(-2.944727119536,-170.7754849202));
#7386 = CARTESIAN_POINT('',(-2.946463492803,-170.8024095807));
#7387 = CARTESIAN_POINT('',(-2.951163069165,-170.8797504783));
#7388 = CARTESIAN_POINT('',(-2.954074773444,-170.932703434));
#7389 = CARTESIAN_POINT('',(-2.956904731139,-170.989178119));
#7390 = CARTESIAN_POINT('',(-2.95964934824,-171.0489165441));
#7391 = CARTESIAN_POINT('',(-2.962306280131,-171.1116667607));
#7392 = CARTESIAN_POINT('',(-2.971981369397,-171.3585590229));
#7393 = CARTESIAN_POINT('',(-2.978399593338,-171.5610287693));
#7394 = CARTESIAN_POINT('',(-2.984115836932,-171.7798959645));
#7395 = CARTESIAN_POINT('',(-2.989143199789,-172.0111677156));
#7396 = CARTESIAN_POINT('',(-2.993508727141,-172.2518169064));
#7397 = CARTESIAN_POINT('',(-2.997240004468,-172.5));
#7398 = ( GEOMETRIC_REPRESENTATION_CONTEXT(2) 
PARAMETRIC_REPRESENTATION_CONTEXT() REPRESENTATION_CONTEXT('2D SPACE',''
  ) );
#7399 = ORIENTED_EDGE('',*,*,#7218,.T.);
#7400 = ADVANCED_FACE('',(#7401),#1622,.F.);
#7401 = FACE_BOUND('',#7402,.F.);
#7402 = EDGE_LOOP('',(#7403,#7404,#7405,#7429,#7457));
#7403 = ORIENTED_EDGE('',*,*,#1606,.F.);
#7404 = ORIENTED_EDGE('',*,*,#7241,.F.);
#7405 = ORIENTED_EDGE('',*,*,#7406,.F.);
#7406 = EDGE_CURVE('',#7407,#7242,#7409,.T.);
#7407 = VERTEX_POINT('',#7408);
#7408 = CARTESIAN_POINT('',(-89.5,34.014216798927,18.));
#7409 = SURFACE_CURVE('',#7410,(#7415,#7422),.PCURVE_S1.);
#7410 = CIRCLE('',#7411,38.483333333333);
#7411 = AXIS2_PLACEMENT_3D('',#7412,#7413,#7414);
#7412 = CARTESIAN_POINT('',(-89.5,0.,1.454392162259E-14));
#7413 = DIRECTION('',(1.,0.,2.22044604925E-16));
#7414 = DIRECTION('',(2.22044604925E-16,0.,-1.));
#7415 = PCURVE('',#1622,#7416);
#7416 = DEFINITIONAL_REPRESENTATION('',(#7417),#7421);
#7417 = CIRCLE('',#7418,38.483333333333);
#7418 = AXIS2_PLACEMENT_2D('',#7419,#7420);
#7419 = CARTESIAN_POINT('',(-18.,-35.));
#7420 = DIRECTION('',(-1.,0.));
#7421 = ( GEOMETRIC_REPRESENTATION_CONTEXT(2) 
PARAMETRIC_REPRESENTATION_CONTEXT() REPRESENTATION_CONTEXT('2D SPACE',''
  ) );
#7422 = PCURVE('',#6874,#7423);
#7423 = DEFINITIONAL_REPRESENTATION('',(#7424),#7428);
#7424 = LINE('',#7425,#7426);
#7425 = CARTESIAN_POINT('',(-0.,-172.5));
#7426 = VECTOR('',#7427,1.);
#7427 = DIRECTION('',(-1.,-0.));
#7428 = ( GEOMETRIC_REPRESENTATION_CONTEXT(2) 
PARAMETRIC_REPRESENTATION_CONTEXT() REPRESENTATION_CONTEXT('2D SPACE',''
  ) );
#7429 = ORIENTED_EDGE('',*,*,#7430,.T.);
#7430 = EDGE_CURVE('',#7407,#7431,#7433,.T.);
#7431 = VERTEX_POINT('',#7432);
#7432 = CARTESIAN_POINT('',(-89.5,35.,18.));
#7433 = SURFACE_CURVE('',#7434,(#7438,#7445),.PCURVE_S1.);
#7434 = LINE('',#7435,#7436);
#7435 = CARTESIAN_POINT('',(-89.5,-35.,18.));
#7436 = VECTOR('',#7437,1.);
#7437 = DIRECTION('',(0.,1.,0.));
#7438 = PCURVE('',#1622,#7439);
#7439 = DEFINITIONAL_REPRESENTATION('',(#7440),#7444);
#7440 = LINE('',#7441,#7442);
#7441 = CARTESIAN_POINT('',(0.,0.));
#7442 = VECTOR('',#7443,1.);
#7443 = DIRECTION('',(0.,-1.));
#7444 = ( GEOMETRIC_REPRESENTATION_CONTEXT(2) 
PARAMETRIC_REPRESENTATION_CONTEXT() REPRESENTATION_CONTEXT('2D SPACE',''
  ) );
#7445 = PCURVE('',#7446,#7451);
#7446 = PLANE('',#7447);
#7447 = AXIS2_PLACEMENT_3D('',#7448,#7449,#7450);
#7448 = CARTESIAN_POINT('',(-89.5,-35.,18.));
#7449 = DIRECTION('',(0.,0.,1.));
#7450 = DIRECTION('',(1.,0.,-0.));
#7451 = DEFINITIONAL_REPRESENTATION('',(#7452),#7456);
#7452 = LINE('',#7453,#7454);
#7453 = CARTESIAN_POINT('',(0.,0.));
#7454 = VECTOR('',#7455,1.);
#7455 = DIRECTION('',(0.,1.));
#7456 = ( GEOMETRIC_REPRESENTATION_CONTEXT(2) 
PARAMETRIC_REPRESENTATION_CONTEXT() REPRESENTATION_CONTEXT('2D SPACE',''
  ) );
#7457 = ORIENTED_EDGE('',*,*,#7458,.T.);
#7458 = EDGE_CURVE('',#7431,#1607,#7459,.T.);
#7459 = SURFACE_CURVE('',#7460,(#7464,#7471),.PCURVE_S1.);
#7460 = LINE('',#7461,#7462);
#7461 = CARTESIAN_POINT('',(-89.5,35.,18.));
#7462 = VECTOR('',#7463,1.);
#7463 = DIRECTION('',(0.,0.,1.));
#7464 = PCURVE('',#1622,#7465);
#7465 = DEFINITIONAL_REPRESENTATION('',(#7466),#7470);
#7466 = LINE('',#7467,#7468);
#7467 = CARTESIAN_POINT('',(0.,-70.));
#7468 = VECTOR('',#7469,1.);
#7469 = DIRECTION('',(1.,0.));
#7470 = ( GEOMETRIC_REPRESENTATION_CONTEXT(2) 
PARAMETRIC_REPRESENTATION_CONTEXT() REPRESENTATION_CONTEXT('2D SPACE',''
  ) );
#7471 = PCURVE('',#1650,#7472);
#7472 = DEFINITIONAL_REPRESENTATION('',(#7473),#7477);
#7473 = LINE('',#7474,#7475);
#7474 = CARTESIAN_POINT('',(0.,0.));
#7475 = VECTOR('',#7476,1.);
#7476 = DIRECTION('',(1.,0.));
#7477 = ( GEOMETRIC_REPRESENTATION_CONTEXT(2) 
PARAMETRIC_REPRESENTATION_CONTEXT() REPRESENTATION_CONTEXT('2D SPACE',''
  ) );
#7478 = ADVANCED_FACE('',(#7479),#1650,.T.);
#7479 = FACE_BOUND('',#7480,.T.);
#7480 = EDGE_LOOP('',(#7481,#7504,#7505,#7506));
#7481 = ORIENTED_EDGE('',*,*,#7482,.F.);
#7482 = EDGE_CURVE('',#7431,#7483,#7485,.T.);
#7483 = VERTEX_POINT('',#7484);
#7484 = CARTESIAN_POINT('',(-85.5,35.,18.));
#7485 = SURFACE_CURVE('',#7486,(#7490,#7497),.PCURVE_S1.);
#7486 = LINE('',#7487,#7488);
#7487 = CARTESIAN_POINT('',(-89.5,35.,18.));
#7488 = VECTOR('',#7489,1.);
#7489 = DIRECTION('',(1.,0.,0.));
#7490 = PCURVE('',#1650,#7491);
#7491 = DEFINITIONAL_REPRESENTATION('',(#7492),#7496);
#7492 = LINE('',#7493,#7494);
#7493 = CARTESIAN_POINT('',(0.,0.));
#7494 = VECTOR('',#7495,1.);
#7495 = DIRECTION('',(0.,1.));
#7496 = ( GEOMETRIC_REPRESENTATION_CONTEXT(2) 
PARAMETRIC_REPRESENTATION_CONTEXT() REPRESENTATION_CONTEXT('2D SPACE',''
  ) );
#7497 = PCURVE('',#7446,#7498);
#7498 = DEFINITIONAL_REPRESENTATION('',(#7499),#7503);
#7499 = LINE('',#7500,#7501);
#7500 = CARTESIAN_POINT('',(0.,70.));
#7501 = VECTOR('',#7502,1.);
#7502 = DIRECTION('',(1.,0.));
#7503 = ( GEOMETRIC_REPRESENTATION_CONTEXT(2) 
PARAMETRIC_REPRESENTATION_CONTEXT() REPRESENTATION_CONTEXT('2D SPACE',''
  ) );
#7504 = ORIENTED_EDGE('',*,*,#7458,.T.);
#7505 = ORIENTED_EDGE('',*,*,#1634,.T.);
#7506 = ORIENTED_EDGE('',*,*,#7507,.F.);
#7507 = EDGE_CURVE('',#7483,#1635,#7508,.T.);
#7508 = SURFACE_CURVE('',#7509,(#7513,#7520),.PCURVE_S1.);
#7509 = LINE('',#7510,#7511);
#7510 = CARTESIAN_POINT('',(-85.5,35.,18.));
#7511 = VECTOR('',#7512,1.);
#7512 = DIRECTION('',(0.,0.,1.));
#7513 = PCURVE('',#1650,#7514);
#7514 = DEFINITIONAL_REPRESENTATION('',(#7515),#7519);
#7515 = LINE('',#7516,#7517);
#7516 = CARTESIAN_POINT('',(0.,4.));
#7517 = VECTOR('',#7518,1.);
#7518 = DIRECTION('',(1.,0.));
#7519 = ( GEOMETRIC_REPRESENTATION_CONTEXT(2) 
PARAMETRIC_REPRESENTATION_CONTEXT() REPRESENTATION_CONTEXT('2D SPACE',''
  ) );
#7520 = PCURVE('',#1678,#7521);
#7521 = DEFINITIONAL_REPRESENTATION('',(#7522),#7526);
#7522 = LINE('',#7523,#7524);
#7523 = CARTESIAN_POINT('',(0.,-70.));
#7524 = VECTOR('',#7525,1.);
#7525 = DIRECTION('',(1.,0.));
#7526 = ( GEOMETRIC_REPRESENTATION_CONTEXT(2) 
PARAMETRIC_REPRESENTATION_CONTEXT() REPRESENTATION_CONTEXT('2D SPACE',''
  ) );
#7527 = ADVANCED_FACE('',(#7528),#1678,.T.);
#7528 = FACE_BOUND('',#7529,.T.);
#7529 = EDGE_LOOP('',(#7530,#7531,#7552,#7576,#7597));
#7530 = ORIENTED_EDGE('',*,*,#1662,.F.);
#7531 = ORIENTED_EDGE('',*,*,#7532,.F.);
#7532 = EDGE_CURVE('',#7533,#1663,#7535,.T.);
#7533 = VERTEX_POINT('',#7534);
#7534 = CARTESIAN_POINT('',(-85.5,12.464101615138,36.268011675959));
#7535 = SURFACE_CURVE('',#7536,(#7540,#7546),.PCURVE_S1.);
#7536 = LINE('',#7537,#7538);
#7537 = CARTESIAN_POINT('',(-85.5,12.464101615138,18.));
#7538 = VECTOR('',#7539,1.);
#7539 = DIRECTION('',(0.,0.,1.));
#7540 = PCURVE('',#1678,#7541);
#7541 = DEFINITIONAL_REPRESENTATION('',(#7542),#7545);
#7542 = B_SPLINE_CURVE_WITH_KNOTS('',1,(#7543,#7544),.UNSPECIFIED.,.F.,
  .F.,(2,2),(-2.399999999625E-06,27.5000024),.PIECEWISE_BEZIER_KNOTS.);
#7543 = CARTESIAN_POINT('',(-2.399999999625E-06,-47.46410161513));
#7544 = CARTESIAN_POINT('',(27.5000024,-47.46410161513));
#7545 = ( GEOMETRIC_REPRESENTATION_CONTEXT(2) 
PARAMETRIC_REPRESENTATION_CONTEXT() REPRESENTATION_CONTEXT('2D SPACE',''
  ) );
#7546 = PCURVE('',#1707,#7547);
#7547 = DEFINITIONAL_REPRESENTATION('',(#7548),#7551);
#7548 = B_SPLINE_CURVE_WITH_KNOTS('',1,(#7549,#7550),.UNSPECIFIED.,.F.,
  .F.,(2,2),(0.,27.5),.PIECEWISE_BEZIER_KNOTS.);
#7549 = CARTESIAN_POINT('',(7.330382858376,0.));
#7550 = CARTESIAN_POINT('',(7.330382858376,27.5));
#7551 = ( GEOMETRIC_REPRESENTATION_CONTEXT(2) 
PARAMETRIC_REPRESENTATION_CONTEXT() REPRESENTATION_CONTEXT('2D SPACE',''
  ) );
#7552 = ORIENTED_EDGE('',*,*,#7553,.F.);
#7553 = EDGE_CURVE('',#7554,#7533,#7556,.T.);
#7554 = VERTEX_POINT('',#7555);
#7555 = CARTESIAN_POINT('',(-85.5,33.863291334423,18.));
#7556 = SURFACE_CURVE('',#7557,(#7562,#7569),.PCURVE_S1.);
#7557 = CIRCLE('',#7558,38.35);
#7558 = AXIS2_PLACEMENT_3D('',#7559,#7560,#7561);
#7559 = CARTESIAN_POINT('',(-85.5,0.,1.543210004229E-14));
#7560 = DIRECTION('',(1.,0.,2.22044604925E-16));
#7561 = DIRECTION('',(2.22044604925E-16,0.,-1.));
#7562 = PCURVE('',#1678,#7563);
#7563 = DEFINITIONAL_REPRESENTATION('',(#7564),#7568);
#7564 = CIRCLE('',#7565,38.35);
#7565 = AXIS2_PLACEMENT_2D('',#7566,#7567);
#7566 = CARTESIAN_POINT('',(-18.,-35.));
#7567 = DIRECTION('',(-1.,0.));
#7568 = ( GEOMETRIC_REPRESENTATION_CONTEXT(2) 
PARAMETRIC_REPRESENTATION_CONTEXT() REPRESENTATION_CONTEXT('2D SPACE',''
  ) );
#7569 = PCURVE('',#6874,#7570);
#7570 = DEFINITIONAL_REPRESENTATION('',(#7571),#7575);
#7571 = LINE('',#7572,#7573);
#7572 = CARTESIAN_POINT('',(-0.,-176.5));
#7573 = VECTOR('',#7574,1.);
#7574 = DIRECTION('',(-1.,-0.));
#7575 = ( GEOMETRIC_REPRESENTATION_CONTEXT(2) 
PARAMETRIC_REPRESENTATION_CONTEXT() REPRESENTATION_CONTEXT('2D SPACE',''
  ) );
#7576 = ORIENTED_EDGE('',*,*,#7577,.T.);
#7577 = EDGE_CURVE('',#7554,#7483,#7578,.T.);
#7578 = SURFACE_CURVE('',#7579,(#7583,#7590),.PCURVE_S1.);
#7579 = LINE('',#7580,#7581);
#7580 = CARTESIAN_POINT('',(-85.5,-35.,18.));
#7581 = VECTOR('',#7582,1.);
#7582 = DIRECTION('',(0.,1.,0.));
#7583 = PCURVE('',#1678,#7584);
#7584 = DEFINITIONAL_REPRESENTATION('',(#7585),#7589);
#7585 = LINE('',#7586,#7587);
#7586 = CARTESIAN_POINT('',(0.,0.));
#7587 = VECTOR('',#7588,1.);
#7588 = DIRECTION('',(0.,-1.));
#7589 = ( GEOMETRIC_REPRESENTATION_CONTEXT(2) 
PARAMETRIC_REPRESENTATION_CONTEXT() REPRESENTATION_CONTEXT('2D SPACE',''
  ) );
#7590 = PCURVE('',#7446,#7591);
#7591 = DEFINITIONAL_REPRESENTATION('',(#7592),#7596);
#7592 = LINE('',#7593,#7594);
#7593 = CARTESIAN_POINT('',(4.,0.));
#7594 = VECTOR('',#7595,1.);
#7595 = DIRECTION('',(0.,1.));
#7596 = ( GEOMETRIC_REPRESENTATION_CONTEXT(2) 
PARAMETRIC_REPRESENTATION_CONTEXT() REPRESENTATION_CONTEXT('2D SPACE',''
  ) );
#7597 = ORIENTED_EDGE('',*,*,#7507,.T.);
#7598 = ADVANCED_FACE('',(#7599),#1707,.T.);
#7599 = FACE_BOUND('',#7600,.T.);
#7600 = EDGE_LOOP('',(#7601,#7622,#7819,#7820));
#7601 = ORIENTED_EDGE('',*,*,#7602,.F.);
#7602 = EDGE_CURVE('',#7603,#1691,#7605,.T.);
#7603 = VERTEX_POINT('',#7604);
#7604 = CARTESIAN_POINT('',(-85.5,5.535898384862,37.94833763253));
#7605 = SURFACE_CURVE('',#7606,(#7610,#7616),.PCURVE_S1.);
#7606 = LINE('',#7607,#7608);
#7607 = CARTESIAN_POINT('',(-85.5,5.535898384862,18.));
#7608 = VECTOR('',#7609,1.);
#7609 = DIRECTION('',(0.,0.,1.));
#7610 = PCURVE('',#1707,#7611);
#7611 = DEFINITIONAL_REPRESENTATION('',(#7612),#7615);
#7612 = B_SPLINE_CURVE_WITH_KNOTS('',1,(#7613,#7614),.UNSPECIFIED.,.F.,
  .F.,(2,2),(0.,27.5),.PIECEWISE_BEZIER_KNOTS.);
#7613 = CARTESIAN_POINT('',(5.235987755983,0.));
#7614 = CARTESIAN_POINT('',(5.235987755983,27.5));
#7615 = ( GEOMETRIC_REPRESENTATION_CONTEXT(2) 
PARAMETRIC_REPRESENTATION_CONTEXT() REPRESENTATION_CONTEXT('2D SPACE',''
  ) );
#7616 = PCURVE('',#1735,#7617);
#7617 = DEFINITIONAL_REPRESENTATION('',(#7618),#7621);
#7618 = B_SPLINE_CURVE_WITH_KNOTS('',1,(#7619,#7620),.UNSPECIFIED.,.F.,
  .F.,(2,2),(-2.399999999625E-06,27.5000024),.PIECEWISE_BEZIER_KNOTS.);
#7619 = CARTESIAN_POINT('',(-2.399999999625E-06,-40.53589838486));
#7620 = CARTESIAN_POINT('',(27.5000024,-40.53589838486));
#7621 = ( GEOMETRIC_REPRESENTATION_CONTEXT(2) 
PARAMETRIC_REPRESENTATION_CONTEXT() REPRESENTATION_CONTEXT('2D SPACE',''
  ) );
#7622 = ORIENTED_EDGE('',*,*,#7623,.T.);
#7623 = EDGE_CURVE('',#7603,#7533,#7624,.T.);
#7624 = SURFACE_CURVE('',#7625,(#7673,#7746),.PCURVE_S1.);
#7625 = B_SPLINE_CURVE_WITH_KNOTS('',6,(#7626,#7627,#7628,#7629,#7630,
    #7631,#7632,#7633,#7634,#7635,#7636,#7637,#7638,#7639,#7640,#7641,
    #7642,#7643,#7644,#7645,#7646,#7647,#7648,#7649,#7650,#7651,#7652,
    #7653,#7654,#7655,#7656,#7657,#7658,#7659,#7660,#7661,#7662,#7663,
    #7664,#7665,#7666,#7667,#7668,#7669,#7670,#7671,#7672),
  .UNSPECIFIED.,.F.,.F.,(7,5,5,5,5,5,5,5,5,7),(0.,0.249097368453,
    0.481894214428,0.656984475384,0.812288978204,0.963757171124,1.,
    1.277190005125,1.459763294757,2.013567960702),.UNSPECIFIED.);
#7626 = CARTESIAN_POINT('',(-85.5,5.535898384862,37.94833763253));
#7627 = CARTESIAN_POINT('',(-85.3677438814,5.612256490536,
    37.932743323115));
#7628 = CARTESIAN_POINT('',(-85.23765291751,5.695443444453,
    37.916034290281));
#7629 = CARTESIAN_POINT('',(-85.11004105869,5.785584136528,
    37.898139046194));
#7630 = CARTESIAN_POINT('',(-84.98528886933,5.882799976793,
    37.878976890674));
#7631 = CARTESIAN_POINT('',(-84.86384039132,5.987198800601,
    37.858458615965));
#7632 = CARTESIAN_POINT('',(-84.6362578168,6.203223509269,
    37.815953579622));
#7633 = CARTESIAN_POINT('',(-84.52965085002,6.313921025104,
    37.794152368544));
#7634 = CARTESIAN_POINT('',(-84.4267902357,6.431023510838,
    37.771005393176));
#7635 = CARTESIAN_POINT('',(-84.32816726477,6.554550385594,
    37.746433407041));
#7636 = CARTESIAN_POINT('',(-84.23433519489,6.684447655033,
    37.720363702455));
#7637 = CARTESIAN_POINT('',(-84.07937079159,6.92293451116,
    37.671959756952));
#7638 = CARTESIAN_POINT('',(-84.01590104239,7.028820117962,
    37.650302293559));
#7639 = CARTESIAN_POINT('',(-83.95573882458,7.138144993778,
    37.627742282834));
#7640 = CARTESIAN_POINT('',(-83.89916011649,7.250793904423,
    37.604263344165));
#7641 = CARTESIAN_POINT('',(-83.84644639856,7.366598169659,
    37.579860540326));
#7642 = CARTESIAN_POINT('',(-83.75478514289,7.590634105297,
    37.532090505522));
#7643 = CARTESIAN_POINT('',(-83.71495432102,7.698244607447,
    37.508917479484));
#7644 = CARTESIAN_POINT('',(-83.6785713751,7.807987180882,
    37.485035328896));
#7645 = CARTESIAN_POINT('',(-83.64582005875,7.919658630058,
    37.460462367943));
#7646 = CARTESIAN_POINT('',(-83.61686477592,8.03301671578,
    37.435229004923));
#7647 = CARTESIAN_POINT('',(-83.5674336279,8.259699775988,
    37.384171025483));
#7648 = CARTESIAN_POINT('',(-83.54676453135,8.372962901618,
    37.358374961432));
#7649 = CARTESIAN_POINT('',(-83.52995892747,8.487295146703,
    37.332035808664));
#7650 = CARTESIAN_POINT('',(-83.51710945571,8.602410078194,
    37.305205604516));
#7651 = CARTESIAN_POINT('',(-83.50827093421,8.718004661612,
    37.277946253651));
#7652 = CARTESIAN_POINT('',(-83.50230388774,8.861456625233,
    37.243722805814));
#7653 = CARTESIAN_POINT('',(-83.50138213339,8.889163429214,
    37.23709455676));
#7654 = CARTESIAN_POINT('',(-83.50069089949,8.916875399581,
    37.230446812075));
#7655 = CARTESIAN_POINT('',(-83.50023022157,8.944588299143,
    37.223780556482));
#7656 = CARTESIAN_POINT('',(-83.5,8.972297903292,37.217096793613));
#7657 = CARTESIAN_POINT('',(-83.5,9.21186934261,37.159152155716));
#7658 = CARTESIAN_POINT('',(-83.51346680526,9.423329447299,
    37.106936297811));
#7659 = CARTESIAN_POINT('',(-83.54030134178,9.632377485461,
    37.054234355325));
#7660 = CARTESIAN_POINT('',(-83.57990321168,9.837370904099,
    37.001524262159));
#7661 = CARTESIAN_POINT('',(-83.63142222325,10.036960909208,
    36.949267756502));
#7662 = CARTESIAN_POINT('',(-83.73493088874,10.357247412879,
    36.864047717137));
#7663 = CARTESIAN_POINT('',(-83.78076748682,10.481649577296,
    36.830579019167));
#7664 = CARTESIAN_POINT('',(-83.83105904882,10.602993350298,
    36.797593983843));
#7665 = CARTESIAN_POINT('',(-83.88551472763,10.721074294238,
    36.765190419409));
#7666 = CARTESIAN_POINT('',(-83.94384596935,10.835745333503,36.73345287)
  );
#7667 = CARTESIAN_POINT('',(-84.19365268015,11.284087371683,
    36.608419372377));
#7668 = CARTESIAN_POINT('',(-84.41442465394,11.588487539817,
    36.521302911655));
#7669 = CARTESIAN_POINT('',(-84.66087635727,11.8584136267,
    36.442793953085));
#7670 = CARTESIAN_POINT('',(-84.92687773817,12.093720312102,
    36.374083709768));
#7671 = CARTESIAN_POINT('',(-85.20759821105,12.295283363581,
    36.315722614839));
#7672 = CARTESIAN_POINT('',(-85.5,12.464101615138,36.268011675959));
#7673 = PCURVE('',#1707,#7674);
#7674 = DEFINITIONAL_REPRESENTATION('',(#7675),#7745);
#7675 = B_SPLINE_CURVE_WITH_KNOTS('',3,(#7676,#7677,#7678,#7679,#7680,
    #7681,#7682,#7683,#7684,#7685,#7686,#7687,#7688,#7689,#7690,#7691,
    #7692,#7693,#7694,#7695,#7696,#7697,#7698,#7699,#7700,#7701,#7702,
    #7703,#7704,#7705,#7706,#7707,#7708,#7709,#7710,#7711,#7712,#7713,
    #7714,#7715,#7716,#7717,#7718,#7719,#7720,#7721,#7722,#7723,#7724,
    #7725,#7726,#7727,#7728,#7729,#7730,#7731,#7732,#7733,#7734,#7735,
    #7736,#7737,#7738,#7739,#7740,#7741,#7742,#7743,#7744),
  .UNSPECIFIED.,.F.,.F.,(4,1,1,1,1,1,1,1,1,1,1,1,1,1,1,1,1,1,1,1,1,1,1,1
    ,1,1,1,1,1,1,1,1,1,1,1,1,1,1,1,1,1,1,1,1,1,1,1,1,1,1,1,1,1,1,1,1,1,1
    ,1,1,1,1,1,1,1,1,4),(0.,3.050860546519E-02,6.101721093037E-02,
    9.152581639556E-02,0.122034421861,0.152543027326,0.183051632791,
    0.213560238256,0.244068843721,0.274577449187,0.305086054652,
    0.335594660117,0.366103265582,0.396611871047,0.427120476513,
    0.457629081978,0.488137687443,0.518646292908,0.549154898373,
    0.579663503839,0.610172109304,0.640680714769,0.671189320234,
    0.701697925699,0.732206531164,0.76271513663,0.793223742095,
    0.82373234756,0.854240953025,0.88474955849,0.915258163956,
    0.945766769421,0.976275374886,1.006783980351,1.037292585816,
    1.067801191282,1.098309796747,1.128818402212,1.159327007677,
    1.189835613142,1.220344218607,1.250852824073,1.281361429538,
    1.311870035003,1.342378640468,1.372887245933,1.403395851399,
    1.433904456864,1.464413062329,1.494921667794,1.525430273259,
    1.555938878725,1.58644748419,1.616956089655,1.64746469512,
    1.677973300585,1.70848190605,1.738990511516,1.769499116981,
    1.800007722446,1.830516327911,1.861024933376,1.891533538842,
    1.922042144307,1.952550749772,1.983059355237,2.013567960702),
  .QUASI_UNIFORM_KNOTS.);
#7676 = CARTESIAN_POINT('',(5.235987755983,19.94833763253));
#7677 = CARTESIAN_POINT('',(5.245339813568,19.944517694908));
#7678 = CARTESIAN_POINT('',(5.264101755205,19.936710836531));
#7679 = CARTESIAN_POINT('',(5.292428164587,19.924482666295));
#7680 = CARTESIAN_POINT('',(5.320948194583,19.911719963168));
#7681 = CARTESIAN_POINT('',(5.34967159731,19.898405086254));
#7682 = CARTESIAN_POINT('',(5.378607956849,19.884519764612));
#7683 = CARTESIAN_POINT('',(5.407766726288,19.870045012359));
#7684 = CARTESIAN_POINT('',(5.437157250034,19.854961191537));
#7685 = CARTESIAN_POINT('',(5.466789010824,19.839247929452));
#7686 = CARTESIAN_POINT('',(5.496670990721,19.822884470344));
#7687 = CARTESIAN_POINT('',(5.526810795657,19.805850376559));
#7688 = CARTESIAN_POINT('',(5.557216797027,19.788124386382));
#7689 = CARTESIAN_POINT('',(5.587895935233,19.769685732575));
#7690 = CARTESIAN_POINT('',(5.618854295815,19.750514081276));
#7691 = CARTESIAN_POINT('',(5.650096999263,19.730589792826));
#7692 = CARTESIAN_POINT('',(5.681628102224,19.709894208775));
#7693 = CARTESIAN_POINT('',(5.713451052095,19.688409512245));
#7694 = CARTESIAN_POINT('',(5.74556668449,19.666120376379));
#7695 = CARTESIAN_POINT('',(5.777973772278,19.643014109939));
#7696 = CARTESIAN_POINT('',(5.810669433132,19.619080565187));
#7697 = CARTESIAN_POINT('',(5.843648471656,19.594313108692));
#7698 = CARTESIAN_POINT('',(5.876903346719,19.568709083184));
#7699 = CARTESIAN_POINT('',(5.910423991073,19.542270310472));
#7700 = CARTESIAN_POINT('',(5.944197591315,19.51500376519));
#7701 = CARTESIAN_POINT('',(5.978207446465,19.486922992659));
#7702 = CARTESIAN_POINT('',(6.012434694062,19.45804713562));
#7703 = CARTESIAN_POINT('',(6.046857811827,19.428401740155));
#7704 = CARTESIAN_POINT('',(6.081451872181,19.39801974004));
#7705 = CARTESIAN_POINT('',(6.116190714317,19.366939826746));
#7706 = CARTESIAN_POINT('',(6.151044063801,19.335209209323));
#7707 = CARTESIAN_POINT('',(6.185981166533,19.302880478704));
#7708 = CARTESIAN_POINT('',(6.220970227825,19.270011985818));
#7709 = CARTESIAN_POINT('',(6.255977517137,19.236668575776));
#7710 = CARTESIAN_POINT('',(6.290969905871,19.202918958082));
#7711 = CARTESIAN_POINT('',(6.325916613473,19.168833549719));
#7712 = CARTESIAN_POINT('',(6.360783351705,19.134489744321));
#7713 = CARTESIAN_POINT('',(6.39553960701,19.09996435496));
#7714 = CARTESIAN_POINT('',(6.430157992211,19.065333545423));
#7715 = CARTESIAN_POINT('',(6.464613775633,19.030672680495));
#7716 = CARTESIAN_POINT('',(6.498884505641,18.996056115602));
#7717 = CARTESIAN_POINT('',(6.532949455191,18.961557211705));
#7718 = CARTESIAN_POINT('',(6.566790023512,18.927247411499));
#7719 = CARTESIAN_POINT('',(6.60038676953,18.893198746865));
#7720 = CARTESIAN_POINT('',(6.633729584464,18.859473057213));
#7721 = CARTESIAN_POINT('',(6.666812052651,18.826127430987));
#7722 = CARTESIAN_POINT('',(6.699626576391,18.793218801355));
#7723 = CARTESIAN_POINT('',(6.732168894973,18.760799188548));
#7724 = CARTESIAN_POINT('',(6.764435602791,18.728917997383));
#7725 = CARTESIAN_POINT('',(6.796428485901,18.697617681858));
#7726 = CARTESIAN_POINT('',(6.828137988764,18.666949699014));
#7727 = CARTESIAN_POINT('',(6.859567847123,18.636950306101));
#7728 = CARTESIAN_POINT('',(6.89072616425,18.607649703364));
#7729 = CARTESIAN_POINT('',(6.921619740027,18.579077514363));
#7730 = CARTESIAN_POINT('',(6.95225564459,18.551261285201));
#7731 = CARTESIAN_POINT('',(6.982640848144,18.524226867919));
#7732 = CARTESIAN_POINT('',(7.012782369826,18.497998312629));
#7733 = CARTESIAN_POINT('',(7.042687286543,18.47259790487));
#7734 = CARTESIAN_POINT('',(7.072362779183,18.448046177658));
#7735 = CARTESIAN_POINT('',(7.101816169457,18.424361943891));
#7736 = CARTESIAN_POINT('',(7.131054960593,18.401562336952));
#7737 = CARTESIAN_POINT('',(7.160086879158,18.37966286251));
#7738 = CARTESIAN_POINT('',(7.188919918822,18.358677461673));
#7739 = CARTESIAN_POINT('',(7.217562388522,18.338618581853));
#7740 = CARTESIAN_POINT('',(7.246022956943,18.319497269783));
#7741 = CARTESIAN_POINT('',(7.274310725585,18.301323232522));
#7742 = CARTESIAN_POINT('',(7.302435211452,18.284105068724));
#7743 = CARTESIAN_POINT('',(7.321082860259,18.273268299691));
#7744 = CARTESIAN_POINT('',(7.330382858376,18.268011675959));
#7745 = ( GEOMETRIC_REPRESENTATION_CONTEXT(2) 
PARAMETRIC_REPRESENTATION_CONTEXT() REPRESENTATION_CONTEXT('2D SPACE',''
  ) );
#7746 = PCURVE('',#6874,#7747);
#7747 = DEFINITIONAL_REPRESENTATION('',(#7748),#7818);
#7748 = B_SPLINE_CURVE_WITH_KNOTS('',3,(#7749,#7750,#7751,#7752,#7753,
    #7754,#7755,#7756,#7757,#7758,#7759,#7760,#7761,#7762,#7763,#7764,
    #7765,#7766,#7767,#7768,#7769,#7770,#7771,#7772,#7773,#7774,#7775,
    #7776,#7777,#7778,#7779,#7780,#7781,#7782,#7783,#7784,#7785,#7786,
    #7787,#7788,#7789,#7790,#7791,#7792,#7793,#7794,#7795,#7796,#7797,
    #7798,#7799,#7800,#7801,#7802,#7803,#7804,#7805,#7806,#7807,#7808,
    #7809,#7810,#7811,#7812,#7813,#7814,#7815,#7816,#7817),
  .UNSPECIFIED.,.F.,.F.,(4,1,1,1,1,1,1,1,1,1,1,1,1,1,1,1,1,1,1,1,1,1,1,1
    ,1,1,1,1,1,1,1,1,1,1,1,1,1,1,1,1,1,1,1,1,1,1,1,1,1,1,1,1,1,1,1,1,1,1
    ,1,1,1,1,1,1,1,1,4),(0.,3.050860546519E-02,6.101721093037E-02,
    9.152581639556E-02,0.122034421861,0.152543027326,0.183051632791,
    0.213560238256,0.244068843721,0.274577449187,0.305086054652,
    0.335594660117,0.366103265582,0.396611871047,0.427120476513,
    0.457629081978,0.488137687443,0.518646292908,0.549154898373,
    0.579663503839,0.610172109304,0.640680714769,0.671189320234,
    0.701697925699,0.732206531164,0.76271513663,0.793223742095,
    0.82373234756,0.854240953025,0.88474955849,0.915258163956,
    0.945766769421,0.976275374886,1.006783980351,1.037292585816,
    1.067801191282,1.098309796747,1.128818402212,1.159327007677,
    1.189835613142,1.220344218607,1.250852824073,1.281361429538,
    1.311870035003,1.342378640468,1.372887245933,1.403395851399,
    1.433904456864,1.464413062329,1.494921667794,1.525430273259,
    1.555938878725,1.58644748419,1.616956089655,1.64746469512,
    1.677973300585,1.70848190605,1.738990511516,1.769499116981,
    1.800007722446,1.830516327911,1.861024933376,1.891533538842,
    1.922042144307,1.952550749772,1.983059355237,2.013567960702),
  .QUASI_UNIFORM_KNOTS.);
#7749 = CARTESIAN_POINT('',(-2.996734592622,-176.5));
#7750 = CARTESIAN_POINT('',(-2.996237600674,-176.5323961231));
#7751 = CARTESIAN_POINT('',(-2.995216469218,-176.5968652705));
#7752 = CARTESIAN_POINT('',(-2.993602552961,-176.6925219451));
#7753 = CARTESIAN_POINT('',(-2.99190563612,-176.7870558957));
#7754 = CARTESIAN_POINT('',(-2.990124955095,-176.8803841915));
#7755 = CARTESIAN_POINT('',(-2.988259764772,-176.9724192149));
#7756 = CARTESIAN_POINT('',(-2.986309344005,-177.0630680909));
#7757 = CARTESIAN_POINT('',(-2.984273003896,-177.1522327778));
#7758 = CARTESIAN_POINT('',(-2.98215007993,-177.2398106485));
#7759 = CARTESIAN_POINT('',(-2.979939985868,-177.3256924478));
#7760 = CARTESIAN_POINT('',(-2.977642297733,-177.4097599838));
#7761 = CARTESIAN_POINT('',(-2.97525660805,-177.4918923245));
#7762 = CARTESIAN_POINT('',(-2.972782703621,-177.571959631));
#7763 = CARTESIAN_POINT('',(-2.970220546455,-177.6498253276));
#7764 = CARTESIAN_POINT('',(-2.967570301232,-177.7253462308));
#7765 = CARTESIAN_POINT('',(-2.964832364309,-177.7983729013));
#7766 = CARTESIAN_POINT('',(-2.962007340106,-177.8687511459));
#7767 = CARTESIAN_POINT('',(-2.959096240075,-177.9363183812));
#7768 = CARTESIAN_POINT('',(-2.95610046887,-178.0009066419));
#7769 = CARTESIAN_POINT('',(-2.953021803252,-178.0623444194));
#7770 = CARTESIAN_POINT('',(-2.949862478699,-178.1204571108));
#7771 = CARTESIAN_POINT('',(-2.946625214151,-178.1750688675));
#7772 = CARTESIAN_POINT('',(-2.943313244588,-178.2260040888));
#7773 = CARTESIAN_POINT('',(-2.939930359716,-178.273089413));
#7774 = CARTESIAN_POINT('',(-2.936481032128,-178.3161548492));
#7775 = CARTESIAN_POINT('',(-2.932970249619,-178.3550387402));
#7776 = CARTESIAN_POINT('',(-2.929403563509,-178.3895896163));
#7777 = CARTESIAN_POINT('',(-2.925787158053,-178.4196681111));
#7778 = CARTESIAN_POINT('',(-2.92212760845,-178.445151358));
#7779 = CARTESIAN_POINT('',(-2.918432161127,-178.4659332048));
#7780 = CARTESIAN_POINT('',(-2.914708321184,-178.4819290143));
#7781 = CARTESIAN_POINT('',(-2.910963871959,-178.4930764065));
#7782 = CARTESIAN_POINT('',(-2.907206929224,-178.4993362481));
#7783 = CARTESIAN_POINT('',(-2.903445623496,-178.5006943609));
#7784 = CARTESIAN_POINT('',(-2.899687862827,-178.4971605242));
#7785 = CARTESIAN_POINT('',(-2.895941914662,-178.4887688874));
#7786 = CARTESIAN_POINT('',(-2.892215575374,-178.4755769387));
#7787 = CARTESIAN_POINT('',(-2.888516197549,-178.4576626562));
#7788 = CARTESIAN_POINT('',(-2.884850704609,-178.4351223227));
#7789 = CARTESIAN_POINT('',(-2.881225600972,-178.4080683822));
#7790 = CARTESIAN_POINT('',(-2.877647005064,-178.3766278687));
#7791 = CARTESIAN_POINT('',(-2.874120587649,-178.3409399059));
#7792 = CARTESIAN_POINT('',(-2.870651858322,-178.3011577542));
#7793 = CARTESIAN_POINT('',(-2.867245105242,-178.2574344923));
#7794 = CARTESIAN_POINT('',(-2.863904002117,-178.2099243911));
#7795 = CARTESIAN_POINT('',(-2.860632104392,-178.1587882087));
#7796 = CARTESIAN_POINT('',(-2.85743239448,-178.1041856232));
#7797 = CARTESIAN_POINT('',(-2.854307537052,-178.0462775478));
#7798 = CARTESIAN_POINT('',(-2.851259485305,-177.9852159422));
#7799 = CARTESIAN_POINT('',(-2.848291051723,-177.9211754101));
#7800 = CARTESIAN_POINT('',(-2.845403561846,-177.8543058402));
#7801 = CARTESIAN_POINT('',(-2.842597788339,-177.7847440418));
#7802 = CARTESIAN_POINT('',(-2.839874486819,-177.7126255405));
#7803 = CARTESIAN_POINT('',(-2.837234258616,-177.6380813033));
#7804 = CARTESIAN_POINT('',(-2.834677594196,-177.5612384938));
#7805 = CARTESIAN_POINT('',(-2.832204868507,-177.4822201415));
#7806 = CARTESIAN_POINT('',(-2.829816349544,-177.4011450943));
#7807 = CARTESIAN_POINT('',(-2.827512203699,-177.3181278874));
#7808 = CARTESIAN_POINT('',(-2.825292502313,-177.2332786285));
#7809 = CARTESIAN_POINT('',(-2.823157228245,-177.1467028702));
#7810 = CARTESIAN_POINT('',(-2.821106282773,-177.0585014787));
#7811 = CARTESIAN_POINT('',(-2.819139492771,-176.9687705));
#7812 = CARTESIAN_POINT('',(-2.81725661808,-176.8776010027));
#7813 = CARTESIAN_POINT('',(-2.815457359467,-176.7850789821));
#7814 = CARTESIAN_POINT('',(-2.813741365675,-176.6912850104));
#7815 = CARTESIAN_POINT('',(-2.812108245185,-176.5962948034));
#7816 = CARTESIAN_POINT('',(-2.811074456189,-176.5322158301));
#7817 = CARTESIAN_POINT('',(-2.810571230606,-176.5));
#7818 = ( GEOMETRIC_REPRESENTATION_CONTEXT(2) 
PARAMETRIC_REPRESENTATION_CONTEXT() REPRESENTATION_CONTEXT('2D SPACE',''
  ) );
#7819 = ORIENTED_EDGE('',*,*,#7532,.T.);
#7820 = ORIENTED_EDGE('',*,*,#1690,.F.);
#7821 = ADVANCED_FACE('',(#7822),#1735,.T.);
#7822 = FACE_BOUND('',#7823,.T.);
#7823 = EDGE_LOOP('',(#7824,#7825,#7846,#7868));
#7824 = ORIENTED_EDGE('',*,*,#1719,.F.);
#7825 = ORIENTED_EDGE('',*,*,#7826,.F.);
#7826 = EDGE_CURVE('',#7827,#1720,#7829,.T.);
#7827 = VERTEX_POINT('',#7828);
#7828 = CARTESIAN_POINT('',(-85.5,-5.535898384862,37.94833763253));
#7829 = SURFACE_CURVE('',#7830,(#7834,#7840),.PCURVE_S1.);
#7830 = LINE('',#7831,#7832);
#7831 = CARTESIAN_POINT('',(-85.5,-5.535898384862,18.));
#7832 = VECTOR('',#7833,1.);
#7833 = DIRECTION('',(0.,0.,1.));
#7834 = PCURVE('',#1735,#7835);
#7835 = DEFINITIONAL_REPRESENTATION('',(#7836),#7839);
#7836 = B_SPLINE_CURVE_WITH_KNOTS('',1,(#7837,#7838),.UNSPECIFIED.,.F.,
  .F.,(2,2),(-2.399999999625E-06,27.5000024),.PIECEWISE_BEZIER_KNOTS.);
#7837 = CARTESIAN_POINT('',(-2.399999999625E-06,-29.46410161513));
#7838 = CARTESIAN_POINT('',(27.5000024,-29.46410161513));
#7839 = ( GEOMETRIC_REPRESENTATION_CONTEXT(2) 
PARAMETRIC_REPRESENTATION_CONTEXT() REPRESENTATION_CONTEXT('2D SPACE',''
  ) );
#7840 = PCURVE('',#1762,#7841);
#7841 = DEFINITIONAL_REPRESENTATION('',(#7842),#7845);
#7842 = B_SPLINE_CURVE_WITH_KNOTS('',1,(#7843,#7844),.UNSPECIFIED.,.F.,
  .F.,(2,2),(0.,27.5),.PIECEWISE_BEZIER_KNOTS.);
#7843 = CARTESIAN_POINT('',(7.330382858376,0.));
#7844 = CARTESIAN_POINT('',(7.330382858376,27.5));
#7845 = ( GEOMETRIC_REPRESENTATION_CONTEXT(2) 
PARAMETRIC_REPRESENTATION_CONTEXT() REPRESENTATION_CONTEXT('2D SPACE',''
  ) );
#7846 = ORIENTED_EDGE('',*,*,#7847,.F.);
#7847 = EDGE_CURVE('',#7603,#7827,#7848,.T.);
#7848 = SURFACE_CURVE('',#7849,(#7854,#7861),.PCURVE_S1.);
#7849 = CIRCLE('',#7850,38.35);
#7850 = AXIS2_PLACEMENT_3D('',#7851,#7852,#7853);
#7851 = CARTESIAN_POINT('',(-85.5,0.,1.543210004229E-14));
#7852 = DIRECTION('',(1.,0.,2.22044604925E-16));
#7853 = DIRECTION('',(2.22044604925E-16,0.,-1.));
#7854 = PCURVE('',#1735,#7855);
#7855 = DEFINITIONAL_REPRESENTATION('',(#7856),#7860);
#7856 = CIRCLE('',#7857,38.35);
#7857 = AXIS2_PLACEMENT_2D('',#7858,#7859);
#7858 = CARTESIAN_POINT('',(-18.,-35.));
#7859 = DIRECTION('',(-1.,0.));
#7860 = ( GEOMETRIC_REPRESENTATION_CONTEXT(2) 
PARAMETRIC_REPRESENTATION_CONTEXT() REPRESENTATION_CONTEXT('2D SPACE',''
  ) );
#7861 = PCURVE('',#6874,#7862);
#7862 = DEFINITIONAL_REPRESENTATION('',(#7863),#7867);
#7863 = LINE('',#7864,#7865);
#7864 = CARTESIAN_POINT('',(-0.,-176.5));
#7865 = VECTOR('',#7866,1.);
#7866 = DIRECTION('',(-1.,-0.));
#7867 = ( GEOMETRIC_REPRESENTATION_CONTEXT(2) 
PARAMETRIC_REPRESENTATION_CONTEXT() REPRESENTATION_CONTEXT('2D SPACE',''
  ) );
#7868 = ORIENTED_EDGE('',*,*,#7602,.T.);
#7869 = ADVANCED_FACE('',(#7870),#1762,.T.);
#7870 = FACE_BOUND('',#7871,.T.);
#7871 = EDGE_LOOP('',(#7872,#7873,#8119,#8120));
#7872 = ORIENTED_EDGE('',*,*,#6886,.F.);
#7873 = ORIENTED_EDGE('',*,*,#7874,.T.);
#7874 = EDGE_CURVE('',#6858,#7827,#7875,.T.);
#7875 = SURFACE_CURVE('',#7876,(#7929,#8024),.PCURVE_S1.);
#7876 = B_SPLINE_CURVE_WITH_KNOTS('',6,(#7877,#7878,#7879,#7880,#7881,
    #7882,#7883,#7884,#7885,#7886,#7887,#7888,#7889,#7890,#7891,#7892,
    #7893,#7894,#7895,#7896,#7897,#7898,#7899,#7900,#7901,#7902,#7903,
    #7904,#7905,#7906,#7907,#7908,#7909,#7910,#7911,#7912,#7913,#7914,
    #7915,#7916,#7917,#7918,#7919,#7920,#7921,#7922,#7923,#7924,#7925,
    #7926,#7927,#7928),.UNSPECIFIED.,.F.,.F.,(7,5,5,5,5,5,5,5,5,5,7),(0.
    ,0.144461622791,0.284004540412,0.418804159211,0.548748671879,
    0.729266875433,0.866090097669,1.,1.338512143539,1.509872250792,
    1.987231032391),.UNSPECIFIED.);
#7877 = CARTESIAN_POINT('',(-85.5,-12.46410161513,36.268011675959));
#7878 = CARTESIAN_POINT('',(-85.42268614806,-12.41946444191,
    36.280626908162));
#7879 = CARTESIAN_POINT('',(-85.34617424876,-12.37252947303,
    36.293989107616));
#7880 = CARTESIAN_POINT('',(-85.27053016435,-12.32328186227,
    36.308091805034));
#7881 = CARTESIAN_POINT('',(-85.19582460893,-12.27170731024,
    36.322927158148));
#7882 = CARTESIAN_POINT('',(-85.12213314845,-12.21779206442,
    36.338485951705));
#7883 = CARTESIAN_POINT('',(-84.97941107191,-12.10716965526,
    36.370475217703));
#7884 = CARTESIAN_POINT('',(-84.91030763923,-12.05062058847,
    36.386857819389));
#7885 = CARTESIAN_POINT('',(-84.84229843878,-11.99186359167,
    36.403895900114));
#7886 = CARTESIAN_POINT('',(-84.77546164214,-11.93088898826,
    36.421578186454));
#7887 = CARTESIAN_POINT('',(-84.7098810564,-11.86768955206,
    36.439891633973));
#7888 = CARTESIAN_POINT('',(-84.58359464538,-11.73905550615,
    36.477107764926));
#7889 = CARTESIAN_POINT('',(-84.52279922459,-11.67377070035,
    36.495969059157));
#7890 = CARTESIAN_POINT('',(-84.46334074941,-11.60640155306,
    36.515391970061));
#7891 = CARTESIAN_POINT('',(-84.40530592203,-11.53694884086,
    36.535360848041));
#7892 = CARTESIAN_POINT('',(-84.34878725914,-11.46541865383,
    36.55585773376));
#7893 = CARTESIAN_POINT('',(-84.24095641965,-11.32087686914,
    36.597110454564));
#7894 = CARTESIAN_POINT('',(-84.18953038757,-11.24801221919,
    36.61783016956));
#7895 = CARTESIAN_POINT('',(-84.13969280156,-11.17323947277,
    36.639003214202));
#7896 = CARTESIAN_POINT('',(-84.09153748261,-11.09657710393,
    36.660608592958));
#7897 = CARTESIAN_POINT('',(-84.04516294982,-11.01805261608,
    36.682622454225));
#7898 = CARTESIAN_POINT('',(-83.93886327467,-10.8260844408,
    36.736129627943));
#7899 = CARTESIAN_POINT('',(-83.88068903668,-10.71094489147,
    36.767977716015));
#7900 = CARTESIAN_POINT('',(-83.8264217877,-10.59238978117,
    36.800489801621));
#7901 = CARTESIAN_POINT('',(-83.77635219232,-10.4705693806,
    36.833580251617));
#7902 = CARTESIAN_POINT('',(-83.73077277573,-10.3456921735,
    36.867150049886));
#7903 = CARTESIAN_POINT('',(-83.65903050762,-10.12128133272,
    36.926808782183));
#7904 = CARTESIAN_POINT('',(-83.63083811263,-10.02292930382,
    36.952741764896));
#7905 = CARTESIAN_POINT('',(-83.60550729978,-9.923105688149,
    36.978835803401));
#7906 = CARTESIAN_POINT('',(-83.58315386452,-9.821956007533,
    37.005037422649));
#7907 = CARTESIAN_POINT('',(-83.56388151354,-9.719649268053,
    37.031289829271));
#7908 = CARTESIAN_POINT('',(-83.53201330988,-9.51531077595,
    37.083217938867));
#7909 = CARTESIAN_POINT('',(-83.51928351196,-9.413316266617,
    37.108894859896));
#7910 = CARTESIAN_POINT('',(-83.50966731559,-9.310582690601,
    37.134507312003));
#7911 = CARTESIAN_POINT('',(-83.50322650296,-9.207308565768,
    37.159998790295));
#7912 = CARTESIAN_POINT('',(-83.5,-9.103705768602,37.18531345085));
#7913 = CARTESIAN_POINT('',(-83.5,-8.73784117966,37.273804346033));
#7914 = CARTESIAN_POINT('',(-83.52061893797,-8.474840447588,
    37.335776912971));
#7915 = CARTESIAN_POINT('',(-83.56209977665,-8.21504921693,
    37.395326511051));
#7916 = CARTESIAN_POINT('',(-83.62338412455,-7.961800502863,
    37.451838106227));
#7917 = CARTESIAN_POINT('',(-83.70274067517,-7.71783977071,
    37.50496709317));
#7918 = CARTESIAN_POINT('',(-83.84602774116,-7.367621440637,
    37.579642353498));
#7919 = CARTESIAN_POINT('',(-83.89825178573,-7.252790251579,
    37.603842643803));
#7920 = CARTESIAN_POINT('',(-83.95427681599,-7.141058293974,
    37.627135016013));
#7921 = CARTESIAN_POINT('',(-84.01382860575,-7.032590483118,
    37.649524145014));
#7922 = CARTESIAN_POINT('',(-84.07663814636,-6.927499988835,
    37.671025803519));
#7923 = CARTESIAN_POINT('',(-84.32579977099,-6.542717445964,
    37.749149372913));
#7924 = CARTESIAN_POINT('',(-84.53229249975,-6.286632516734,
    37.799864098375));
#7925 = CARTESIAN_POINT('',(-84.7567851694,-6.058474001525,
    37.844437791205));
#7926 = CARTESIAN_POINT('',(-84.99490052922,-5.857949522731,
    37.883621079305));
#7927 = CARTESIAN_POINT('',(-85.24331221004,-5.684097149491,
    37.918071593711));
#7928 = CARTESIAN_POINT('',(-85.5,-5.535898384862,37.94833763253));
#7929 = PCURVE('',#1762,#7930);
#7930 = DEFINITIONAL_REPRESENTATION('',(#7931),#8023);
#7931 = B_SPLINE_CURVE_WITH_KNOTS('',3,(#7932,#7933,#7934,#7935,#7936,
    #7937,#7938,#7939,#7940,#7941,#7942,#7943,#7944,#7945,#7946,#7947,
    #7948,#7949,#7950,#7951,#7952,#7953,#7954,#7955,#7956,#7957,#7958,
    #7959,#7960,#7961,#7962,#7963,#7964,#7965,#7966,#7967,#7968,#7969,
    #7970,#7971,#7972,#7973,#7974,#7975,#7976,#7977,#7978,#7979,#7980,
    #7981,#7982,#7983,#7984,#7985,#7986,#7987,#7988,#7989,#7990,#7991,
    #7992,#7993,#7994,#7995,#7996,#7997,#7998,#7999,#8000,#8001,#8002,
    #8003,#8004,#8005,#8006,#8007,#8008,#8009,#8010,#8011,#8012,#8013,
    #8014,#8015,#8016,#8017,#8018,#8019,#8020,#8021,#8022),
  .UNSPECIFIED.,.F.,.F.,(4,1,1,1,1,1,1,1,1,1,1,1,1,1,1,1,1,1,1,1,1,1,1,1
    ,1,1,1,1,1,1,1,1,1,1,1,1,1,1,1,1,1,1,1,1,1,1,1,1,1,1,1,1,1,1,1,1,1,1
    ,1,1,1,1,1,1,1,1,1,1,1,1,1,1,1,1,1,1,1,1,1,1,1,1,1,1,1,1,1,1,4),(0.,
    2.258217082262E-02,4.516434164524E-02,6.774651246787E-02,
    9.032868329049E-02,0.112910854113,0.135493024936,0.158075195758,
    0.180657366581,0.203239537404,0.225821708226,0.248403879049,
    0.270986049871,0.293568220694,0.316150391517,0.338732562339,
    0.361314733162,0.383896903985,0.406479074807,0.42906124563,
    0.451643416452,0.474225587275,0.496807758098,0.51938992892,
    0.541972099743,0.564554270566,0.587136441388,0.609718612211,
    0.632300783033,0.654882953856,0.677465124679,0.700047295501,
    0.722629466324,0.745211637147,0.767793807969,0.790375978792,
    0.812958149614,0.835540320437,0.85812249126,0.880704662082,
    0.903286832905,0.925869003728,0.94845117455,0.971033345373,
    0.993615516195,1.016197687018,1.038779857841,1.061362028663,
    1.083944199486,1.106526370309,1.129108541131,1.151690711954,
    1.174272882776,1.196855053599,1.219437224422,1.242019395244,
    1.264601566067,1.287183736889,1.309765907712,1.332348078535,
    1.354930249357,1.37751242018,1.400094591003,1.422676761825,
    1.445258932648,1.46784110347,1.490423274293,1.513005445116,
    1.535587615938,1.558169786761,1.580751957584,1.603334128406,
    1.625916299229,1.648498470051,1.671080640874,1.693662811697,
    1.716244982519,1.738827153342,1.761409324165,1.783991494987,
    1.80657366581,1.829155836632,1.851738007455,1.874320178278,
    1.8969023491,1.919484519923,1.942066690746,1.964648861568,
    1.987231032391),.QUASI_UNIFORM_KNOTS.);
#7932 = CARTESIAN_POINT('',(5.235987755983,18.268011675959));
#7933 = CARTESIAN_POINT('',(5.242965416819,18.271955665326));
#7934 = CARTESIAN_POINT('',(5.256948498722,18.280026264811));
#7935 = CARTESIAN_POINT('',(5.278009874202,18.292676589281));
#7936 = CARTESIAN_POINT('',(5.299161473331,18.305868017787));
#7937 = CARTESIAN_POINT('',(5.320406770296,18.319596823803));
#7938 = CARTESIAN_POINT('',(5.341749259149,18.333859015469));
#7939 = CARTESIAN_POINT('',(5.363192465716,18.348650296769));
#7940 = CARTESIAN_POINT('',(5.384739970424,18.363966082838));
#7941 = CARTESIAN_POINT('',(5.40639524838,18.379801345448));
#7942 = CARTESIAN_POINT('',(5.428161899139,18.396150794214));
#7943 = CARTESIAN_POINT('',(5.450043439732,18.41300866983));
#7944 = CARTESIAN_POINT('',(5.472043364457,18.430368786629));
#7945 = CARTESIAN_POINT('',(5.494165136995,18.448224509659));
#7946 = CARTESIAN_POINT('',(5.516412259667,18.466568803813));
#7947 = CARTESIAN_POINT('',(5.538788016738,18.485393968516));
#7948 = CARTESIAN_POINT('',(5.561295752042,18.504691886292));
#7949 = CARTESIAN_POINT('',(5.583938637518,18.524453767219));
#7950 = CARTESIAN_POINT('',(5.606719708784,18.544670174329));
#7951 = CARTESIAN_POINT('',(5.629641859683,18.565331001905));
#7952 = CARTESIAN_POINT('',(5.652707923269,18.586425536876));
#7953 = CARTESIAN_POINT('',(5.675920334992,18.607942110214));
#7954 = CARTESIAN_POINT('',(5.699281423665,18.629868357904));
#7955 = CARTESIAN_POINT('',(5.72279318153,18.652190990202));
#7956 = CARTESIAN_POINT('',(5.746457278409,18.674895791071));
#7957 = CARTESIAN_POINT('',(5.770275043414,18.697967591962));
#7958 = CARTESIAN_POINT('',(5.794247478226,18.721390274906));
#7959 = CARTESIAN_POINT('',(5.818375055519,18.745146583775));
#7960 = CARTESIAN_POINT('',(5.842657704029,18.769218109493));
#7961 = CARTESIAN_POINT('',(5.867094783803,18.793585268815));
#7962 = CARTESIAN_POINT('',(5.891685059751,18.818227303856));
#7963 = CARTESIAN_POINT('',(5.916426666038,18.84312227656));
#7964 = CARTESIAN_POINT('',(5.941317070289,18.868247071007));
#7965 = CARTESIAN_POINT('',(5.966353004387,18.893577369432));
#7966 = CARTESIAN_POINT('',(5.991530488685,18.919087725545));
#7967 = CARTESIAN_POINT('',(6.016844477883,18.944751294492));
#7968 = CARTESIAN_POINT('',(6.042288959113,18.970540000697));
#7969 = CARTESIAN_POINT('',(6.067857211491,18.99642490012));
#7970 = CARTESIAN_POINT('',(6.093541662675,19.022376139262));
#7971 = CARTESIAN_POINT('',(6.119333807971,19.048362989404));
#7972 = CARTESIAN_POINT('',(6.145224181108,19.07435394529));
#7973 = CARTESIAN_POINT('',(6.171202816017,19.100317316853));
#7974 = CARTESIAN_POINT('',(6.197258260157,19.126220385787));
#7975 = CARTESIAN_POINT('',(6.223378789201,19.152030769498));
#7976 = CARTESIAN_POINT('',(6.249552156124,19.177716298046));
#7977 = CARTESIAN_POINT('',(6.275765113653,19.203244688306));
#7978 = CARTESIAN_POINT('',(6.30200497602,19.228585226859));
#7979 = CARTESIAN_POINT('',(6.32826150084,19.253710594838));
#7980 = CARTESIAN_POINT('',(6.354516656411,19.278587222821));
#7981 = CARTESIAN_POINT('',(6.380755554885,19.303185995069));
#7982 = CARTESIAN_POINT('',(6.406963764596,19.327479664709));
#7983 = CARTESIAN_POINT('',(6.433127869003,19.351443424956));
#7984 = CARTESIAN_POINT('',(6.459235169246,19.375054635311));
#7985 = CARTESIAN_POINT('',(6.485273628966,19.398292774883));
#7986 = CARTESIAN_POINT('',(6.511231765969,19.421139335381));
#7987 = CARTESIAN_POINT('',(6.537098569498,19.443577731367));
#7988 = CARTESIAN_POINT('',(6.562863418444,19.465593204909));
#7989 = CARTESIAN_POINT('',(6.588516015017,19.487172738475));
#7990 = CARTESIAN_POINT('',(6.614046294497,19.50830494356));
#7991 = CARTESIAN_POINT('',(6.639444447835,19.52898004123));
#7992 = CARTESIAN_POINT('',(6.66470054287,19.549189502391));
#7993 = CARTESIAN_POINT('',(6.689805657633,19.568926960309));
#7994 = CARTESIAN_POINT('',(6.714762718792,19.588196321012));
#7995 = CARTESIAN_POINT('',(6.73956562453,19.606995192207));
#7996 = CARTESIAN_POINT('',(6.764211273873,19.62532439113));
#7997 = CARTESIAN_POINT('',(6.788696734377,19.643185597412));
#7998 = CARTESIAN_POINT('',(6.813020072735,19.660581903223));
#7999 = CARTESIAN_POINT('',(6.837179595589,19.677517170761));
#8000 = CARTESIAN_POINT('',(6.861175834922,19.693997263063));
#8001 = CARTESIAN_POINT('',(6.885003869838,19.710024753094));
#8002 = CARTESIAN_POINT('',(6.908664377973,19.725606552274));
#8003 = CARTESIAN_POINT('',(6.932160446441,19.740751320144));
#8004 = CARTESIAN_POINT('',(6.955494587217,19.755467435914));
#8005 = CARTESIAN_POINT('',(6.978669545405,19.769763500937));
#8006 = CARTESIAN_POINT('',(7.001688091391,19.78364816503));
#8007 = CARTESIAN_POINT('',(7.024553085552,19.797130135975));
#8008 = CARTESIAN_POINT('',(7.047267470316,19.810218141942));
#8009 = CARTESIAN_POINT('',(7.069834282167,19.822920908528));
#8010 = CARTESIAN_POINT('',(7.092256658862,19.835247133887));
#8011 = CARTESIAN_POINT('',(7.114537848559,19.847205466376));
#8012 = CARTESIAN_POINT('',(7.136681219132,19.858804483537));
#8013 = CARTESIAN_POINT('',(7.158690268199,19.870052672712));
#8014 = CARTESIAN_POINT('',(7.180568633747,19.880958413244));
#8015 = CARTESIAN_POINT('',(7.202320105508,19.891529960223));
#8016 = CARTESIAN_POINT('',(7.223948636833,19.901775429954));
#8017 = CARTESIAN_POINT('',(7.245458358064,19.911702786436));
#8018 = CARTESIAN_POINT('',(7.266853587798,19.921319831621));
#8019 = CARTESIAN_POINT('',(7.288138855594,19.930634188982));
#8020 = CARTESIAN_POINT('',(7.309318885583,19.939653319579));
#8021 = CARTESIAN_POINT('',(7.323372114964,19.945474056062));
#8022 = CARTESIAN_POINT('',(7.330382858376,19.94833763253));
#8023 = ( GEOMETRIC_REPRESENTATION_CONTEXT(2) 
PARAMETRIC_REPRESENTATION_CONTEXT() REPRESENTATION_CONTEXT('2D SPACE',''
  ) );
#8024 = PCURVE('',#6874,#8025);
#8025 = DEFINITIONAL_REPRESENTATION('',(#8026),#8118);
#8026 = B_SPLINE_CURVE_WITH_KNOTS('',3,(#8027,#8028,#8029,#8030,#8031,
    #8032,#8033,#8034,#8035,#8036,#8037,#8038,#8039,#8040,#8041,#8042,
    #8043,#8044,#8045,#8046,#8047,#8048,#8049,#8050,#8051,#8052,#8053,
    #8054,#8055,#8056,#8057,#8058,#8059,#8060,#8061,#8062,#8063,#8064,
    #8065,#8066,#8067,#8068,#8069,#8070,#8071,#8072,#8073,#8074,#8075,
    #8076,#8077,#8078,#8079,#8080,#8081,#8082,#8083,#8084,#8085,#8086,
    #8087,#8088,#8089,#8090,#8091,#8092,#8093,#8094,#8095,#8096,#8097,
    #8098,#8099,#8100,#8101,#8102,#8103,#8104,#8105,#8106,#8107,#8108,
    #8109,#8110,#8111,#8112,#8113,#8114,#8115,#8116,#8117),
  .UNSPECIFIED.,.F.,.F.,(4,1,1,1,1,1,1,1,1,1,1,1,1,1,1,1,1,1,1,1,1,1,1,1
    ,1,1,1,1,1,1,1,1,1,1,1,1,1,1,1,1,1,1,1,1,1,1,1,1,1,1,1,1,1,1,1,1,1,1
    ,1,1,1,1,1,1,1,1,1,1,1,1,1,1,1,1,1,1,1,1,1,1,1,1,1,1,1,1,1,1,4),(0.,
    2.258217082262E-02,4.516434164524E-02,6.774651246787E-02,
    9.032868329049E-02,0.112910854113,0.135493024936,0.158075195758,
    0.180657366581,0.203239537404,0.225821708226,0.248403879049,
    0.270986049871,0.293568220694,0.316150391517,0.338732562339,
    0.361314733162,0.383896903985,0.406479074807,0.42906124563,
    0.451643416452,0.474225587275,0.496807758098,0.51938992892,
    0.541972099743,0.564554270566,0.587136441388,0.609718612211,
    0.632300783033,0.654882953856,0.677465124679,0.700047295501,
    0.722629466324,0.745211637147,0.767793807969,0.790375978792,
    0.812958149614,0.835540320437,0.85812249126,0.880704662082,
    0.903286832905,0.925869003728,0.94845117455,0.971033345373,
    0.993615516195,1.016197687018,1.038779857841,1.061362028663,
    1.083944199486,1.106526370309,1.129108541131,1.151690711954,
    1.174272882776,1.196855053599,1.219437224422,1.242019395244,
    1.264601566067,1.287183736889,1.309765907712,1.332348078535,
    1.354930249357,1.37751242018,1.400094591003,1.422676761825,
    1.445258932648,1.46784110347,1.490423274293,1.513005445116,
    1.535587615938,1.558169786761,1.580751957584,1.603334128406,
    1.625916299229,1.648498470051,1.671080640874,1.693662811697,
    1.716244982519,1.738827153342,1.761409324165,1.783991494987,
    1.80657366581,1.829155836632,1.851738007455,1.874320178278,
    1.8969023491,1.919484519923,1.942066690746,1.964648861568,
    1.987231032391),.QUASI_UNIFORM_KNOTS.);
#8027 = CARTESIAN_POINT('',(-3.472614076574,-176.5));
#8028 = CARTESIAN_POINT('',(-3.472236514016,-176.5241712407));
#8029 = CARTESIAN_POINT('',(-3.471465946553,-176.5723180889));
#8030 = CARTESIAN_POINT('',(-3.47026362555,-176.6439196045));
#8031 = CARTESIAN_POINT('',(-3.469014689913,-176.7148709164));
#8032 = CARTESIAN_POINT('',(-3.467719002006,-176.785139145));
#8033 = CARTESIAN_POINT('',(-3.466376428857,-176.8546904739));
#8034 = CARTESIAN_POINT('',(-3.464986842881,-176.9234900094));
#8035 = CARTESIAN_POINT('',(-3.463550121374,-176.991501845));
#8036 = CARTESIAN_POINT('',(-3.462066159824,-177.0586885444));
#8037 = CARTESIAN_POINT('',(-3.460534855181,-177.125011747));
#8038 = CARTESIAN_POINT('',(-3.458956125803,-177.1904316184));
#8039 = CARTESIAN_POINT('',(-3.45732990728,-177.2549069599));
#8040 = CARTESIAN_POINT('',(-3.45565615469,-177.318395155));
#8041 = CARTESIAN_POINT('',(-3.453934837637,-177.3808522753));
#8042 = CARTESIAN_POINT('',(-3.45216596739,-177.442232545));
#8043 = CARTESIAN_POINT('',(-3.450349570178,-177.5024888106));
#8044 = CARTESIAN_POINT('',(-3.448485716797,-177.5615722646));
#8045 = CARTESIAN_POINT('',(-3.446574519399,-177.6194324548));
#8046 = CARTESIAN_POINT('',(-3.444616134069,-177.6760172685));
#8047 = CARTESIAN_POINT('',(-3.442610753627,-177.7312729893));
#8048 = CARTESIAN_POINT('',(-3.440558647342,-177.7851439055));
#8049 = CARTESIAN_POINT('',(-3.438460135749,-177.8375729416));
#8050 = CARTESIAN_POINT('',(-3.436315614309,-177.8885012054));
#8051 = CARTESIAN_POINT('',(-3.434125557004,-177.9378682154));
#8052 = CARTESIAN_POINT('',(-3.431890521909,-177.9856120275));
#8053 = CARTESIAN_POINT('',(-3.429611153192,-178.0316694017));
#8054 = CARTESIAN_POINT('',(-3.427288204927,-178.0759756871));
#8055 = CARTESIAN_POINT('',(-3.424922546746,-178.1184650827));
#8056 = CARTESIAN_POINT('',(-3.422515169241,-178.1590708164));
#8057 = CARTESIAN_POINT('',(-3.420067191232,-178.1977255185));
#8058 = CARTESIAN_POINT('',(-3.41757986664,-178.2343615517));
#8059 = CARTESIAN_POINT('',(-3.415054590767,-178.2689113562));
#8060 = CARTESIAN_POINT('',(-3.4124929094,-178.3013077772));
#8061 = CARTESIAN_POINT('',(-3.409896517266,-178.3314844518));
#8062 = CARTESIAN_POINT('',(-3.407267297549,-178.35937614));
#8063 = CARTESIAN_POINT('',(-3.404607311428,-178.3849193359));
#8064 = CARTESIAN_POINT('',(-3.401918770488,-178.4080531353));
#8065 = CARTESIAN_POINT('',(-3.399204049878,-178.4287196791));
#8066 = CARTESIAN_POINT('',(-3.396465693882,-178.4468646885));
#8067 = CARTESIAN_POINT('',(-3.393706414811,-178.4624380132));
#8068 = CARTESIAN_POINT('',(-3.390929038877,-178.475394559));
#8069 = CARTESIAN_POINT('',(-3.388136604894,-178.4856943143));
#8070 = CARTESIAN_POINT('',(-3.385332226924,-178.4933035548));
#8071 = CARTESIAN_POINT('',(-3.38251911206,-178.4981950627));
#8072 = CARTESIAN_POINT('',(-3.379700602131,-178.5003485084));
#8073 = CARTESIAN_POINT('',(-3.376879994991,-178.4997509881));
#8074 = CARTESIAN_POINT('',(-3.374060332531,-178.4963961528));
#8075 = CARTESIAN_POINT('',(-3.371245488379,-178.4902861628));
#8076 = CARTESIAN_POINT('',(-3.368438979647,-178.4814315657));
#8077 = CARTESIAN_POINT('',(-3.365644244805,-178.4698506622));
#8078 = CARTESIAN_POINT('',(-3.362864573271,-178.4555690442));
#8079 = CARTESIAN_POINT('',(-3.360103128048,-178.4386191291));
#8080 = CARTESIAN_POINT('',(-3.357362943136,-178.4190397372));
#8081 = CARTESIAN_POINT('',(-3.354646927433,-178.3968756993));
#8082 = CARTESIAN_POINT('',(-3.351957866558,-178.3721774978));
#8083 = CARTESIAN_POINT('',(-3.349298425138,-178.3450009434));
#8084 = CARTESIAN_POINT('',(-3.346671147945,-178.3154068759));
#8085 = CARTESIAN_POINT('',(-3.344078463827,-178.2834609307));
#8086 = CARTESIAN_POINT('',(-3.341522678209,-178.2492332167));
#8087 = CARTESIAN_POINT('',(-3.33900600718,-178.2127984839));
#8088 = CARTESIAN_POINT('',(-3.336530455248,-178.1742346191));
#8089 = CARTESIAN_POINT('',(-3.334096773983,-178.1336030291));
#8090 = CARTESIAN_POINT('',(-3.331706525605,-178.0909801395));
#8091 = CARTESIAN_POINT('',(-3.329360888585,-178.0464394316));
#8092 = CARTESIAN_POINT('',(-3.327060942852,-178.0000551184));
#8093 = CARTESIAN_POINT('',(-3.324807592729,-177.9519004001));
#8094 = CARTESIAN_POINT('',(-3.32260164178,-177.9020485446));
#8095 = CARTESIAN_POINT('',(-3.320443622277,-177.8505680915));
#8096 = CARTESIAN_POINT('',(-3.318334483218,-177.7975394501));
#8097 = CARTESIAN_POINT('',(-3.316274592911,-177.7430313121));
#8098 = CARTESIAN_POINT('',(-3.314264060028,-177.6871056115));
#8099 = CARTESIAN_POINT('',(-3.312302999508,-177.6298242159));
#8100 = CARTESIAN_POINT('',(-3.310391464289,-177.5712470731));
#8101 = CARTESIAN_POINT('',(-3.308529466592,-177.5114326481));
#8102 = CARTESIAN_POINT('',(-3.306716975244,-177.4504377464));
#8103 = CARTESIAN_POINT('',(-3.304953919429,-177.3883175017));
#8104 = CARTESIAN_POINT('',(-3.303240190751,-177.3251253206));
#8105 = CARTESIAN_POINT('',(-3.301575645764,-177.2609128386));
#8106 = CARTESIAN_POINT('',(-3.299960108404,-177.1957298732));
#8107 = CARTESIAN_POINT('',(-3.298393372465,-177.1296243783));
#8108 = CARTESIAN_POINT('',(-3.296875204093,-177.0626423985));
#8109 = CARTESIAN_POINT('',(-3.295405344293,-176.9948280239));
#8110 = CARTESIAN_POINT('',(-3.293983511461,-176.926223344));
#8111 = CARTESIAN_POINT('',(-3.292609403931,-176.8568684046));
#8112 = CARTESIAN_POINT('',(-3.29128270253,-176.786801157));
#8113 = CARTESIAN_POINT('',(-3.290003073214,-176.7160574344));
#8114 = CARTESIAN_POINT('',(-3.2887701695,-176.6446708293));
#8115 = CARTESIAN_POINT('',(-3.287583635721,-176.5726729405));
#8116 = CARTESIAN_POINT('',(-3.286823283459,-176.5242858074));
#8117 = CARTESIAN_POINT('',(-3.286450714558,-176.5));
#8118 = ( GEOMETRIC_REPRESENTATION_CONTEXT(2) 
PARAMETRIC_REPRESENTATION_CONTEXT() REPRESENTATION_CONTEXT('2D SPACE',''
  ) );
#8119 = ORIENTED_EDGE('',*,*,#7826,.T.);
#8120 = ORIENTED_EDGE('',*,*,#1747,.F.);
#8121 = ADVANCED_FACE('',(#8122),#2015,.F.);
#8122 = FACE_BOUND('',#8123,.F.);
#8123 = EDGE_LOOP('',(#8124,#8125,#8146,#8147));
#8124 = ORIENTED_EDGE('',*,*,#1998,.F.);
#8125 = ORIENTED_EDGE('',*,*,#8126,.F.);
#8126 = EDGE_CURVE('',#2862,#1999,#8127,.T.);
#8127 = SEAM_CURVE('',#8128,(#8132,#8139),.PCURVE_S1.);
#8128 = LINE('',#8129,#8130);
#8129 = CARTESIAN_POINT('',(-74.,31.25,55.1));
#8130 = VECTOR('',#8131,1.);
#8131 = DIRECTION('',(1.,0.,2.22044604925E-16));
#8132 = PCURVE('',#2015,#8133);
#8133 = DEFINITIONAL_REPRESENTATION('',(#8134),#8138);
#8134 = LINE('',#8135,#8136);
#8135 = CARTESIAN_POINT('',(6.28318530718,-0.));
#8136 = VECTOR('',#8137,1.);
#8137 = DIRECTION('',(0.,1.));
#8138 = ( GEOMETRIC_REPRESENTATION_CONTEXT(2) 
PARAMETRIC_REPRESENTATION_CONTEXT() REPRESENTATION_CONTEXT('2D SPACE',''
  ) );
#8139 = PCURVE('',#2015,#8140);
#8140 = DEFINITIONAL_REPRESENTATION('',(#8141),#8145);
#8141 = LINE('',#8142,#8143);
#8142 = CARTESIAN_POINT('',(0.,-0.));
#8143 = VECTOR('',#8144,1.);
#8144 = DIRECTION('',(0.,1.));
#8145 = ( GEOMETRIC_REPRESENTATION_CONTEXT(2) 
PARAMETRIC_REPRESENTATION_CONTEXT() REPRESENTATION_CONTEXT('2D SPACE',''
  ) );
#8146 = ORIENTED_EDGE('',*,*,#2861,.T.);
#8147 = ORIENTED_EDGE('',*,*,#8126,.T.);
#8148 = ADVANCED_FACE('',(#8149),#2046,.F.);
#8149 = FACE_BOUND('',#8150,.F.);
#8150 = EDGE_LOOP('',(#8151,#8152,#8173,#8174));
#8151 = ORIENTED_EDGE('',*,*,#2029,.F.);
#8152 = ORIENTED_EDGE('',*,*,#8153,.F.);
#8153 = EDGE_CURVE('',#2888,#2030,#8154,.T.);
#8154 = SEAM_CURVE('',#8155,(#8159,#8166),.PCURVE_S1.);
#8155 = LINE('',#8156,#8157);
#8156 = CARTESIAN_POINT('',(-74.,14.,54.3));
#8157 = VECTOR('',#8158,1.);
#8158 = DIRECTION('',(1.,0.,2.22044604925E-16));
#8159 = PCURVE('',#2046,#8160);
#8160 = DEFINITIONAL_REPRESENTATION('',(#8161),#8165);
#8161 = LINE('',#8162,#8163);
#8162 = CARTESIAN_POINT('',(6.28318530718,-0.));
#8163 = VECTOR('',#8164,1.);
#8164 = DIRECTION('',(0.,1.));
#8165 = ( GEOMETRIC_REPRESENTATION_CONTEXT(2) 
PARAMETRIC_REPRESENTATION_CONTEXT() REPRESENTATION_CONTEXT('2D SPACE',''
  ) );
#8166 = PCURVE('',#2046,#8167);
#8167 = DEFINITIONAL_REPRESENTATION('',(#8168),#8172);
#8168 = LINE('',#8169,#8170);
#8169 = CARTESIAN_POINT('',(0.,-0.));
#8170 = VECTOR('',#8171,1.);
#8171 = DIRECTION('',(0.,1.));
#8172 = ( GEOMETRIC_REPRESENTATION_CONTEXT(2) 
PARAMETRIC_REPRESENTATION_CONTEXT() REPRESENTATION_CONTEXT('2D SPACE',''
  ) );
#8173 = ORIENTED_EDGE('',*,*,#2887,.T.);
#8174 = ORIENTED_EDGE('',*,*,#8153,.T.);
#8175 = ADVANCED_FACE('',(#8176),#2077,.F.);
#8176 = FACE_BOUND('',#8177,.F.);
#8177 = EDGE_LOOP('',(#8178,#8179,#8200,#8201));
#8178 = ORIENTED_EDGE('',*,*,#2060,.F.);
#8179 = ORIENTED_EDGE('',*,*,#8180,.F.);
#8180 = EDGE_CURVE('',#2914,#2061,#8181,.T.);
#8181 = SEAM_CURVE('',#8182,(#8186,#8193),.PCURVE_S1.);
#8182 = LINE('',#8183,#8184);
#8183 = CARTESIAN_POINT('',(-74.,31.25,65.9));
#8184 = VECTOR('',#8185,1.);
#8185 = DIRECTION('',(1.,0.,2.22044604925E-16));
#8186 = PCURVE('',#2077,#8187);
#8187 = DEFINITIONAL_REPRESENTATION('',(#8188),#8192);
#8188 = LINE('',#8189,#8190);
#8189 = CARTESIAN_POINT('',(6.28318530718,-0.));
#8190 = VECTOR('',#8191,1.);
#8191 = DIRECTION('',(0.,1.));
#8192 = ( GEOMETRIC_REPRESENTATION_CONTEXT(2) 
PARAMETRIC_REPRESENTATION_CONTEXT() REPRESENTATION_CONTEXT('2D SPACE',''
  ) );
#8193 = PCURVE('',#2077,#8194);
#8194 = DEFINITIONAL_REPRESENTATION('',(#8195),#8199);
#8195 = LINE('',#8196,#8197);
#8196 = CARTESIAN_POINT('',(0.,-0.));
#8197 = VECTOR('',#8198,1.);
#8198 = DIRECTION('',(0.,1.));
#8199 = ( GEOMETRIC_REPRESENTATION_CONTEXT(2) 
PARAMETRIC_REPRESENTATION_CONTEXT() REPRESENTATION_CONTEXT('2D SPACE',''
  ) );
#8200 = ORIENTED_EDGE('',*,*,#2913,.T.);
#8201 = ORIENTED_EDGE('',*,*,#8180,.T.);
#8202 = ADVANCED_FACE('',(#8203),#2108,.F.);
#8203 = FACE_BOUND('',#8204,.F.);
#8204 = EDGE_LOOP('',(#8205,#8206,#8227,#8228));
#8205 = ORIENTED_EDGE('',*,*,#2091,.F.);
#8206 = ORIENTED_EDGE('',*,*,#8207,.F.);
#8207 = EDGE_CURVE('',#2940,#2092,#8208,.T.);
#8208 = SEAM_CURVE('',#8209,(#8213,#8220),.PCURVE_S1.);
#8209 = LINE('',#8210,#8211);
#8210 = CARTESIAN_POINT('',(-74.,14.,66.3));
#8211 = VECTOR('',#8212,1.);
#8212 = DIRECTION('',(1.,0.,2.22044604925E-16));
#8213 = PCURVE('',#2108,#8214);
#8214 = DEFINITIONAL_REPRESENTATION('',(#8215),#8219);
#8215 = LINE('',#8216,#8217);
#8216 = CARTESIAN_POINT('',(6.28318530718,-0.));
#8217 = VECTOR('',#8218,1.);
#8218 = DIRECTION('',(0.,1.));
#8219 = ( GEOMETRIC_REPRESENTATION_CONTEXT(2) 
PARAMETRIC_REPRESENTATION_CONTEXT() REPRESENTATION_CONTEXT('2D SPACE',''
  ) );
#8220 = PCURVE('',#2108,#8221);
#8221 = DEFINITIONAL_REPRESENTATION('',(#8222),#8226);
#8222 = LINE('',#8223,#8224);
#8223 = CARTESIAN_POINT('',(0.,-0.));
#8224 = VECTOR('',#8225,1.);
#8225 = DIRECTION('',(0.,1.));
#8226 = ( GEOMETRIC_REPRESENTATION_CONTEXT(2) 
PARAMETRIC_REPRESENTATION_CONTEXT() REPRESENTATION_CONTEXT('2D SPACE',''
  ) );
#8227 = ORIENTED_EDGE('',*,*,#2939,.T.);
#8228 = ORIENTED_EDGE('',*,*,#8207,.T.);
#8229 = ADVANCED_FACE('',(#8230),#2139,.F.);
#8230 = FACE_BOUND('',#8231,.F.);
#8231 = EDGE_LOOP('',(#8232,#8233,#8254,#8255));
#8232 = ORIENTED_EDGE('',*,*,#2122,.F.);
#8233 = ORIENTED_EDGE('',*,*,#8234,.F.);
#8234 = EDGE_CURVE('',#2966,#2123,#8235,.T.);
#8235 = SEAM_CURVE('',#8236,(#8240,#8247),.PCURVE_S1.);
#8236 = LINE('',#8237,#8238);
#8237 = CARTESIAN_POINT('',(-74.,-14.,54.3));
#8238 = VECTOR('',#8239,1.);
#8239 = DIRECTION('',(1.,0.,2.22044604925E-16));
#8240 = PCURVE('',#2139,#8241);
#8241 = DEFINITIONAL_REPRESENTATION('',(#8242),#8246);
#8242 = LINE('',#8243,#8244);
#8243 = CARTESIAN_POINT('',(6.28318530718,-0.));
#8244 = VECTOR('',#8245,1.);
#8245 = DIRECTION('',(0.,1.));
#8246 = ( GEOMETRIC_REPRESENTATION_CONTEXT(2) 
PARAMETRIC_REPRESENTATION_CONTEXT() REPRESENTATION_CONTEXT('2D SPACE',''
  ) );
#8247 = PCURVE('',#2139,#8248);
#8248 = DEFINITIONAL_REPRESENTATION('',(#8249),#8253);
#8249 = LINE('',#8250,#8251);
#8250 = CARTESIAN_POINT('',(0.,-0.));
#8251 = VECTOR('',#8252,1.);
#8252 = DIRECTION('',(0.,1.));
#8253 = ( GEOMETRIC_REPRESENTATION_CONTEXT(2) 
PARAMETRIC_REPRESENTATION_CONTEXT() REPRESENTATION_CONTEXT('2D SPACE',''
  ) );
#8254 = ORIENTED_EDGE('',*,*,#2965,.T.);
#8255 = ORIENTED_EDGE('',*,*,#8234,.T.);
#8256 = ADVANCED_FACE('',(#8257),#2170,.F.);
#8257 = FACE_BOUND('',#8258,.F.);
#8258 = EDGE_LOOP('',(#8259,#8260,#8281,#8282));
#8259 = ORIENTED_EDGE('',*,*,#2153,.F.);
#8260 = ORIENTED_EDGE('',*,*,#8261,.F.);
#8261 = EDGE_CURVE('',#2992,#2154,#8262,.T.);
#8262 = SEAM_CURVE('',#8263,(#8267,#8274),.PCURVE_S1.);
#8263 = LINE('',#8264,#8265);
#8264 = CARTESIAN_POINT('',(-74.,-31.25,55.1));
#8265 = VECTOR('',#8266,1.);
#8266 = DIRECTION('',(1.,0.,2.22044604925E-16));
#8267 = PCURVE('',#2170,#8268);
#8268 = DEFINITIONAL_REPRESENTATION('',(#8269),#8273);
#8269 = LINE('',#8270,#8271);
#8270 = CARTESIAN_POINT('',(6.28318530718,-0.));
#8271 = VECTOR('',#8272,1.);
#8272 = DIRECTION('',(0.,1.));
#8273 = ( GEOMETRIC_REPRESENTATION_CONTEXT(2) 
PARAMETRIC_REPRESENTATION_CONTEXT() REPRESENTATION_CONTEXT('2D SPACE',''
  ) );
#8274 = PCURVE('',#2170,#8275);
#8275 = DEFINITIONAL_REPRESENTATION('',(#8276),#8280);
#8276 = LINE('',#8277,#8278);
#8277 = CARTESIAN_POINT('',(0.,-0.));
#8278 = VECTOR('',#8279,1.);
#8279 = DIRECTION('',(0.,1.));
#8280 = ( GEOMETRIC_REPRESENTATION_CONTEXT(2) 
PARAMETRIC_REPRESENTATION_CONTEXT() REPRESENTATION_CONTEXT('2D SPACE',''
  ) );
#8281 = ORIENTED_EDGE('',*,*,#2991,.T.);
#8282 = ORIENTED_EDGE('',*,*,#8261,.T.);
#8283 = ADVANCED_FACE('',(#8284),#2201,.F.);
#8284 = FACE_BOUND('',#8285,.F.);
#8285 = EDGE_LOOP('',(#8286,#8287,#8308,#8309));
#8286 = ORIENTED_EDGE('',*,*,#2184,.F.);
#8287 = ORIENTED_EDGE('',*,*,#8288,.F.);
#8288 = EDGE_CURVE('',#3018,#2185,#8289,.T.);
#8289 = SEAM_CURVE('',#8290,(#8294,#8301),.PCURVE_S1.);
#8290 = LINE('',#8291,#8292);
#8291 = CARTESIAN_POINT('',(-74.,-14.,66.3));
#8292 = VECTOR('',#8293,1.);
#8293 = DIRECTION('',(1.,0.,2.22044604925E-16));
#8294 = PCURVE('',#2201,#8295);
#8295 = DEFINITIONAL_REPRESENTATION('',(#8296),#8300);
#8296 = LINE('',#8297,#8298);
#8297 = CARTESIAN_POINT('',(6.28318530718,-0.));
#8298 = VECTOR('',#8299,1.);
#8299 = DIRECTION('',(0.,1.));
#8300 = ( GEOMETRIC_REPRESENTATION_CONTEXT(2) 
PARAMETRIC_REPRESENTATION_CONTEXT() REPRESENTATION_CONTEXT('2D SPACE',''
  ) );
#8301 = PCURVE('',#2201,#8302);
#8302 = DEFINITIONAL_REPRESENTATION('',(#8303),#8307);
#8303 = LINE('',#8304,#8305);
#8304 = CARTESIAN_POINT('',(0.,-0.));
#8305 = VECTOR('',#8306,1.);
#8306 = DIRECTION('',(0.,1.));
#8307 = ( GEOMETRIC_REPRESENTATION_CONTEXT(2) 
PARAMETRIC_REPRESENTATION_CONTEXT() REPRESENTATION_CONTEXT('2D SPACE',''
  ) );
#8308 = ORIENTED_EDGE('',*,*,#3017,.T.);
#8309 = ORIENTED_EDGE('',*,*,#8288,.T.);
#8310 = ADVANCED_FACE('',(#8311),#2232,.F.);
#8311 = FACE_BOUND('',#8312,.F.);
#8312 = EDGE_LOOP('',(#8313,#8314,#8335,#8336));
#8313 = ORIENTED_EDGE('',*,*,#2215,.F.);
#8314 = ORIENTED_EDGE('',*,*,#8315,.F.);
#8315 = EDGE_CURVE('',#3044,#2216,#8316,.T.);
#8316 = SEAM_CURVE('',#8317,(#8321,#8328),.PCURVE_S1.);
#8317 = LINE('',#8318,#8319);
#8318 = CARTESIAN_POINT('',(-74.,-31.25,65.9));
#8319 = VECTOR('',#8320,1.);
#8320 = DIRECTION('',(1.,0.,2.22044604925E-16));
#8321 = PCURVE('',#2232,#8322);
#8322 = DEFINITIONAL_REPRESENTATION('',(#8323),#8327);
#8323 = LINE('',#8324,#8325);
#8324 = CARTESIAN_POINT('',(6.28318530718,-0.));
#8325 = VECTOR('',#8326,1.);
#8326 = DIRECTION('',(0.,1.));
#8327 = ( GEOMETRIC_REPRESENTATION_CONTEXT(2) 
PARAMETRIC_REPRESENTATION_CONTEXT() REPRESENTATION_CONTEXT('2D SPACE',''
  ) );
#8328 = PCURVE('',#2232,#8329);
#8329 = DEFINITIONAL_REPRESENTATION('',(#8330),#8334);
#8330 = LINE('',#8331,#8332);
#8331 = CARTESIAN_POINT('',(0.,-0.));
#8332 = VECTOR('',#8333,1.);
#8333 = DIRECTION('',(0.,1.));
#8334 = ( GEOMETRIC_REPRESENTATION_CONTEXT(2) 
PARAMETRIC_REPRESENTATION_CONTEXT() REPRESENTATION_CONTEXT('2D SPACE',''
  ) );
#8335 = ORIENTED_EDGE('',*,*,#3043,.T.);
#8336 = ORIENTED_EDGE('',*,*,#8315,.T.);
#8337 = ADVANCED_FACE('',(#8338,#8344,#8375),#2286,.T.);
#8338 = FACE_BOUND('',#8339,.T.);
#8339 = EDGE_LOOP('',(#8340,#8341,#8342,#8343));
#8340 = ORIENTED_EDGE('',*,*,#2695,.F.);
#8341 = ORIENTED_EDGE('',*,*,#2438,.F.);
#8342 = ORIENTED_EDGE('',*,*,#2270,.T.);
#8343 = ORIENTED_EDGE('',*,*,#2836,.T.);
#8344 = FACE_BOUND('',#8345,.T.);
#8345 = EDGE_LOOP('',(#8346));
#8346 = ORIENTED_EDGE('',*,*,#8347,.F.);
#8347 = EDGE_CURVE('',#8348,#8348,#8350,.T.);
#8348 = VERTEX_POINT('',#8349);
#8349 = CARTESIAN_POINT('',(-77.175,-26.25,48.));
#8350 = SURFACE_CURVE('',#8351,(#8356,#8363),.PCURVE_S1.);
#8351 = CIRCLE('',#8352,3.5);
#8352 = AXIS2_PLACEMENT_3D('',#8353,#8354,#8355);
#8353 = CARTESIAN_POINT('',(-80.675,-26.25,48.));
#8354 = DIRECTION('',(0.,0.,1.));
#8355 = DIRECTION('',(1.,0.,0.));
#8356 = PCURVE('',#2286,#8357);
#8357 = DEFINITIONAL_REPRESENTATION('',(#8358),#8362);
#8358 = CIRCLE('',#8359,3.5);
#8359 = AXIS2_PLACEMENT_2D('',#8360,#8361);
#8360 = CARTESIAN_POINT('',(156.325,9.75));
#8361 = DIRECTION('',(1.,0.));
#8362 = ( GEOMETRIC_REPRESENTATION_CONTEXT(2) 
PARAMETRIC_REPRESENTATION_CONTEXT() REPRESENTATION_CONTEXT('2D SPACE',''
  ) );
#8363 = PCURVE('',#8364,#8369);
#8364 = CYLINDRICAL_SURFACE('',#8365,3.5);
#8365 = AXIS2_PLACEMENT_3D('',#8366,#8367,#8368);
#8366 = CARTESIAN_POINT('',(-80.675,-26.25,48.));
#8367 = DIRECTION('',(0.,0.,1.));
#8368 = DIRECTION('',(1.,0.,0.));
#8369 = DEFINITIONAL_REPRESENTATION('',(#8370),#8374);
#8370 = LINE('',#8371,#8372);
#8371 = CARTESIAN_POINT('',(0.,0.));
#8372 = VECTOR('',#8373,1.);
#8373 = DIRECTION('',(1.,0.));
#8374 = ( GEOMETRIC_REPRESENTATION_CONTEXT(2) 
PARAMETRIC_REPRESENTATION_CONTEXT() REPRESENTATION_CONTEXT('2D SPACE',''
  ) );
#8375 = FACE_BOUND('',#8376,.T.);
#8376 = EDGE_LOOP('',(#8377));
#8377 = ORIENTED_EDGE('',*,*,#8378,.F.);
#8378 = EDGE_CURVE('',#8379,#8379,#8381,.T.);
#8379 = VERTEX_POINT('',#8380);
#8380 = CARTESIAN_POINT('',(-77.175,26.25,48.));
#8381 = SURFACE_CURVE('',#8382,(#8387,#8394),.PCURVE_S1.);
#8382 = CIRCLE('',#8383,3.5);
#8383 = AXIS2_PLACEMENT_3D('',#8384,#8385,#8386);
#8384 = CARTESIAN_POINT('',(-80.675,26.25,48.));
#8385 = DIRECTION('',(0.,0.,1.));
#8386 = DIRECTION('',(1.,0.,0.));
#8387 = PCURVE('',#2286,#8388);
#8388 = DEFINITIONAL_REPRESENTATION('',(#8389),#8393);
#8389 = CIRCLE('',#8390,3.5);
#8390 = AXIS2_PLACEMENT_2D('',#8391,#8392);
#8391 = CARTESIAN_POINT('',(156.325,62.25));
#8392 = DIRECTION('',(1.,0.));
#8393 = ( GEOMETRIC_REPRESENTATION_CONTEXT(2) 
PARAMETRIC_REPRESENTATION_CONTEXT() REPRESENTATION_CONTEXT('2D SPACE',''
  ) );
#8394 = PCURVE('',#8395,#8400);
#8395 = CYLINDRICAL_SURFACE('',#8396,3.5);
#8396 = AXIS2_PLACEMENT_3D('',#8397,#8398,#8399);
#8397 = CARTESIAN_POINT('',(-80.675,26.25,48.));
#8398 = DIRECTION('',(0.,0.,1.));
#8399 = DIRECTION('',(1.,0.,0.));
#8400 = DEFINITIONAL_REPRESENTATION('',(#8401),#8405);
#8401 = LINE('',#8402,#8403);
#8402 = CARTESIAN_POINT('',(0.,0.));
#8403 = VECTOR('',#8404,1.);
#8404 = DIRECTION('',(1.,0.));
#8405 = ( GEOMETRIC_REPRESENTATION_CONTEXT(2) 
PARAMETRIC_REPRESENTATION_CONTEXT() REPRESENTATION_CONTEXT('2D SPACE',''
  ) );
#8406 = ADVANCED_FACE('',(#8407,#8482),#2340,.T.);
#8407 = FACE_BOUND('',#8408,.T.);
#8408 = EDGE_LOOP('',(#8409,#8432,#8433,#8456));
#8409 = ORIENTED_EDGE('',*,*,#8410,.F.);
#8410 = EDGE_CURVE('',#2323,#8411,#8413,.T.);
#8411 = VERTEX_POINT('',#8412);
#8412 = CARTESIAN_POINT('',(-90.425,-21.75,72.7));
#8413 = SURFACE_CURVE('',#8414,(#8418,#8425),.PCURVE_S1.);
#8414 = LINE('',#8415,#8416);
#8415 = CARTESIAN_POINT('',(-90.425,-36.,72.7));
#8416 = VECTOR('',#8417,1.);
#8417 = DIRECTION('',(0.,1.,0.));
#8418 = PCURVE('',#2340,#8419);
#8419 = DEFINITIONAL_REPRESENTATION('',(#8420),#8424);
#8420 = LINE('',#8421,#8422);
#8421 = CARTESIAN_POINT('',(0.,0.));
#8422 = VECTOR('',#8423,1.);
#8423 = DIRECTION('',(0.,1.));
#8424 = ( GEOMETRIC_REPRESENTATION_CONTEXT(2) 
PARAMETRIC_REPRESENTATION_CONTEXT() REPRESENTATION_CONTEXT('2D SPACE',''
  ) );
#8425 = PCURVE('',#2368,#8426);
#8426 = DEFINITIONAL_REPRESENTATION('',(#8427),#8431);
#8427 = LINE('',#8428,#8429);
#8428 = CARTESIAN_POINT('',(3.,0.));
#8429 = VECTOR('',#8430,1.);
#8430 = DIRECTION('',(0.,-1.));
#8431 = ( GEOMETRIC_REPRESENTATION_CONTEXT(2) 
PARAMETRIC_REPRESENTATION_CONTEXT() REPRESENTATION_CONTEXT('2D SPACE',''
  ) );
#8432 = ORIENTED_EDGE('',*,*,#2322,.T.);
#8433 = ORIENTED_EDGE('',*,*,#8434,.T.);
#8434 = EDGE_CURVE('',#2325,#8435,#8437,.T.);
#8435 = VERTEX_POINT('',#8436);
#8436 = CARTESIAN_POINT('',(-81.425,-21.75,72.7));
#8437 = SURFACE_CURVE('',#8438,(#8442,#8449),.PCURVE_S1.);
#8438 = LINE('',#8439,#8440);
#8439 = CARTESIAN_POINT('',(-81.425,-36.,72.7));
#8440 = VECTOR('',#8441,1.);
#8441 = DIRECTION('',(0.,1.,0.));
#8442 = PCURVE('',#2340,#8443);
#8443 = DEFINITIONAL_REPRESENTATION('',(#8444),#8448);
#8444 = LINE('',#8445,#8446);
#8445 = CARTESIAN_POINT('',(9.,0.));
#8446 = VECTOR('',#8447,1.);
#8447 = DIRECTION('',(0.,1.));
#8448 = ( GEOMETRIC_REPRESENTATION_CONTEXT(2) 
PARAMETRIC_REPRESENTATION_CONTEXT() REPRESENTATION_CONTEXT('2D SPACE',''
  ) );
#8449 = PCURVE('',#2422,#8450);
#8450 = DEFINITIONAL_REPRESENTATION('',(#8451),#8455);
#8451 = LINE('',#8452,#8453);
#8452 = CARTESIAN_POINT('',(3.,0.));
#8453 = VECTOR('',#8454,1.);
#8454 = DIRECTION('',(0.,-1.));
#8455 = ( GEOMETRIC_REPRESENTATION_CONTEXT(2) 
PARAMETRIC_REPRESENTATION_CONTEXT() REPRESENTATION_CONTEXT('2D SPACE',''
  ) );
#8456 = ORIENTED_EDGE('',*,*,#8457,.F.);
#8457 = EDGE_CURVE('',#8411,#8435,#8458,.T.);
#8458 = SURFACE_CURVE('',#8459,(#8463,#8470),.PCURVE_S1.);
#8459 = LINE('',#8460,#8461);
#8460 = CARTESIAN_POINT('',(-90.425,-21.75,72.7));
#8461 = VECTOR('',#8462,1.);
#8462 = DIRECTION('',(1.,0.,0.));
#8463 = PCURVE('',#2340,#8464);
#8464 = DEFINITIONAL_REPRESENTATION('',(#8465),#8469);
#8465 = LINE('',#8466,#8467);
#8466 = CARTESIAN_POINT('',(0.,14.25));
#8467 = VECTOR('',#8468,1.);
#8468 = DIRECTION('',(1.,0.));
#8469 = ( GEOMETRIC_REPRESENTATION_CONTEXT(2) 
PARAMETRIC_REPRESENTATION_CONTEXT() REPRESENTATION_CONTEXT('2D SPACE',''
  ) );
#8470 = PCURVE('',#8471,#8476);
#8471 = PLANE('',#8472);
#8472 = AXIS2_PLACEMENT_3D('',#8473,#8474,#8475);
#8473 = CARTESIAN_POINT('',(-90.425,-21.75,69.7));
#8474 = DIRECTION('',(0.,1.,0.));
#8475 = DIRECTION('',(0.,0.,1.));
#8476 = DEFINITIONAL_REPRESENTATION('',(#8477),#8481);
#8477 = LINE('',#8478,#8479);
#8478 = CARTESIAN_POINT('',(3.,0.));
#8479 = VECTOR('',#8480,1.);
#8480 = DIRECTION('',(0.,1.));
#8481 = ( GEOMETRIC_REPRESENTATION_CONTEXT(2) 
PARAMETRIC_REPRESENTATION_CONTEXT() REPRESENTATION_CONTEXT('2D SPACE',''
  ) );
#8482 = FACE_BOUND('',#8483,.T.);
#8483 = EDGE_LOOP('',(#8484));
#8484 = ORIENTED_EDGE('',*,*,#8485,.F.);
#8485 = EDGE_CURVE('',#8486,#8486,#8488,.T.);
#8486 = VERTEX_POINT('',#8487);
#8487 = CARTESIAN_POINT('',(-84.425,-26.25,72.7));
#8488 = SURFACE_CURVE('',#8489,(#8494,#8501),.PCURVE_S1.);
#8489 = CIRCLE('',#8490,1.5);
#8490 = AXIS2_PLACEMENT_3D('',#8491,#8492,#8493);
#8491 = CARTESIAN_POINT('',(-85.925,-26.25,72.7));
#8492 = DIRECTION('',(0.,0.,1.));
#8493 = DIRECTION('',(1.,0.,-0.));
#8494 = PCURVE('',#2340,#8495);
#8495 = DEFINITIONAL_REPRESENTATION('',(#8496),#8500);
#8496 = CIRCLE('',#8497,1.5);
#8497 = AXIS2_PLACEMENT_2D('',#8498,#8499);
#8498 = CARTESIAN_POINT('',(4.5,9.75));
#8499 = DIRECTION('',(1.,0.));
#8500 = ( GEOMETRIC_REPRESENTATION_CONTEXT(2) 
PARAMETRIC_REPRESENTATION_CONTEXT() REPRESENTATION_CONTEXT('2D SPACE',''
  ) );
#8501 = PCURVE('',#8502,#8507);
#8502 = CYLINDRICAL_SURFACE('',#8503,1.5);
#8503 = AXIS2_PLACEMENT_3D('',#8504,#8505,#8506);
#8504 = CARTESIAN_POINT('',(-85.925,-26.25,67.4));
#8505 = DIRECTION('',(0.,0.,1.));
#8506 = DIRECTION('',(1.,0.,0.));
#8507 = DEFINITIONAL_REPRESENTATION('',(#8508),#8512);
#8508 = LINE('',#8509,#8510);
#8509 = CARTESIAN_POINT('',(0.,5.3));
#8510 = VECTOR('',#8511,1.);
#8511 = DIRECTION('',(1.,0.));
#8512 = ( GEOMETRIC_REPRESENTATION_CONTEXT(2) 
PARAMETRIC_REPRESENTATION_CONTEXT() REPRESENTATION_CONTEXT('2D SPACE',''
  ) );
#8513 = ADVANCED_FACE('',(#8514),#2422,.T.);
#8514 = FACE_BOUND('',#8515,.T.);
#8515 = EDGE_LOOP('',(#8516,#8517,#8540,#8561));
#8516 = ORIENTED_EDGE('',*,*,#2408,.F.);
#8517 = ORIENTED_EDGE('',*,*,#8518,.T.);
#8518 = EDGE_CURVE('',#2381,#8519,#8521,.T.);
#8519 = VERTEX_POINT('',#8520);
#8520 = CARTESIAN_POINT('',(-81.425,-21.75,69.7));
#8521 = SURFACE_CURVE('',#8522,(#8526,#8533),.PCURVE_S1.);
#8522 = LINE('',#8523,#8524);
#8523 = CARTESIAN_POINT('',(-81.425,-36.,69.7));
#8524 = VECTOR('',#8525,1.);
#8525 = DIRECTION('',(0.,1.,0.));
#8526 = PCURVE('',#2422,#8527);
#8527 = DEFINITIONAL_REPRESENTATION('',(#8528),#8532);
#8528 = LINE('',#8529,#8530);
#8529 = CARTESIAN_POINT('',(0.,0.));
#8530 = VECTOR('',#8531,1.);
#8531 = DIRECTION('',(0.,-1.));
#8532 = ( GEOMETRIC_REPRESENTATION_CONTEXT(2) 
PARAMETRIC_REPRESENTATION_CONTEXT() REPRESENTATION_CONTEXT('2D SPACE',''
  ) );
#8533 = PCURVE('',#2396,#8534);
#8534 = DEFINITIONAL_REPRESENTATION('',(#8535),#8539);
#8535 = LINE('',#8536,#8537);
#8536 = CARTESIAN_POINT('',(9.,0.));
#8537 = VECTOR('',#8538,1.);
#8538 = DIRECTION('',(0.,1.));
#8539 = ( GEOMETRIC_REPRESENTATION_CONTEXT(2) 
PARAMETRIC_REPRESENTATION_CONTEXT() REPRESENTATION_CONTEXT('2D SPACE',''
  ) );
#8540 = ORIENTED_EDGE('',*,*,#8541,.T.);
#8541 = EDGE_CURVE('',#8519,#8435,#8542,.T.);
#8542 = SURFACE_CURVE('',#8543,(#8547,#8554),.PCURVE_S1.);
#8543 = LINE('',#8544,#8545);
#8544 = CARTESIAN_POINT('',(-81.425,-21.75,69.7));
#8545 = VECTOR('',#8546,1.);
#8546 = DIRECTION('',(0.,0.,1.));
#8547 = PCURVE('',#2422,#8548);
#8548 = DEFINITIONAL_REPRESENTATION('',(#8549),#8553);
#8549 = LINE('',#8550,#8551);
#8550 = CARTESIAN_POINT('',(0.,-14.25));
#8551 = VECTOR('',#8552,1.);
#8552 = DIRECTION('',(1.,0.));
#8553 = ( GEOMETRIC_REPRESENTATION_CONTEXT(2) 
PARAMETRIC_REPRESENTATION_CONTEXT() REPRESENTATION_CONTEXT('2D SPACE',''
  ) );
#8554 = PCURVE('',#8471,#8555);
#8555 = DEFINITIONAL_REPRESENTATION('',(#8556),#8560);
#8556 = LINE('',#8557,#8558);
#8557 = CARTESIAN_POINT('',(0.,9.));
#8558 = VECTOR('',#8559,1.);
#8559 = DIRECTION('',(1.,0.));
#8560 = ( GEOMETRIC_REPRESENTATION_CONTEXT(2) 
PARAMETRIC_REPRESENTATION_CONTEXT() REPRESENTATION_CONTEXT('2D SPACE',''
  ) );
#8561 = ORIENTED_EDGE('',*,*,#8434,.F.);
#8562 = ADVANCED_FACE('',(#8563,#8611),#2396,.F.);
#8563 = FACE_BOUND('',#8564,.F.);
#8564 = EDGE_LOOP('',(#8565,#8588,#8589,#8590));
#8565 = ORIENTED_EDGE('',*,*,#8566,.F.);
#8566 = EDGE_CURVE('',#2353,#8567,#8569,.T.);
#8567 = VERTEX_POINT('',#8568);
#8568 = CARTESIAN_POINT('',(-90.425,-21.75,69.7));
#8569 = SURFACE_CURVE('',#8570,(#8574,#8581),.PCURVE_S1.);
#8570 = LINE('',#8571,#8572);
#8571 = CARTESIAN_POINT('',(-90.425,-36.,69.7));
#8572 = VECTOR('',#8573,1.);
#8573 = DIRECTION('',(0.,1.,0.));
#8574 = PCURVE('',#2396,#8575);
#8575 = DEFINITIONAL_REPRESENTATION('',(#8576),#8580);
#8576 = LINE('',#8577,#8578);
#8577 = CARTESIAN_POINT('',(0.,0.));
#8578 = VECTOR('',#8579,1.);
#8579 = DIRECTION('',(0.,1.));
#8580 = ( GEOMETRIC_REPRESENTATION_CONTEXT(2) 
PARAMETRIC_REPRESENTATION_CONTEXT() REPRESENTATION_CONTEXT('2D SPACE',''
  ) );
#8581 = PCURVE('',#2368,#8582);
#8582 = DEFINITIONAL_REPRESENTATION('',(#8583),#8587);
#8583 = LINE('',#8584,#8585);
#8584 = CARTESIAN_POINT('',(0.,0.));
#8585 = VECTOR('',#8586,1.);
#8586 = DIRECTION('',(0.,-1.));
#8587 = ( GEOMETRIC_REPRESENTATION_CONTEXT(2) 
PARAMETRIC_REPRESENTATION_CONTEXT() REPRESENTATION_CONTEXT('2D SPACE',''
  ) );
#8588 = ORIENTED_EDGE('',*,*,#2380,.T.);
#8589 = ORIENTED_EDGE('',*,*,#8518,.T.);
#8590 = ORIENTED_EDGE('',*,*,#8591,.F.);
#8591 = EDGE_CURVE('',#8567,#8519,#8592,.T.);
#8592 = SURFACE_CURVE('',#8593,(#8597,#8604),.PCURVE_S1.);
#8593 = LINE('',#8594,#8595);
#8594 = CARTESIAN_POINT('',(-90.425,-21.75,69.7));
#8595 = VECTOR('',#8596,1.);
#8596 = DIRECTION('',(1.,0.,0.));
#8597 = PCURVE('',#2396,#8598);
#8598 = DEFINITIONAL_REPRESENTATION('',(#8599),#8603);
#8599 = LINE('',#8600,#8601);
#8600 = CARTESIAN_POINT('',(0.,14.25));
#8601 = VECTOR('',#8602,1.);
#8602 = DIRECTION('',(1.,0.));
#8603 = ( GEOMETRIC_REPRESENTATION_CONTEXT(2) 
PARAMETRIC_REPRESENTATION_CONTEXT() REPRESENTATION_CONTEXT('2D SPACE',''
  ) );
#8604 = PCURVE('',#8471,#8605);
#8605 = DEFINITIONAL_REPRESENTATION('',(#8606),#8610);
#8606 = LINE('',#8607,#8608);
#8607 = CARTESIAN_POINT('',(0.,0.));
#8608 = VECTOR('',#8609,1.);
#8609 = DIRECTION('',(0.,1.));
#8610 = ( GEOMETRIC_REPRESENTATION_CONTEXT(2) 
PARAMETRIC_REPRESENTATION_CONTEXT() REPRESENTATION_CONTEXT('2D SPACE',''
  ) );
#8611 = FACE_BOUND('',#8612,.F.);
#8612 = EDGE_LOOP('',(#8613));
#8613 = ORIENTED_EDGE('',*,*,#8614,.F.);
#8614 = EDGE_CURVE('',#8615,#8615,#8617,.T.);
#8615 = VERTEX_POINT('',#8616);
#8616 = CARTESIAN_POINT('',(-84.425,-26.25,69.7));
#8617 = SURFACE_CURVE('',#8618,(#8623,#8630),.PCURVE_S1.);
#8618 = CIRCLE('',#8619,1.5);
#8619 = AXIS2_PLACEMENT_3D('',#8620,#8621,#8622);
#8620 = CARTESIAN_POINT('',(-85.925,-26.25,69.7));
#8621 = DIRECTION('',(0.,0.,1.));
#8622 = DIRECTION('',(1.,0.,-0.));
#8623 = PCURVE('',#2396,#8624);
#8624 = DEFINITIONAL_REPRESENTATION('',(#8625),#8629);
#8625 = CIRCLE('',#8626,1.5);
#8626 = AXIS2_PLACEMENT_2D('',#8627,#8628);
#8627 = CARTESIAN_POINT('',(4.5,9.75));
#8628 = DIRECTION('',(1.,0.));
#8629 = ( GEOMETRIC_REPRESENTATION_CONTEXT(2) 
PARAMETRIC_REPRESENTATION_CONTEXT() REPRESENTATION_CONTEXT('2D SPACE',''
  ) );
#8630 = PCURVE('',#8502,#8631);
#8631 = DEFINITIONAL_REPRESENTATION('',(#8632),#8636);
#8632 = LINE('',#8633,#8634);
#8633 = CARTESIAN_POINT('',(0.,2.3));
#8634 = VECTOR('',#8635,1.);
#8635 = DIRECTION('',(1.,0.));
#8636 = ( GEOMETRIC_REPRESENTATION_CONTEXT(2) 
PARAMETRIC_REPRESENTATION_CONTEXT() REPRESENTATION_CONTEXT('2D SPACE',''
  ) );
#8637 = ADVANCED_FACE('',(#8638),#2368,.F.);
#8638 = FACE_BOUND('',#8639,.F.);
#8639 = EDGE_LOOP('',(#8640,#8641,#8642,#8663));
#8640 = ORIENTED_EDGE('',*,*,#2352,.F.);
#8641 = ORIENTED_EDGE('',*,*,#8566,.T.);
#8642 = ORIENTED_EDGE('',*,*,#8643,.T.);
#8643 = EDGE_CURVE('',#8567,#8411,#8644,.T.);
#8644 = SURFACE_CURVE('',#8645,(#8649,#8656),.PCURVE_S1.);
#8645 = LINE('',#8646,#8647);
#8646 = CARTESIAN_POINT('',(-90.425,-21.75,69.7));
#8647 = VECTOR('',#8648,1.);
#8648 = DIRECTION('',(0.,0.,1.));
#8649 = PCURVE('',#2368,#8650);
#8650 = DEFINITIONAL_REPRESENTATION('',(#8651),#8655);
#8651 = LINE('',#8652,#8653);
#8652 = CARTESIAN_POINT('',(0.,-14.25));
#8653 = VECTOR('',#8654,1.);
#8654 = DIRECTION('',(1.,0.));
#8655 = ( GEOMETRIC_REPRESENTATION_CONTEXT(2) 
PARAMETRIC_REPRESENTATION_CONTEXT() REPRESENTATION_CONTEXT('2D SPACE',''
  ) );
#8656 = PCURVE('',#8471,#8657);
#8657 = DEFINITIONAL_REPRESENTATION('',(#8658),#8662);
#8658 = LINE('',#8659,#8660);
#8659 = CARTESIAN_POINT('',(0.,0.));
#8660 = VECTOR('',#8661,1.);
#8661 = DIRECTION('',(1.,0.));
#8662 = ( GEOMETRIC_REPRESENTATION_CONTEXT(2) 
PARAMETRIC_REPRESENTATION_CONTEXT() REPRESENTATION_CONTEXT('2D SPACE',''
  ) );
#8663 = ORIENTED_EDGE('',*,*,#8410,.F.);
#8664 = ADVANCED_FACE('',(#8665),#2502,.F.);
#8665 = FACE_BOUND('',#8666,.F.);
#8666 = EDGE_LOOP('',(#8667,#8668,#8691,#8718));
#8667 = ORIENTED_EDGE('',*,*,#2485,.F.);
#8668 = ORIENTED_EDGE('',*,*,#8669,.F.);
#8669 = EDGE_CURVE('',#8670,#2486,#8672,.T.);
#8670 = VERTEX_POINT('',#8671);
#8671 = CARTESIAN_POINT('',(-100.5,22.,59.));
#8672 = SEAM_CURVE('',#8673,(#8677,#8684),.PCURVE_S1.);
#8673 = LINE('',#8674,#8675);
#8674 = CARTESIAN_POINT('',(-100.5,22.,59.));
#8675 = VECTOR('',#8676,1.);
#8676 = DIRECTION('',(1.,0.,2.22044604925E-16));
#8677 = PCURVE('',#2502,#8678);
#8678 = DEFINITIONAL_REPRESENTATION('',(#8679),#8683);
#8679 = LINE('',#8680,#8681);
#8680 = CARTESIAN_POINT('',(6.28318530718,-0.));
#8681 = VECTOR('',#8682,1.);
#8682 = DIRECTION('',(0.,1.));
#8683 = ( GEOMETRIC_REPRESENTATION_CONTEXT(2) 
PARAMETRIC_REPRESENTATION_CONTEXT() REPRESENTATION_CONTEXT('2D SPACE',''
  ) );
#8684 = PCURVE('',#2502,#8685);
#8685 = DEFINITIONAL_REPRESENTATION('',(#8686),#8690);
#8686 = LINE('',#8687,#8688);
#8687 = CARTESIAN_POINT('',(0.,-0.));
#8688 = VECTOR('',#8689,1.);
#8689 = DIRECTION('',(0.,1.));
#8690 = ( GEOMETRIC_REPRESENTATION_CONTEXT(2) 
PARAMETRIC_REPRESENTATION_CONTEXT() REPRESENTATION_CONTEXT('2D SPACE',''
  ) );
#8691 = ORIENTED_EDGE('',*,*,#8692,.T.);
#8692 = EDGE_CURVE('',#8670,#8670,#8693,.T.);
#8693 = SURFACE_CURVE('',#8694,(#8699,#8706),.PCURVE_S1.);
#8694 = CIRCLE('',#8695,3.);
#8695 = AXIS2_PLACEMENT_3D('',#8696,#8697,#8698);
#8696 = CARTESIAN_POINT('',(-100.5,22.,62.));
#8697 = DIRECTION('',(1.,-0.,2.22044604925E-16));
#8698 = DIRECTION('',(2.22044604925E-16,0.,-1.));
#8699 = PCURVE('',#2502,#8700);
#8700 = DEFINITIONAL_REPRESENTATION('',(#8701),#8705);
#8701 = LINE('',#8702,#8703);
#8702 = CARTESIAN_POINT('',(0.,0.));
#8703 = VECTOR('',#8704,1.);
#8704 = DIRECTION('',(1.,0.));
#8705 = ( GEOMETRIC_REPRESENTATION_CONTEXT(2) 
PARAMETRIC_REPRESENTATION_CONTEXT() REPRESENTATION_CONTEXT('2D SPACE',''
  ) );
#8706 = PCURVE('',#8707,#8712);
#8707 = PLANE('',#8708);
#8708 = AXIS2_PLACEMENT_3D('',#8709,#8710,#8711);
#8709 = CARTESIAN_POINT('',(-100.5,22.,62.));
#8710 = DIRECTION('',(1.,0.,2.22044604925E-16));
#8711 = DIRECTION('',(2.22044604925E-16,0.,-1.));
#8712 = DEFINITIONAL_REPRESENTATION('',(#8713),#8717);
#8713 = CIRCLE('',#8714,3.);
#8714 = AXIS2_PLACEMENT_2D('',#8715,#8716);
#8715 = CARTESIAN_POINT('',(0.,0.));
#8716 = DIRECTION('',(1.,0.));
#8717 = ( GEOMETRIC_REPRESENTATION_CONTEXT(2) 
PARAMETRIC_REPRESENTATION_CONTEXT() REPRESENTATION_CONTEXT('2D SPACE',''
  ) );
#8718 = ORIENTED_EDGE('',*,*,#8669,.T.);
#8719 = ADVANCED_FACE('',(#8720),#2533,.F.);
#8720 = FACE_BOUND('',#8721,.F.);
#8721 = EDGE_LOOP('',(#8722,#8723,#8744,#8745));
#8722 = ORIENTED_EDGE('',*,*,#2516,.F.);
#8723 = ORIENTED_EDGE('',*,*,#8724,.F.);
#8724 = EDGE_CURVE('',#4100,#2517,#8725,.T.);
#8725 = SEAM_CURVE('',#8726,(#8730,#8737),.PCURVE_S1.);
#8726 = LINE('',#8727,#8728);
#8727 = CARTESIAN_POINT('',(-102.8,13.5,58.));
#8728 = VECTOR('',#8729,1.);
#8729 = DIRECTION('',(1.,0.,2.22044604925E-16));
#8730 = PCURVE('',#2533,#8731);
#8731 = DEFINITIONAL_REPRESENTATION('',(#8732),#8736);
#8732 = LINE('',#8733,#8734);
#8733 = CARTESIAN_POINT('',(6.28318530718,-0.));
#8734 = VECTOR('',#8735,1.);
#8735 = DIRECTION('',(0.,1.));
#8736 = ( GEOMETRIC_REPRESENTATION_CONTEXT(2) 
PARAMETRIC_REPRESENTATION_CONTEXT() REPRESENTATION_CONTEXT('2D SPACE',''
  ) );
#8737 = PCURVE('',#2533,#8738);
#8738 = DEFINITIONAL_REPRESENTATION('',(#8739),#8743);
#8739 = LINE('',#8740,#8741);
#8740 = CARTESIAN_POINT('',(0.,-0.));
#8741 = VECTOR('',#8742,1.);
#8742 = DIRECTION('',(0.,1.));
#8743 = ( GEOMETRIC_REPRESENTATION_CONTEXT(2) 
PARAMETRIC_REPRESENTATION_CONTEXT() REPRESENTATION_CONTEXT('2D SPACE',''
  ) );
#8744 = ORIENTED_EDGE('',*,*,#4099,.T.);
#8745 = ORIENTED_EDGE('',*,*,#8724,.T.);
#8746 = ADVANCED_FACE('',(#8747),#2564,.F.);
#8747 = FACE_BOUND('',#8748,.F.);
#8748 = EDGE_LOOP('',(#8749,#8750,#8773,#8800));
#8749 = ORIENTED_EDGE('',*,*,#2547,.F.);
#8750 = ORIENTED_EDGE('',*,*,#8751,.F.);
#8751 = EDGE_CURVE('',#8752,#2548,#8754,.T.);
#8752 = VERTEX_POINT('',#8753);
#8753 = CARTESIAN_POINT('',(-100.5,5.,59.));
#8754 = SEAM_CURVE('',#8755,(#8759,#8766),.PCURVE_S1.);
#8755 = LINE('',#8756,#8757);
#8756 = CARTESIAN_POINT('',(-100.5,5.,59.));
#8757 = VECTOR('',#8758,1.);
#8758 = DIRECTION('',(1.,0.,2.22044604925E-16));
#8759 = PCURVE('',#2564,#8760);
#8760 = DEFINITIONAL_REPRESENTATION('',(#8761),#8765);
#8761 = LINE('',#8762,#8763);
#8762 = CARTESIAN_POINT('',(6.28318530718,-0.));
#8763 = VECTOR('',#8764,1.);
#8764 = DIRECTION('',(0.,1.));
#8765 = ( GEOMETRIC_REPRESENTATION_CONTEXT(2) 
PARAMETRIC_REPRESENTATION_CONTEXT() REPRESENTATION_CONTEXT('2D SPACE',''
  ) );
#8766 = PCURVE('',#2564,#8767);
#8767 = DEFINITIONAL_REPRESENTATION('',(#8768),#8772);
#8768 = LINE('',#8769,#8770);
#8769 = CARTESIAN_POINT('',(0.,-0.));
#8770 = VECTOR('',#8771,1.);
#8771 = DIRECTION('',(0.,1.));
#8772 = ( GEOMETRIC_REPRESENTATION_CONTEXT(2) 
PARAMETRIC_REPRESENTATION_CONTEXT() REPRESENTATION_CONTEXT('2D SPACE',''
  ) );
#8773 = ORIENTED_EDGE('',*,*,#8774,.T.);
#8774 = EDGE_CURVE('',#8752,#8752,#8775,.T.);
#8775 = SURFACE_CURVE('',#8776,(#8781,#8788),.PCURVE_S1.);
#8776 = CIRCLE('',#8777,3.);
#8777 = AXIS2_PLACEMENT_3D('',#8778,#8779,#8780);
#8778 = CARTESIAN_POINT('',(-100.5,5.,62.));
#8779 = DIRECTION('',(1.,-0.,2.22044604925E-16));
#8780 = DIRECTION('',(2.22044604925E-16,0.,-1.));
#8781 = PCURVE('',#2564,#8782);
#8782 = DEFINITIONAL_REPRESENTATION('',(#8783),#8787);
#8783 = LINE('',#8784,#8785);
#8784 = CARTESIAN_POINT('',(0.,0.));
#8785 = VECTOR('',#8786,1.);
#8786 = DIRECTION('',(1.,0.));
#8787 = ( GEOMETRIC_REPRESENTATION_CONTEXT(2) 
PARAMETRIC_REPRESENTATION_CONTEXT() REPRESENTATION_CONTEXT('2D SPACE',''
  ) );
#8788 = PCURVE('',#8789,#8794);
#8789 = PLANE('',#8790);
#8790 = AXIS2_PLACEMENT_3D('',#8791,#8792,#8793);
#8791 = CARTESIAN_POINT('',(-100.5,5.,62.));
#8792 = DIRECTION('',(1.,0.,2.22044604925E-16));
#8793 = DIRECTION('',(2.22044604925E-16,0.,-1.));
#8794 = DEFINITIONAL_REPRESENTATION('',(#8795),#8799);
#8795 = CIRCLE('',#8796,3.);
#8796 = AXIS2_PLACEMENT_2D('',#8797,#8798);
#8797 = CARTESIAN_POINT('',(0.,0.));
#8798 = DIRECTION('',(1.,0.));
#8799 = ( GEOMETRIC_REPRESENTATION_CONTEXT(2) 
PARAMETRIC_REPRESENTATION_CONTEXT() REPRESENTATION_CONTEXT('2D SPACE',''
  ) );
#8800 = ORIENTED_EDGE('',*,*,#8751,.T.);
#8801 = ADVANCED_FACE('',(#8802),#2595,.F.);
#8802 = FACE_BOUND('',#8803,.F.);
#8803 = EDGE_LOOP('',(#8804,#8805,#8828,#8855));
#8804 = ORIENTED_EDGE('',*,*,#2578,.F.);
#8805 = ORIENTED_EDGE('',*,*,#8806,.F.);
#8806 = EDGE_CURVE('',#8807,#2579,#8809,.T.);
#8807 = VERTEX_POINT('',#8808);
#8808 = CARTESIAN_POINT('',(-100.5,-5.,59.));
#8809 = SEAM_CURVE('',#8810,(#8814,#8821),.PCURVE_S1.);
#8810 = LINE('',#8811,#8812);
#8811 = CARTESIAN_POINT('',(-100.5,-5.,59.));
#8812 = VECTOR('',#8813,1.);
#8813 = DIRECTION('',(1.,0.,2.22044604925E-16));
#8814 = PCURVE('',#2595,#8815);
#8815 = DEFINITIONAL_REPRESENTATION('',(#8816),#8820);
#8816 = LINE('',#8817,#8818);
#8817 = CARTESIAN_POINT('',(6.28318530718,-0.));
#8818 = VECTOR('',#8819,1.);
#8819 = DIRECTION('',(0.,1.));
#8820 = ( GEOMETRIC_REPRESENTATION_CONTEXT(2) 
PARAMETRIC_REPRESENTATION_CONTEXT() REPRESENTATION_CONTEXT('2D SPACE',''
  ) );
#8821 = PCURVE('',#2595,#8822);
#8822 = DEFINITIONAL_REPRESENTATION('',(#8823),#8827);
#8823 = LINE('',#8824,#8825);
#8824 = CARTESIAN_POINT('',(0.,-0.));
#8825 = VECTOR('',#8826,1.);
#8826 = DIRECTION('',(0.,1.));
#8827 = ( GEOMETRIC_REPRESENTATION_CONTEXT(2) 
PARAMETRIC_REPRESENTATION_CONTEXT() REPRESENTATION_CONTEXT('2D SPACE',''
  ) );
#8828 = ORIENTED_EDGE('',*,*,#8829,.T.);
#8829 = EDGE_CURVE('',#8807,#8807,#8830,.T.);
#8830 = SURFACE_CURVE('',#8831,(#8836,#8843),.PCURVE_S1.);
#8831 = CIRCLE('',#8832,3.);
#8832 = AXIS2_PLACEMENT_3D('',#8833,#8834,#8835);
#8833 = CARTESIAN_POINT('',(-100.5,-5.,62.));
#8834 = DIRECTION('',(1.,-0.,2.22044604925E-16));
#8835 = DIRECTION('',(2.22044604925E-16,0.,-1.));
#8836 = PCURVE('',#2595,#8837);
#8837 = DEFINITIONAL_REPRESENTATION('',(#8838),#8842);
#8838 = LINE('',#8839,#8840);
#8839 = CARTESIAN_POINT('',(0.,0.));
#8840 = VECTOR('',#8841,1.);
#8841 = DIRECTION('',(1.,0.));
#8842 = ( GEOMETRIC_REPRESENTATION_CONTEXT(2) 
PARAMETRIC_REPRESENTATION_CONTEXT() REPRESENTATION_CONTEXT('2D SPACE',''
  ) );
#8843 = PCURVE('',#8844,#8849);
#8844 = PLANE('',#8845);
#8845 = AXIS2_PLACEMENT_3D('',#8846,#8847,#8848);
#8846 = CARTESIAN_POINT('',(-100.5,-5.,62.));
#8847 = DIRECTION('',(1.,0.,2.22044604925E-16));
#8848 = DIRECTION('',(2.22044604925E-16,0.,-1.));
#8849 = DEFINITIONAL_REPRESENTATION('',(#8850),#8854);
#8850 = CIRCLE('',#8851,3.);
#8851 = AXIS2_PLACEMENT_2D('',#8852,#8853);
#8852 = CARTESIAN_POINT('',(0.,0.));
#8853 = DIRECTION('',(1.,0.));
#8854 = ( GEOMETRIC_REPRESENTATION_CONTEXT(2) 
PARAMETRIC_REPRESENTATION_CONTEXT() REPRESENTATION_CONTEXT('2D SPACE',''
  ) );
#8855 = ORIENTED_EDGE('',*,*,#8806,.T.);
#8856 = ADVANCED_FACE('',(#8857),#2626,.F.);
#8857 = FACE_BOUND('',#8858,.F.);
#8858 = EDGE_LOOP('',(#8859,#8860,#8881,#8882));
#8859 = ORIENTED_EDGE('',*,*,#2609,.F.);
#8860 = ORIENTED_EDGE('',*,*,#8861,.F.);
#8861 = EDGE_CURVE('',#4188,#2610,#8862,.T.);
#8862 = SEAM_CURVE('',#8863,(#8867,#8874),.PCURVE_S1.);
#8863 = LINE('',#8864,#8865);
#8864 = CARTESIAN_POINT('',(-102.8,-13.5,58.));
#8865 = VECTOR('',#8866,1.);
#8866 = DIRECTION('',(1.,0.,2.22044604925E-16));
#8867 = PCURVE('',#2626,#8868);
#8868 = DEFINITIONAL_REPRESENTATION('',(#8869),#8873);
#8869 = LINE('',#8870,#8871);
#8870 = CARTESIAN_POINT('',(6.28318530718,-0.));
#8871 = VECTOR('',#8872,1.);
#8872 = DIRECTION('',(0.,1.));
#8873 = ( GEOMETRIC_REPRESENTATION_CONTEXT(2) 
PARAMETRIC_REPRESENTATION_CONTEXT() REPRESENTATION_CONTEXT('2D SPACE',''
  ) );
#8874 = PCURVE('',#2626,#8875);
#8875 = DEFINITIONAL_REPRESENTATION('',(#8876),#8880);
#8876 = LINE('',#8877,#8878);
#8877 = CARTESIAN_POINT('',(0.,-0.));
#8878 = VECTOR('',#8879,1.);
#8879 = DIRECTION('',(0.,1.));
#8880 = ( GEOMETRIC_REPRESENTATION_CONTEXT(2) 
PARAMETRIC_REPRESENTATION_CONTEXT() REPRESENTATION_CONTEXT('2D SPACE',''
  ) );
#8881 = ORIENTED_EDGE('',*,*,#4187,.T.);
#8882 = ORIENTED_EDGE('',*,*,#8861,.T.);
#8883 = ADVANCED_FACE('',(#8884),#2657,.F.);
#8884 = FACE_BOUND('',#8885,.F.);
#8885 = EDGE_LOOP('',(#8886,#8887,#8910,#8937));
#8886 = ORIENTED_EDGE('',*,*,#2640,.F.);
#8887 = ORIENTED_EDGE('',*,*,#8888,.F.);
#8888 = EDGE_CURVE('',#8889,#2641,#8891,.T.);
#8889 = VERTEX_POINT('',#8890);
#8890 = CARTESIAN_POINT('',(-100.5,-22.,59.));
#8891 = SEAM_CURVE('',#8892,(#8896,#8903),.PCURVE_S1.);
#8892 = LINE('',#8893,#8894);
#8893 = CARTESIAN_POINT('',(-100.5,-22.,59.));
#8894 = VECTOR('',#8895,1.);
#8895 = DIRECTION('',(1.,0.,2.22044604925E-16));
#8896 = PCURVE('',#2657,#8897);
#8897 = DEFINITIONAL_REPRESENTATION('',(#8898),#8902);
#8898 = LINE('',#8899,#8900);
#8899 = CARTESIAN_POINT('',(6.28318530718,-0.));
#8900 = VECTOR('',#8901,1.);
#8901 = DIRECTION('',(0.,1.));
#8902 = ( GEOMETRIC_REPRESENTATION_CONTEXT(2) 
PARAMETRIC_REPRESENTATION_CONTEXT() REPRESENTATION_CONTEXT('2D SPACE',''
  ) );
#8903 = PCURVE('',#2657,#8904);
#8904 = DEFINITIONAL_REPRESENTATION('',(#8905),#8909);
#8905 = LINE('',#8906,#8907);
#8906 = CARTESIAN_POINT('',(0.,-0.));
#8907 = VECTOR('',#8908,1.);
#8908 = DIRECTION('',(0.,1.));
#8909 = ( GEOMETRIC_REPRESENTATION_CONTEXT(2) 
PARAMETRIC_REPRESENTATION_CONTEXT() REPRESENTATION_CONTEXT('2D SPACE',''
  ) );
#8910 = ORIENTED_EDGE('',*,*,#8911,.T.);
#8911 = EDGE_CURVE('',#8889,#8889,#8912,.T.);
#8912 = SURFACE_CURVE('',#8913,(#8918,#8925),.PCURVE_S1.);
#8913 = CIRCLE('',#8914,3.);
#8914 = AXIS2_PLACEMENT_3D('',#8915,#8916,#8917);
#8915 = CARTESIAN_POINT('',(-100.5,-22.,62.));
#8916 = DIRECTION('',(1.,-0.,2.22044604925E-16));
#8917 = DIRECTION('',(2.22044604925E-16,0.,-1.));
#8918 = PCURVE('',#2657,#8919);
#8919 = DEFINITIONAL_REPRESENTATION('',(#8920),#8924);
#8920 = LINE('',#8921,#8922);
#8921 = CARTESIAN_POINT('',(0.,0.));
#8922 = VECTOR('',#8923,1.);
#8923 = DIRECTION('',(1.,0.));
#8924 = ( GEOMETRIC_REPRESENTATION_CONTEXT(2) 
PARAMETRIC_REPRESENTATION_CONTEXT() REPRESENTATION_CONTEXT('2D SPACE',''
  ) );
#8925 = PCURVE('',#8926,#8931);
#8926 = PLANE('',#8927);
#8927 = AXIS2_PLACEMENT_3D('',#8928,#8929,#8930);
#8928 = CARTESIAN_POINT('',(-100.5,-22.,62.));
#8929 = DIRECTION('',(1.,0.,2.22044604925E-16));
#8930 = DIRECTION('',(2.22044604925E-16,0.,-1.));
#8931 = DEFINITIONAL_REPRESENTATION('',(#8932),#8936);
#8932 = CIRCLE('',#8933,3.);
#8933 = AXIS2_PLACEMENT_2D('',#8934,#8935);
#8934 = CARTESIAN_POINT('',(0.,0.));
#8935 = DIRECTION('',(1.,0.));
#8936 = ( GEOMETRIC_REPRESENTATION_CONTEXT(2) 
PARAMETRIC_REPRESENTATION_CONTEXT() REPRESENTATION_CONTEXT('2D SPACE',''
  ) );
#8937 = ORIENTED_EDGE('',*,*,#8888,.T.);
#8938 = ADVANCED_FACE('',(#8939,#9014),#2738,.T.);
#8939 = FACE_BOUND('',#8940,.T.);
#8940 = EDGE_LOOP('',(#8941,#8964,#8992,#9013));
#8941 = ORIENTED_EDGE('',*,*,#8942,.F.);
#8942 = EDGE_CURVE('',#8943,#2721,#8945,.T.);
#8943 = VERTEX_POINT('',#8944);
#8944 = CARTESIAN_POINT('',(-90.425,21.75,72.7));
#8945 = SURFACE_CURVE('',#8946,(#8950,#8957),.PCURVE_S1.);
#8946 = LINE('',#8947,#8948);
#8947 = CARTESIAN_POINT('',(-90.425,21.75,72.7));
#8948 = VECTOR('',#8949,1.);
#8949 = DIRECTION('',(0.,1.,0.));
#8950 = PCURVE('',#2738,#8951);
#8951 = DEFINITIONAL_REPRESENTATION('',(#8952),#8956);
#8952 = LINE('',#8953,#8954);
#8953 = CARTESIAN_POINT('',(0.,0.));
#8954 = VECTOR('',#8955,1.);
#8955 = DIRECTION('',(0.,1.));
#8956 = ( GEOMETRIC_REPRESENTATION_CONTEXT(2) 
PARAMETRIC_REPRESENTATION_CONTEXT() REPRESENTATION_CONTEXT('2D SPACE',''
  ) );
#8957 = PCURVE('',#2766,#8958);
#8958 = DEFINITIONAL_REPRESENTATION('',(#8959),#8963);
#8959 = LINE('',#8960,#8961);
#8960 = CARTESIAN_POINT('',(3.,0.));
#8961 = VECTOR('',#8962,1.);
#8962 = DIRECTION('',(0.,-1.));
#8963 = ( GEOMETRIC_REPRESENTATION_CONTEXT(2) 
PARAMETRIC_REPRESENTATION_CONTEXT() REPRESENTATION_CONTEXT('2D SPACE',''
  ) );
#8964 = ORIENTED_EDGE('',*,*,#8965,.T.);
#8965 = EDGE_CURVE('',#8943,#8966,#8968,.T.);
#8966 = VERTEX_POINT('',#8967);
#8967 = CARTESIAN_POINT('',(-81.425,21.75,72.7));
#8968 = SURFACE_CURVE('',#8969,(#8973,#8980),.PCURVE_S1.);
#8969 = LINE('',#8970,#8971);
#8970 = CARTESIAN_POINT('',(-90.425,21.75,72.7));
#8971 = VECTOR('',#8972,1.);
#8972 = DIRECTION('',(1.,0.,0.));
#8973 = PCURVE('',#2738,#8974);
#8974 = DEFINITIONAL_REPRESENTATION('',(#8975),#8979);
#8975 = LINE('',#8976,#8977);
#8976 = CARTESIAN_POINT('',(0.,0.));
#8977 = VECTOR('',#8978,1.);
#8978 = DIRECTION('',(1.,0.));
#8979 = ( GEOMETRIC_REPRESENTATION_CONTEXT(2) 
PARAMETRIC_REPRESENTATION_CONTEXT() REPRESENTATION_CONTEXT('2D SPACE',''
  ) );
#8980 = PCURVE('',#8981,#8986);
#8981 = PLANE('',#8982);
#8982 = AXIS2_PLACEMENT_3D('',#8983,#8984,#8985);
#8983 = CARTESIAN_POINT('',(-90.425,21.75,69.7));
#8984 = DIRECTION('',(0.,1.,0.));
#8985 = DIRECTION('',(0.,0.,1.));
#8986 = DEFINITIONAL_REPRESENTATION('',(#8987),#8991);
#8987 = LINE('',#8988,#8989);
#8988 = CARTESIAN_POINT('',(3.,0.));
#8989 = VECTOR('',#8990,1.);
#8990 = DIRECTION('',(0.,1.));
#8991 = ( GEOMETRIC_REPRESENTATION_CONTEXT(2) 
PARAMETRIC_REPRESENTATION_CONTEXT() REPRESENTATION_CONTEXT('2D SPACE',''
  ) );
#8992 = ORIENTED_EDGE('',*,*,#8993,.T.);
#8993 = EDGE_CURVE('',#8966,#2723,#8994,.T.);
#8994 = SURFACE_CURVE('',#8995,(#8999,#9006),.PCURVE_S1.);
#8995 = LINE('',#8996,#8997);
#8996 = CARTESIAN_POINT('',(-81.425,21.75,72.7));
#8997 = VECTOR('',#8998,1.);
#8998 = DIRECTION('',(0.,1.,0.));
#8999 = PCURVE('',#2738,#9000);
#9000 = DEFINITIONAL_REPRESENTATION('',(#9001),#9005);
#9001 = LINE('',#9002,#9003);
#9002 = CARTESIAN_POINT('',(9.,0.));
#9003 = VECTOR('',#9004,1.);
#9004 = DIRECTION('',(0.,1.));
#9005 = ( GEOMETRIC_REPRESENTATION_CONTEXT(2) 
PARAMETRIC_REPRESENTATION_CONTEXT() REPRESENTATION_CONTEXT('2D SPACE',''
  ) );
#9006 = PCURVE('',#2820,#9007);
#9007 = DEFINITIONAL_REPRESENTATION('',(#9008),#9012);
#9008 = LINE('',#9009,#9010);
#9009 = CARTESIAN_POINT('',(3.,0.));
#9010 = VECTOR('',#9011,1.);
#9011 = DIRECTION('',(0.,-1.));
#9012 = ( GEOMETRIC_REPRESENTATION_CONTEXT(2) 
PARAMETRIC_REPRESENTATION_CONTEXT() REPRESENTATION_CONTEXT('2D SPACE',''
  ) );
#9013 = ORIENTED_EDGE('',*,*,#2720,.F.);
#9014 = FACE_BOUND('',#9015,.T.);
#9015 = EDGE_LOOP('',(#9016));
#9016 = ORIENTED_EDGE('',*,*,#9017,.F.);
#9017 = EDGE_CURVE('',#9018,#9018,#9020,.T.);
#9018 = VERTEX_POINT('',#9019);
#9019 = CARTESIAN_POINT('',(-84.425,26.25,72.7));
#9020 = SURFACE_CURVE('',#9021,(#9026,#9033),.PCURVE_S1.);
#9021 = CIRCLE('',#9022,1.5);
#9022 = AXIS2_PLACEMENT_3D('',#9023,#9024,#9025);
#9023 = CARTESIAN_POINT('',(-85.925,26.25,72.7));
#9024 = DIRECTION('',(0.,0.,1.));
#9025 = DIRECTION('',(1.,0.,-0.));
#9026 = PCURVE('',#2738,#9027);
#9027 = DEFINITIONAL_REPRESENTATION('',(#9028),#9032);
#9028 = CIRCLE('',#9029,1.5);
#9029 = AXIS2_PLACEMENT_2D('',#9030,#9031);
#9030 = CARTESIAN_POINT('',(4.5,4.5));
#9031 = DIRECTION('',(1.,0.));
#9032 = ( GEOMETRIC_REPRESENTATION_CONTEXT(2) 
PARAMETRIC_REPRESENTATION_CONTEXT() REPRESENTATION_CONTEXT('2D SPACE',''
  ) );
#9033 = PCURVE('',#9034,#9039);
#9034 = CYLINDRICAL_SURFACE('',#9035,1.5);
#9035 = AXIS2_PLACEMENT_3D('',#9036,#9037,#9038);
#9036 = CARTESIAN_POINT('',(-85.925,26.25,67.4));
#9037 = DIRECTION('',(0.,0.,1.));
#9038 = DIRECTION('',(1.,0.,0.));
#9039 = DEFINITIONAL_REPRESENTATION('',(#9040),#9044);
#9040 = LINE('',#9041,#9042);
#9041 = CARTESIAN_POINT('',(0.,5.3));
#9042 = VECTOR('',#9043,1.);
#9043 = DIRECTION('',(1.,0.));
#9044 = ( GEOMETRIC_REPRESENTATION_CONTEXT(2) 
PARAMETRIC_REPRESENTATION_CONTEXT() REPRESENTATION_CONTEXT('2D SPACE',''
  ) );
#9045 = ADVANCED_FACE('',(#9046),#2820,.T.);
#9046 = FACE_BOUND('',#9047,.T.);
#9047 = EDGE_LOOP('',(#9048,#9071,#9092,#9093));
#9048 = ORIENTED_EDGE('',*,*,#9049,.F.);
#9049 = EDGE_CURVE('',#9050,#8966,#9052,.T.);
#9050 = VERTEX_POINT('',#9051);
#9051 = CARTESIAN_POINT('',(-81.425,21.75,69.7));
#9052 = SURFACE_CURVE('',#9053,(#9057,#9064),.PCURVE_S1.);
#9053 = LINE('',#9054,#9055);
#9054 = CARTESIAN_POINT('',(-81.425,21.75,69.7));
#9055 = VECTOR('',#9056,1.);
#9056 = DIRECTION('',(0.,0.,1.));
#9057 = PCURVE('',#2820,#9058);
#9058 = DEFINITIONAL_REPRESENTATION('',(#9059),#9063);
#9059 = LINE('',#9060,#9061);
#9060 = CARTESIAN_POINT('',(0.,0.));
#9061 = VECTOR('',#9062,1.);
#9062 = DIRECTION('',(1.,0.));
#9063 = ( GEOMETRIC_REPRESENTATION_CONTEXT(2) 
PARAMETRIC_REPRESENTATION_CONTEXT() REPRESENTATION_CONTEXT('2D SPACE',''
  ) );
#9064 = PCURVE('',#8981,#9065);
#9065 = DEFINITIONAL_REPRESENTATION('',(#9066),#9070);
#9066 = LINE('',#9067,#9068);
#9067 = CARTESIAN_POINT('',(0.,9.));
#9068 = VECTOR('',#9069,1.);
#9069 = DIRECTION('',(1.,0.));
#9070 = ( GEOMETRIC_REPRESENTATION_CONTEXT(2) 
PARAMETRIC_REPRESENTATION_CONTEXT() REPRESENTATION_CONTEXT('2D SPACE',''
  ) );
#9071 = ORIENTED_EDGE('',*,*,#9072,.T.);
#9072 = EDGE_CURVE('',#9050,#2779,#9073,.T.);
#9073 = SURFACE_CURVE('',#9074,(#9078,#9085),.PCURVE_S1.);
#9074 = LINE('',#9075,#9076);
#9075 = CARTESIAN_POINT('',(-81.425,21.75,69.7));
#9076 = VECTOR('',#9077,1.);
#9077 = DIRECTION('',(0.,1.,0.));
#9078 = PCURVE('',#2820,#9079);
#9079 = DEFINITIONAL_REPRESENTATION('',(#9080),#9084);
#9080 = LINE('',#9081,#9082);
#9081 = CARTESIAN_POINT('',(0.,0.));
#9082 = VECTOR('',#9083,1.);
#9083 = DIRECTION('',(0.,-1.));
#9084 = ( GEOMETRIC_REPRESENTATION_CONTEXT(2) 
PARAMETRIC_REPRESENTATION_CONTEXT() REPRESENTATION_CONTEXT('2D SPACE',''
  ) );
#9085 = PCURVE('',#2794,#9086);
#9086 = DEFINITIONAL_REPRESENTATION('',(#9087),#9091);
#9087 = LINE('',#9088,#9089);
#9088 = CARTESIAN_POINT('',(9.,0.));
#9089 = VECTOR('',#9090,1.);
#9090 = DIRECTION('',(0.,1.));
#9091 = ( GEOMETRIC_REPRESENTATION_CONTEXT(2) 
PARAMETRIC_REPRESENTATION_CONTEXT() REPRESENTATION_CONTEXT('2D SPACE',''
  ) );
#9092 = ORIENTED_EDGE('',*,*,#2806,.T.);
#9093 = ORIENTED_EDGE('',*,*,#8993,.F.);
#9094 = ADVANCED_FACE('',(#9095,#9143),#2794,.F.);
#9095 = FACE_BOUND('',#9096,.F.);
#9096 = EDGE_LOOP('',(#9097,#9120,#9141,#9142));
#9097 = ORIENTED_EDGE('',*,*,#9098,.F.);
#9098 = EDGE_CURVE('',#9099,#2751,#9101,.T.);
#9099 = VERTEX_POINT('',#9100);
#9100 = CARTESIAN_POINT('',(-90.425,21.75,69.7));
#9101 = SURFACE_CURVE('',#9102,(#9106,#9113),.PCURVE_S1.);
#9102 = LINE('',#9103,#9104);
#9103 = CARTESIAN_POINT('',(-90.425,21.75,69.7));
#9104 = VECTOR('',#9105,1.);
#9105 = DIRECTION('',(0.,1.,0.));
#9106 = PCURVE('',#2794,#9107);
#9107 = DEFINITIONAL_REPRESENTATION('',(#9108),#9112);
#9108 = LINE('',#9109,#9110);
#9109 = CARTESIAN_POINT('',(0.,0.));
#9110 = VECTOR('',#9111,1.);
#9111 = DIRECTION('',(0.,1.));
#9112 = ( GEOMETRIC_REPRESENTATION_CONTEXT(2) 
PARAMETRIC_REPRESENTATION_CONTEXT() REPRESENTATION_CONTEXT('2D SPACE',''
  ) );
#9113 = PCURVE('',#2766,#9114);
#9114 = DEFINITIONAL_REPRESENTATION('',(#9115),#9119);
#9115 = LINE('',#9116,#9117);
#9116 = CARTESIAN_POINT('',(0.,0.));
#9117 = VECTOR('',#9118,1.);
#9118 = DIRECTION('',(0.,-1.));
#9119 = ( GEOMETRIC_REPRESENTATION_CONTEXT(2) 
PARAMETRIC_REPRESENTATION_CONTEXT() REPRESENTATION_CONTEXT('2D SPACE',''
  ) );
#9120 = ORIENTED_EDGE('',*,*,#9121,.T.);
#9121 = EDGE_CURVE('',#9099,#9050,#9122,.T.);
#9122 = SURFACE_CURVE('',#9123,(#9127,#9134),.PCURVE_S1.);
#9123 = LINE('',#9124,#9125);
#9124 = CARTESIAN_POINT('',(-90.425,21.75,69.7));
#9125 = VECTOR('',#9126,1.);
#9126 = DIRECTION('',(1.,0.,0.));
#9127 = PCURVE('',#2794,#9128);
#9128 = DEFINITIONAL_REPRESENTATION('',(#9129),#9133);
#9129 = LINE('',#9130,#9131);
#9130 = CARTESIAN_POINT('',(0.,0.));
#9131 = VECTOR('',#9132,1.);
#9132 = DIRECTION('',(1.,0.));
#9133 = ( GEOMETRIC_REPRESENTATION_CONTEXT(2) 
PARAMETRIC_REPRESENTATION_CONTEXT() REPRESENTATION_CONTEXT('2D SPACE',''
  ) );
#9134 = PCURVE('',#8981,#9135);
#9135 = DEFINITIONAL_REPRESENTATION('',(#9136),#9140);
#9136 = LINE('',#9137,#9138);
#9137 = CARTESIAN_POINT('',(0.,0.));
#9138 = VECTOR('',#9139,1.);
#9139 = DIRECTION('',(0.,1.));
#9140 = ( GEOMETRIC_REPRESENTATION_CONTEXT(2) 
PARAMETRIC_REPRESENTATION_CONTEXT() REPRESENTATION_CONTEXT('2D SPACE',''
  ) );
#9141 = ORIENTED_EDGE('',*,*,#9072,.T.);
#9142 = ORIENTED_EDGE('',*,*,#2778,.F.);
#9143 = FACE_BOUND('',#9144,.F.);
#9144 = EDGE_LOOP('',(#9145));
#9145 = ORIENTED_EDGE('',*,*,#9146,.F.);
#9146 = EDGE_CURVE('',#9147,#9147,#9149,.T.);
#9147 = VERTEX_POINT('',#9148);
#9148 = CARTESIAN_POINT('',(-84.425,26.25,69.7));
#9149 = SURFACE_CURVE('',#9150,(#9155,#9162),.PCURVE_S1.);
#9150 = CIRCLE('',#9151,1.5);
#9151 = AXIS2_PLACEMENT_3D('',#9152,#9153,#9154);
#9152 = CARTESIAN_POINT('',(-85.925,26.25,69.7));
#9153 = DIRECTION('',(0.,0.,1.));
#9154 = DIRECTION('',(1.,0.,-0.));
#9155 = PCURVE('',#2794,#9156);
#9156 = DEFINITIONAL_REPRESENTATION('',(#9157),#9161);
#9157 = CIRCLE('',#9158,1.5);
#9158 = AXIS2_PLACEMENT_2D('',#9159,#9160);
#9159 = CARTESIAN_POINT('',(4.5,4.5));
#9160 = DIRECTION('',(1.,0.));
#9161 = ( GEOMETRIC_REPRESENTATION_CONTEXT(2) 
PARAMETRIC_REPRESENTATION_CONTEXT() REPRESENTATION_CONTEXT('2D SPACE',''
  ) );
#9162 = PCURVE('',#9034,#9163);
#9163 = DEFINITIONAL_REPRESENTATION('',(#9164),#9168);
#9164 = LINE('',#9165,#9166);
#9165 = CARTESIAN_POINT('',(0.,2.3));
#9166 = VECTOR('',#9167,1.);
#9167 = DIRECTION('',(1.,0.));
#9168 = ( GEOMETRIC_REPRESENTATION_CONTEXT(2) 
PARAMETRIC_REPRESENTATION_CONTEXT() REPRESENTATION_CONTEXT('2D SPACE',''
  ) );
#9169 = ADVANCED_FACE('',(#9170),#2766,.F.);
#9170 = FACE_BOUND('',#9171,.F.);
#9171 = EDGE_LOOP('',(#9172,#9193,#9194,#9195));
#9172 = ORIENTED_EDGE('',*,*,#9173,.F.);
#9173 = EDGE_CURVE('',#9099,#8943,#9174,.T.);
#9174 = SURFACE_CURVE('',#9175,(#9179,#9186),.PCURVE_S1.);
#9175 = LINE('',#9176,#9177);
#9176 = CARTESIAN_POINT('',(-90.425,21.75,69.7));
#9177 = VECTOR('',#9178,1.);
#9178 = DIRECTION('',(0.,0.,1.));
#9179 = PCURVE('',#2766,#9180);
#9180 = DEFINITIONAL_REPRESENTATION('',(#9181),#9185);
#9181 = LINE('',#9182,#9183);
#9182 = CARTESIAN_POINT('',(0.,0.));
#9183 = VECTOR('',#9184,1.);
#9184 = DIRECTION('',(1.,0.));
#9185 = ( GEOMETRIC_REPRESENTATION_CONTEXT(2) 
PARAMETRIC_REPRESENTATION_CONTEXT() REPRESENTATION_CONTEXT('2D SPACE',''
  ) );
#9186 = PCURVE('',#8981,#9187);
#9187 = DEFINITIONAL_REPRESENTATION('',(#9188),#9192);
#9188 = LINE('',#9189,#9190);
#9189 = CARTESIAN_POINT('',(0.,0.));
#9190 = VECTOR('',#9191,1.);
#9191 = DIRECTION('',(1.,0.));
#9192 = ( GEOMETRIC_REPRESENTATION_CONTEXT(2) 
PARAMETRIC_REPRESENTATION_CONTEXT() REPRESENTATION_CONTEXT('2D SPACE',''
  ) );
#9193 = ORIENTED_EDGE('',*,*,#9098,.T.);
#9194 = ORIENTED_EDGE('',*,*,#2750,.T.);
#9195 = ORIENTED_EDGE('',*,*,#8942,.F.);
#9196 = ADVANCED_FACE('',(#9197,#9443,#9557,#9671,#9731,#9791,#9893,
    #10007,#10121,#10181,#10283,#10385),#3110,.T.);
#9197 = FACE_BOUND('',#9198,.T.);
#9198 = EDGE_LOOP('',(#9199,#9200,#9201,#9202,#9224,#9225,#9247,#9248,
    #9249,#9272,#9299,#9320,#9321,#9322,#9323,#9324,#9325,#9348,#9375,
    #9396,#9397,#9398,#9420,#9421));
#9199 = ORIENTED_EDGE('',*,*,#4017,.F.);
#9200 = ORIENTED_EDGE('',*,*,#3548,.F.);
#9201 = ORIENTED_EDGE('',*,*,#3500,.T.);
#9202 = ORIENTED_EDGE('',*,*,#9203,.F.);
#9203 = EDGE_CURVE('',#3401,#3479,#9204,.T.);
#9204 = SURFACE_CURVE('',#9205,(#9210,#9217),.PCURVE_S1.);
#9205 = CIRCLE('',#9206,2.);
#9206 = AXIS2_PLACEMENT_3D('',#9207,#9208,#9209);
#9207 = CARTESIAN_POINT('',(-233.,-34.8,48.));
#9208 = DIRECTION('',(-0.,0.,1.));
#9209 = DIRECTION('',(0.8,-0.6,0.));
#9210 = PCURVE('',#3110,#9211);
#9211 = DEFINITIONAL_REPRESENTATION('',(#9212),#9216);
#9212 = CIRCLE('',#9213,2.);
#9213 = AXIS2_PLACEMENT_2D('',#9214,#9215);
#9214 = CARTESIAN_POINT('',(4.,1.2));
#9215 = DIRECTION('',(0.8,-0.6));
#9216 = ( GEOMETRIC_REPRESENTATION_CONTEXT(2) 
PARAMETRIC_REPRESENTATION_CONTEXT() REPRESENTATION_CONTEXT('2D SPACE',''
  ) );
#9217 = PCURVE('',#3439,#9218);
#9218 = DEFINITIONAL_REPRESENTATION('',(#9219),#9223);
#9219 = LINE('',#9220,#9221);
#9220 = CARTESIAN_POINT('',(5.639684198386,0.));
#9221 = VECTOR('',#9222,1.);
#9222 = DIRECTION('',(1.,0.));
#9223 = ( GEOMETRIC_REPRESENTATION_CONTEXT(2) 
PARAMETRIC_REPRESENTATION_CONTEXT() REPRESENTATION_CONTEXT('2D SPACE',''
  ) );
#9224 = ORIENTED_EDGE('',*,*,#3400,.T.);
#9225 = ORIENTED_EDGE('',*,*,#9226,.F.);
#9226 = EDGE_CURVE('',#3301,#3379,#9227,.T.);
#9227 = SURFACE_CURVE('',#9228,(#9233,#9240),.PCURVE_S1.);
#9228 = CIRCLE('',#9229,2.);
#9229 = AXIS2_PLACEMENT_3D('',#9230,#9231,#9232);
#9230 = CARTESIAN_POINT('',(-203.5,-34.8,48.));
#9231 = DIRECTION('',(-0.,0.,1.));
#9232 = DIRECTION('',(0.8,-0.6,0.));
#9233 = PCURVE('',#3110,#9234);
#9234 = DEFINITIONAL_REPRESENTATION('',(#9235),#9239);
#9235 = CIRCLE('',#9236,2.);
#9236 = AXIS2_PLACEMENT_2D('',#9237,#9238);
#9237 = CARTESIAN_POINT('',(33.5,1.2));
#9238 = DIRECTION('',(0.8,-0.6));
#9239 = ( GEOMETRIC_REPRESENTATION_CONTEXT(2) 
PARAMETRIC_REPRESENTATION_CONTEXT() REPRESENTATION_CONTEXT('2D SPACE',''
  ) );
#9240 = PCURVE('',#3339,#9241);
#9241 = DEFINITIONAL_REPRESENTATION('',(#9242),#9246);
#9242 = LINE('',#9243,#9244);
#9243 = CARTESIAN_POINT('',(5.639684198386,0.));
#9244 = VECTOR('',#9245,1.);
#9245 = DIRECTION('',(1.,0.));
#9246 = ( GEOMETRIC_REPRESENTATION_CONTEXT(2) 
PARAMETRIC_REPRESENTATION_CONTEXT() REPRESENTATION_CONTEXT('2D SPACE',''
  ) );
#9247 = ORIENTED_EDGE('',*,*,#3300,.T.);
#9248 = ORIENTED_EDGE('',*,*,#3253,.T.);
#9249 = ORIENTED_EDGE('',*,*,#9250,.T.);
#9250 = EDGE_CURVE('',#3226,#9251,#9253,.T.);
#9251 = VERTEX_POINT('',#9252);
#9252 = CARTESIAN_POINT('',(-162.8,-23.25,48.));
#9253 = SURFACE_CURVE('',#9254,(#9258,#9265),.PCURVE_S1.);
#9254 = LINE('',#9255,#9256);
#9255 = CARTESIAN_POINT('',(-162.8,-36.,48.));
#9256 = VECTOR('',#9257,1.);
#9257 = DIRECTION('',(0.,1.,0.));
#9258 = PCURVE('',#3110,#9259);
#9259 = DEFINITIONAL_REPRESENTATION('',(#9260),#9264);
#9260 = LINE('',#9261,#9262);
#9261 = CARTESIAN_POINT('',(74.2,0.));
#9262 = VECTOR('',#9263,1.);
#9263 = DIRECTION('',(0.,1.));
#9264 = ( GEOMETRIC_REPRESENTATION_CONTEXT(2) 
PARAMETRIC_REPRESENTATION_CONTEXT() REPRESENTATION_CONTEXT('2D SPACE',''
  ) );
#9265 = PCURVE('',#3241,#9266);
#9266 = DEFINITIONAL_REPRESENTATION('',(#9267),#9271);
#9267 = LINE('',#9268,#9269);
#9268 = CARTESIAN_POINT('',(0.,0.));
#9269 = VECTOR('',#9270,1.);
#9270 = DIRECTION('',(0.,-1.));
#9271 = ( GEOMETRIC_REPRESENTATION_CONTEXT(2) 
PARAMETRIC_REPRESENTATION_CONTEXT() REPRESENTATION_CONTEXT('2D SPACE',''
  ) );
#9272 = ORIENTED_EDGE('',*,*,#9273,.F.);
#9273 = EDGE_CURVE('',#9274,#9251,#9276,.T.);
#9274 = VERTEX_POINT('',#9275);
#9275 = CARTESIAN_POINT('',(-158.8,-23.25,48.));
#9276 = SURFACE_CURVE('',#9277,(#9281,#9288),.PCURVE_S1.);
#9277 = LINE('',#9278,#9279);
#9278 = CARTESIAN_POINT('',(-163.3,-23.25,48.));
#9279 = VECTOR('',#9280,1.);
#9280 = DIRECTION('',(-1.,-0.,0.));
#9281 = PCURVE('',#3110,#9282);
#9282 = DEFINITIONAL_REPRESENTATION('',(#9283),#9287);
#9283 = LINE('',#9284,#9285);
#9284 = CARTESIAN_POINT('',(73.7,12.75));
#9285 = VECTOR('',#9286,1.);
#9286 = DIRECTION('',(-1.,0.));
#9287 = ( GEOMETRIC_REPRESENTATION_CONTEXT(2) 
PARAMETRIC_REPRESENTATION_CONTEXT() REPRESENTATION_CONTEXT('2D SPACE',''
  ) );
#9288 = PCURVE('',#9289,#9294);
#9289 = PLANE('',#9290);
#9290 = AXIS2_PLACEMENT_3D('',#9291,#9292,#9293);
#9291 = CARTESIAN_POINT('',(-163.8,-23.25,47.9));
#9292 = DIRECTION('',(0.,1.,0.));
#9293 = DIRECTION('',(0.,0.,1.));
#9294 = DEFINITIONAL_REPRESENTATION('',(#9295),#9298);
#9295 = B_SPLINE_CURVE_WITH_KNOTS('',1,(#9296,#9297),.UNSPECIFIED.,.F.,
  .F.,(2,2),(-4.5,-0.5),.PIECEWISE_BEZIER_KNOTS.);
#9296 = CARTESIAN_POINT('',(9.999999999999E-02,5.));
#9297 = CARTESIAN_POINT('',(9.999999999999E-02,1.));
#9298 = ( GEOMETRIC_REPRESENTATION_CONTEXT(2) 
PARAMETRIC_REPRESENTATION_CONTEXT() REPRESENTATION_CONTEXT('2D SPACE',''
  ) );
#9299 = ORIENTED_EDGE('',*,*,#9300,.F.);
#9300 = EDGE_CURVE('',#3147,#9274,#9301,.T.);
#9301 = SURFACE_CURVE('',#9302,(#9306,#9313),.PCURVE_S1.);
#9302 = LINE('',#9303,#9304);
#9303 = CARTESIAN_POINT('',(-158.8,-36.,48.));
#9304 = VECTOR('',#9305,1.);
#9305 = DIRECTION('',(0.,1.,0.));
#9306 = PCURVE('',#3110,#9307);
#9307 = DEFINITIONAL_REPRESENTATION('',(#9308),#9312);
#9308 = LINE('',#9309,#9310);
#9309 = CARTESIAN_POINT('',(78.2,0.));
#9310 = VECTOR('',#9311,1.);
#9311 = DIRECTION('',(0.,1.));
#9312 = ( GEOMETRIC_REPRESENTATION_CONTEXT(2) 
PARAMETRIC_REPRESENTATION_CONTEXT() REPRESENTATION_CONTEXT('2D SPACE',''
  ) );
#9313 = PCURVE('',#3185,#9314);
#9314 = DEFINITIONAL_REPRESENTATION('',(#9315),#9319);
#9315 = LINE('',#9316,#9317);
#9316 = CARTESIAN_POINT('',(0.,0.));
#9317 = VECTOR('',#9318,1.);
#9318 = DIRECTION('',(0.,-1.));
#9319 = ( GEOMETRIC_REPRESENTATION_CONTEXT(2) 
PARAMETRIC_REPRESENTATION_CONTEXT() REPRESENTATION_CONTEXT('2D SPACE',''
  ) );
#9320 = ORIENTED_EDGE('',*,*,#3146,.T.);
#9321 = ORIENTED_EDGE('',*,*,#3094,.T.);
#9322 = ORIENTED_EDGE('',*,*,#4043,.T.);
#9323 = ORIENTED_EDGE('',*,*,#3626,.F.);
#9324 = ORIENTED_EDGE('',*,*,#3673,.F.);
#9325 = ORIENTED_EDGE('',*,*,#9326,.F.);
#9326 = EDGE_CURVE('',#9327,#3674,#9329,.T.);
#9327 = VERTEX_POINT('',#9328);
#9328 = CARTESIAN_POINT('',(-158.8,23.25,48.));
#9329 = SURFACE_CURVE('',#9330,(#9334,#9341),.PCURVE_S1.);
#9330 = LINE('',#9331,#9332);
#9331 = CARTESIAN_POINT('',(-158.8,-36.,48.));
#9332 = VECTOR('',#9333,1.);
#9333 = DIRECTION('',(0.,1.,0.));
#9334 = PCURVE('',#3110,#9335);
#9335 = DEFINITIONAL_REPRESENTATION('',(#9336),#9340);
#9336 = LINE('',#9337,#9338);
#9337 = CARTESIAN_POINT('',(78.2,0.));
#9338 = VECTOR('',#9339,1.);
#9339 = DIRECTION('',(0.,1.));
#9340 = ( GEOMETRIC_REPRESENTATION_CONTEXT(2) 
PARAMETRIC_REPRESENTATION_CONTEXT() REPRESENTATION_CONTEXT('2D SPACE',''
  ) );
#9341 = PCURVE('',#3185,#9342);
#9342 = DEFINITIONAL_REPRESENTATION('',(#9343),#9347);
#9343 = LINE('',#9344,#9345);
#9344 = CARTESIAN_POINT('',(0.,0.));
#9345 = VECTOR('',#9346,1.);
#9346 = DIRECTION('',(0.,-1.));
#9347 = ( GEOMETRIC_REPRESENTATION_CONTEXT(2) 
PARAMETRIC_REPRESENTATION_CONTEXT() REPRESENTATION_CONTEXT('2D SPACE',''
  ) );
#9348 = ORIENTED_EDGE('',*,*,#9349,.T.);
#9349 = EDGE_CURVE('',#9327,#9350,#9352,.T.);
#9350 = VERTEX_POINT('',#9351);
#9351 = CARTESIAN_POINT('',(-162.8,23.25,48.));
#9352 = SURFACE_CURVE('',#9353,(#9357,#9364),.PCURVE_S1.);
#9353 = LINE('',#9354,#9355);
#9354 = CARTESIAN_POINT('',(-163.3,23.25,48.));
#9355 = VECTOR('',#9356,1.);
#9356 = DIRECTION('',(-1.,-0.,0.));
#9357 = PCURVE('',#3110,#9358);
#9358 = DEFINITIONAL_REPRESENTATION('',(#9359),#9363);
#9359 = LINE('',#9360,#9361);
#9360 = CARTESIAN_POINT('',(73.7,59.25));
#9361 = VECTOR('',#9362,1.);
#9362 = DIRECTION('',(-1.,0.));
#9363 = ( GEOMETRIC_REPRESENTATION_CONTEXT(2) 
PARAMETRIC_REPRESENTATION_CONTEXT() REPRESENTATION_CONTEXT('2D SPACE',''
  ) );
#9364 = PCURVE('',#9365,#9370);
#9365 = PLANE('',#9366);
#9366 = AXIS2_PLACEMENT_3D('',#9367,#9368,#9369);
#9367 = CARTESIAN_POINT('',(-163.8,23.25,47.9));
#9368 = DIRECTION('',(0.,1.,0.));
#9369 = DIRECTION('',(0.,0.,1.));
#9370 = DEFINITIONAL_REPRESENTATION('',(#9371),#9374);
#9371 = B_SPLINE_CURVE_WITH_KNOTS('',1,(#9372,#9373),.UNSPECIFIED.,.F.,
  .F.,(2,2),(-4.5,-0.5),.PIECEWISE_BEZIER_KNOTS.);
#9372 = CARTESIAN_POINT('',(9.999999999999E-02,5.));
#9373 = CARTESIAN_POINT('',(9.999999999999E-02,1.));
#9374 = ( GEOMETRIC_REPRESENTATION_CONTEXT(2) 
PARAMETRIC_REPRESENTATION_CONTEXT() REPRESENTATION_CONTEXT('2D SPACE',''
  ) );
#9375 = ORIENTED_EDGE('',*,*,#9376,.T.);
#9376 = EDGE_CURVE('',#9350,#3748,#9377,.T.);
#9377 = SURFACE_CURVE('',#9378,(#9382,#9389),.PCURVE_S1.);
#9378 = LINE('',#9379,#9380);
#9379 = CARTESIAN_POINT('',(-162.8,-36.,48.));
#9380 = VECTOR('',#9381,1.);
#9381 = DIRECTION('',(0.,1.,0.));
#9382 = PCURVE('',#3110,#9383);
#9383 = DEFINITIONAL_REPRESENTATION('',(#9384),#9388);
#9384 = LINE('',#9385,#9386);
#9385 = CARTESIAN_POINT('',(74.2,0.));
#9386 = VECTOR('',#9387,1.);
#9387 = DIRECTION('',(0.,1.));
#9388 = ( GEOMETRIC_REPRESENTATION_CONTEXT(2) 
PARAMETRIC_REPRESENTATION_CONTEXT() REPRESENTATION_CONTEXT('2D SPACE',''
  ) );
#9389 = PCURVE('',#3241,#9390);
#9390 = DEFINITIONAL_REPRESENTATION('',(#9391),#9395);
#9391 = LINE('',#9392,#9393);
#9392 = CARTESIAN_POINT('',(0.,0.));
#9393 = VECTOR('',#9394,1.);
#9394 = DIRECTION('',(0.,-1.));
#9395 = ( GEOMETRIC_REPRESENTATION_CONTEXT(2) 
PARAMETRIC_REPRESENTATION_CONTEXT() REPRESENTATION_CONTEXT('2D SPACE',''
  ) );
#9396 = ORIENTED_EDGE('',*,*,#3770,.F.);
#9397 = ORIENTED_EDGE('',*,*,#3817,.F.);
#9398 = ORIENTED_EDGE('',*,*,#9399,.F.);
#9399 = EDGE_CURVE('',#3896,#3818,#9400,.T.);
#9400 = SURFACE_CURVE('',#9401,(#9406,#9413),.PCURVE_S1.);
#9401 = CIRCLE('',#9402,2.);
#9402 = AXIS2_PLACEMENT_3D('',#9403,#9404,#9405);
#9403 = CARTESIAN_POINT('',(-203.5,34.8,48.));
#9404 = DIRECTION('',(0.,0.,1.));
#9405 = DIRECTION('',(-0.8,0.6,0.));
#9406 = PCURVE('',#3110,#9407);
#9407 = DEFINITIONAL_REPRESENTATION('',(#9408),#9412);
#9408 = CIRCLE('',#9409,2.);
#9409 = AXIS2_PLACEMENT_2D('',#9410,#9411);
#9410 = CARTESIAN_POINT('',(33.5,70.8));
#9411 = DIRECTION('',(-0.8,0.6));
#9412 = ( GEOMETRIC_REPRESENTATION_CONTEXT(2) 
PARAMETRIC_REPRESENTATION_CONTEXT() REPRESENTATION_CONTEXT('2D SPACE',''
  ) );
#9413 = PCURVE('',#3856,#9414);
#9414 = DEFINITIONAL_REPRESENTATION('',(#9415),#9419);
#9415 = LINE('',#9416,#9417);
#9416 = CARTESIAN_POINT('',(2.498091544797,0.));
#9417 = VECTOR('',#9418,1.);
#9418 = DIRECTION('',(1.,0.));
#9419 = ( GEOMETRIC_REPRESENTATION_CONTEXT(2) 
PARAMETRIC_REPRESENTATION_CONTEXT() REPRESENTATION_CONTEXT('2D SPACE',''
  ) );
#9420 = ORIENTED_EDGE('',*,*,#3917,.F.);
#9421 = ORIENTED_EDGE('',*,*,#9422,.F.);
#9422 = EDGE_CURVE('',#3996,#3918,#9423,.T.);
#9423 = SURFACE_CURVE('',#9424,(#9429,#9436),.PCURVE_S1.);
#9424 = CIRCLE('',#9425,2.);
#9425 = AXIS2_PLACEMENT_3D('',#9426,#9427,#9428);
#9426 = CARTESIAN_POINT('',(-233.,34.8,48.));
#9427 = DIRECTION('',(0.,0.,1.));
#9428 = DIRECTION('',(-0.8,0.6,0.));
#9429 = PCURVE('',#3110,#9430);
#9430 = DEFINITIONAL_REPRESENTATION('',(#9431),#9435);
#9431 = CIRCLE('',#9432,2.);
#9432 = AXIS2_PLACEMENT_2D('',#9433,#9434);
#9433 = CARTESIAN_POINT('',(4.,70.8));
#9434 = DIRECTION('',(-0.8,0.6));
#9435 = ( GEOMETRIC_REPRESENTATION_CONTEXT(2) 
PARAMETRIC_REPRESENTATION_CONTEXT() REPRESENTATION_CONTEXT('2D SPACE',''
  ) );
#9436 = PCURVE('',#3956,#9437);
#9437 = DEFINITIONAL_REPRESENTATION('',(#9438),#9442);
#9438 = LINE('',#9439,#9440);
#9439 = CARTESIAN_POINT('',(2.498091544797,0.));
#9440 = VECTOR('',#9441,1.);
#9441 = DIRECTION('',(1.,0.));
#9442 = ( GEOMETRIC_REPRESENTATION_CONTEXT(2) 
PARAMETRIC_REPRESENTATION_CONTEXT() REPRESENTATION_CONTEXT('2D SPACE',''
  ) );
#9443 = FACE_BOUND('',#9444,.T.);
#9444 = EDGE_LOOP('',(#9445,#9475,#9503,#9531));
#9445 = ORIENTED_EDGE('',*,*,#9446,.T.);
#9446 = EDGE_CURVE('',#9447,#9449,#9451,.T.);
#9447 = VERTEX_POINT('',#9448);
#9448 = CARTESIAN_POINT('',(-233.8,-24.,48.));
#9449 = VERTEX_POINT('',#9450);
#9450 = CARTESIAN_POINT('',(-233.8,-16.,48.));
#9451 = SURFACE_CURVE('',#9452,(#9456,#9463),.PCURVE_S1.);
#9452 = LINE('',#9453,#9454);
#9453 = CARTESIAN_POINT('',(-233.8,-24.,48.));
#9454 = VECTOR('',#9455,1.);
#9455 = DIRECTION('',(0.,1.,0.));
#9456 = PCURVE('',#3110,#9457);
#9457 = DEFINITIONAL_REPRESENTATION('',(#9458),#9462);
#9458 = LINE('',#9459,#9460);
#9459 = CARTESIAN_POINT('',(3.2,12.));
#9460 = VECTOR('',#9461,1.);
#9461 = DIRECTION('',(0.,1.));
#9462 = ( GEOMETRIC_REPRESENTATION_CONTEXT(2) 
PARAMETRIC_REPRESENTATION_CONTEXT() REPRESENTATION_CONTEXT('2D SPACE',''
  ) );
#9463 = PCURVE('',#9464,#9469);
#9464 = PLANE('',#9465);
#9465 = AXIS2_PLACEMENT_3D('',#9466,#9467,#9468);
#9466 = CARTESIAN_POINT('',(-233.8,-24.,48.));
#9467 = DIRECTION('',(1.,0.,0.));
#9468 = DIRECTION('',(0.,0.,1.));
#9469 = DEFINITIONAL_REPRESENTATION('',(#9470),#9474);
#9470 = LINE('',#9471,#9472);
#9471 = CARTESIAN_POINT('',(0.,0.));
#9472 = VECTOR('',#9473,1.);
#9473 = DIRECTION('',(0.,-1.));
#9474 = ( GEOMETRIC_REPRESENTATION_CONTEXT(2) 
PARAMETRIC_REPRESENTATION_CONTEXT() REPRESENTATION_CONTEXT('2D SPACE',''
  ) );
#9475 = ORIENTED_EDGE('',*,*,#9476,.T.);
#9476 = EDGE_CURVE('',#9449,#9477,#9479,.T.);
#9477 = VERTEX_POINT('',#9478);
#9478 = CARTESIAN_POINT('',(-219.8,-16.,48.));
#9479 = SURFACE_CURVE('',#9480,(#9484,#9491),.PCURVE_S1.);
#9480 = LINE('',#9481,#9482);
#9481 = CARTESIAN_POINT('',(-233.8,-16.,48.));
#9482 = VECTOR('',#9483,1.);
#9483 = DIRECTION('',(1.,0.,0.));
#9484 = PCURVE('',#3110,#9485);
#9485 = DEFINITIONAL_REPRESENTATION('',(#9486),#9490);
#9486 = LINE('',#9487,#9488);
#9487 = CARTESIAN_POINT('',(3.2,20.));
#9488 = VECTOR('',#9489,1.);
#9489 = DIRECTION('',(1.,0.));
#9490 = ( GEOMETRIC_REPRESENTATION_CONTEXT(2) 
PARAMETRIC_REPRESENTATION_CONTEXT() REPRESENTATION_CONTEXT('2D SPACE',''
  ) );
#9491 = PCURVE('',#9492,#9497);
#9492 = PLANE('',#9493);
#9493 = AXIS2_PLACEMENT_3D('',#9494,#9495,#9496);
#9494 = CARTESIAN_POINT('',(-233.8,-16.,48.));
#9495 = DIRECTION('',(0.,1.,0.));
#9496 = DIRECTION('',(0.,0.,1.));
#9497 = DEFINITIONAL_REPRESENTATION('',(#9498),#9502);
#9498 = LINE('',#9499,#9500);
#9499 = CARTESIAN_POINT('',(0.,0.));
#9500 = VECTOR('',#9501,1.);
#9501 = DIRECTION('',(0.,1.));
#9502 = ( GEOMETRIC_REPRESENTATION_CONTEXT(2) 
PARAMETRIC_REPRESENTATION_CONTEXT() REPRESENTATION_CONTEXT('2D SPACE',''
  ) );
#9503 = ORIENTED_EDGE('',*,*,#9504,.F.);
#9504 = EDGE_CURVE('',#9505,#9477,#9507,.T.);
#9505 = VERTEX_POINT('',#9506);
#9506 = CARTESIAN_POINT('',(-219.8,-24.,48.));
#9507 = SURFACE_CURVE('',#9508,(#9512,#9519),.PCURVE_S1.);
#9508 = LINE('',#9509,#9510);
#9509 = CARTESIAN_POINT('',(-219.8,-24.,48.));
#9510 = VECTOR('',#9511,1.);
#9511 = DIRECTION('',(0.,1.,0.));
#9512 = PCURVE('',#3110,#9513);
#9513 = DEFINITIONAL_REPRESENTATION('',(#9514),#9518);
#9514 = LINE('',#9515,#9516);
#9515 = CARTESIAN_POINT('',(17.2,12.));
#9516 = VECTOR('',#9517,1.);
#9517 = DIRECTION('',(0.,1.));
#9518 = ( GEOMETRIC_REPRESENTATION_CONTEXT(2) 
PARAMETRIC_REPRESENTATION_CONTEXT() REPRESENTATION_CONTEXT('2D SPACE',''
  ) );
#9519 = PCURVE('',#9520,#9525);
#9520 = PLANE('',#9521);
#9521 = AXIS2_PLACEMENT_3D('',#9522,#9523,#9524);
#9522 = CARTESIAN_POINT('',(-219.8,-24.,48.));
#9523 = DIRECTION('',(1.,0.,0.));
#9524 = DIRECTION('',(0.,0.,1.));
#9525 = DEFINITIONAL_REPRESENTATION('',(#9526),#9530);
#9526 = LINE('',#9527,#9528);
#9527 = CARTESIAN_POINT('',(0.,0.));
#9528 = VECTOR('',#9529,1.);
#9529 = DIRECTION('',(0.,-1.));
#9530 = ( GEOMETRIC_REPRESENTATION_CONTEXT(2) 
PARAMETRIC_REPRESENTATION_CONTEXT() REPRESENTATION_CONTEXT('2D SPACE',''
  ) );
#9531 = ORIENTED_EDGE('',*,*,#9532,.F.);
#9532 = EDGE_CURVE('',#9447,#9505,#9533,.T.);
#9533 = SURFACE_CURVE('',#9534,(#9538,#9545),.PCURVE_S1.);
#9534 = LINE('',#9535,#9536);
#9535 = CARTESIAN_POINT('',(-233.8,-24.,48.));
#9536 = VECTOR('',#9537,1.);
#9537 = DIRECTION('',(1.,0.,0.));
#9538 = PCURVE('',#3110,#9539);
#9539 = DEFINITIONAL_REPRESENTATION('',(#9540),#9544);
#9540 = LINE('',#9541,#9542);
#9541 = CARTESIAN_POINT('',(3.2,12.));
#9542 = VECTOR('',#9543,1.);
#9543 = DIRECTION('',(1.,0.));
#9544 = ( GEOMETRIC_REPRESENTATION_CONTEXT(2) 
PARAMETRIC_REPRESENTATION_CONTEXT() REPRESENTATION_CONTEXT('2D SPACE',''
  ) );
#9545 = PCURVE('',#9546,#9551);
#9546 = PLANE('',#9547);
#9547 = AXIS2_PLACEMENT_3D('',#9548,#9549,#9550);
#9548 = CARTESIAN_POINT('',(-233.8,-24.,48.));
#9549 = DIRECTION('',(0.,1.,0.));
#9550 = DIRECTION('',(0.,0.,1.));
#9551 = DEFINITIONAL_REPRESENTATION('',(#9552),#9556);
#9552 = LINE('',#9553,#9554);
#9553 = CARTESIAN_POINT('',(0.,0.));
#9554 = VECTOR('',#9555,1.);
#9555 = DIRECTION('',(0.,1.));
#9556 = ( GEOMETRIC_REPRESENTATION_CONTEXT(2) 
PARAMETRIC_REPRESENTATION_CONTEXT() REPRESENTATION_CONTEXT('2D SPACE',''
  ) );
#9557 = FACE_BOUND('',#9558,.T.);
#9558 = EDGE_LOOP('',(#9559,#9589,#9617,#9645));
#9559 = ORIENTED_EDGE('',*,*,#9560,.T.);
#9560 = EDGE_CURVE('',#9561,#9563,#9565,.T.);
#9561 = VERTEX_POINT('',#9562);
#9562 = CARTESIAN_POINT('',(-214.8,-24.,48.));
#9563 = VERTEX_POINT('',#9564);
#9564 = CARTESIAN_POINT('',(-214.8,-16.,48.));
#9565 = SURFACE_CURVE('',#9566,(#9570,#9577),.PCURVE_S1.);
#9566 = LINE('',#9567,#9568);
#9567 = CARTESIAN_POINT('',(-214.8,-24.,48.));
#9568 = VECTOR('',#9569,1.);
#9569 = DIRECTION('',(0.,1.,0.));
#9570 = PCURVE('',#3110,#9571);
#9571 = DEFINITIONAL_REPRESENTATION('',(#9572),#9576);
#9572 = LINE('',#9573,#9574);
#9573 = CARTESIAN_POINT('',(22.2,12.));
#9574 = VECTOR('',#9575,1.);
#9575 = DIRECTION('',(0.,1.));
#9576 = ( GEOMETRIC_REPRESENTATION_CONTEXT(2) 
PARAMETRIC_REPRESENTATION_CONTEXT() REPRESENTATION_CONTEXT('2D SPACE',''
  ) );
#9577 = PCURVE('',#9578,#9583);
#9578 = PLANE('',#9579);
#9579 = AXIS2_PLACEMENT_3D('',#9580,#9581,#9582);
#9580 = CARTESIAN_POINT('',(-214.8,-24.,48.));
#9581 = DIRECTION('',(1.,0.,0.));
#9582 = DIRECTION('',(0.,0.,1.));
#9583 = DEFINITIONAL_REPRESENTATION('',(#9584),#9588);
#9584 = LINE('',#9585,#9586);
#9585 = CARTESIAN_POINT('',(0.,0.));
#9586 = VECTOR('',#9587,1.);
#9587 = DIRECTION('',(0.,-1.));
#9588 = ( GEOMETRIC_REPRESENTATION_CONTEXT(2) 
PARAMETRIC_REPRESENTATION_CONTEXT() REPRESENTATION_CONTEXT('2D SPACE',''
  ) );
#9589 = ORIENTED_EDGE('',*,*,#9590,.T.);
#9590 = EDGE_CURVE('',#9563,#9591,#9593,.T.);
#9591 = VERTEX_POINT('',#9592);
#9592 = CARTESIAN_POINT('',(-200.8,-16.,48.));
#9593 = SURFACE_CURVE('',#9594,(#9598,#9605),.PCURVE_S1.);
#9594 = LINE('',#9595,#9596);
#9595 = CARTESIAN_POINT('',(-214.8,-16.,48.));
#9596 = VECTOR('',#9597,1.);
#9597 = DIRECTION('',(1.,0.,0.));
#9598 = PCURVE('',#3110,#9599);
#9599 = DEFINITIONAL_REPRESENTATION('',(#9600),#9604);
#9600 = LINE('',#9601,#9602);
#9601 = CARTESIAN_POINT('',(22.2,20.));
#9602 = VECTOR('',#9603,1.);
#9603 = DIRECTION('',(1.,0.));
#9604 = ( GEOMETRIC_REPRESENTATION_CONTEXT(2) 
PARAMETRIC_REPRESENTATION_CONTEXT() REPRESENTATION_CONTEXT('2D SPACE',''
  ) );
#9605 = PCURVE('',#9606,#9611);
#9606 = PLANE('',#9607);
#9607 = AXIS2_PLACEMENT_3D('',#9608,#9609,#9610);
#9608 = CARTESIAN_POINT('',(-214.8,-16.,48.));
#9609 = DIRECTION('',(0.,1.,0.));
#9610 = DIRECTION('',(0.,0.,1.));
#9611 = DEFINITIONAL_REPRESENTATION('',(#9612),#9616);
#9612 = LINE('',#9613,#9614);
#9613 = CARTESIAN_POINT('',(0.,0.));
#9614 = VECTOR('',#9615,1.);
#9615 = DIRECTION('',(0.,1.));
#9616 = ( GEOMETRIC_REPRESENTATION_CONTEXT(2) 
PARAMETRIC_REPRESENTATION_CONTEXT() REPRESENTATION_CONTEXT('2D SPACE',''
  ) );
#9617 = ORIENTED_EDGE('',*,*,#9618,.F.);
#9618 = EDGE_CURVE('',#9619,#9591,#9621,.T.);
#9619 = VERTEX_POINT('',#9620);
#9620 = CARTESIAN_POINT('',(-200.8,-24.,48.));
#9621 = SURFACE_CURVE('',#9622,(#9626,#9633),.PCURVE_S1.);
#9622 = LINE('',#9623,#9624);
#9623 = CARTESIAN_POINT('',(-200.8,-24.,48.));
#9624 = VECTOR('',#9625,1.);
#9625 = DIRECTION('',(0.,1.,0.));
#9626 = PCURVE('',#3110,#9627);
#9627 = DEFINITIONAL_REPRESENTATION('',(#9628),#9632);
#9628 = LINE('',#9629,#9630);
#9629 = CARTESIAN_POINT('',(36.2,12.));
#9630 = VECTOR('',#9631,1.);
#9631 = DIRECTION('',(0.,1.));
#9632 = ( GEOMETRIC_REPRESENTATION_CONTEXT(2) 
PARAMETRIC_REPRESENTATION_CONTEXT() REPRESENTATION_CONTEXT('2D SPACE',''
  ) );
#9633 = PCURVE('',#9634,#9639);
#9634 = PLANE('',#9635);
#9635 = AXIS2_PLACEMENT_3D('',#9636,#9637,#9638);
#9636 = CARTESIAN_POINT('',(-200.8,-24.,48.));
#9637 = DIRECTION('',(1.,0.,0.));
#9638 = DIRECTION('',(0.,0.,1.));
#9639 = DEFINITIONAL_REPRESENTATION('',(#9640),#9644);
#9640 = LINE('',#9641,#9642);
#9641 = CARTESIAN_POINT('',(0.,0.));
#9642 = VECTOR('',#9643,1.);
#9643 = DIRECTION('',(0.,-1.));
#9644 = ( GEOMETRIC_REPRESENTATION_CONTEXT(2) 
PARAMETRIC_REPRESENTATION_CONTEXT() REPRESENTATION_CONTEXT('2D SPACE',''
  ) );
#9645 = ORIENTED_EDGE('',*,*,#9646,.F.);
#9646 = EDGE_CURVE('',#9561,#9619,#9647,.T.);
#9647 = SURFACE_CURVE('',#9648,(#9652,#9659),.PCURVE_S1.);
#9648 = LINE('',#9649,#9650);
#9649 = CARTESIAN_POINT('',(-214.8,-24.,48.));
#9650 = VECTOR('',#9651,1.);
#9651 = DIRECTION('',(1.,0.,0.));
#9652 = PCURVE('',#3110,#9653);
#9653 = DEFINITIONAL_REPRESENTATION('',(#9654),#9658);
#9654 = LINE('',#9655,#9656);
#9655 = CARTESIAN_POINT('',(22.2,12.));
#9656 = VECTOR('',#9657,1.);
#9657 = DIRECTION('',(1.,0.));
#9658 = ( GEOMETRIC_REPRESENTATION_CONTEXT(2) 
PARAMETRIC_REPRESENTATION_CONTEXT() REPRESENTATION_CONTEXT('2D SPACE',''
  ) );
#9659 = PCURVE('',#9660,#9665);
#9660 = PLANE('',#9661);
#9661 = AXIS2_PLACEMENT_3D('',#9662,#9663,#9664);
#9662 = CARTESIAN_POINT('',(-214.8,-24.,48.));
#9663 = DIRECTION('',(0.,1.,0.));
#9664 = DIRECTION('',(0.,0.,1.));
#9665 = DEFINITIONAL_REPRESENTATION('',(#9666),#9670);
#9666 = LINE('',#9667,#9668);
#9667 = CARTESIAN_POINT('',(0.,0.));
#9668 = VECTOR('',#9669,1.);
#9669 = DIRECTION('',(0.,1.));
#9670 = ( GEOMETRIC_REPRESENTATION_CONTEXT(2) 
PARAMETRIC_REPRESENTATION_CONTEXT() REPRESENTATION_CONTEXT('2D SPACE',''
  ) );
#9671 = FACE_BOUND('',#9672,.T.);
#9672 = EDGE_LOOP('',(#9673,#9704));
#9673 = ORIENTED_EDGE('',*,*,#9674,.F.);
#9674 = EDGE_CURVE('',#9675,#9677,#9679,.T.);
#9675 = VERTEX_POINT('',#9676);
#9676 = CARTESIAN_POINT('',(-188.,-36.,48.));
#9677 = VERTEX_POINT('',#9678);
#9678 = CARTESIAN_POINT('',(-184.5,-32.5,48.));
#9679 = SURFACE_CURVE('',#9680,(#9685,#9692),.PCURVE_S1.);
#9680 = CIRCLE('',#9681,3.5);
#9681 = AXIS2_PLACEMENT_3D('',#9682,#9683,#9684);
#9682 = CARTESIAN_POINT('',(-188.,-32.5,48.));
#9683 = DIRECTION('',(0.,0.,1.));
#9684 = DIRECTION('',(1.,0.,-0.));
#9685 = PCURVE('',#3110,#9686);
#9686 = DEFINITIONAL_REPRESENTATION('',(#9687),#9691);
#9687 = CIRCLE('',#9688,3.5);
#9688 = AXIS2_PLACEMENT_2D('',#9689,#9690);
#9689 = CARTESIAN_POINT('',(49.,3.5));
#9690 = DIRECTION('',(1.,0.));
#9691 = ( GEOMETRIC_REPRESENTATION_CONTEXT(2) 
PARAMETRIC_REPRESENTATION_CONTEXT() REPRESENTATION_CONTEXT('2D SPACE',''
  ) );
#9692 = PCURVE('',#9693,#9698);
#9693 = CYLINDRICAL_SURFACE('',#9694,3.5);
#9694 = AXIS2_PLACEMENT_3D('',#9695,#9696,#9697);
#9695 = CARTESIAN_POINT('',(-188.,-32.5,48.));
#9696 = DIRECTION('',(0.,0.,1.));
#9697 = DIRECTION('',(1.,0.,-0.));
#9698 = DEFINITIONAL_REPRESENTATION('',(#9699),#9703);
#9699 = LINE('',#9700,#9701);
#9700 = CARTESIAN_POINT('',(0.,0.));
#9701 = VECTOR('',#9702,1.);
#9702 = DIRECTION('',(1.,0.));
#9703 = ( GEOMETRIC_REPRESENTATION_CONTEXT(2) 
PARAMETRIC_REPRESENTATION_CONTEXT() REPRESENTATION_CONTEXT('2D SPACE',''
  ) );
#9704 = ORIENTED_EDGE('',*,*,#9705,.F.);
#9705 = EDGE_CURVE('',#9677,#9675,#9706,.T.);
#9706 = SURFACE_CURVE('',#9707,(#9712,#9719),.PCURVE_S1.);
#9707 = CIRCLE('',#9708,3.5);
#9708 = AXIS2_PLACEMENT_3D('',#9709,#9710,#9711);
#9709 = CARTESIAN_POINT('',(-188.,-32.5,48.));
#9710 = DIRECTION('',(0.,0.,1.));
#9711 = DIRECTION('',(1.,0.,-0.));
#9712 = PCURVE('',#3110,#9713);
#9713 = DEFINITIONAL_REPRESENTATION('',(#9714),#9718);
#9714 = CIRCLE('',#9715,3.5);
#9715 = AXIS2_PLACEMENT_2D('',#9716,#9717);
#9716 = CARTESIAN_POINT('',(49.,3.5));
#9717 = DIRECTION('',(1.,0.));
#9718 = ( GEOMETRIC_REPRESENTATION_CONTEXT(2) 
PARAMETRIC_REPRESENTATION_CONTEXT() REPRESENTATION_CONTEXT('2D SPACE',''
  ) );
#9719 = PCURVE('',#9720,#9725);
#9720 = CYLINDRICAL_SURFACE('',#9721,3.5);
#9721 = AXIS2_PLACEMENT_3D('',#9722,#9723,#9724);
#9722 = CARTESIAN_POINT('',(-188.,-32.5,48.));
#9723 = DIRECTION('',(0.,0.,1.));
#9724 = DIRECTION('',(1.,0.,-0.));
#9725 = DEFINITIONAL_REPRESENTATION('',(#9726),#9730);
#9726 = LINE('',#9727,#9728);
#9727 = CARTESIAN_POINT('',(0.,0.));
#9728 = VECTOR('',#9729,1.);
#9729 = DIRECTION('',(1.,0.));
#9730 = ( GEOMETRIC_REPRESENTATION_CONTEXT(2) 
PARAMETRIC_REPRESENTATION_CONTEXT() REPRESENTATION_CONTEXT('2D SPACE',''
  ) );
#9731 = FACE_BOUND('',#9732,.T.);
#9732 = EDGE_LOOP('',(#9733,#9764));
#9733 = ORIENTED_EDGE('',*,*,#9734,.F.);
#9734 = EDGE_CURVE('',#9735,#9737,#9739,.T.);
#9735 = VERTEX_POINT('',#9736);
#9736 = CARTESIAN_POINT('',(-120.,-36.,48.));
#9737 = VERTEX_POINT('',#9738);
#9738 = CARTESIAN_POINT('',(-116.5,-32.5,48.));
#9739 = SURFACE_CURVE('',#9740,(#9745,#9752),.PCURVE_S1.);
#9740 = CIRCLE('',#9741,3.5);
#9741 = AXIS2_PLACEMENT_3D('',#9742,#9743,#9744);
#9742 = CARTESIAN_POINT('',(-120.,-32.5,48.));
#9743 = DIRECTION('',(0.,0.,1.));
#9744 = DIRECTION('',(1.,0.,-0.));
#9745 = PCURVE('',#3110,#9746);
#9746 = DEFINITIONAL_REPRESENTATION('',(#9747),#9751);
#9747 = CIRCLE('',#9748,3.5);
#9748 = AXIS2_PLACEMENT_2D('',#9749,#9750);
#9749 = CARTESIAN_POINT('',(117.,3.5));
#9750 = DIRECTION('',(1.,0.));
#9751 = ( GEOMETRIC_REPRESENTATION_CONTEXT(2) 
PARAMETRIC_REPRESENTATION_CONTEXT() REPRESENTATION_CONTEXT('2D SPACE',''
  ) );
#9752 = PCURVE('',#9753,#9758);
#9753 = CYLINDRICAL_SURFACE('',#9754,3.5);
#9754 = AXIS2_PLACEMENT_3D('',#9755,#9756,#9757);
#9755 = CARTESIAN_POINT('',(-120.,-32.5,48.));
#9756 = DIRECTION('',(0.,0.,1.));
#9757 = DIRECTION('',(1.,0.,-0.));
#9758 = DEFINITIONAL_REPRESENTATION('',(#9759),#9763);
#9759 = LINE('',#9760,#9761);
#9760 = CARTESIAN_POINT('',(0.,0.));
#9761 = VECTOR('',#9762,1.);
#9762 = DIRECTION('',(1.,0.));
#9763 = ( GEOMETRIC_REPRESENTATION_CONTEXT(2) 
PARAMETRIC_REPRESENTATION_CONTEXT() REPRESENTATION_CONTEXT('2D SPACE',''
  ) );
#9764 = ORIENTED_EDGE('',*,*,#9765,.F.);
#9765 = EDGE_CURVE('',#9737,#9735,#9766,.T.);
#9766 = SURFACE_CURVE('',#9767,(#9772,#9779),.PCURVE_S1.);
#9767 = CIRCLE('',#9768,3.5);
#9768 = AXIS2_PLACEMENT_3D('',#9769,#9770,#9771);
#9769 = CARTESIAN_POINT('',(-120.,-32.5,48.));
#9770 = DIRECTION('',(0.,0.,1.));
#9771 = DIRECTION('',(1.,0.,-0.));
#9772 = PCURVE('',#3110,#9773);
#9773 = DEFINITIONAL_REPRESENTATION('',(#9774),#9778);
#9774 = CIRCLE('',#9775,3.5);
#9775 = AXIS2_PLACEMENT_2D('',#9776,#9777);
#9776 = CARTESIAN_POINT('',(117.,3.5));
#9777 = DIRECTION('',(1.,0.));
#9778 = ( GEOMETRIC_REPRESENTATION_CONTEXT(2) 
PARAMETRIC_REPRESENTATION_CONTEXT() REPRESENTATION_CONTEXT('2D SPACE',''
  ) );
#9779 = PCURVE('',#9780,#9785);
#9780 = CYLINDRICAL_SURFACE('',#9781,3.5);
#9781 = AXIS2_PLACEMENT_3D('',#9782,#9783,#9784);
#9782 = CARTESIAN_POINT('',(-120.,-32.5,48.));
#9783 = DIRECTION('',(0.,0.,1.));
#9784 = DIRECTION('',(1.,0.,-0.));
#9785 = DEFINITIONAL_REPRESENTATION('',(#9786),#9790);
#9786 = LINE('',#9787,#9788);
#9787 = CARTESIAN_POINT('',(0.,0.));
#9788 = VECTOR('',#9789,1.);
#9789 = DIRECTION('',(1.,0.));
#9790 = ( GEOMETRIC_REPRESENTATION_CONTEXT(2) 
PARAMETRIC_REPRESENTATION_CONTEXT() REPRESENTATION_CONTEXT('2D SPACE',''
  ) );
#9791 = FACE_BOUND('',#9792,.T.);
#9792 = EDGE_LOOP('',(#9793,#9822,#9845,#9872));
#9793 = ORIENTED_EDGE('',*,*,#9794,.T.);
#9794 = EDGE_CURVE('',#9795,#9797,#9799,.T.);
#9795 = VERTEX_POINT('',#9796);
#9796 = CARTESIAN_POINT('',(-158.8,-21.75,48.));
#9797 = VERTEX_POINT('',#9798);
#9798 = CARTESIAN_POINT('',(-162.8,-21.75,48.));
#9799 = SURFACE_CURVE('',#9800,(#9804,#9811),.PCURVE_S1.);
#9800 = LINE('',#9801,#9802);
#9801 = CARTESIAN_POINT('',(-163.3,-21.75,48.));
#9802 = VECTOR('',#9803,1.);
#9803 = DIRECTION('',(-1.,-0.,0.));
#9804 = PCURVE('',#3110,#9805);
#9805 = DEFINITIONAL_REPRESENTATION('',(#9806),#9810);
#9806 = LINE('',#9807,#9808);
#9807 = CARTESIAN_POINT('',(73.7,14.25));
#9808 = VECTOR('',#9809,1.);
#9809 = DIRECTION('',(-1.,0.));
#9810 = ( GEOMETRIC_REPRESENTATION_CONTEXT(2) 
PARAMETRIC_REPRESENTATION_CONTEXT() REPRESENTATION_CONTEXT('2D SPACE',''
  ) );
#9811 = PCURVE('',#9812,#9817);
#9812 = PLANE('',#9813);
#9813 = AXIS2_PLACEMENT_3D('',#9814,#9815,#9816);
#9814 = CARTESIAN_POINT('',(-163.8,-21.75,47.9));
#9815 = DIRECTION('',(0.,1.,0.));
#9816 = DIRECTION('',(0.,0.,1.));
#9817 = DEFINITIONAL_REPRESENTATION('',(#9818),#9821);
#9818 = B_SPLINE_CURVE_WITH_KNOTS('',1,(#9819,#9820),.UNSPECIFIED.,.F.,
  .F.,(2,2),(-4.5,-0.5),.PIECEWISE_BEZIER_KNOTS.);
#9819 = CARTESIAN_POINT('',(9.999999999999E-02,5.));
#9820 = CARTESIAN_POINT('',(9.999999999999E-02,1.));
#9821 = ( GEOMETRIC_REPRESENTATION_CONTEXT(2) 
PARAMETRIC_REPRESENTATION_CONTEXT() REPRESENTATION_CONTEXT('2D SPACE',''
  ) );
#9822 = ORIENTED_EDGE('',*,*,#9823,.T.);
#9823 = EDGE_CURVE('',#9797,#9824,#9826,.T.);
#9824 = VERTEX_POINT('',#9825);
#9825 = CARTESIAN_POINT('',(-162.8,-5.25,48.));
#9826 = SURFACE_CURVE('',#9827,(#9831,#9838),.PCURVE_S1.);
#9827 = LINE('',#9828,#9829);
#9828 = CARTESIAN_POINT('',(-162.8,-36.,48.));
#9829 = VECTOR('',#9830,1.);
#9830 = DIRECTION('',(0.,1.,0.));
#9831 = PCURVE('',#3110,#9832);
#9832 = DEFINITIONAL_REPRESENTATION('',(#9833),#9837);
#9833 = LINE('',#9834,#9835);
#9834 = CARTESIAN_POINT('',(74.2,0.));
#9835 = VECTOR('',#9836,1.);
#9836 = DIRECTION('',(0.,1.));
#9837 = ( GEOMETRIC_REPRESENTATION_CONTEXT(2) 
PARAMETRIC_REPRESENTATION_CONTEXT() REPRESENTATION_CONTEXT('2D SPACE',''
  ) );
#9838 = PCURVE('',#3241,#9839);
#9839 = DEFINITIONAL_REPRESENTATION('',(#9840),#9844);
#9840 = LINE('',#9841,#9842);
#9841 = CARTESIAN_POINT('',(0.,0.));
#9842 = VECTOR('',#9843,1.);
#9843 = DIRECTION('',(0.,-1.));
#9844 = ( GEOMETRIC_REPRESENTATION_CONTEXT(2) 
PARAMETRIC_REPRESENTATION_CONTEXT() REPRESENTATION_CONTEXT('2D SPACE',''
  ) );
#9845 = ORIENTED_EDGE('',*,*,#9846,.F.);
#9846 = EDGE_CURVE('',#9847,#9824,#9849,.T.);
#9847 = VERTEX_POINT('',#9848);
#9848 = CARTESIAN_POINT('',(-158.8,-5.25,48.));
#9849 = SURFACE_CURVE('',#9850,(#9854,#9861),.PCURVE_S1.);
#9850 = LINE('',#9851,#9852);
#9851 = CARTESIAN_POINT('',(-163.3,-5.25,48.));
#9852 = VECTOR('',#9853,1.);
#9853 = DIRECTION('',(-1.,-0.,0.));
#9854 = PCURVE('',#3110,#9855);
#9855 = DEFINITIONAL_REPRESENTATION('',(#9856),#9860);
#9856 = LINE('',#9857,#9858);
#9857 = CARTESIAN_POINT('',(73.7,30.75));
#9858 = VECTOR('',#9859,1.);
#9859 = DIRECTION('',(-1.,0.));
#9860 = ( GEOMETRIC_REPRESENTATION_CONTEXT(2) 
PARAMETRIC_REPRESENTATION_CONTEXT() REPRESENTATION_CONTEXT('2D SPACE',''
  ) );
#9861 = PCURVE('',#9862,#9867);
#9862 = PLANE('',#9863);
#9863 = AXIS2_PLACEMENT_3D('',#9864,#9865,#9866);
#9864 = CARTESIAN_POINT('',(-163.8,-5.25,47.9));
#9865 = DIRECTION('',(0.,1.,0.));
#9866 = DIRECTION('',(0.,0.,1.));
#9867 = DEFINITIONAL_REPRESENTATION('',(#9868),#9871);
#9868 = B_SPLINE_CURVE_WITH_KNOTS('',1,(#9869,#9870),.UNSPECIFIED.,.F.,
  .F.,(2,2),(-4.5,-0.5),.PIECEWISE_BEZIER_KNOTS.);
#9869 = CARTESIAN_POINT('',(9.999999999999E-02,5.));
#9870 = CARTESIAN_POINT('',(9.999999999999E-02,1.));
#9871 = ( GEOMETRIC_REPRESENTATION_CONTEXT(2) 
PARAMETRIC_REPRESENTATION_CONTEXT() REPRESENTATION_CONTEXT('2D SPACE',''
  ) );
#9872 = ORIENTED_EDGE('',*,*,#9873,.F.);
#9873 = EDGE_CURVE('',#9795,#9847,#9874,.T.);
#9874 = SURFACE_CURVE('',#9875,(#9879,#9886),.PCURVE_S1.);
#9875 = LINE('',#9876,#9877);
#9876 = CARTESIAN_POINT('',(-158.8,-36.,48.));
#9877 = VECTOR('',#9878,1.);
#9878 = DIRECTION('',(0.,1.,0.));
#9879 = PCURVE('',#3110,#9880);
#9880 = DEFINITIONAL_REPRESENTATION('',(#9881),#9885);
#9881 = LINE('',#9882,#9883);
#9882 = CARTESIAN_POINT('',(78.2,0.));
#9883 = VECTOR('',#9884,1.);
#9884 = DIRECTION('',(0.,1.));
#9885 = ( GEOMETRIC_REPRESENTATION_CONTEXT(2) 
PARAMETRIC_REPRESENTATION_CONTEXT() REPRESENTATION_CONTEXT('2D SPACE',''
  ) );
#9886 = PCURVE('',#3185,#9887);
#9887 = DEFINITIONAL_REPRESENTATION('',(#9888),#9892);
#9888 = LINE('',#9889,#9890);
#9889 = CARTESIAN_POINT('',(0.,0.));
#9890 = VECTOR('',#9891,1.);
#9891 = DIRECTION('',(0.,-1.));
#9892 = ( GEOMETRIC_REPRESENTATION_CONTEXT(2) 
PARAMETRIC_REPRESENTATION_CONTEXT() REPRESENTATION_CONTEXT('2D SPACE',''
  ) );
#9893 = FACE_BOUND('',#9894,.T.);
#9894 = EDGE_LOOP('',(#9895,#9925,#9953,#9981));
#9895 = ORIENTED_EDGE('',*,*,#9896,.T.);
#9896 = EDGE_CURVE('',#9897,#9899,#9901,.T.);
#9897 = VERTEX_POINT('',#9898);
#9898 = CARTESIAN_POINT('',(-233.8,16.,48.));
#9899 = VERTEX_POINT('',#9900);
#9900 = CARTESIAN_POINT('',(-233.8,24.,48.));
#9901 = SURFACE_CURVE('',#9902,(#9906,#9913),.PCURVE_S1.);
#9902 = LINE('',#9903,#9904);
#9903 = CARTESIAN_POINT('',(-233.8,16.,48.));
#9904 = VECTOR('',#9905,1.);
#9905 = DIRECTION('',(0.,1.,0.));
#9906 = PCURVE('',#3110,#9907);
#9907 = DEFINITIONAL_REPRESENTATION('',(#9908),#9912);
#9908 = LINE('',#9909,#9910);
#9909 = CARTESIAN_POINT('',(3.2,52.));
#9910 = VECTOR('',#9911,1.);
#9911 = DIRECTION('',(0.,1.));
#9912 = ( GEOMETRIC_REPRESENTATION_CONTEXT(2) 
PARAMETRIC_REPRESENTATION_CONTEXT() REPRESENTATION_CONTEXT('2D SPACE',''
  ) );
#9913 = PCURVE('',#9914,#9919);
#9914 = PLANE('',#9915);
#9915 = AXIS2_PLACEMENT_3D('',#9916,#9917,#9918);
#9916 = CARTESIAN_POINT('',(-233.8,16.,48.));
#9917 = DIRECTION('',(1.,0.,0.));
#9918 = DIRECTION('',(0.,0.,1.));
#9919 = DEFINITIONAL_REPRESENTATION('',(#9920),#9924);
#9920 = LINE('',#9921,#9922);
#9921 = CARTESIAN_POINT('',(0.,0.));
#9922 = VECTOR('',#9923,1.);
#9923 = DIRECTION('',(0.,-1.));
#9924 = ( GEOMETRIC_REPRESENTATION_CONTEXT(2) 
PARAMETRIC_REPRESENTATION_CONTEXT() REPRESENTATION_CONTEXT('2D SPACE',''
  ) );
#9925 = ORIENTED_EDGE('',*,*,#9926,.T.);
#9926 = EDGE_CURVE('',#9899,#9927,#9929,.T.);
#9927 = VERTEX_POINT('',#9928);
#9928 = CARTESIAN_POINT('',(-219.8,24.,48.));
#9929 = SURFACE_CURVE('',#9930,(#9934,#9941),.PCURVE_S1.);
#9930 = LINE('',#9931,#9932);
#9931 = CARTESIAN_POINT('',(-233.8,24.,48.));
#9932 = VECTOR('',#9933,1.);
#9933 = DIRECTION('',(1.,0.,0.));
#9934 = PCURVE('',#3110,#9935);
#9935 = DEFINITIONAL_REPRESENTATION('',(#9936),#9940);
#9936 = LINE('',#9937,#9938);
#9937 = CARTESIAN_POINT('',(3.2,60.));
#9938 = VECTOR('',#9939,1.);
#9939 = DIRECTION('',(1.,0.));
#9940 = ( GEOMETRIC_REPRESENTATION_CONTEXT(2) 
PARAMETRIC_REPRESENTATION_CONTEXT() REPRESENTATION_CONTEXT('2D SPACE',''
  ) );
#9941 = PCURVE('',#9942,#9947);
#9942 = PLANE('',#9943);
#9943 = AXIS2_PLACEMENT_3D('',#9944,#9945,#9946);
#9944 = CARTESIAN_POINT('',(-233.8,24.,48.));
#9945 = DIRECTION('',(0.,1.,0.));
#9946 = DIRECTION('',(0.,0.,1.));
#9947 = DEFINITIONAL_REPRESENTATION('',(#9948),#9952);
#9948 = LINE('',#9949,#9950);
#9949 = CARTESIAN_POINT('',(0.,0.));
#9950 = VECTOR('',#9951,1.);
#9951 = DIRECTION('',(0.,1.));
#9952 = ( GEOMETRIC_REPRESENTATION_CONTEXT(2) 
PARAMETRIC_REPRESENTATION_CONTEXT() REPRESENTATION_CONTEXT('2D SPACE',''
  ) );
#9953 = ORIENTED_EDGE('',*,*,#9954,.F.);
#9954 = EDGE_CURVE('',#9955,#9927,#9957,.T.);
#9955 = VERTEX_POINT('',#9956);
#9956 = CARTESIAN_POINT('',(-219.8,16.,48.));
#9957 = SURFACE_CURVE('',#9958,(#9962,#9969),.PCURVE_S1.);
#9958 = LINE('',#9959,#9960);
#9959 = CARTESIAN_POINT('',(-219.8,16.,48.));
#9960 = VECTOR('',#9961,1.);
#9961 = DIRECTION('',(0.,1.,0.));
#9962 = PCURVE('',#3110,#9963);
#9963 = DEFINITIONAL_REPRESENTATION('',(#9964),#9968);
#9964 = LINE('',#9965,#9966);
#9965 = CARTESIAN_POINT('',(17.2,52.));
#9966 = VECTOR('',#9967,1.);
#9967 = DIRECTION('',(0.,1.));
#9968 = ( GEOMETRIC_REPRESENTATION_CONTEXT(2) 
PARAMETRIC_REPRESENTATION_CONTEXT() REPRESENTATION_CONTEXT('2D SPACE',''
  ) );
#9969 = PCURVE('',#9970,#9975);
#9970 = PLANE('',#9971);
#9971 = AXIS2_PLACEMENT_3D('',#9972,#9973,#9974);
#9972 = CARTESIAN_POINT('',(-219.8,16.,48.));
#9973 = DIRECTION('',(1.,0.,0.));
#9974 = DIRECTION('',(0.,0.,1.));
#9975 = DEFINITIONAL_REPRESENTATION('',(#9976),#9980);
#9976 = LINE('',#9977,#9978);
#9977 = CARTESIAN_POINT('',(0.,0.));
#9978 = VECTOR('',#9979,1.);
#9979 = DIRECTION('',(0.,-1.));
#9980 = ( GEOMETRIC_REPRESENTATION_CONTEXT(2) 
PARAMETRIC_REPRESENTATION_CONTEXT() REPRESENTATION_CONTEXT('2D SPACE',''
  ) );
#9981 = ORIENTED_EDGE('',*,*,#9982,.F.);
#9982 = EDGE_CURVE('',#9897,#9955,#9983,.T.);
#9983 = SURFACE_CURVE('',#9984,(#9988,#9995),.PCURVE_S1.);
#9984 = LINE('',#9985,#9986);
#9985 = CARTESIAN_POINT('',(-233.8,16.,48.));
#9986 = VECTOR('',#9987,1.);
#9987 = DIRECTION('',(1.,0.,0.));
#9988 = PCURVE('',#3110,#9989);
#9989 = DEFINITIONAL_REPRESENTATION('',(#9990),#9994);
#9990 = LINE('',#9991,#9992);
#9991 = CARTESIAN_POINT('',(3.2,52.));
#9992 = VECTOR('',#9993,1.);
#9993 = DIRECTION('',(1.,0.));
#9994 = ( GEOMETRIC_REPRESENTATION_CONTEXT(2) 
PARAMETRIC_REPRESENTATION_CONTEXT() REPRESENTATION_CONTEXT('2D SPACE',''
  ) );
#9995 = PCURVE('',#9996,#10001);
#9996 = PLANE('',#9997);
#9997 = AXIS2_PLACEMENT_3D('',#9998,#9999,#10000);
#9998 = CARTESIAN_POINT('',(-233.8,16.,48.));
#9999 = DIRECTION('',(0.,1.,0.));
#10000 = DIRECTION('',(0.,0.,1.));
#10001 = DEFINITIONAL_REPRESENTATION('',(#10002),#10006);
#10002 = LINE('',#10003,#10004);
#10003 = CARTESIAN_POINT('',(0.,0.));
#10004 = VECTOR('',#10005,1.);
#10005 = DIRECTION('',(0.,1.));
#10006 = ( GEOMETRIC_REPRESENTATION_CONTEXT(2) 
PARAMETRIC_REPRESENTATION_CONTEXT() REPRESENTATION_CONTEXT('2D SPACE',''
  ) );
#10007 = FACE_BOUND('',#10008,.T.);
#10008 = EDGE_LOOP('',(#10009,#10039,#10067,#10095));
#10009 = ORIENTED_EDGE('',*,*,#10010,.T.);
#10010 = EDGE_CURVE('',#10011,#10013,#10015,.T.);
#10011 = VERTEX_POINT('',#10012);
#10012 = CARTESIAN_POINT('',(-214.8,16.,48.));
#10013 = VERTEX_POINT('',#10014);
#10014 = CARTESIAN_POINT('',(-214.8,24.,48.));
#10015 = SURFACE_CURVE('',#10016,(#10020,#10027),.PCURVE_S1.);
#10016 = LINE('',#10017,#10018);
#10017 = CARTESIAN_POINT('',(-214.8,16.,48.));
#10018 = VECTOR('',#10019,1.);
#10019 = DIRECTION('',(0.,1.,0.));
#10020 = PCURVE('',#3110,#10021);
#10021 = DEFINITIONAL_REPRESENTATION('',(#10022),#10026);
#10022 = LINE('',#10023,#10024);
#10023 = CARTESIAN_POINT('',(22.2,52.));
#10024 = VECTOR('',#10025,1.);
#10025 = DIRECTION('',(0.,1.));
#10026 = ( GEOMETRIC_REPRESENTATION_CONTEXT(2) 
PARAMETRIC_REPRESENTATION_CONTEXT() REPRESENTATION_CONTEXT('2D SPACE',''
  ) );
#10027 = PCURVE('',#10028,#10033);
#10028 = PLANE('',#10029);
#10029 = AXIS2_PLACEMENT_3D('',#10030,#10031,#10032);
#10030 = CARTESIAN_POINT('',(-214.8,16.,48.));
#10031 = DIRECTION('',(1.,0.,0.));
#10032 = DIRECTION('',(0.,0.,1.));
#10033 = DEFINITIONAL_REPRESENTATION('',(#10034),#10038);
#10034 = LINE('',#10035,#10036);
#10035 = CARTESIAN_POINT('',(0.,0.));
#10036 = VECTOR('',#10037,1.);
#10037 = DIRECTION('',(0.,-1.));
#10038 = ( GEOMETRIC_REPRESENTATION_CONTEXT(2) 
PARAMETRIC_REPRESENTATION_CONTEXT() REPRESENTATION_CONTEXT('2D SPACE',''
  ) );
#10039 = ORIENTED_EDGE('',*,*,#10040,.T.);
#10040 = EDGE_CURVE('',#10013,#10041,#10043,.T.);
#10041 = VERTEX_POINT('',#10042);
#10042 = CARTESIAN_POINT('',(-200.8,24.,48.));
#10043 = SURFACE_CURVE('',#10044,(#10048,#10055),.PCURVE_S1.);
#10044 = LINE('',#10045,#10046);
#10045 = CARTESIAN_POINT('',(-214.8,24.,48.));
#10046 = VECTOR('',#10047,1.);
#10047 = DIRECTION('',(1.,0.,0.));
#10048 = PCURVE('',#3110,#10049);
#10049 = DEFINITIONAL_REPRESENTATION('',(#10050),#10054);
#10050 = LINE('',#10051,#10052);
#10051 = CARTESIAN_POINT('',(22.2,60.));
#10052 = VECTOR('',#10053,1.);
#10053 = DIRECTION('',(1.,0.));
#10054 = ( GEOMETRIC_REPRESENTATION_CONTEXT(2) 
PARAMETRIC_REPRESENTATION_CONTEXT() REPRESENTATION_CONTEXT('2D SPACE',''
  ) );
#10055 = PCURVE('',#10056,#10061);
#10056 = PLANE('',#10057);
#10057 = AXIS2_PLACEMENT_3D('',#10058,#10059,#10060);
#10058 = CARTESIAN_POINT('',(-214.8,24.,48.));
#10059 = DIRECTION('',(0.,1.,0.));
#10060 = DIRECTION('',(0.,0.,1.));
#10061 = DEFINITIONAL_REPRESENTATION('',(#10062),#10066);
#10062 = LINE('',#10063,#10064);
#10063 = CARTESIAN_POINT('',(0.,0.));
#10064 = VECTOR('',#10065,1.);
#10065 = DIRECTION('',(0.,1.));
#10066 = ( GEOMETRIC_REPRESENTATION_CONTEXT(2) 
PARAMETRIC_REPRESENTATION_CONTEXT() REPRESENTATION_CONTEXT('2D SPACE',''
  ) );
#10067 = ORIENTED_EDGE('',*,*,#10068,.F.);
#10068 = EDGE_CURVE('',#10069,#10041,#10071,.T.);
#10069 = VERTEX_POINT('',#10070);
#10070 = CARTESIAN_POINT('',(-200.8,16.,48.));
#10071 = SURFACE_CURVE('',#10072,(#10076,#10083),.PCURVE_S1.);
#10072 = LINE('',#10073,#10074);
#10073 = CARTESIAN_POINT('',(-200.8,16.,48.));
#10074 = VECTOR('',#10075,1.);
#10075 = DIRECTION('',(0.,1.,0.));
#10076 = PCURVE('',#3110,#10077);
#10077 = DEFINITIONAL_REPRESENTATION('',(#10078),#10082);
#10078 = LINE('',#10079,#10080);
#10079 = CARTESIAN_POINT('',(36.2,52.));
#10080 = VECTOR('',#10081,1.);
#10081 = DIRECTION('',(0.,1.));
#10082 = ( GEOMETRIC_REPRESENTATION_CONTEXT(2) 
PARAMETRIC_REPRESENTATION_CONTEXT() REPRESENTATION_CONTEXT('2D SPACE',''
  ) );
#10083 = PCURVE('',#10084,#10089);
#10084 = PLANE('',#10085);
#10085 = AXIS2_PLACEMENT_3D('',#10086,#10087,#10088);
#10086 = CARTESIAN_POINT('',(-200.8,16.,48.));
#10087 = DIRECTION('',(1.,0.,0.));
#10088 = DIRECTION('',(0.,0.,1.));
#10089 = DEFINITIONAL_REPRESENTATION('',(#10090),#10094);
#10090 = LINE('',#10091,#10092);
#10091 = CARTESIAN_POINT('',(0.,0.));
#10092 = VECTOR('',#10093,1.);
#10093 = DIRECTION('',(0.,-1.));
#10094 = ( GEOMETRIC_REPRESENTATION_CONTEXT(2) 
PARAMETRIC_REPRESENTATION_CONTEXT() REPRESENTATION_CONTEXT('2D SPACE',''
  ) );
#10095 = ORIENTED_EDGE('',*,*,#10096,.F.);
#10096 = EDGE_CURVE('',#10011,#10069,#10097,.T.);
#10097 = SURFACE_CURVE('',#10098,(#10102,#10109),.PCURVE_S1.);
#10098 = LINE('',#10099,#10100);
#10099 = CARTESIAN_POINT('',(-214.8,16.,48.));
#10100 = VECTOR('',#10101,1.);
#10101 = DIRECTION('',(1.,0.,0.));
#10102 = PCURVE('',#3110,#10103);
#10103 = DEFINITIONAL_REPRESENTATION('',(#10104),#10108);
#10104 = LINE('',#10105,#10106);
#10105 = CARTESIAN_POINT('',(22.2,52.));
#10106 = VECTOR('',#10107,1.);
#10107 = DIRECTION('',(1.,0.));
#10108 = ( GEOMETRIC_REPRESENTATION_CONTEXT(2) 
PARAMETRIC_REPRESENTATION_CONTEXT() REPRESENTATION_CONTEXT('2D SPACE',''
  ) );
#10109 = PCURVE('',#10110,#10115);
#10110 = PLANE('',#10111);
#10111 = AXIS2_PLACEMENT_3D('',#10112,#10113,#10114);
#10112 = CARTESIAN_POINT('',(-214.8,16.,48.));
#10113 = DIRECTION('',(0.,1.,0.));
#10114 = DIRECTION('',(0.,0.,1.));
#10115 = DEFINITIONAL_REPRESENTATION('',(#10116),#10120);
#10116 = LINE('',#10117,#10118);
#10117 = CARTESIAN_POINT('',(0.,0.));
#10118 = VECTOR('',#10119,1.);
#10119 = DIRECTION('',(0.,1.));
#10120 = ( GEOMETRIC_REPRESENTATION_CONTEXT(2) 
PARAMETRIC_REPRESENTATION_CONTEXT() REPRESENTATION_CONTEXT('2D SPACE',''
  ) );
#10121 = FACE_BOUND('',#10122,.T.);
#10122 = EDGE_LOOP('',(#10123,#10154));
#10123 = ORIENTED_EDGE('',*,*,#10124,.F.);
#10124 = EDGE_CURVE('',#10125,#10127,#10129,.T.);
#10125 = VERTEX_POINT('',#10126);
#10126 = CARTESIAN_POINT('',(-188.,36.,48.));
#10127 = VERTEX_POINT('',#10128);
#10128 = CARTESIAN_POINT('',(-184.5,32.5,48.));
#10129 = SURFACE_CURVE('',#10130,(#10135,#10142),.PCURVE_S1.);
#10130 = CIRCLE('',#10131,3.5);
#10131 = AXIS2_PLACEMENT_3D('',#10132,#10133,#10134);
#10132 = CARTESIAN_POINT('',(-188.,32.5,48.));
#10133 = DIRECTION('',(0.,0.,1.));
#10134 = DIRECTION('',(1.,0.,-0.));
#10135 = PCURVE('',#3110,#10136);
#10136 = DEFINITIONAL_REPRESENTATION('',(#10137),#10141);
#10137 = CIRCLE('',#10138,3.5);
#10138 = AXIS2_PLACEMENT_2D('',#10139,#10140);
#10139 = CARTESIAN_POINT('',(49.,68.5));
#10140 = DIRECTION('',(1.,0.));
#10141 = ( GEOMETRIC_REPRESENTATION_CONTEXT(2) 
PARAMETRIC_REPRESENTATION_CONTEXT() REPRESENTATION_CONTEXT('2D SPACE',''
  ) );
#10142 = PCURVE('',#10143,#10148);
#10143 = CYLINDRICAL_SURFACE('',#10144,3.5);
#10144 = AXIS2_PLACEMENT_3D('',#10145,#10146,#10147);
#10145 = CARTESIAN_POINT('',(-188.,32.5,48.));
#10146 = DIRECTION('',(0.,0.,1.));
#10147 = DIRECTION('',(1.,0.,-0.));
#10148 = DEFINITIONAL_REPRESENTATION('',(#10149),#10153);
#10149 = LINE('',#10150,#10151);
#10150 = CARTESIAN_POINT('',(0.,0.));
#10151 = VECTOR('',#10152,1.);
#10152 = DIRECTION('',(1.,0.));
#10153 = ( GEOMETRIC_REPRESENTATION_CONTEXT(2) 
PARAMETRIC_REPRESENTATION_CONTEXT() REPRESENTATION_CONTEXT('2D SPACE',''
  ) );
#10154 = ORIENTED_EDGE('',*,*,#10155,.F.);
#10155 = EDGE_CURVE('',#10127,#10125,#10156,.T.);
#10156 = SURFACE_CURVE('',#10157,(#10162,#10169),.PCURVE_S1.);
#10157 = CIRCLE('',#10158,3.5);
#10158 = AXIS2_PLACEMENT_3D('',#10159,#10160,#10161);
#10159 = CARTESIAN_POINT('',(-188.,32.5,48.));
#10160 = DIRECTION('',(0.,0.,1.));
#10161 = DIRECTION('',(1.,0.,-0.));
#10162 = PCURVE('',#3110,#10163);
#10163 = DEFINITIONAL_REPRESENTATION('',(#10164),#10168);
#10164 = CIRCLE('',#10165,3.5);
#10165 = AXIS2_PLACEMENT_2D('',#10166,#10167);
#10166 = CARTESIAN_POINT('',(49.,68.5));
#10167 = DIRECTION('',(1.,0.));
#10168 = ( GEOMETRIC_REPRESENTATION_CONTEXT(2) 
PARAMETRIC_REPRESENTATION_CONTEXT() REPRESENTATION_CONTEXT('2D SPACE',''
  ) );
#10169 = PCURVE('',#10170,#10175);
#10170 = CYLINDRICAL_SURFACE('',#10171,3.5);
#10171 = AXIS2_PLACEMENT_3D('',#10172,#10173,#10174);
#10172 = CARTESIAN_POINT('',(-188.,32.5,48.));
#10173 = DIRECTION('',(0.,0.,1.));
#10174 = DIRECTION('',(1.,0.,-0.));
#10175 = DEFINITIONAL_REPRESENTATION('',(#10176),#10180);
#10176 = LINE('',#10177,#10178);
#10177 = CARTESIAN_POINT('',(0.,0.));
#10178 = VECTOR('',#10179,1.);
#10179 = DIRECTION('',(1.,0.));
#10180 = ( GEOMETRIC_REPRESENTATION_CONTEXT(2) 
PARAMETRIC_REPRESENTATION_CONTEXT() REPRESENTATION_CONTEXT('2D SPACE',''
  ) );
#10181 = FACE_BOUND('',#10182,.T.);
#10182 = EDGE_LOOP('',(#10183,#10212,#10235,#10262));
#10183 = ORIENTED_EDGE('',*,*,#10184,.T.);
#10184 = EDGE_CURVE('',#10185,#10187,#10189,.T.);
#10185 = VERTEX_POINT('',#10186);
#10186 = CARTESIAN_POINT('',(-158.8,-3.75,48.));
#10187 = VERTEX_POINT('',#10188);
#10188 = CARTESIAN_POINT('',(-162.8,-3.75,48.));
#10189 = SURFACE_CURVE('',#10190,(#10194,#10201),.PCURVE_S1.);
#10190 = LINE('',#10191,#10192);
#10191 = CARTESIAN_POINT('',(-163.3,-3.75,48.));
#10192 = VECTOR('',#10193,1.);
#10193 = DIRECTION('',(-1.,-0.,0.));
#10194 = PCURVE('',#3110,#10195);
#10195 = DEFINITIONAL_REPRESENTATION('',(#10196),#10200);
#10196 = LINE('',#10197,#10198);
#10197 = CARTESIAN_POINT('',(73.7,32.25));
#10198 = VECTOR('',#10199,1.);
#10199 = DIRECTION('',(-1.,0.));
#10200 = ( GEOMETRIC_REPRESENTATION_CONTEXT(2) 
PARAMETRIC_REPRESENTATION_CONTEXT() REPRESENTATION_CONTEXT('2D SPACE',''
  ) );
#10201 = PCURVE('',#10202,#10207);
#10202 = PLANE('',#10203);
#10203 = AXIS2_PLACEMENT_3D('',#10204,#10205,#10206);
#10204 = CARTESIAN_POINT('',(-163.8,-3.75,47.9));
#10205 = DIRECTION('',(0.,1.,0.));
#10206 = DIRECTION('',(0.,0.,1.));
#10207 = DEFINITIONAL_REPRESENTATION('',(#10208),#10211);
#10208 = B_SPLINE_CURVE_WITH_KNOTS('',1,(#10209,#10210),.UNSPECIFIED.,
  .F.,.F.,(2,2),(-4.5,-0.5),.PIECEWISE_BEZIER_KNOTS.);
#10209 = CARTESIAN_POINT('',(9.999999999999E-02,5.));
#10210 = CARTESIAN_POINT('',(9.999999999999E-02,1.));
#10211 = ( GEOMETRIC_REPRESENTATION_CONTEXT(2) 
PARAMETRIC_REPRESENTATION_CONTEXT() REPRESENTATION_CONTEXT('2D SPACE',''
  ) );
#10212 = ORIENTED_EDGE('',*,*,#10213,.T.);
#10213 = EDGE_CURVE('',#10187,#10214,#10216,.T.);
#10214 = VERTEX_POINT('',#10215);
#10215 = CARTESIAN_POINT('',(-162.8,3.75,48.));
#10216 = SURFACE_CURVE('',#10217,(#10221,#10228),.PCURVE_S1.);
#10217 = LINE('',#10218,#10219);
#10218 = CARTESIAN_POINT('',(-162.8,-36.,48.));
#10219 = VECTOR('',#10220,1.);
#10220 = DIRECTION('',(0.,1.,0.));
#10221 = PCURVE('',#3110,#10222);
#10222 = DEFINITIONAL_REPRESENTATION('',(#10223),#10227);
#10223 = LINE('',#10224,#10225);
#10224 = CARTESIAN_POINT('',(74.2,0.));
#10225 = VECTOR('',#10226,1.);
#10226 = DIRECTION('',(0.,1.));
#10227 = ( GEOMETRIC_REPRESENTATION_CONTEXT(2) 
PARAMETRIC_REPRESENTATION_CONTEXT() REPRESENTATION_CONTEXT('2D SPACE',''
  ) );
#10228 = PCURVE('',#3241,#10229);
#10229 = DEFINITIONAL_REPRESENTATION('',(#10230),#10234);
#10230 = LINE('',#10231,#10232);
#10231 = CARTESIAN_POINT('',(0.,0.));
#10232 = VECTOR('',#10233,1.);
#10233 = DIRECTION('',(0.,-1.));
#10234 = ( GEOMETRIC_REPRESENTATION_CONTEXT(2) 
PARAMETRIC_REPRESENTATION_CONTEXT() REPRESENTATION_CONTEXT('2D SPACE',''
  ) );
#10235 = ORIENTED_EDGE('',*,*,#10236,.F.);
#10236 = EDGE_CURVE('',#10237,#10214,#10239,.T.);
#10237 = VERTEX_POINT('',#10238);
#10238 = CARTESIAN_POINT('',(-158.8,3.75,48.));
#10239 = SURFACE_CURVE('',#10240,(#10244,#10251),.PCURVE_S1.);
#10240 = LINE('',#10241,#10242);
#10241 = CARTESIAN_POINT('',(-163.3,3.75,48.));
#10242 = VECTOR('',#10243,1.);
#10243 = DIRECTION('',(-1.,-0.,0.));
#10244 = PCURVE('',#3110,#10245);
#10245 = DEFINITIONAL_REPRESENTATION('',(#10246),#10250);
#10246 = LINE('',#10247,#10248);
#10247 = CARTESIAN_POINT('',(73.7,39.75));
#10248 = VECTOR('',#10249,1.);
#10249 = DIRECTION('',(-1.,0.));
#10250 = ( GEOMETRIC_REPRESENTATION_CONTEXT(2) 
PARAMETRIC_REPRESENTATION_CONTEXT() REPRESENTATION_CONTEXT('2D SPACE',''
  ) );
#10251 = PCURVE('',#10252,#10257);
#10252 = PLANE('',#10253);
#10253 = AXIS2_PLACEMENT_3D('',#10254,#10255,#10256);
#10254 = CARTESIAN_POINT('',(-163.8,3.75,47.9));
#10255 = DIRECTION('',(0.,1.,0.));
#10256 = DIRECTION('',(0.,0.,1.));
#10257 = DEFINITIONAL_REPRESENTATION('',(#10258),#10261);
#10258 = B_SPLINE_CURVE_WITH_KNOTS('',1,(#10259,#10260),.UNSPECIFIED.,
  .F.,.F.,(2,2),(-4.5,-0.5),.PIECEWISE_BEZIER_KNOTS.);
#10259 = CARTESIAN_POINT('',(9.999999999999E-02,5.));
#10260 = CARTESIAN_POINT('',(9.999999999999E-02,1.));
#10261 = ( GEOMETRIC_REPRESENTATION_CONTEXT(2) 
PARAMETRIC_REPRESENTATION_CONTEXT() REPRESENTATION_CONTEXT('2D SPACE',''
  ) );
#10262 = ORIENTED_EDGE('',*,*,#10263,.F.);
#10263 = EDGE_CURVE('',#10185,#10237,#10264,.T.);
#10264 = SURFACE_CURVE('',#10265,(#10269,#10276),.PCURVE_S1.);
#10265 = LINE('',#10266,#10267);
#10266 = CARTESIAN_POINT('',(-158.8,-36.,48.));
#10267 = VECTOR('',#10268,1.);
#10268 = DIRECTION('',(0.,1.,0.));
#10269 = PCURVE('',#3110,#10270);
#10270 = DEFINITIONAL_REPRESENTATION('',(#10271),#10275);
#10271 = LINE('',#10272,#10273);
#10272 = CARTESIAN_POINT('',(78.2,0.));
#10273 = VECTOR('',#10274,1.);
#10274 = DIRECTION('',(0.,1.));
#10275 = ( GEOMETRIC_REPRESENTATION_CONTEXT(2) 
PARAMETRIC_REPRESENTATION_CONTEXT() REPRESENTATION_CONTEXT('2D SPACE',''
  ) );
#10276 = PCURVE('',#3185,#10277);
#10277 = DEFINITIONAL_REPRESENTATION('',(#10278),#10282);
#10278 = LINE('',#10279,#10280);
#10279 = CARTESIAN_POINT('',(0.,0.));
#10280 = VECTOR('',#10281,1.);
#10281 = DIRECTION('',(0.,-1.));
#10282 = ( GEOMETRIC_REPRESENTATION_CONTEXT(2) 
PARAMETRIC_REPRESENTATION_CONTEXT() REPRESENTATION_CONTEXT('2D SPACE',''
  ) );
#10283 = FACE_BOUND('',#10284,.T.);
#10284 = EDGE_LOOP('',(#10285,#10314,#10337,#10364));
#10285 = ORIENTED_EDGE('',*,*,#10286,.T.);
#10286 = EDGE_CURVE('',#10287,#10289,#10291,.T.);
#10287 = VERTEX_POINT('',#10288);
#10288 = CARTESIAN_POINT('',(-158.8,5.25,48.));
#10289 = VERTEX_POINT('',#10290);
#10290 = CARTESIAN_POINT('',(-162.8,5.25,48.));
#10291 = SURFACE_CURVE('',#10292,(#10296,#10303),.PCURVE_S1.);
#10292 = LINE('',#10293,#10294);
#10293 = CARTESIAN_POINT('',(-163.3,5.25,48.));
#10294 = VECTOR('',#10295,1.);
#10295 = DIRECTION('',(-1.,-0.,0.));
#10296 = PCURVE('',#3110,#10297);
#10297 = DEFINITIONAL_REPRESENTATION('',(#10298),#10302);
#10298 = LINE('',#10299,#10300);
#10299 = CARTESIAN_POINT('',(73.7,41.25));
#10300 = VECTOR('',#10301,1.);
#10301 = DIRECTION('',(-1.,0.));
#10302 = ( GEOMETRIC_REPRESENTATION_CONTEXT(2) 
PARAMETRIC_REPRESENTATION_CONTEXT() REPRESENTATION_CONTEXT('2D SPACE',''
  ) );
#10303 = PCURVE('',#10304,#10309);
#10304 = PLANE('',#10305);
#10305 = AXIS2_PLACEMENT_3D('',#10306,#10307,#10308);
#10306 = CARTESIAN_POINT('',(-163.8,5.25,47.9));
#10307 = DIRECTION('',(0.,1.,0.));
#10308 = DIRECTION('',(0.,0.,1.));
#10309 = DEFINITIONAL_REPRESENTATION('',(#10310),#10313);
#10310 = B_SPLINE_CURVE_WITH_KNOTS('',1,(#10311,#10312),.UNSPECIFIED.,
  .F.,.F.,(2,2),(-4.5,-0.5),.PIECEWISE_BEZIER_KNOTS.);
#10311 = CARTESIAN_POINT('',(9.999999999999E-02,5.));
#10312 = CARTESIAN_POINT('',(9.999999999999E-02,1.));
#10313 = ( GEOMETRIC_REPRESENTATION_CONTEXT(2) 
PARAMETRIC_REPRESENTATION_CONTEXT() REPRESENTATION_CONTEXT('2D SPACE',''
  ) );
#10314 = ORIENTED_EDGE('',*,*,#10315,.T.);
#10315 = EDGE_CURVE('',#10289,#10316,#10318,.T.);
#10316 = VERTEX_POINT('',#10317);
#10317 = CARTESIAN_POINT('',(-162.8,21.75,48.));
#10318 = SURFACE_CURVE('',#10319,(#10323,#10330),.PCURVE_S1.);
#10319 = LINE('',#10320,#10321);
#10320 = CARTESIAN_POINT('',(-162.8,-36.,48.));
#10321 = VECTOR('',#10322,1.);
#10322 = DIRECTION('',(0.,1.,0.));
#10323 = PCURVE('',#3110,#10324);
#10324 = DEFINITIONAL_REPRESENTATION('',(#10325),#10329);
#10325 = LINE('',#10326,#10327);
#10326 = CARTESIAN_POINT('',(74.2,0.));
#10327 = VECTOR('',#10328,1.);
#10328 = DIRECTION('',(0.,1.));
#10329 = ( GEOMETRIC_REPRESENTATION_CONTEXT(2) 
PARAMETRIC_REPRESENTATION_CONTEXT() REPRESENTATION_CONTEXT('2D SPACE',''
  ) );
#10330 = PCURVE('',#3241,#10331);
#10331 = DEFINITIONAL_REPRESENTATION('',(#10332),#10336);
#10332 = LINE('',#10333,#10334);
#10333 = CARTESIAN_POINT('',(0.,0.));
#10334 = VECTOR('',#10335,1.);
#10335 = DIRECTION('',(0.,-1.));
#10336 = ( GEOMETRIC_REPRESENTATION_CONTEXT(2) 
PARAMETRIC_REPRESENTATION_CONTEXT() REPRESENTATION_CONTEXT('2D SPACE',''
  ) );
#10337 = ORIENTED_EDGE('',*,*,#10338,.F.);
#10338 = EDGE_CURVE('',#10339,#10316,#10341,.T.);
#10339 = VERTEX_POINT('',#10340);
#10340 = CARTESIAN_POINT('',(-158.8,21.75,48.));
#10341 = SURFACE_CURVE('',#10342,(#10346,#10353),.PCURVE_S1.);
#10342 = LINE('',#10343,#10344);
#10343 = CARTESIAN_POINT('',(-163.3,21.75,48.));
#10344 = VECTOR('',#10345,1.);
#10345 = DIRECTION('',(-1.,-0.,0.));
#10346 = PCURVE('',#3110,#10347);
#10347 = DEFINITIONAL_REPRESENTATION('',(#10348),#10352);
#10348 = LINE('',#10349,#10350);
#10349 = CARTESIAN_POINT('',(73.7,57.75));
#10350 = VECTOR('',#10351,1.);
#10351 = DIRECTION('',(-1.,0.));
#10352 = ( GEOMETRIC_REPRESENTATION_CONTEXT(2) 
PARAMETRIC_REPRESENTATION_CONTEXT() REPRESENTATION_CONTEXT('2D SPACE',''
  ) );
#10353 = PCURVE('',#10354,#10359);
#10354 = PLANE('',#10355);
#10355 = AXIS2_PLACEMENT_3D('',#10356,#10357,#10358);
#10356 = CARTESIAN_POINT('',(-163.8,21.75,47.9));
#10357 = DIRECTION('',(0.,1.,0.));
#10358 = DIRECTION('',(0.,0.,1.));
#10359 = DEFINITIONAL_REPRESENTATION('',(#10360),#10363);
#10360 = B_SPLINE_CURVE_WITH_KNOTS('',1,(#10361,#10362),.UNSPECIFIED.,
  .F.,.F.,(2,2),(-4.5,-0.5),.PIECEWISE_BEZIER_KNOTS.);
#10361 = CARTESIAN_POINT('',(9.999999999999E-02,5.));
#10362 = CARTESIAN_POINT('',(9.999999999999E-02,1.));
#10363 = ( GEOMETRIC_REPRESENTATION_CONTEXT(2) 
PARAMETRIC_REPRESENTATION_CONTEXT() REPRESENTATION_CONTEXT('2D SPACE',''
  ) );
#10364 = ORIENTED_EDGE('',*,*,#10365,.F.);
#10365 = EDGE_CURVE('',#10287,#10339,#10366,.T.);
#10366 = SURFACE_CURVE('',#10367,(#10371,#10378),.PCURVE_S1.);
#10367 = LINE('',#10368,#10369);
#10368 = CARTESIAN_POINT('',(-158.8,-36.,48.));
#10369 = VECTOR('',#10370,1.);
#10370 = DIRECTION('',(0.,1.,0.));
#10371 = PCURVE('',#3110,#10372);
#10372 = DEFINITIONAL_REPRESENTATION('',(#10373),#10377);
#10373 = LINE('',#10374,#10375);
#10374 = CARTESIAN_POINT('',(78.2,0.));
#10375 = VECTOR('',#10376,1.);
#10376 = DIRECTION('',(0.,1.));
#10377 = ( GEOMETRIC_REPRESENTATION_CONTEXT(2) 
PARAMETRIC_REPRESENTATION_CONTEXT() REPRESENTATION_CONTEXT('2D SPACE',''
  ) );
#10378 = PCURVE('',#3185,#10379);
#10379 = DEFINITIONAL_REPRESENTATION('',(#10380),#10384);
#10380 = LINE('',#10381,#10382);
#10381 = CARTESIAN_POINT('',(0.,0.));
#10382 = VECTOR('',#10383,1.);
#10383 = DIRECTION('',(0.,-1.));
#10384 = ( GEOMETRIC_REPRESENTATION_CONTEXT(2) 
PARAMETRIC_REPRESENTATION_CONTEXT() REPRESENTATION_CONTEXT('2D SPACE',''
  ) );
#10385 = FACE_BOUND('',#10386,.T.);
#10386 = EDGE_LOOP('',(#10387,#10418));
#10387 = ORIENTED_EDGE('',*,*,#10388,.F.);
#10388 = EDGE_CURVE('',#10389,#10391,#10393,.T.);
#10389 = VERTEX_POINT('',#10390);
#10390 = CARTESIAN_POINT('',(-120.,36.,48.));
#10391 = VERTEX_POINT('',#10392);
#10392 = CARTESIAN_POINT('',(-116.5,32.5,48.));
#10393 = SURFACE_CURVE('',#10394,(#10399,#10406),.PCURVE_S1.);
#10394 = CIRCLE('',#10395,3.5);
#10395 = AXIS2_PLACEMENT_3D('',#10396,#10397,#10398);
#10396 = CARTESIAN_POINT('',(-120.,32.5,48.));
#10397 = DIRECTION('',(0.,0.,1.));
#10398 = DIRECTION('',(1.,0.,-0.));
#10399 = PCURVE('',#3110,#10400);
#10400 = DEFINITIONAL_REPRESENTATION('',(#10401),#10405);
#10401 = CIRCLE('',#10402,3.5);
#10402 = AXIS2_PLACEMENT_2D('',#10403,#10404);
#10403 = CARTESIAN_POINT('',(117.,68.5));
#10404 = DIRECTION('',(1.,0.));
#10405 = ( GEOMETRIC_REPRESENTATION_CONTEXT(2) 
PARAMETRIC_REPRESENTATION_CONTEXT() REPRESENTATION_CONTEXT('2D SPACE',''
  ) );
#10406 = PCURVE('',#10407,#10412);
#10407 = CYLINDRICAL_SURFACE('',#10408,3.5);
#10408 = AXIS2_PLACEMENT_3D('',#10409,#10410,#10411);
#10409 = CARTESIAN_POINT('',(-120.,32.5,48.));
#10410 = DIRECTION('',(0.,0.,1.));
#10411 = DIRECTION('',(1.,0.,-0.));
#10412 = DEFINITIONAL_REPRESENTATION('',(#10413),#10417);
#10413 = LINE('',#10414,#10415);
#10414 = CARTESIAN_POINT('',(0.,0.));
#10415 = VECTOR('',#10416,1.);
#10416 = DIRECTION('',(1.,0.));
#10417 = ( GEOMETRIC_REPRESENTATION_CONTEXT(2) 
PARAMETRIC_REPRESENTATION_CONTEXT() REPRESENTATION_CONTEXT('2D SPACE',''
  ) );
#10418 = ORIENTED_EDGE('',*,*,#10419,.F.);
#10419 = EDGE_CURVE('',#10391,#10389,#10420,.T.);
#10420 = SURFACE_CURVE('',#10421,(#10426,#10433),.PCURVE_S1.);
#10421 = CIRCLE('',#10422,3.5);
#10422 = AXIS2_PLACEMENT_3D('',#10423,#10424,#10425);
#10423 = CARTESIAN_POINT('',(-120.,32.5,48.));
#10424 = DIRECTION('',(0.,0.,1.));
#10425 = DIRECTION('',(1.,0.,-0.));
#10426 = PCURVE('',#3110,#10427);
#10427 = DEFINITIONAL_REPRESENTATION('',(#10428),#10432);
#10428 = CIRCLE('',#10429,3.5);
#10429 = AXIS2_PLACEMENT_2D('',#10430,#10431);
#10430 = CARTESIAN_POINT('',(117.,68.5));
#10431 = DIRECTION('',(1.,0.));
#10432 = ( GEOMETRIC_REPRESENTATION_CONTEXT(2) 
PARAMETRIC_REPRESENTATION_CONTEXT() REPRESENTATION_CONTEXT('2D SPACE',''
  ) );
#10433 = PCURVE('',#10434,#10439);
#10434 = CYLINDRICAL_SURFACE('',#10435,3.5);
#10435 = AXIS2_PLACEMENT_3D('',#10436,#10437,#10438);
#10436 = CARTESIAN_POINT('',(-120.,32.5,48.));
#10437 = DIRECTION('',(0.,0.,1.));
#10438 = DIRECTION('',(1.,0.,-0.));
#10439 = DEFINITIONAL_REPRESENTATION('',(#10440),#10444);
#10440 = LINE('',#10441,#10442);
#10441 = CARTESIAN_POINT('',(0.,0.));
#10442 = VECTOR('',#10443,1.);
#10443 = DIRECTION('',(1.,0.));
#10444 = ( GEOMETRIC_REPRESENTATION_CONTEXT(2) 
PARAMETRIC_REPRESENTATION_CONTEXT() REPRESENTATION_CONTEXT('2D SPACE',''
  ) );
#10445 = ADVANCED_FACE('',(#10446),#3241,.F.);
#10446 = FACE_BOUND('',#10447,.F.);
#10447 = EDGE_LOOP('',(#10448,#10471,#10472,#10473,#10494,#10520,#10539,
    #10540,#10561,#10587,#10606,#10607,#10628,#10654,#10673,#10674,
    #10695,#10721,#10740,#10741,#10742,#10765,#10794,#10822));
#10448 = ORIENTED_EDGE('',*,*,#10449,.F.);
#10449 = EDGE_CURVE('',#3198,#10450,#10452,.T.);
#10450 = VERTEX_POINT('',#10451);
#10451 = CARTESIAN_POINT('',(-162.8,-26.,62.));
#10452 = SURFACE_CURVE('',#10453,(#10457,#10464),.PCURVE_S1.);
#10453 = LINE('',#10454,#10455);
#10454 = CARTESIAN_POINT('',(-162.8,-36.,62.));
#10455 = VECTOR('',#10456,1.);
#10456 = DIRECTION('',(0.,1.,0.));
#10457 = PCURVE('',#3241,#10458);
#10458 = DEFINITIONAL_REPRESENTATION('',(#10459),#10463);
#10459 = LINE('',#10460,#10461);
#10460 = CARTESIAN_POINT('',(14.,0.));
#10461 = VECTOR('',#10462,1.);
#10462 = DIRECTION('',(0.,-1.));
#10463 = ( GEOMETRIC_REPRESENTATION_CONTEXT(2) 
PARAMETRIC_REPRESENTATION_CONTEXT() REPRESENTATION_CONTEXT('2D SPACE',''
  ) );
#10464 = PCURVE('',#3213,#10465);
#10465 = DEFINITIONAL_REPRESENTATION('',(#10466),#10470);
#10466 = LINE('',#10467,#10468);
#10467 = CARTESIAN_POINT('',(0.,0.));
#10468 = VECTOR('',#10469,1.);
#10469 = DIRECTION('',(0.,1.));
#10470 = ( GEOMETRIC_REPRESENTATION_CONTEXT(2) 
PARAMETRIC_REPRESENTATION_CONTEXT() REPRESENTATION_CONTEXT('2D SPACE',''
  ) );
#10471 = ORIENTED_EDGE('',*,*,#3225,.F.);
#10472 = ORIENTED_EDGE('',*,*,#9250,.T.);
#10473 = ORIENTED_EDGE('',*,*,#10474,.T.);
#10474 = EDGE_CURVE('',#9251,#10475,#10477,.T.);
#10475 = VERTEX_POINT('',#10476);
#10476 = CARTESIAN_POINT('',(-162.8,-23.25,50.));
#10477 = SURFACE_CURVE('',#10478,(#10482,#10488),.PCURVE_S1.);
#10478 = LINE('',#10479,#10480);
#10479 = CARTESIAN_POINT('',(-162.8,-23.25,47.95));
#10480 = VECTOR('',#10481,1.);
#10481 = DIRECTION('',(0.,0.,1.));
#10482 = PCURVE('',#3241,#10483);
#10483 = DEFINITIONAL_REPRESENTATION('',(#10484),#10487);
#10484 = B_SPLINE_CURVE_WITH_KNOTS('',1,(#10485,#10486),.UNSPECIFIED.,
  .F.,.F.,(2,2),(5.E-02,2.05),.PIECEWISE_BEZIER_KNOTS.);
#10485 = CARTESIAN_POINT('',(0.,-12.75));
#10486 = CARTESIAN_POINT('',(2.,-12.75));
#10487 = ( GEOMETRIC_REPRESENTATION_CONTEXT(2) 
PARAMETRIC_REPRESENTATION_CONTEXT() REPRESENTATION_CONTEXT('2D SPACE',''
  ) );
#10488 = PCURVE('',#9289,#10489);
#10489 = DEFINITIONAL_REPRESENTATION('',(#10490),#10493);
#10490 = B_SPLINE_CURVE_WITH_KNOTS('',1,(#10491,#10492),.UNSPECIFIED.,
  .F.,.F.,(2,2),(5.E-02,2.05),.PIECEWISE_BEZIER_KNOTS.);
#10491 = CARTESIAN_POINT('',(9.999999999999E-02,1.));
#10492 = CARTESIAN_POINT('',(2.1,1.));
#10493 = ( GEOMETRIC_REPRESENTATION_CONTEXT(2) 
PARAMETRIC_REPRESENTATION_CONTEXT() REPRESENTATION_CONTEXT('2D SPACE',''
  ) );
#10494 = ORIENTED_EDGE('',*,*,#10495,.F.);
#10495 = EDGE_CURVE('',#10496,#10475,#10498,.T.);
#10496 = VERTEX_POINT('',#10497);
#10497 = CARTESIAN_POINT('',(-162.8,-21.75,50.));
#10498 = SURFACE_CURVE('',#10499,(#10503,#10509),.PCURVE_S1.);
#10499 = LINE('',#10500,#10501);
#10500 = CARTESIAN_POINT('',(-162.8,-29.625,50.));
#10501 = VECTOR('',#10502,1.);
#10502 = DIRECTION('',(0.,-1.,0.));
#10503 = PCURVE('',#3241,#10504);
#10504 = DEFINITIONAL_REPRESENTATION('',(#10505),#10508);
#10505 = B_SPLINE_CURVE_WITH_KNOTS('',1,(#10506,#10507),.UNSPECIFIED.,
  .F.,.F.,(2,2),(-7.875,-6.375),.PIECEWISE_BEZIER_KNOTS.);
#10506 = CARTESIAN_POINT('',(2.,-14.25));
#10507 = CARTESIAN_POINT('',(2.,-12.75));
#10508 = ( GEOMETRIC_REPRESENTATION_CONTEXT(2) 
PARAMETRIC_REPRESENTATION_CONTEXT() REPRESENTATION_CONTEXT('2D SPACE',''
  ) );
#10509 = PCURVE('',#10510,#10515);
#10510 = PLANE('',#10511);
#10511 = AXIS2_PLACEMENT_3D('',#10512,#10513,#10514);
#10512 = CARTESIAN_POINT('',(-163.8,-23.25,50.));
#10513 = DIRECTION('',(0.,0.,1.));
#10514 = DIRECTION('',(1.,0.,0.));
#10515 = DEFINITIONAL_REPRESENTATION('',(#10516),#10519);
#10516 = B_SPLINE_CURVE_WITH_KNOTS('',1,(#10517,#10518),.UNSPECIFIED.,
  .F.,.F.,(2,2),(-7.875,-6.375),.PIECEWISE_BEZIER_KNOTS.);
#10517 = CARTESIAN_POINT('',(1.,1.5));
#10518 = CARTESIAN_POINT('',(1.,0.));
#10519 = ( GEOMETRIC_REPRESENTATION_CONTEXT(2) 
PARAMETRIC_REPRESENTATION_CONTEXT() REPRESENTATION_CONTEXT('2D SPACE',''
  ) );
#10520 = ORIENTED_EDGE('',*,*,#10521,.F.);
#10521 = EDGE_CURVE('',#9797,#10496,#10522,.T.);
#10522 = SURFACE_CURVE('',#10523,(#10527,#10533),.PCURVE_S1.);
#10523 = LINE('',#10524,#10525);
#10524 = CARTESIAN_POINT('',(-162.8,-21.75,47.95));
#10525 = VECTOR('',#10526,1.);
#10526 = DIRECTION('',(0.,0.,1.));
#10527 = PCURVE('',#3241,#10528);
#10528 = DEFINITIONAL_REPRESENTATION('',(#10529),#10532);
#10529 = B_SPLINE_CURVE_WITH_KNOTS('',1,(#10530,#10531),.UNSPECIFIED.,
  .F.,.F.,(2,2),(5.E-02,2.05),.PIECEWISE_BEZIER_KNOTS.);
#10530 = CARTESIAN_POINT('',(0.,-14.25));
#10531 = CARTESIAN_POINT('',(2.,-14.25));
#10532 = ( GEOMETRIC_REPRESENTATION_CONTEXT(2) 
PARAMETRIC_REPRESENTATION_CONTEXT() REPRESENTATION_CONTEXT('2D SPACE',''
  ) );
#10533 = PCURVE('',#9812,#10534);
#10534 = DEFINITIONAL_REPRESENTATION('',(#10535),#10538);
#10535 = B_SPLINE_CURVE_WITH_KNOTS('',1,(#10536,#10537),.UNSPECIFIED.,
  .F.,.F.,(2,2),(5.E-02,2.05),.PIECEWISE_BEZIER_KNOTS.);
#10536 = CARTESIAN_POINT('',(9.999999999999E-02,1.));
#10537 = CARTESIAN_POINT('',(2.1,1.));
#10538 = ( GEOMETRIC_REPRESENTATION_CONTEXT(2) 
PARAMETRIC_REPRESENTATION_CONTEXT() REPRESENTATION_CONTEXT('2D SPACE',''
  ) );
#10539 = ORIENTED_EDGE('',*,*,#9823,.T.);
#10540 = ORIENTED_EDGE('',*,*,#10541,.T.);
#10541 = EDGE_CURVE('',#9824,#10542,#10544,.T.);
#10542 = VERTEX_POINT('',#10543);
#10543 = CARTESIAN_POINT('',(-162.8,-5.25,50.));
#10544 = SURFACE_CURVE('',#10545,(#10549,#10555),.PCURVE_S1.);
#10545 = LINE('',#10546,#10547);
#10546 = CARTESIAN_POINT('',(-162.8,-5.25,47.95));
#10547 = VECTOR('',#10548,1.);
#10548 = DIRECTION('',(0.,0.,1.));
#10549 = PCURVE('',#3241,#10550);
#10550 = DEFINITIONAL_REPRESENTATION('',(#10551),#10554);
#10551 = B_SPLINE_CURVE_WITH_KNOTS('',1,(#10552,#10553),.UNSPECIFIED.,
  .F.,.F.,(2,2),(5.E-02,2.05),.PIECEWISE_BEZIER_KNOTS.);
#10552 = CARTESIAN_POINT('',(0.,-30.75));
#10553 = CARTESIAN_POINT('',(2.,-30.75));
#10554 = ( GEOMETRIC_REPRESENTATION_CONTEXT(2) 
PARAMETRIC_REPRESENTATION_CONTEXT() REPRESENTATION_CONTEXT('2D SPACE',''
  ) );
#10555 = PCURVE('',#9862,#10556);
#10556 = DEFINITIONAL_REPRESENTATION('',(#10557),#10560);
#10557 = B_SPLINE_CURVE_WITH_KNOTS('',1,(#10558,#10559),.UNSPECIFIED.,
  .F.,.F.,(2,2),(5.E-02,2.05),.PIECEWISE_BEZIER_KNOTS.);
#10558 = CARTESIAN_POINT('',(9.999999999999E-02,1.));
#10559 = CARTESIAN_POINT('',(2.1,1.));
#10560 = ( GEOMETRIC_REPRESENTATION_CONTEXT(2) 
PARAMETRIC_REPRESENTATION_CONTEXT() REPRESENTATION_CONTEXT('2D SPACE',''
  ) );
#10561 = ORIENTED_EDGE('',*,*,#10562,.F.);
#10562 = EDGE_CURVE('',#10563,#10542,#10565,.T.);
#10563 = VERTEX_POINT('',#10564);
#10564 = CARTESIAN_POINT('',(-162.8,-3.75,50.));
#10565 = SURFACE_CURVE('',#10566,(#10570,#10576),.PCURVE_S1.);
#10566 = LINE('',#10567,#10568);
#10567 = CARTESIAN_POINT('',(-162.8,-20.625,50.));
#10568 = VECTOR('',#10569,1.);
#10569 = DIRECTION('',(0.,-1.,0.));
#10570 = PCURVE('',#3241,#10571);
#10571 = DEFINITIONAL_REPRESENTATION('',(#10572),#10575);
#10572 = B_SPLINE_CURVE_WITH_KNOTS('',1,(#10573,#10574),.UNSPECIFIED.,
  .F.,.F.,(2,2),(-16.875,-15.375),.PIECEWISE_BEZIER_KNOTS.);
#10573 = CARTESIAN_POINT('',(2.,-32.25));
#10574 = CARTESIAN_POINT('',(2.,-30.75));
#10575 = ( GEOMETRIC_REPRESENTATION_CONTEXT(2) 
PARAMETRIC_REPRESENTATION_CONTEXT() REPRESENTATION_CONTEXT('2D SPACE',''
  ) );
#10576 = PCURVE('',#10577,#10582);
#10577 = PLANE('',#10578);
#10578 = AXIS2_PLACEMENT_3D('',#10579,#10580,#10581);
#10579 = CARTESIAN_POINT('',(-163.8,-5.25,50.));
#10580 = DIRECTION('',(0.,0.,1.));
#10581 = DIRECTION('',(1.,0.,0.));
#10582 = DEFINITIONAL_REPRESENTATION('',(#10583),#10586);
#10583 = B_SPLINE_CURVE_WITH_KNOTS('',1,(#10584,#10585),.UNSPECIFIED.,
  .F.,.F.,(2,2),(-16.875,-15.375),.PIECEWISE_BEZIER_KNOTS.);
#10584 = CARTESIAN_POINT('',(1.,1.5));
#10585 = CARTESIAN_POINT('',(1.,0.));
#10586 = ( GEOMETRIC_REPRESENTATION_CONTEXT(2) 
PARAMETRIC_REPRESENTATION_CONTEXT() REPRESENTATION_CONTEXT('2D SPACE',''
  ) );
#10587 = ORIENTED_EDGE('',*,*,#10588,.F.);
#10588 = EDGE_CURVE('',#10187,#10563,#10589,.T.);
#10589 = SURFACE_CURVE('',#10590,(#10594,#10600),.PCURVE_S1.);
#10590 = LINE('',#10591,#10592);
#10591 = CARTESIAN_POINT('',(-162.8,-3.75,47.95));
#10592 = VECTOR('',#10593,1.);
#10593 = DIRECTION('',(0.,0.,1.));
#10594 = PCURVE('',#3241,#10595);
#10595 = DEFINITIONAL_REPRESENTATION('',(#10596),#10599);
#10596 = B_SPLINE_CURVE_WITH_KNOTS('',1,(#10597,#10598),.UNSPECIFIED.,
  .F.,.F.,(2,2),(5.E-02,2.05),.PIECEWISE_BEZIER_KNOTS.);
#10597 = CARTESIAN_POINT('',(0.,-32.25));
#10598 = CARTESIAN_POINT('',(2.,-32.25));
#10599 = ( GEOMETRIC_REPRESENTATION_CONTEXT(2) 
PARAMETRIC_REPRESENTATION_CONTEXT() REPRESENTATION_CONTEXT('2D SPACE',''
  ) );
#10600 = PCURVE('',#10202,#10601);
#10601 = DEFINITIONAL_REPRESENTATION('',(#10602),#10605);
#10602 = B_SPLINE_CURVE_WITH_KNOTS('',1,(#10603,#10604),.UNSPECIFIED.,
  .F.,.F.,(2,2),(5.E-02,2.05),.PIECEWISE_BEZIER_KNOTS.);
#10603 = CARTESIAN_POINT('',(9.999999999999E-02,1.));
#10604 = CARTESIAN_POINT('',(2.1,1.));
#10605 = ( GEOMETRIC_REPRESENTATION_CONTEXT(2) 
PARAMETRIC_REPRESENTATION_CONTEXT() REPRESENTATION_CONTEXT('2D SPACE',''
  ) );
#10606 = ORIENTED_EDGE('',*,*,#10213,.T.);
#10607 = ORIENTED_EDGE('',*,*,#10608,.T.);
#10608 = EDGE_CURVE('',#10214,#10609,#10611,.T.);
#10609 = VERTEX_POINT('',#10610);
#10610 = CARTESIAN_POINT('',(-162.8,3.75,50.));
#10611 = SURFACE_CURVE('',#10612,(#10616,#10622),.PCURVE_S1.);
#10612 = LINE('',#10613,#10614);
#10613 = CARTESIAN_POINT('',(-162.8,3.75,47.95));
#10614 = VECTOR('',#10615,1.);
#10615 = DIRECTION('',(0.,0.,1.));
#10616 = PCURVE('',#3241,#10617);
#10617 = DEFINITIONAL_REPRESENTATION('',(#10618),#10621);
#10618 = B_SPLINE_CURVE_WITH_KNOTS('',1,(#10619,#10620),.UNSPECIFIED.,
  .F.,.F.,(2,2),(5.E-02,2.05),.PIECEWISE_BEZIER_KNOTS.);
#10619 = CARTESIAN_POINT('',(0.,-39.75));
#10620 = CARTESIAN_POINT('',(2.,-39.75));
#10621 = ( GEOMETRIC_REPRESENTATION_CONTEXT(2) 
PARAMETRIC_REPRESENTATION_CONTEXT() REPRESENTATION_CONTEXT('2D SPACE',''
  ) );
#10622 = PCURVE('',#10252,#10623);
#10623 = DEFINITIONAL_REPRESENTATION('',(#10624),#10627);
#10624 = B_SPLINE_CURVE_WITH_KNOTS('',1,(#10625,#10626),.UNSPECIFIED.,
  .F.,.F.,(2,2),(5.E-02,2.05),.PIECEWISE_BEZIER_KNOTS.);
#10625 = CARTESIAN_POINT('',(9.999999999999E-02,1.));
#10626 = CARTESIAN_POINT('',(2.1,1.));
#10627 = ( GEOMETRIC_REPRESENTATION_CONTEXT(2) 
PARAMETRIC_REPRESENTATION_CONTEXT() REPRESENTATION_CONTEXT('2D SPACE',''
  ) );
#10628 = ORIENTED_EDGE('',*,*,#10629,.F.);
#10629 = EDGE_CURVE('',#10630,#10609,#10632,.T.);
#10630 = VERTEX_POINT('',#10631);
#10631 = CARTESIAN_POINT('',(-162.8,5.25,50.));
#10632 = SURFACE_CURVE('',#10633,(#10637,#10643),.PCURVE_S1.);
#10633 = LINE('',#10634,#10635);
#10634 = CARTESIAN_POINT('',(-162.8,-16.125,50.));
#10635 = VECTOR('',#10636,1.);
#10636 = DIRECTION('',(0.,-1.,0.));
#10637 = PCURVE('',#3241,#10638);
#10638 = DEFINITIONAL_REPRESENTATION('',(#10639),#10642);
#10639 = B_SPLINE_CURVE_WITH_KNOTS('',1,(#10640,#10641),.UNSPECIFIED.,
  .F.,.F.,(2,2),(-21.375,-19.875),.PIECEWISE_BEZIER_KNOTS.);
#10640 = CARTESIAN_POINT('',(2.,-41.25));
#10641 = CARTESIAN_POINT('',(2.,-39.75));
#10642 = ( GEOMETRIC_REPRESENTATION_CONTEXT(2) 
PARAMETRIC_REPRESENTATION_CONTEXT() REPRESENTATION_CONTEXT('2D SPACE',''
  ) );
#10643 = PCURVE('',#10644,#10649);
#10644 = PLANE('',#10645);
#10645 = AXIS2_PLACEMENT_3D('',#10646,#10647,#10648);
#10646 = CARTESIAN_POINT('',(-163.8,3.75,50.));
#10647 = DIRECTION('',(0.,0.,1.));
#10648 = DIRECTION('',(1.,0.,0.));
#10649 = DEFINITIONAL_REPRESENTATION('',(#10650),#10653);
#10650 = B_SPLINE_CURVE_WITH_KNOTS('',1,(#10651,#10652),.UNSPECIFIED.,
  .F.,.F.,(2,2),(-21.375,-19.875),.PIECEWISE_BEZIER_KNOTS.);
#10651 = CARTESIAN_POINT('',(1.,1.5));
#10652 = CARTESIAN_POINT('',(1.,0.));
#10653 = ( GEOMETRIC_REPRESENTATION_CONTEXT(2) 
PARAMETRIC_REPRESENTATION_CONTEXT() REPRESENTATION_CONTEXT('2D SPACE',''
  ) );
#10654 = ORIENTED_EDGE('',*,*,#10655,.F.);
#10655 = EDGE_CURVE('',#10289,#10630,#10656,.T.);
#10656 = SURFACE_CURVE('',#10657,(#10661,#10667),.PCURVE_S1.);
#10657 = LINE('',#10658,#10659);
#10658 = CARTESIAN_POINT('',(-162.8,5.25,47.95));
#10659 = VECTOR('',#10660,1.);
#10660 = DIRECTION('',(0.,0.,1.));
#10661 = PCURVE('',#3241,#10662);
#10662 = DEFINITIONAL_REPRESENTATION('',(#10663),#10666);
#10663 = B_SPLINE_CURVE_WITH_KNOTS('',1,(#10664,#10665),.UNSPECIFIED.,
  .F.,.F.,(2,2),(5.E-02,2.05),.PIECEWISE_BEZIER_KNOTS.);
#10664 = CARTESIAN_POINT('',(0.,-41.25));
#10665 = CARTESIAN_POINT('',(2.,-41.25));
#10666 = ( GEOMETRIC_REPRESENTATION_CONTEXT(2) 
PARAMETRIC_REPRESENTATION_CONTEXT() REPRESENTATION_CONTEXT('2D SPACE',''
  ) );
#10667 = PCURVE('',#10304,#10668);
#10668 = DEFINITIONAL_REPRESENTATION('',(#10669),#10672);
#10669 = B_SPLINE_CURVE_WITH_KNOTS('',1,(#10670,#10671),.UNSPECIFIED.,
  .F.,.F.,(2,2),(5.E-02,2.05),.PIECEWISE_BEZIER_KNOTS.);
#10670 = CARTESIAN_POINT('',(9.999999999999E-02,1.));
#10671 = CARTESIAN_POINT('',(2.1,1.));
#10672 = ( GEOMETRIC_REPRESENTATION_CONTEXT(2) 
PARAMETRIC_REPRESENTATION_CONTEXT() REPRESENTATION_CONTEXT('2D SPACE',''
  ) );
#10673 = ORIENTED_EDGE('',*,*,#10315,.T.);
#10674 = ORIENTED_EDGE('',*,*,#10675,.T.);
#10675 = EDGE_CURVE('',#10316,#10676,#10678,.T.);
#10676 = VERTEX_POINT('',#10677);
#10677 = CARTESIAN_POINT('',(-162.8,21.75,50.));
#10678 = SURFACE_CURVE('',#10679,(#10683,#10689),.PCURVE_S1.);
#10679 = LINE('',#10680,#10681);
#10680 = CARTESIAN_POINT('',(-162.8,21.75,47.95));
#10681 = VECTOR('',#10682,1.);
#10682 = DIRECTION('',(0.,0.,1.));
#10683 = PCURVE('',#3241,#10684);
#10684 = DEFINITIONAL_REPRESENTATION('',(#10685),#10688);
#10685 = B_SPLINE_CURVE_WITH_KNOTS('',1,(#10686,#10687),.UNSPECIFIED.,
  .F.,.F.,(2,2),(5.E-02,2.05),.PIECEWISE_BEZIER_KNOTS.);
#10686 = CARTESIAN_POINT('',(0.,-57.75));
#10687 = CARTESIAN_POINT('',(2.,-57.75));
#10688 = ( GEOMETRIC_REPRESENTATION_CONTEXT(2) 
PARAMETRIC_REPRESENTATION_CONTEXT() REPRESENTATION_CONTEXT('2D SPACE',''
  ) );
#10689 = PCURVE('',#10354,#10690);
#10690 = DEFINITIONAL_REPRESENTATION('',(#10691),#10694);
#10691 = B_SPLINE_CURVE_WITH_KNOTS('',1,(#10692,#10693),.UNSPECIFIED.,
  .F.,.F.,(2,2),(5.E-02,2.05),.PIECEWISE_BEZIER_KNOTS.);
#10692 = CARTESIAN_POINT('',(9.999999999999E-02,1.));
#10693 = CARTESIAN_POINT('',(2.1,1.));
#10694 = ( GEOMETRIC_REPRESENTATION_CONTEXT(2) 
PARAMETRIC_REPRESENTATION_CONTEXT() REPRESENTATION_CONTEXT('2D SPACE',''
  ) );
#10695 = ORIENTED_EDGE('',*,*,#10696,.F.);
#10696 = EDGE_CURVE('',#10697,#10676,#10699,.T.);
#10697 = VERTEX_POINT('',#10698);
#10698 = CARTESIAN_POINT('',(-162.8,23.25,50.));
#10699 = SURFACE_CURVE('',#10700,(#10704,#10710),.PCURVE_S1.);
#10700 = LINE('',#10701,#10702);
#10701 = CARTESIAN_POINT('',(-162.8,-7.125,50.));
#10702 = VECTOR('',#10703,1.);
#10703 = DIRECTION('',(0.,-1.,0.));
#10704 = PCURVE('',#3241,#10705);
#10705 = DEFINITIONAL_REPRESENTATION('',(#10706),#10709);
#10706 = B_SPLINE_CURVE_WITH_KNOTS('',1,(#10707,#10708),.UNSPECIFIED.,
  .F.,.F.,(2,2),(-30.375,-28.875),.PIECEWISE_BEZIER_KNOTS.);
#10707 = CARTESIAN_POINT('',(2.,-59.25));
#10708 = CARTESIAN_POINT('',(2.,-57.75));
#10709 = ( GEOMETRIC_REPRESENTATION_CONTEXT(2) 
PARAMETRIC_REPRESENTATION_CONTEXT() REPRESENTATION_CONTEXT('2D SPACE',''
  ) );
#10710 = PCURVE('',#10711,#10716);
#10711 = PLANE('',#10712);
#10712 = AXIS2_PLACEMENT_3D('',#10713,#10714,#10715);
#10713 = CARTESIAN_POINT('',(-163.8,21.75,50.));
#10714 = DIRECTION('',(0.,0.,1.));
#10715 = DIRECTION('',(1.,0.,0.));
#10716 = DEFINITIONAL_REPRESENTATION('',(#10717),#10720);
#10717 = B_SPLINE_CURVE_WITH_KNOTS('',1,(#10718,#10719),.UNSPECIFIED.,
  .F.,.F.,(2,2),(-30.375,-28.875),.PIECEWISE_BEZIER_KNOTS.);
#10718 = CARTESIAN_POINT('',(1.,1.5));
#10719 = CARTESIAN_POINT('',(1.,0.));
#10720 = ( GEOMETRIC_REPRESENTATION_CONTEXT(2) 
PARAMETRIC_REPRESENTATION_CONTEXT() REPRESENTATION_CONTEXT('2D SPACE',''
  ) );
#10721 = ORIENTED_EDGE('',*,*,#10722,.F.);
#10722 = EDGE_CURVE('',#9350,#10697,#10723,.T.);
#10723 = SURFACE_CURVE('',#10724,(#10728,#10734),.PCURVE_S1.);
#10724 = LINE('',#10725,#10726);
#10725 = CARTESIAN_POINT('',(-162.8,23.25,47.95));
#10726 = VECTOR('',#10727,1.);
#10727 = DIRECTION('',(0.,0.,1.));
#10728 = PCURVE('',#3241,#10729);
#10729 = DEFINITIONAL_REPRESENTATION('',(#10730),#10733);
#10730 = B_SPLINE_CURVE_WITH_KNOTS('',1,(#10731,#10732),.UNSPECIFIED.,
  .F.,.F.,(2,2),(5.E-02,2.05),.PIECEWISE_BEZIER_KNOTS.);
#10731 = CARTESIAN_POINT('',(0.,-59.25));
#10732 = CARTESIAN_POINT('',(2.,-59.25));
#10733 = ( GEOMETRIC_REPRESENTATION_CONTEXT(2) 
PARAMETRIC_REPRESENTATION_CONTEXT() REPRESENTATION_CONTEXT('2D SPACE',''
  ) );
#10734 = PCURVE('',#9365,#10735);
#10735 = DEFINITIONAL_REPRESENTATION('',(#10736),#10739);
#10736 = B_SPLINE_CURVE_WITH_KNOTS('',1,(#10737,#10738),.UNSPECIFIED.,
  .F.,.F.,(2,2),(5.E-02,2.05),.PIECEWISE_BEZIER_KNOTS.);
#10737 = CARTESIAN_POINT('',(9.999999999999E-02,1.));
#10738 = CARTESIAN_POINT('',(2.1,1.));
#10739 = ( GEOMETRIC_REPRESENTATION_CONTEXT(2) 
PARAMETRIC_REPRESENTATION_CONTEXT() REPRESENTATION_CONTEXT('2D SPACE',''
  ) );
#10740 = ORIENTED_EDGE('',*,*,#9376,.T.);
#10741 = ORIENTED_EDGE('',*,*,#3747,.T.);
#10742 = ORIENTED_EDGE('',*,*,#10743,.F.);
#10743 = EDGE_CURVE('',#10744,#3720,#10746,.T.);
#10744 = VERTEX_POINT('',#10745);
#10745 = CARTESIAN_POINT('',(-162.8,26.,62.));
#10746 = SURFACE_CURVE('',#10747,(#10751,#10758),.PCURVE_S1.);
#10747 = LINE('',#10748,#10749);
#10748 = CARTESIAN_POINT('',(-162.8,-36.,62.));
#10749 = VECTOR('',#10750,1.);
#10750 = DIRECTION('',(0.,1.,0.));
#10751 = PCURVE('',#3241,#10752);
#10752 = DEFINITIONAL_REPRESENTATION('',(#10753),#10757);
#10753 = LINE('',#10754,#10755);
#10754 = CARTESIAN_POINT('',(14.,0.));
#10755 = VECTOR('',#10756,1.);
#10756 = DIRECTION('',(0.,-1.));
#10757 = ( GEOMETRIC_REPRESENTATION_CONTEXT(2) 
PARAMETRIC_REPRESENTATION_CONTEXT() REPRESENTATION_CONTEXT('2D SPACE',''
  ) );
#10758 = PCURVE('',#3735,#10759);
#10759 = DEFINITIONAL_REPRESENTATION('',(#10760),#10764);
#10760 = LINE('',#10761,#10762);
#10761 = CARTESIAN_POINT('',(0.,0.));
#10762 = VECTOR('',#10763,1.);
#10763 = DIRECTION('',(0.,1.));
#10764 = ( GEOMETRIC_REPRESENTATION_CONTEXT(2) 
PARAMETRIC_REPRESENTATION_CONTEXT() REPRESENTATION_CONTEXT('2D SPACE',''
  ) );
#10765 = ORIENTED_EDGE('',*,*,#10766,.F.);
#10766 = EDGE_CURVE('',#10767,#10744,#10769,.T.);
#10767 = VERTEX_POINT('',#10768);
#10768 = CARTESIAN_POINT('',(-162.8,1.,62.));
#10769 = SURFACE_CURVE('',#10770,(#10775,#10782),.PCURVE_S1.);
#10770 = CIRCLE('',#10771,12.5);
#10771 = AXIS2_PLACEMENT_3D('',#10772,#10773,#10774);
#10772 = CARTESIAN_POINT('',(-162.8,13.5,62.));
#10773 = DIRECTION('',(1.,0.,0.));
#10774 = DIRECTION('',(0.,-1.,0.));
#10775 = PCURVE('',#3241,#10776);
#10776 = DEFINITIONAL_REPRESENTATION('',(#10777),#10781);
#10777 = CIRCLE('',#10778,12.5);
#10778 = AXIS2_PLACEMENT_2D('',#10779,#10780);
#10779 = CARTESIAN_POINT('',(14.,-49.5));
#10780 = DIRECTION('',(0.,1.));
#10781 = ( GEOMETRIC_REPRESENTATION_CONTEXT(2) 
PARAMETRIC_REPRESENTATION_CONTEXT() REPRESENTATION_CONTEXT('2D SPACE',''
  ) );
#10782 = PCURVE('',#10783,#10788);
#10783 = CYLINDRICAL_SURFACE('',#10784,12.5);
#10784 = AXIS2_PLACEMENT_3D('',#10785,#10786,#10787);
#10785 = CARTESIAN_POINT('',(-163.8,13.5,62.));
#10786 = DIRECTION('',(1.,0.,2.22044604925E-16));
#10787 = DIRECTION('',(2.22044604925E-16,0.,-1.));
#10788 = DEFINITIONAL_REPRESENTATION('',(#10789),#10793);
#10789 = LINE('',#10790,#10791);
#10790 = CARTESIAN_POINT('',(4.712388980385,1.));
#10791 = VECTOR('',#10792,1.);
#10792 = DIRECTION('',(1.,0.));
#10793 = ( GEOMETRIC_REPRESENTATION_CONTEXT(2) 
PARAMETRIC_REPRESENTATION_CONTEXT() REPRESENTATION_CONTEXT('2D SPACE',''
  ) );
#10794 = ORIENTED_EDGE('',*,*,#10795,.F.);
#10795 = EDGE_CURVE('',#10796,#10767,#10798,.T.);
#10796 = VERTEX_POINT('',#10797);
#10797 = CARTESIAN_POINT('',(-162.8,-1.,62.));
#10798 = SURFACE_CURVE('',#10799,(#10803,#10810),.PCURVE_S1.);
#10799 = LINE('',#10800,#10801);
#10800 = CARTESIAN_POINT('',(-162.8,-36.,62.));
#10801 = VECTOR('',#10802,1.);
#10802 = DIRECTION('',(0.,1.,0.));
#10803 = PCURVE('',#3241,#10804);
#10804 = DEFINITIONAL_REPRESENTATION('',(#10805),#10809);
#10805 = LINE('',#10806,#10807);
#10806 = CARTESIAN_POINT('',(14.,0.));
#10807 = VECTOR('',#10808,1.);
#10808 = DIRECTION('',(0.,-1.));
#10809 = ( GEOMETRIC_REPRESENTATION_CONTEXT(2) 
PARAMETRIC_REPRESENTATION_CONTEXT() REPRESENTATION_CONTEXT('2D SPACE',''
  ) );
#10810 = PCURVE('',#10811,#10816);
#10811 = PLANE('',#10812);
#10812 = AXIS2_PLACEMENT_3D('',#10813,#10814,#10815);
#10813 = CARTESIAN_POINT('',(-162.8,-36.,62.));
#10814 = DIRECTION('',(0.,0.,1.));
#10815 = DIRECTION('',(1.,0.,0.));
#10816 = DEFINITIONAL_REPRESENTATION('',(#10817),#10821);
#10817 = LINE('',#10818,#10819);
#10818 = CARTESIAN_POINT('',(0.,0.));
#10819 = VECTOR('',#10820,1.);
#10820 = DIRECTION('',(0.,1.));
#10821 = ( GEOMETRIC_REPRESENTATION_CONTEXT(2) 
PARAMETRIC_REPRESENTATION_CONTEXT() REPRESENTATION_CONTEXT('2D SPACE',''
  ) );
#10822 = ORIENTED_EDGE('',*,*,#10823,.F.);
#10823 = EDGE_CURVE('',#10450,#10796,#10824,.T.);
#10824 = SURFACE_CURVE('',#10825,(#10830,#10837),.PCURVE_S1.);
#10825 = CIRCLE('',#10826,12.5);
#10826 = AXIS2_PLACEMENT_3D('',#10827,#10828,#10829);
#10827 = CARTESIAN_POINT('',(-162.8,-13.5,62.));
#10828 = DIRECTION('',(1.,0.,0.));
#10829 = DIRECTION('',(0.,-1.,0.));
#10830 = PCURVE('',#3241,#10831);
#10831 = DEFINITIONAL_REPRESENTATION('',(#10832),#10836);
#10832 = CIRCLE('',#10833,12.5);
#10833 = AXIS2_PLACEMENT_2D('',#10834,#10835);
#10834 = CARTESIAN_POINT('',(14.,-22.5));
#10835 = DIRECTION('',(0.,1.));
#10836 = ( GEOMETRIC_REPRESENTATION_CONTEXT(2) 
PARAMETRIC_REPRESENTATION_CONTEXT() REPRESENTATION_CONTEXT('2D SPACE',''
  ) );
#10837 = PCURVE('',#10838,#10843);
#10838 = CYLINDRICAL_SURFACE('',#10839,12.5);
#10839 = AXIS2_PLACEMENT_3D('',#10840,#10841,#10842);
#10840 = CARTESIAN_POINT('',(-163.8,-13.5,62.));
#10841 = DIRECTION('',(1.,0.,2.22044604925E-16));
#10842 = DIRECTION('',(2.22044604925E-16,0.,-1.));
#10843 = DEFINITIONAL_REPRESENTATION('',(#10844),#10848);
#10844 = LINE('',#10845,#10846);
#10845 = CARTESIAN_POINT('',(4.712388980385,1.));
#10846 = VECTOR('',#10847,1.);
#10847 = DIRECTION('',(1.,0.));
#10848 = ( GEOMETRIC_REPRESENTATION_CONTEXT(2) 
PARAMETRIC_REPRESENTATION_CONTEXT() REPRESENTATION_CONTEXT('2D SPACE',''
  ) );
#10849 = ADVANCED_FACE('',(#10850),#3213,.T.);
#10850 = FACE_BOUND('',#10851,.T.);
#10851 = EDGE_LOOP('',(#10852,#10853,#10854,#10877));
#10852 = ORIENTED_EDGE('',*,*,#10449,.F.);
#10853 = ORIENTED_EDGE('',*,*,#3197,.T.);
#10854 = ORIENTED_EDGE('',*,*,#10855,.T.);
#10855 = EDGE_CURVE('',#3170,#10856,#10858,.T.);
#10856 = VERTEX_POINT('',#10857);
#10857 = CARTESIAN_POINT('',(-158.8,-26.,62.));
#10858 = SURFACE_CURVE('',#10859,(#10863,#10870),.PCURVE_S1.);
#10859 = LINE('',#10860,#10861);
#10860 = CARTESIAN_POINT('',(-158.8,-36.,62.));
#10861 = VECTOR('',#10862,1.);
#10862 = DIRECTION('',(0.,1.,0.));
#10863 = PCURVE('',#3213,#10864);
#10864 = DEFINITIONAL_REPRESENTATION('',(#10865),#10869);
#10865 = LINE('',#10866,#10867);
#10866 = CARTESIAN_POINT('',(4.,0.));
#10867 = VECTOR('',#10868,1.);
#10868 = DIRECTION('',(0.,1.));
#10869 = ( GEOMETRIC_REPRESENTATION_CONTEXT(2) 
PARAMETRIC_REPRESENTATION_CONTEXT() REPRESENTATION_CONTEXT('2D SPACE',''
  ) );
#10870 = PCURVE('',#3185,#10871);
#10871 = DEFINITIONAL_REPRESENTATION('',(#10872),#10876);
#10872 = LINE('',#10873,#10874);
#10873 = CARTESIAN_POINT('',(14.,0.));
#10874 = VECTOR('',#10875,1.);
#10875 = DIRECTION('',(0.,-1.));
#10876 = ( GEOMETRIC_REPRESENTATION_CONTEXT(2) 
PARAMETRIC_REPRESENTATION_CONTEXT() REPRESENTATION_CONTEXT('2D SPACE',''
  ) );
#10877 = ORIENTED_EDGE('',*,*,#10878,.F.);
#10878 = EDGE_CURVE('',#10450,#10856,#10879,.T.);
#10879 = SURFACE_CURVE('',#10880,(#10884,#10890),.PCURVE_S1.);
#10880 = LINE('',#10881,#10882);
#10881 = CARTESIAN_POINT('',(-163.8,-26.,62.));
#10882 = VECTOR('',#10883,1.);
#10883 = DIRECTION('',(1.,0.,2.22044604925E-16));
#10884 = PCURVE('',#3213,#10885);
#10885 = DEFINITIONAL_REPRESENTATION('',(#10886),#10889);
#10886 = B_SPLINE_CURVE_WITH_KNOTS('',1,(#10887,#10888),.UNSPECIFIED.,
  .F.,.F.,(2,2),(0.6,5.4),.PIECEWISE_BEZIER_KNOTS.);
#10887 = CARTESIAN_POINT('',(-0.4,10.));
#10888 = CARTESIAN_POINT('',(4.4,10.));
#10889 = ( GEOMETRIC_REPRESENTATION_CONTEXT(2) 
PARAMETRIC_REPRESENTATION_CONTEXT() REPRESENTATION_CONTEXT('2D SPACE',''
  ) );
#10890 = PCURVE('',#10838,#10891);
#10891 = DEFINITIONAL_REPRESENTATION('',(#10892),#10895);
#10892 = B_SPLINE_CURVE_WITH_KNOTS('',1,(#10893,#10894),.UNSPECIFIED.,
  .F.,.F.,(2,2),(1.,5.),.PIECEWISE_BEZIER_KNOTS.);
#10893 = CARTESIAN_POINT('',(4.712388980385,1.));
#10894 = CARTESIAN_POINT('',(4.712388980385,5.));
#10895 = ( GEOMETRIC_REPRESENTATION_CONTEXT(2) 
PARAMETRIC_REPRESENTATION_CONTEXT() REPRESENTATION_CONTEXT('2D SPACE',''
  ) );
#10896 = ADVANCED_FACE('',(#10897),#3185,.T.);
#10897 = FACE_BOUND('',#10898,.T.);
#10898 = EDGE_LOOP('',(#10899,#10900,#10901,#10902,#10923,#10944,#10963,
    #10964,#10985,#11006,#11025,#11026,#11047,#11068,#11087,#11088,
    #11109,#11130,#11149,#11150,#11151,#11174,#11198,#11221));
#10899 = ORIENTED_EDGE('',*,*,#10855,.F.);
#10900 = ORIENTED_EDGE('',*,*,#3169,.F.);
#10901 = ORIENTED_EDGE('',*,*,#9300,.T.);
#10902 = ORIENTED_EDGE('',*,*,#10903,.T.);
#10903 = EDGE_CURVE('',#9274,#10904,#10906,.T.);
#10904 = VERTEX_POINT('',#10905);
#10905 = CARTESIAN_POINT('',(-158.8,-23.25,50.));
#10906 = SURFACE_CURVE('',#10907,(#10911,#10917),.PCURVE_S1.);
#10907 = LINE('',#10908,#10909);
#10908 = CARTESIAN_POINT('',(-158.8,-23.25,47.95));
#10909 = VECTOR('',#10910,1.);
#10910 = DIRECTION('',(0.,0.,1.));
#10911 = PCURVE('',#3185,#10912);
#10912 = DEFINITIONAL_REPRESENTATION('',(#10913),#10916);
#10913 = B_SPLINE_CURVE_WITH_KNOTS('',1,(#10914,#10915),.UNSPECIFIED.,
  .F.,.F.,(2,2),(5.E-02,2.05),.PIECEWISE_BEZIER_KNOTS.);
#10914 = CARTESIAN_POINT('',(0.,-12.75));
#10915 = CARTESIAN_POINT('',(2.,-12.75));
#10916 = ( GEOMETRIC_REPRESENTATION_CONTEXT(2) 
PARAMETRIC_REPRESENTATION_CONTEXT() REPRESENTATION_CONTEXT('2D SPACE',''
  ) );
#10917 = PCURVE('',#9289,#10918);
#10918 = DEFINITIONAL_REPRESENTATION('',(#10919),#10922);
#10919 = B_SPLINE_CURVE_WITH_KNOTS('',1,(#10920,#10921),.UNSPECIFIED.,
  .F.,.F.,(2,2),(5.E-02,2.05),.PIECEWISE_BEZIER_KNOTS.);
#10920 = CARTESIAN_POINT('',(9.999999999999E-02,5.));
#10921 = CARTESIAN_POINT('',(2.1,5.));
#10922 = ( GEOMETRIC_REPRESENTATION_CONTEXT(2) 
PARAMETRIC_REPRESENTATION_CONTEXT() REPRESENTATION_CONTEXT('2D SPACE',''
  ) );
#10923 = ORIENTED_EDGE('',*,*,#10924,.F.);
#10924 = EDGE_CURVE('',#10925,#10904,#10927,.T.);
#10925 = VERTEX_POINT('',#10926);
#10926 = CARTESIAN_POINT('',(-158.8,-21.75,50.));
#10927 = SURFACE_CURVE('',#10928,(#10932,#10938),.PCURVE_S1.);
#10928 = LINE('',#10929,#10930);
#10929 = CARTESIAN_POINT('',(-158.8,-29.625,50.));
#10930 = VECTOR('',#10931,1.);
#10931 = DIRECTION('',(0.,-1.,0.));
#10932 = PCURVE('',#3185,#10933);
#10933 = DEFINITIONAL_REPRESENTATION('',(#10934),#10937);
#10934 = B_SPLINE_CURVE_WITH_KNOTS('',1,(#10935,#10936),.UNSPECIFIED.,
  .F.,.F.,(2,2),(-7.875,-6.375),.PIECEWISE_BEZIER_KNOTS.);
#10935 = CARTESIAN_POINT('',(2.,-14.25));
#10936 = CARTESIAN_POINT('',(2.,-12.75));
#10937 = ( GEOMETRIC_REPRESENTATION_CONTEXT(2) 
PARAMETRIC_REPRESENTATION_CONTEXT() REPRESENTATION_CONTEXT('2D SPACE',''
  ) );
#10938 = PCURVE('',#10510,#10939);
#10939 = DEFINITIONAL_REPRESENTATION('',(#10940),#10943);
#10940 = B_SPLINE_CURVE_WITH_KNOTS('',1,(#10941,#10942),.UNSPECIFIED.,
  .F.,.F.,(2,2),(-7.875,-6.375),.PIECEWISE_BEZIER_KNOTS.);
#10941 = CARTESIAN_POINT('',(5.,1.5));
#10942 = CARTESIAN_POINT('',(5.,0.));
#10943 = ( GEOMETRIC_REPRESENTATION_CONTEXT(2) 
PARAMETRIC_REPRESENTATION_CONTEXT() REPRESENTATION_CONTEXT('2D SPACE',''
  ) );
#10944 = ORIENTED_EDGE('',*,*,#10945,.F.);
#10945 = EDGE_CURVE('',#9795,#10925,#10946,.T.);
#10946 = SURFACE_CURVE('',#10947,(#10951,#10957),.PCURVE_S1.);
#10947 = LINE('',#10948,#10949);
#10948 = CARTESIAN_POINT('',(-158.8,-21.75,47.95));
#10949 = VECTOR('',#10950,1.);
#10950 = DIRECTION('',(0.,0.,1.));
#10951 = PCURVE('',#3185,#10952);
#10952 = DEFINITIONAL_REPRESENTATION('',(#10953),#10956);
#10953 = B_SPLINE_CURVE_WITH_KNOTS('',1,(#10954,#10955),.UNSPECIFIED.,
  .F.,.F.,(2,2),(5.E-02,2.05),.PIECEWISE_BEZIER_KNOTS.);
#10954 = CARTESIAN_POINT('',(0.,-14.25));
#10955 = CARTESIAN_POINT('',(2.,-14.25));
#10956 = ( GEOMETRIC_REPRESENTATION_CONTEXT(2) 
PARAMETRIC_REPRESENTATION_CONTEXT() REPRESENTATION_CONTEXT('2D SPACE',''
  ) );
#10957 = PCURVE('',#9812,#10958);
#10958 = DEFINITIONAL_REPRESENTATION('',(#10959),#10962);
#10959 = B_SPLINE_CURVE_WITH_KNOTS('',1,(#10960,#10961),.UNSPECIFIED.,
  .F.,.F.,(2,2),(5.E-02,2.05),.PIECEWISE_BEZIER_KNOTS.);
#10960 = CARTESIAN_POINT('',(9.999999999999E-02,5.));
#10961 = CARTESIAN_POINT('',(2.1,5.));
#10962 = ( GEOMETRIC_REPRESENTATION_CONTEXT(2) 
PARAMETRIC_REPRESENTATION_CONTEXT() REPRESENTATION_CONTEXT('2D SPACE',''
  ) );
#10963 = ORIENTED_EDGE('',*,*,#9873,.T.);
#10964 = ORIENTED_EDGE('',*,*,#10965,.T.);
#10965 = EDGE_CURVE('',#9847,#10966,#10968,.T.);
#10966 = VERTEX_POINT('',#10967);
#10967 = CARTESIAN_POINT('',(-158.8,-5.25,50.));
#10968 = SURFACE_CURVE('',#10969,(#10973,#10979),.PCURVE_S1.);
#10969 = LINE('',#10970,#10971);
#10970 = CARTESIAN_POINT('',(-158.8,-5.25,47.95));
#10971 = VECTOR('',#10972,1.);
#10972 = DIRECTION('',(0.,0.,1.));
#10973 = PCURVE('',#3185,#10974);
#10974 = DEFINITIONAL_REPRESENTATION('',(#10975),#10978);
#10975 = B_SPLINE_CURVE_WITH_KNOTS('',1,(#10976,#10977),.UNSPECIFIED.,
  .F.,.F.,(2,2),(5.E-02,2.05),.PIECEWISE_BEZIER_KNOTS.);
#10976 = CARTESIAN_POINT('',(0.,-30.75));
#10977 = CARTESIAN_POINT('',(2.,-30.75));
#10978 = ( GEOMETRIC_REPRESENTATION_CONTEXT(2) 
PARAMETRIC_REPRESENTATION_CONTEXT() REPRESENTATION_CONTEXT('2D SPACE',''
  ) );
#10979 = PCURVE('',#9862,#10980);
#10980 = DEFINITIONAL_REPRESENTATION('',(#10981),#10984);
#10981 = B_SPLINE_CURVE_WITH_KNOTS('',1,(#10982,#10983),.UNSPECIFIED.,
  .F.,.F.,(2,2),(5.E-02,2.05),.PIECEWISE_BEZIER_KNOTS.);
#10982 = CARTESIAN_POINT('',(9.999999999999E-02,5.));
#10983 = CARTESIAN_POINT('',(2.1,5.));
#10984 = ( GEOMETRIC_REPRESENTATION_CONTEXT(2) 
PARAMETRIC_REPRESENTATION_CONTEXT() REPRESENTATION_CONTEXT('2D SPACE',''
  ) );
#10985 = ORIENTED_EDGE('',*,*,#10986,.F.);
#10986 = EDGE_CURVE('',#10987,#10966,#10989,.T.);
#10987 = VERTEX_POINT('',#10988);
#10988 = CARTESIAN_POINT('',(-158.8,-3.75,50.));
#10989 = SURFACE_CURVE('',#10990,(#10994,#11000),.PCURVE_S1.);
#10990 = LINE('',#10991,#10992);
#10991 = CARTESIAN_POINT('',(-158.8,-20.625,50.));
#10992 = VECTOR('',#10993,1.);
#10993 = DIRECTION('',(0.,-1.,0.));
#10994 = PCURVE('',#3185,#10995);
#10995 = DEFINITIONAL_REPRESENTATION('',(#10996),#10999);
#10996 = B_SPLINE_CURVE_WITH_KNOTS('',1,(#10997,#10998),.UNSPECIFIED.,
  .F.,.F.,(2,2),(-16.875,-15.375),.PIECEWISE_BEZIER_KNOTS.);
#10997 = CARTESIAN_POINT('',(2.,-32.25));
#10998 = CARTESIAN_POINT('',(2.,-30.75));
#10999 = ( GEOMETRIC_REPRESENTATION_CONTEXT(2) 
PARAMETRIC_REPRESENTATION_CONTEXT() REPRESENTATION_CONTEXT('2D SPACE',''
  ) );
#11000 = PCURVE('',#10577,#11001);
#11001 = DEFINITIONAL_REPRESENTATION('',(#11002),#11005);
#11002 = B_SPLINE_CURVE_WITH_KNOTS('',1,(#11003,#11004),.UNSPECIFIED.,
  .F.,.F.,(2,2),(-16.875,-15.375),.PIECEWISE_BEZIER_KNOTS.);
#11003 = CARTESIAN_POINT('',(5.,1.5));
#11004 = CARTESIAN_POINT('',(5.,0.));
#11005 = ( GEOMETRIC_REPRESENTATION_CONTEXT(2) 
PARAMETRIC_REPRESENTATION_CONTEXT() REPRESENTATION_CONTEXT('2D SPACE',''
  ) );
#11006 = ORIENTED_EDGE('',*,*,#11007,.F.);
#11007 = EDGE_CURVE('',#10185,#10987,#11008,.T.);
#11008 = SURFACE_CURVE('',#11009,(#11013,#11019),.PCURVE_S1.);
#11009 = LINE('',#11010,#11011);
#11010 = CARTESIAN_POINT('',(-158.8,-3.75,47.95));
#11011 = VECTOR('',#11012,1.);
#11012 = DIRECTION('',(0.,0.,1.));
#11013 = PCURVE('',#3185,#11014);
#11014 = DEFINITIONAL_REPRESENTATION('',(#11015),#11018);
#11015 = B_SPLINE_CURVE_WITH_KNOTS('',1,(#11016,#11017),.UNSPECIFIED.,
  .F.,.F.,(2,2),(5.E-02,2.05),.PIECEWISE_BEZIER_KNOTS.);
#11016 = CARTESIAN_POINT('',(0.,-32.25));
#11017 = CARTESIAN_POINT('',(2.,-32.25));
#11018 = ( GEOMETRIC_REPRESENTATION_CONTEXT(2) 
PARAMETRIC_REPRESENTATION_CONTEXT() REPRESENTATION_CONTEXT('2D SPACE',''
  ) );
#11019 = PCURVE('',#10202,#11020);
#11020 = DEFINITIONAL_REPRESENTATION('',(#11021),#11024);
#11021 = B_SPLINE_CURVE_WITH_KNOTS('',1,(#11022,#11023),.UNSPECIFIED.,
  .F.,.F.,(2,2),(5.E-02,2.05),.PIECEWISE_BEZIER_KNOTS.);
#11022 = CARTESIAN_POINT('',(9.999999999999E-02,5.));
#11023 = CARTESIAN_POINT('',(2.1,5.));
#11024 = ( GEOMETRIC_REPRESENTATION_CONTEXT(2) 
PARAMETRIC_REPRESENTATION_CONTEXT() REPRESENTATION_CONTEXT('2D SPACE',''
  ) );
#11025 = ORIENTED_EDGE('',*,*,#10263,.T.);
#11026 = ORIENTED_EDGE('',*,*,#11027,.T.);
#11027 = EDGE_CURVE('',#10237,#11028,#11030,.T.);
#11028 = VERTEX_POINT('',#11029);
#11029 = CARTESIAN_POINT('',(-158.8,3.75,50.));
#11030 = SURFACE_CURVE('',#11031,(#11035,#11041),.PCURVE_S1.);
#11031 = LINE('',#11032,#11033);
#11032 = CARTESIAN_POINT('',(-158.8,3.75,47.95));
#11033 = VECTOR('',#11034,1.);
#11034 = DIRECTION('',(0.,0.,1.));
#11035 = PCURVE('',#3185,#11036);
#11036 = DEFINITIONAL_REPRESENTATION('',(#11037),#11040);
#11037 = B_SPLINE_CURVE_WITH_KNOTS('',1,(#11038,#11039),.UNSPECIFIED.,
  .F.,.F.,(2,2),(5.E-02,2.05),.PIECEWISE_BEZIER_KNOTS.);
#11038 = CARTESIAN_POINT('',(0.,-39.75));
#11039 = CARTESIAN_POINT('',(2.,-39.75));
#11040 = ( GEOMETRIC_REPRESENTATION_CONTEXT(2) 
PARAMETRIC_REPRESENTATION_CONTEXT() REPRESENTATION_CONTEXT('2D SPACE',''
  ) );
#11041 = PCURVE('',#10252,#11042);
#11042 = DEFINITIONAL_REPRESENTATION('',(#11043),#11046);
#11043 = B_SPLINE_CURVE_WITH_KNOTS('',1,(#11044,#11045),.UNSPECIFIED.,
  .F.,.F.,(2,2),(5.E-02,2.05),.PIECEWISE_BEZIER_KNOTS.);
#11044 = CARTESIAN_POINT('',(9.999999999999E-02,5.));
#11045 = CARTESIAN_POINT('',(2.1,5.));
#11046 = ( GEOMETRIC_REPRESENTATION_CONTEXT(2) 
PARAMETRIC_REPRESENTATION_CONTEXT() REPRESENTATION_CONTEXT('2D SPACE',''
  ) );
#11047 = ORIENTED_EDGE('',*,*,#11048,.F.);
#11048 = EDGE_CURVE('',#11049,#11028,#11051,.T.);
#11049 = VERTEX_POINT('',#11050);
#11050 = CARTESIAN_POINT('',(-158.8,5.25,50.));
#11051 = SURFACE_CURVE('',#11052,(#11056,#11062),.PCURVE_S1.);
#11052 = LINE('',#11053,#11054);
#11053 = CARTESIAN_POINT('',(-158.8,-16.125,50.));
#11054 = VECTOR('',#11055,1.);
#11055 = DIRECTION('',(0.,-1.,0.));
#11056 = PCURVE('',#3185,#11057);
#11057 = DEFINITIONAL_REPRESENTATION('',(#11058),#11061);
#11058 = B_SPLINE_CURVE_WITH_KNOTS('',1,(#11059,#11060),.UNSPECIFIED.,
  .F.,.F.,(2,2),(-21.375,-19.875),.PIECEWISE_BEZIER_KNOTS.);
#11059 = CARTESIAN_POINT('',(2.,-41.25));
#11060 = CARTESIAN_POINT('',(2.,-39.75));
#11061 = ( GEOMETRIC_REPRESENTATION_CONTEXT(2) 
PARAMETRIC_REPRESENTATION_CONTEXT() REPRESENTATION_CONTEXT('2D SPACE',''
  ) );
#11062 = PCURVE('',#10644,#11063);
#11063 = DEFINITIONAL_REPRESENTATION('',(#11064),#11067);
#11064 = B_SPLINE_CURVE_WITH_KNOTS('',1,(#11065,#11066),.UNSPECIFIED.,
  .F.,.F.,(2,2),(-21.375,-19.875),.PIECEWISE_BEZIER_KNOTS.);
#11065 = CARTESIAN_POINT('',(5.,1.5));
#11066 = CARTESIAN_POINT('',(5.,0.));
#11067 = ( GEOMETRIC_REPRESENTATION_CONTEXT(2) 
PARAMETRIC_REPRESENTATION_CONTEXT() REPRESENTATION_CONTEXT('2D SPACE',''
  ) );
#11068 = ORIENTED_EDGE('',*,*,#11069,.F.);
#11069 = EDGE_CURVE('',#10287,#11049,#11070,.T.);
#11070 = SURFACE_CURVE('',#11071,(#11075,#11081),.PCURVE_S1.);
#11071 = LINE('',#11072,#11073);
#11072 = CARTESIAN_POINT('',(-158.8,5.25,47.95));
#11073 = VECTOR('',#11074,1.);
#11074 = DIRECTION('',(0.,0.,1.));
#11075 = PCURVE('',#3185,#11076);
#11076 = DEFINITIONAL_REPRESENTATION('',(#11077),#11080);
#11077 = B_SPLINE_CURVE_WITH_KNOTS('',1,(#11078,#11079),.UNSPECIFIED.,
  .F.,.F.,(2,2),(5.E-02,2.05),.PIECEWISE_BEZIER_KNOTS.);
#11078 = CARTESIAN_POINT('',(0.,-41.25));
#11079 = CARTESIAN_POINT('',(2.,-41.25));
#11080 = ( GEOMETRIC_REPRESENTATION_CONTEXT(2) 
PARAMETRIC_REPRESENTATION_CONTEXT() REPRESENTATION_CONTEXT('2D SPACE',''
  ) );
#11081 = PCURVE('',#10304,#11082);
#11082 = DEFINITIONAL_REPRESENTATION('',(#11083),#11086);
#11083 = B_SPLINE_CURVE_WITH_KNOTS('',1,(#11084,#11085),.UNSPECIFIED.,
  .F.,.F.,(2,2),(5.E-02,2.05),.PIECEWISE_BEZIER_KNOTS.);
#11084 = CARTESIAN_POINT('',(9.999999999999E-02,5.));
#11085 = CARTESIAN_POINT('',(2.1,5.));
#11086 = ( GEOMETRIC_REPRESENTATION_CONTEXT(2) 
PARAMETRIC_REPRESENTATION_CONTEXT() REPRESENTATION_CONTEXT('2D SPACE',''
  ) );
#11087 = ORIENTED_EDGE('',*,*,#10365,.T.);
#11088 = ORIENTED_EDGE('',*,*,#11089,.T.);
#11089 = EDGE_CURVE('',#10339,#11090,#11092,.T.);
#11090 = VERTEX_POINT('',#11091);
#11091 = CARTESIAN_POINT('',(-158.8,21.75,50.));
#11092 = SURFACE_CURVE('',#11093,(#11097,#11103),.PCURVE_S1.);
#11093 = LINE('',#11094,#11095);
#11094 = CARTESIAN_POINT('',(-158.8,21.75,47.95));
#11095 = VECTOR('',#11096,1.);
#11096 = DIRECTION('',(0.,0.,1.));
#11097 = PCURVE('',#3185,#11098);
#11098 = DEFINITIONAL_REPRESENTATION('',(#11099),#11102);
#11099 = B_SPLINE_CURVE_WITH_KNOTS('',1,(#11100,#11101),.UNSPECIFIED.,
  .F.,.F.,(2,2),(5.E-02,2.05),.PIECEWISE_BEZIER_KNOTS.);
#11100 = CARTESIAN_POINT('',(0.,-57.75));
#11101 = CARTESIAN_POINT('',(2.,-57.75));
#11102 = ( GEOMETRIC_REPRESENTATION_CONTEXT(2) 
PARAMETRIC_REPRESENTATION_CONTEXT() REPRESENTATION_CONTEXT('2D SPACE',''
  ) );
#11103 = PCURVE('',#10354,#11104);
#11104 = DEFINITIONAL_REPRESENTATION('',(#11105),#11108);
#11105 = B_SPLINE_CURVE_WITH_KNOTS('',1,(#11106,#11107),.UNSPECIFIED.,
  .F.,.F.,(2,2),(5.E-02,2.05),.PIECEWISE_BEZIER_KNOTS.);
#11106 = CARTESIAN_POINT('',(9.999999999999E-02,5.));
#11107 = CARTESIAN_POINT('',(2.1,5.));
#11108 = ( GEOMETRIC_REPRESENTATION_CONTEXT(2) 
PARAMETRIC_REPRESENTATION_CONTEXT() REPRESENTATION_CONTEXT('2D SPACE',''
  ) );
#11109 = ORIENTED_EDGE('',*,*,#11110,.F.);
#11110 = EDGE_CURVE('',#11111,#11090,#11113,.T.);
#11111 = VERTEX_POINT('',#11112);
#11112 = CARTESIAN_POINT('',(-158.8,23.25,50.));
#11113 = SURFACE_CURVE('',#11114,(#11118,#11124),.PCURVE_S1.);
#11114 = LINE('',#11115,#11116);
#11115 = CARTESIAN_POINT('',(-158.8,-7.125,50.));
#11116 = VECTOR('',#11117,1.);
#11117 = DIRECTION('',(0.,-1.,0.));
#11118 = PCURVE('',#3185,#11119);
#11119 = DEFINITIONAL_REPRESENTATION('',(#11120),#11123);
#11120 = B_SPLINE_CURVE_WITH_KNOTS('',1,(#11121,#11122),.UNSPECIFIED.,
  .F.,.F.,(2,2),(-30.375,-28.875),.PIECEWISE_BEZIER_KNOTS.);
#11121 = CARTESIAN_POINT('',(2.,-59.25));
#11122 = CARTESIAN_POINT('',(2.,-57.75));
#11123 = ( GEOMETRIC_REPRESENTATION_CONTEXT(2) 
PARAMETRIC_REPRESENTATION_CONTEXT() REPRESENTATION_CONTEXT('2D SPACE',''
  ) );
#11124 = PCURVE('',#10711,#11125);
#11125 = DEFINITIONAL_REPRESENTATION('',(#11126),#11129);
#11126 = B_SPLINE_CURVE_WITH_KNOTS('',1,(#11127,#11128),.UNSPECIFIED.,
  .F.,.F.,(2,2),(-30.375,-28.875),.PIECEWISE_BEZIER_KNOTS.);
#11127 = CARTESIAN_POINT('',(5.,1.5));
#11128 = CARTESIAN_POINT('',(5.,0.));
#11129 = ( GEOMETRIC_REPRESENTATION_CONTEXT(2) 
PARAMETRIC_REPRESENTATION_CONTEXT() REPRESENTATION_CONTEXT('2D SPACE',''
  ) );
#11130 = ORIENTED_EDGE('',*,*,#11131,.F.);
#11131 = EDGE_CURVE('',#9327,#11111,#11132,.T.);
#11132 = SURFACE_CURVE('',#11133,(#11137,#11143),.PCURVE_S1.);
#11133 = LINE('',#11134,#11135);
#11134 = CARTESIAN_POINT('',(-158.8,23.25,47.95));
#11135 = VECTOR('',#11136,1.);
#11136 = DIRECTION('',(0.,0.,1.));
#11137 = PCURVE('',#3185,#11138);
#11138 = DEFINITIONAL_REPRESENTATION('',(#11139),#11142);
#11139 = B_SPLINE_CURVE_WITH_KNOTS('',1,(#11140,#11141),.UNSPECIFIED.,
  .F.,.F.,(2,2),(5.E-02,2.05),.PIECEWISE_BEZIER_KNOTS.);
#11140 = CARTESIAN_POINT('',(0.,-59.25));
#11141 = CARTESIAN_POINT('',(2.,-59.25));
#11142 = ( GEOMETRIC_REPRESENTATION_CONTEXT(2) 
PARAMETRIC_REPRESENTATION_CONTEXT() REPRESENTATION_CONTEXT('2D SPACE',''
  ) );
#11143 = PCURVE('',#9365,#11144);
#11144 = DEFINITIONAL_REPRESENTATION('',(#11145),#11148);
#11145 = B_SPLINE_CURVE_WITH_KNOTS('',1,(#11146,#11147),.UNSPECIFIED.,
  .F.,.F.,(2,2),(5.E-02,2.05),.PIECEWISE_BEZIER_KNOTS.);
#11146 = CARTESIAN_POINT('',(9.999999999999E-02,5.));
#11147 = CARTESIAN_POINT('',(2.1,5.));
#11148 = ( GEOMETRIC_REPRESENTATION_CONTEXT(2) 
PARAMETRIC_REPRESENTATION_CONTEXT() REPRESENTATION_CONTEXT('2D SPACE',''
  ) );
#11149 = ORIENTED_EDGE('',*,*,#9326,.T.);
#11150 = ORIENTED_EDGE('',*,*,#3696,.T.);
#11151 = ORIENTED_EDGE('',*,*,#11152,.F.);
#11152 = EDGE_CURVE('',#11153,#3697,#11155,.T.);
#11153 = VERTEX_POINT('',#11154);
#11154 = CARTESIAN_POINT('',(-158.8,26.,62.));
#11155 = SURFACE_CURVE('',#11156,(#11160,#11167),.PCURVE_S1.);
#11156 = LINE('',#11157,#11158);
#11157 = CARTESIAN_POINT('',(-158.8,-36.,62.));
#11158 = VECTOR('',#11159,1.);
#11159 = DIRECTION('',(0.,1.,0.));
#11160 = PCURVE('',#3185,#11161);
#11161 = DEFINITIONAL_REPRESENTATION('',(#11162),#11166);
#11162 = LINE('',#11163,#11164);
#11163 = CARTESIAN_POINT('',(14.,0.));
#11164 = VECTOR('',#11165,1.);
#11165 = DIRECTION('',(0.,-1.));
#11166 = ( GEOMETRIC_REPRESENTATION_CONTEXT(2) 
PARAMETRIC_REPRESENTATION_CONTEXT() REPRESENTATION_CONTEXT('2D SPACE',''
  ) );
#11167 = PCURVE('',#3735,#11168);
#11168 = DEFINITIONAL_REPRESENTATION('',(#11169),#11173);
#11169 = LINE('',#11170,#11171);
#11170 = CARTESIAN_POINT('',(4.,0.));
#11171 = VECTOR('',#11172,1.);
#11172 = DIRECTION('',(0.,1.));
#11173 = ( GEOMETRIC_REPRESENTATION_CONTEXT(2) 
PARAMETRIC_REPRESENTATION_CONTEXT() REPRESENTATION_CONTEXT('2D SPACE',''
  ) );
#11174 = ORIENTED_EDGE('',*,*,#11175,.F.);
#11175 = EDGE_CURVE('',#11176,#11153,#11178,.T.);
#11176 = VERTEX_POINT('',#11177);
#11177 = CARTESIAN_POINT('',(-158.8,1.,62.));
#11178 = SURFACE_CURVE('',#11179,(#11184,#11191),.PCURVE_S1.);
#11179 = CIRCLE('',#11180,12.5);
#11180 = AXIS2_PLACEMENT_3D('',#11181,#11182,#11183);
#11181 = CARTESIAN_POINT('',(-158.8,13.5,62.));
#11182 = DIRECTION('',(1.,0.,0.));
#11183 = DIRECTION('',(0.,-1.,0.));
#11184 = PCURVE('',#3185,#11185);
#11185 = DEFINITIONAL_REPRESENTATION('',(#11186),#11190);
#11186 = CIRCLE('',#11187,12.5);
#11187 = AXIS2_PLACEMENT_2D('',#11188,#11189);
#11188 = CARTESIAN_POINT('',(14.,-49.5));
#11189 = DIRECTION('',(0.,1.));
#11190 = ( GEOMETRIC_REPRESENTATION_CONTEXT(2) 
PARAMETRIC_REPRESENTATION_CONTEXT() REPRESENTATION_CONTEXT('2D SPACE',''
  ) );
#11191 = PCURVE('',#10783,#11192);
#11192 = DEFINITIONAL_REPRESENTATION('',(#11193),#11197);
#11193 = LINE('',#11194,#11195);
#11194 = CARTESIAN_POINT('',(4.712388980385,5.));
#11195 = VECTOR('',#11196,1.);
#11196 = DIRECTION('',(1.,0.));
#11197 = ( GEOMETRIC_REPRESENTATION_CONTEXT(2) 
PARAMETRIC_REPRESENTATION_CONTEXT() REPRESENTATION_CONTEXT('2D SPACE',''
  ) );
#11198 = ORIENTED_EDGE('',*,*,#11199,.F.);
#11199 = EDGE_CURVE('',#11200,#11176,#11202,.T.);
#11200 = VERTEX_POINT('',#11201);
#11201 = CARTESIAN_POINT('',(-158.8,-1.,62.));
#11202 = SURFACE_CURVE('',#11203,(#11207,#11214),.PCURVE_S1.);
#11203 = LINE('',#11204,#11205);
#11204 = CARTESIAN_POINT('',(-158.8,-36.,62.));
#11205 = VECTOR('',#11206,1.);
#11206 = DIRECTION('',(0.,1.,0.));
#11207 = PCURVE('',#3185,#11208);
#11208 = DEFINITIONAL_REPRESENTATION('',(#11209),#11213);
#11209 = LINE('',#11210,#11211);
#11210 = CARTESIAN_POINT('',(14.,0.));
#11211 = VECTOR('',#11212,1.);
#11212 = DIRECTION('',(0.,-1.));
#11213 = ( GEOMETRIC_REPRESENTATION_CONTEXT(2) 
PARAMETRIC_REPRESENTATION_CONTEXT() REPRESENTATION_CONTEXT('2D SPACE',''
  ) );
#11214 = PCURVE('',#10811,#11215);
#11215 = DEFINITIONAL_REPRESENTATION('',(#11216),#11220);
#11216 = LINE('',#11217,#11218);
#11217 = CARTESIAN_POINT('',(4.,0.));
#11218 = VECTOR('',#11219,1.);
#11219 = DIRECTION('',(0.,1.));
#11220 = ( GEOMETRIC_REPRESENTATION_CONTEXT(2) 
PARAMETRIC_REPRESENTATION_CONTEXT() REPRESENTATION_CONTEXT('2D SPACE',''
  ) );
#11221 = ORIENTED_EDGE('',*,*,#11222,.F.);
#11222 = EDGE_CURVE('',#10856,#11200,#11223,.T.);
#11223 = SURFACE_CURVE('',#11224,(#11229,#11236),.PCURVE_S1.);
#11224 = CIRCLE('',#11225,12.5);
#11225 = AXIS2_PLACEMENT_3D('',#11226,#11227,#11228);
#11226 = CARTESIAN_POINT('',(-158.8,-13.5,62.));
#11227 = DIRECTION('',(1.,0.,0.));
#11228 = DIRECTION('',(0.,-1.,0.));
#11229 = PCURVE('',#3185,#11230);
#11230 = DEFINITIONAL_REPRESENTATION('',(#11231),#11235);
#11231 = CIRCLE('',#11232,12.5);
#11232 = AXIS2_PLACEMENT_2D('',#11233,#11234);
#11233 = CARTESIAN_POINT('',(14.,-22.5));
#11234 = DIRECTION('',(0.,1.));
#11235 = ( GEOMETRIC_REPRESENTATION_CONTEXT(2) 
PARAMETRIC_REPRESENTATION_CONTEXT() REPRESENTATION_CONTEXT('2D SPACE',''
  ) );
#11236 = PCURVE('',#10838,#11237);
#11237 = DEFINITIONAL_REPRESENTATION('',(#11238),#11242);
#11238 = LINE('',#11239,#11240);
#11239 = CARTESIAN_POINT('',(4.712388980385,5.));
#11240 = VECTOR('',#11241,1.);
#11241 = DIRECTION('',(1.,0.));
#11242 = ( GEOMETRIC_REPRESENTATION_CONTEXT(2) 
PARAMETRIC_REPRESENTATION_CONTEXT() REPRESENTATION_CONTEXT('2D SPACE',''
  ) );
#11243 = ADVANCED_FACE('',(#11244),#3439,.T.);
#11244 = FACE_BOUND('',#11245,.T.);
#11245 = EDGE_LOOP('',(#11246,#11247,#11248,#11274));
#11246 = ORIENTED_EDGE('',*,*,#9203,.T.);
#11247 = ORIENTED_EDGE('',*,*,#3478,.T.);
#11248 = ORIENTED_EDGE('',*,*,#11249,.T.);
#11249 = EDGE_CURVE('',#3451,#3424,#11250,.T.);
#11250 = SURFACE_CURVE('',#11251,(#11256,#11263),.PCURVE_S1.);
#11251 = CIRCLE('',#11252,2.);
#11252 = AXIS2_PLACEMENT_3D('',#11253,#11254,#11255);
#11253 = CARTESIAN_POINT('',(-233.,-34.8,68.4));
#11254 = DIRECTION('',(-0.,0.,-1.));
#11255 = DIRECTION('',(-0.8,-0.6,0.));
#11256 = PCURVE('',#3439,#11257);
#11257 = DEFINITIONAL_REPRESENTATION('',(#11258),#11262);
#11258 = LINE('',#11259,#11260);
#11259 = CARTESIAN_POINT('',(10.068279069563,20.4));
#11260 = VECTOR('',#11261,1.);
#11261 = DIRECTION('',(-1.,-0.));
#11262 = ( GEOMETRIC_REPRESENTATION_CONTEXT(2) 
PARAMETRIC_REPRESENTATION_CONTEXT() REPRESENTATION_CONTEXT('2D SPACE',''
  ) );
#11263 = PCURVE('',#3466,#11264);
#11264 = DEFINITIONAL_REPRESENTATION('',(#11265),#11273);
#11265 = ( BOUNDED_CURVE() B_SPLINE_CURVE(2,(#11266,#11267,#11268,#11269
    ,#11270,#11271,#11272),.UNSPECIFIED.,.T.,.F.) 
B_SPLINE_CURVE_WITH_KNOTS((1,2,2,2,2,1),(-2.094395102393,0.,
    2.094395102393,4.188790204786,6.28318530718,8.377580409573),
.UNSPECIFIED.) CURVE() GEOMETRIC_REPRESENTATION_ITEM() 
RATIONAL_B_SPLINE_CURVE((1.,0.5,1.,0.5,1.,0.5,1.)) REPRESENTATION_ITEM(
  '') );
#11266 = CARTESIAN_POINT('',(-1.6,-1.2));
#11267 = CARTESIAN_POINT('',(-3.678460969083,1.57128129211));
#11268 = CARTESIAN_POINT('',(-0.239230484541,1.985640646055));
#11269 = CARTESIAN_POINT('',(3.2,2.4));
#11270 = CARTESIAN_POINT('',(1.839230484541,-0.785640646055));
#11271 = CARTESIAN_POINT('',(0.478460969083,-3.97128129211));
#11272 = CARTESIAN_POINT('',(-1.6,-1.2));
#11273 = ( GEOMETRIC_REPRESENTATION_CONTEXT(2) 
PARAMETRIC_REPRESENTATION_CONTEXT() REPRESENTATION_CONTEXT('2D SPACE',''
  ) );
#11274 = ORIENTED_EDGE('',*,*,#3423,.F.);
#11275 = ADVANCED_FACE('',(#11276,#11280),#3466,.T.);
#11276 = FACE_BOUND('',#11277,.T.);
#11277 = EDGE_LOOP('',(#11278,#11279));
#11278 = ORIENTED_EDGE('',*,*,#3450,.T.);
#11279 = ORIENTED_EDGE('',*,*,#11249,.F.);
#11280 = FACE_BOUND('',#11281,.T.);
#11281 = EDGE_LOOP('',(#11282));
#11282 = ORIENTED_EDGE('',*,*,#11283,.F.);
#11283 = EDGE_CURVE('',#11284,#11284,#11286,.T.);
#11284 = VERTEX_POINT('',#11285);
#11285 = CARTESIAN_POINT('',(-232.2,-34.5,68.4));
#11286 = SURFACE_CURVE('',#11287,(#11292,#11299),.PCURVE_S1.);
#11287 = CIRCLE('',#11288,0.8);
#11288 = AXIS2_PLACEMENT_3D('',#11289,#11290,#11291);
#11289 = CARTESIAN_POINT('',(-233.,-34.5,68.4));
#11290 = DIRECTION('',(0.,0.,1.));
#11291 = DIRECTION('',(1.,0.,-0.));
#11292 = PCURVE('',#3466,#11293);
#11293 = DEFINITIONAL_REPRESENTATION('',(#11294),#11298);
#11294 = CIRCLE('',#11295,0.8);
#11295 = AXIS2_PLACEMENT_2D('',#11296,#11297);
#11296 = CARTESIAN_POINT('',(0.,0.3));
#11297 = DIRECTION('',(1.,0.));
#11298 = ( GEOMETRIC_REPRESENTATION_CONTEXT(2) 
PARAMETRIC_REPRESENTATION_CONTEXT() REPRESENTATION_CONTEXT('2D SPACE',''
  ) );
#11299 = PCURVE('',#11300,#11305);
#11300 = CYLINDRICAL_SURFACE('',#11301,0.8);
#11301 = AXIS2_PLACEMENT_3D('',#11302,#11303,#11304);
#11302 = CARTESIAN_POINT('',(-233.,-34.5,60.4));
#11303 = DIRECTION('',(0.,0.,1.));
#11304 = DIRECTION('',(1.,0.,0.));
#11305 = DEFINITIONAL_REPRESENTATION('',(#11306),#11310);
#11306 = LINE('',#11307,#11308);
#11307 = CARTESIAN_POINT('',(0.,8.));
#11308 = VECTOR('',#11309,1.);
#11309 = DIRECTION('',(1.,0.));
#11310 = ( GEOMETRIC_REPRESENTATION_CONTEXT(2) 
PARAMETRIC_REPRESENTATION_CONTEXT() REPRESENTATION_CONTEXT('2D SPACE',''
  ) );
#11311 = ADVANCED_FACE('',(#11312),#3339,.T.);
#11312 = FACE_BOUND('',#11313,.T.);
#11313 = EDGE_LOOP('',(#11314,#11315,#11316,#11342));
#11314 = ORIENTED_EDGE('',*,*,#9226,.T.);
#11315 = ORIENTED_EDGE('',*,*,#3378,.T.);
#11316 = ORIENTED_EDGE('',*,*,#11317,.T.);
#11317 = EDGE_CURVE('',#3351,#3324,#11318,.T.);
#11318 = SURFACE_CURVE('',#11319,(#11324,#11331),.PCURVE_S1.);
#11319 = CIRCLE('',#11320,2.);
#11320 = AXIS2_PLACEMENT_3D('',#11321,#11322,#11323);
#11321 = CARTESIAN_POINT('',(-203.5,-34.8,68.4));
#11322 = DIRECTION('',(-0.,0.,-1.));
#11323 = DIRECTION('',(-0.8,-0.6,0.));
#11324 = PCURVE('',#3339,#11325);
#11325 = DEFINITIONAL_REPRESENTATION('',(#11326),#11330);
#11326 = LINE('',#11327,#11328);
#11327 = CARTESIAN_POINT('',(10.068279069563,20.4));
#11328 = VECTOR('',#11329,1.);
#11329 = DIRECTION('',(-1.,-0.));
#11330 = ( GEOMETRIC_REPRESENTATION_CONTEXT(2) 
PARAMETRIC_REPRESENTATION_CONTEXT() REPRESENTATION_CONTEXT('2D SPACE',''
  ) );
#11331 = PCURVE('',#3366,#11332);
#11332 = DEFINITIONAL_REPRESENTATION('',(#11333),#11341);
#11333 = ( BOUNDED_CURVE() B_SPLINE_CURVE(2,(#11334,#11335,#11336,#11337
    ,#11338,#11339,#11340),.UNSPECIFIED.,.T.,.F.) 
B_SPLINE_CURVE_WITH_KNOTS((1,2,2,2,2,1),(-2.094395102393,0.,
    2.094395102393,4.188790204786,6.28318530718,8.377580409573),
.UNSPECIFIED.) CURVE() GEOMETRIC_REPRESENTATION_ITEM() 
RATIONAL_B_SPLINE_CURVE((1.,0.5,1.,0.5,1.,0.5,1.)) REPRESENTATION_ITEM(
  '') );
#11334 = CARTESIAN_POINT('',(-1.6,-1.2));
#11335 = CARTESIAN_POINT('',(-3.678460969083,1.57128129211));
#11336 = CARTESIAN_POINT('',(-0.239230484541,1.985640646055));
#11337 = CARTESIAN_POINT('',(3.2,2.4));
#11338 = CARTESIAN_POINT('',(1.839230484541,-0.785640646055));
#11339 = CARTESIAN_POINT('',(0.478460969083,-3.97128129211));
#11340 = CARTESIAN_POINT('',(-1.6,-1.2));
#11341 = ( GEOMETRIC_REPRESENTATION_CONTEXT(2) 
PARAMETRIC_REPRESENTATION_CONTEXT() REPRESENTATION_CONTEXT('2D SPACE',''
  ) );
#11342 = ORIENTED_EDGE('',*,*,#3323,.F.);
#11343 = ADVANCED_FACE('',(#11344,#11348),#3366,.T.);
#11344 = FACE_BOUND('',#11345,.T.);
#11345 = EDGE_LOOP('',(#11346,#11347));
#11346 = ORIENTED_EDGE('',*,*,#3350,.T.);
#11347 = ORIENTED_EDGE('',*,*,#11317,.F.);
#11348 = FACE_BOUND('',#11349,.T.);
#11349 = EDGE_LOOP('',(#11350));
#11350 = ORIENTED_EDGE('',*,*,#11351,.F.);
#11351 = EDGE_CURVE('',#11352,#11352,#11354,.T.);
#11352 = VERTEX_POINT('',#11353);
#11353 = CARTESIAN_POINT('',(-202.7,-34.5,68.4));
#11354 = SURFACE_CURVE('',#11355,(#11360,#11367),.PCURVE_S1.);
#11355 = CIRCLE('',#11356,0.8);
#11356 = AXIS2_PLACEMENT_3D('',#11357,#11358,#11359);
#11357 = CARTESIAN_POINT('',(-203.5,-34.5,68.4));
#11358 = DIRECTION('',(0.,0.,1.));
#11359 = DIRECTION('',(1.,0.,-0.));
#11360 = PCURVE('',#3366,#11361);
#11361 = DEFINITIONAL_REPRESENTATION('',(#11362),#11366);
#11362 = CIRCLE('',#11363,0.8);
#11363 = AXIS2_PLACEMENT_2D('',#11364,#11365);
#11364 = CARTESIAN_POINT('',(0.,0.3));
#11365 = DIRECTION('',(1.,0.));
#11366 = ( GEOMETRIC_REPRESENTATION_CONTEXT(2) 
PARAMETRIC_REPRESENTATION_CONTEXT() REPRESENTATION_CONTEXT('2D SPACE',''
  ) );
#11367 = PCURVE('',#11368,#11373);
#11368 = CYLINDRICAL_SURFACE('',#11369,0.8);
#11369 = AXIS2_PLACEMENT_3D('',#11370,#11371,#11372);
#11370 = CARTESIAN_POINT('',(-203.5,-34.5,60.4));
#11371 = DIRECTION('',(0.,0.,1.));
#11372 = DIRECTION('',(1.,0.,0.));
#11373 = DEFINITIONAL_REPRESENTATION('',(#11374),#11378);
#11374 = LINE('',#11375,#11376);
#11375 = CARTESIAN_POINT('',(0.,8.));
#11376 = VECTOR('',#11377,1.);
#11377 = DIRECTION('',(1.,0.));
#11378 = ( GEOMETRIC_REPRESENTATION_CONTEXT(2) 
PARAMETRIC_REPRESENTATION_CONTEXT() REPRESENTATION_CONTEXT('2D SPACE',''
  ) );
#11379 = ADVANCED_FACE('',(#11380),#3735,.T.);
#11380 = FACE_BOUND('',#11381,.T.);
#11381 = EDGE_LOOP('',(#11382,#11383,#11402,#11403));
#11382 = ORIENTED_EDGE('',*,*,#10743,.F.);
#11383 = ORIENTED_EDGE('',*,*,#11384,.T.);
#11384 = EDGE_CURVE('',#10744,#11153,#11385,.T.);
#11385 = SURFACE_CURVE('',#11386,(#11390,#11396),.PCURVE_S1.);
#11386 = LINE('',#11387,#11388);
#11387 = CARTESIAN_POINT('',(-163.8,26.,62.));
#11388 = VECTOR('',#11389,1.);
#11389 = DIRECTION('',(1.,0.,2.22044604925E-16));
#11390 = PCURVE('',#3735,#11391);
#11391 = DEFINITIONAL_REPRESENTATION('',(#11392),#11395);
#11392 = B_SPLINE_CURVE_WITH_KNOTS('',1,(#11393,#11394),.UNSPECIFIED.,
  .F.,.F.,(2,2),(0.6,5.4),.PIECEWISE_BEZIER_KNOTS.);
#11393 = CARTESIAN_POINT('',(-0.4,62.));
#11394 = CARTESIAN_POINT('',(4.4,62.));
#11395 = ( GEOMETRIC_REPRESENTATION_CONTEXT(2) 
PARAMETRIC_REPRESENTATION_CONTEXT() REPRESENTATION_CONTEXT('2D SPACE',''
  ) );
#11396 = PCURVE('',#10783,#11397);
#11397 = DEFINITIONAL_REPRESENTATION('',(#11398),#11401);
#11398 = B_SPLINE_CURVE_WITH_KNOTS('',1,(#11399,#11400),.UNSPECIFIED.,
  .F.,.F.,(2,2),(1.,5.),.PIECEWISE_BEZIER_KNOTS.);
#11399 = CARTESIAN_POINT('',(7.853981633974,1.));
#11400 = CARTESIAN_POINT('',(7.853981633974,5.));
#11401 = ( GEOMETRIC_REPRESENTATION_CONTEXT(2) 
PARAMETRIC_REPRESENTATION_CONTEXT() REPRESENTATION_CONTEXT('2D SPACE',''
  ) );
#11402 = ORIENTED_EDGE('',*,*,#11152,.T.);
#11403 = ORIENTED_EDGE('',*,*,#3719,.F.);
#11404 = ADVANCED_FACE('',(#11405),#3956,.T.);
#11405 = FACE_BOUND('',#11406,.T.);
#11406 = EDGE_LOOP('',(#11407,#11408,#11409,#11435));
#11407 = ORIENTED_EDGE('',*,*,#9422,.T.);
#11408 = ORIENTED_EDGE('',*,*,#3940,.T.);
#11409 = ORIENTED_EDGE('',*,*,#11410,.T.);
#11410 = EDGE_CURVE('',#3941,#3968,#11411,.T.);
#11411 = SURFACE_CURVE('',#11412,(#11417,#11424),.PCURVE_S1.);
#11412 = CIRCLE('',#11413,2.);
#11413 = AXIS2_PLACEMENT_3D('',#11414,#11415,#11416);
#11414 = CARTESIAN_POINT('',(-233.,34.8,68.4));
#11415 = DIRECTION('',(0.,0.,-1.));
#11416 = DIRECTION('',(0.8,0.6,0.));
#11417 = PCURVE('',#3956,#11418);
#11418 = DEFINITIONAL_REPRESENTATION('',(#11419),#11423);
#11419 = LINE('',#11420,#11421);
#11420 = CARTESIAN_POINT('',(6.926686415973,20.4));
#11421 = VECTOR('',#11422,1.);
#11422 = DIRECTION('',(-1.,-0.));
#11423 = ( GEOMETRIC_REPRESENTATION_CONTEXT(2) 
PARAMETRIC_REPRESENTATION_CONTEXT() REPRESENTATION_CONTEXT('2D SPACE',''
  ) );
#11424 = PCURVE('',#3983,#11425);
#11425 = DEFINITIONAL_REPRESENTATION('',(#11426),#11434);
#11426 = ( BOUNDED_CURVE() B_SPLINE_CURVE(2,(#11427,#11428,#11429,#11430
    ,#11431,#11432,#11433),.UNSPECIFIED.,.T.,.F.) 
B_SPLINE_CURVE_WITH_KNOTS((1,2,2,2,2,1),(-2.094395102393,0.,
    2.094395102393,4.188790204786,6.28318530718,8.377580409573),
.UNSPECIFIED.) CURVE() GEOMETRIC_REPRESENTATION_ITEM() 
RATIONAL_B_SPLINE_CURVE((1.,0.5,1.,0.5,1.,0.5,1.)) REPRESENTATION_ITEM(
  '') );
#11427 = CARTESIAN_POINT('',(1.6,1.2));
#11428 = CARTESIAN_POINT('',(3.678460969083,-1.57128129211));
#11429 = CARTESIAN_POINT('',(0.239230484541,-1.985640646055));
#11430 = CARTESIAN_POINT('',(-3.2,-2.4));
#11431 = CARTESIAN_POINT('',(-1.839230484541,0.785640646055));
#11432 = CARTESIAN_POINT('',(-0.478460969083,3.97128129211));
#11433 = CARTESIAN_POINT('',(1.6,1.2));
#11434 = ( GEOMETRIC_REPRESENTATION_CONTEXT(2) 
PARAMETRIC_REPRESENTATION_CONTEXT() REPRESENTATION_CONTEXT('2D SPACE',''
  ) );
#11435 = ORIENTED_EDGE('',*,*,#3995,.F.);
#11436 = ADVANCED_FACE('',(#11437,#11441),#3983,.T.);
#11437 = FACE_BOUND('',#11438,.T.);
#11438 = EDGE_LOOP('',(#11439,#11440));
#11439 = ORIENTED_EDGE('',*,*,#3967,.F.);
#11440 = ORIENTED_EDGE('',*,*,#11410,.F.);
#11441 = FACE_BOUND('',#11442,.T.);
#11442 = EDGE_LOOP('',(#11443));
#11443 = ORIENTED_EDGE('',*,*,#11444,.F.);
#11444 = EDGE_CURVE('',#11445,#11445,#11447,.T.);
#11445 = VERTEX_POINT('',#11446);
#11446 = CARTESIAN_POINT('',(-232.2,34.5,68.4));
#11447 = SURFACE_CURVE('',#11448,(#11453,#11460),.PCURVE_S1.);
#11448 = CIRCLE('',#11449,0.8);
#11449 = AXIS2_PLACEMENT_3D('',#11450,#11451,#11452);
#11450 = CARTESIAN_POINT('',(-233.,34.5,68.4));
#11451 = DIRECTION('',(0.,0.,1.));
#11452 = DIRECTION('',(1.,0.,-0.));
#11453 = PCURVE('',#3983,#11454);
#11454 = DEFINITIONAL_REPRESENTATION('',(#11455),#11459);
#11455 = CIRCLE('',#11456,0.8);
#11456 = AXIS2_PLACEMENT_2D('',#11457,#11458);
#11457 = CARTESIAN_POINT('',(0.,-0.3));
#11458 = DIRECTION('',(1.,0.));
#11459 = ( GEOMETRIC_REPRESENTATION_CONTEXT(2) 
PARAMETRIC_REPRESENTATION_CONTEXT() REPRESENTATION_CONTEXT('2D SPACE',''
  ) );
#11460 = PCURVE('',#11461,#11466);
#11461 = CYLINDRICAL_SURFACE('',#11462,0.8);
#11462 = AXIS2_PLACEMENT_3D('',#11463,#11464,#11465);
#11463 = CARTESIAN_POINT('',(-233.,34.5,60.4));
#11464 = DIRECTION('',(0.,0.,1.));
#11465 = DIRECTION('',(1.,0.,0.));
#11466 = DEFINITIONAL_REPRESENTATION('',(#11467),#11471);
#11467 = LINE('',#11468,#11469);
#11468 = CARTESIAN_POINT('',(0.,8.));
#11469 = VECTOR('',#11470,1.);
#11470 = DIRECTION('',(1.,0.));
#11471 = ( GEOMETRIC_REPRESENTATION_CONTEXT(2) 
PARAMETRIC_REPRESENTATION_CONTEXT() REPRESENTATION_CONTEXT('2D SPACE',''
  ) );
#11472 = ADVANCED_FACE('',(#11473),#3856,.T.);
#11473 = FACE_BOUND('',#11474,.T.);
#11474 = EDGE_LOOP('',(#11475,#11476,#11477,#11503));
#11475 = ORIENTED_EDGE('',*,*,#9399,.T.);
#11476 = ORIENTED_EDGE('',*,*,#3840,.T.);
#11477 = ORIENTED_EDGE('',*,*,#11478,.T.);
#11478 = EDGE_CURVE('',#3841,#3868,#11479,.T.);
#11479 = SURFACE_CURVE('',#11480,(#11485,#11492),.PCURVE_S1.);
#11480 = CIRCLE('',#11481,2.);
#11481 = AXIS2_PLACEMENT_3D('',#11482,#11483,#11484);
#11482 = CARTESIAN_POINT('',(-203.5,34.8,68.4));
#11483 = DIRECTION('',(0.,0.,-1.));
#11484 = DIRECTION('',(0.8,0.6,0.));
#11485 = PCURVE('',#3856,#11486);
#11486 = DEFINITIONAL_REPRESENTATION('',(#11487),#11491);
#11487 = LINE('',#11488,#11489);
#11488 = CARTESIAN_POINT('',(6.926686415973,20.4));
#11489 = VECTOR('',#11490,1.);
#11490 = DIRECTION('',(-1.,-0.));
#11491 = ( GEOMETRIC_REPRESENTATION_CONTEXT(2) 
PARAMETRIC_REPRESENTATION_CONTEXT() REPRESENTATION_CONTEXT('2D SPACE',''
  ) );
#11492 = PCURVE('',#3883,#11493);
#11493 = DEFINITIONAL_REPRESENTATION('',(#11494),#11502);
#11494 = ( BOUNDED_CURVE() B_SPLINE_CURVE(2,(#11495,#11496,#11497,#11498
    ,#11499,#11500,#11501),.UNSPECIFIED.,.T.,.F.) 
B_SPLINE_CURVE_WITH_KNOTS((1,2,2,2,2,1),(-2.094395102393,0.,
    2.094395102393,4.188790204786,6.28318530718,8.377580409573),
.UNSPECIFIED.) CURVE() GEOMETRIC_REPRESENTATION_ITEM() 
RATIONAL_B_SPLINE_CURVE((1.,0.5,1.,0.5,1.,0.5,1.)) REPRESENTATION_ITEM(
  '') );
#11495 = CARTESIAN_POINT('',(1.6,1.2));
#11496 = CARTESIAN_POINT('',(3.678460969083,-1.57128129211));
#11497 = CARTESIAN_POINT('',(0.239230484541,-1.985640646055));
#11498 = CARTESIAN_POINT('',(-3.2,-2.4));
#11499 = CARTESIAN_POINT('',(-1.839230484541,0.785640646055));
#11500 = CARTESIAN_POINT('',(-0.478460969083,3.97128129211));
#11501 = CARTESIAN_POINT('',(1.6,1.2));
#11502 = ( GEOMETRIC_REPRESENTATION_CONTEXT(2) 
PARAMETRIC_REPRESENTATION_CONTEXT() REPRESENTATION_CONTEXT('2D SPACE',''
  ) );
#11503 = ORIENTED_EDGE('',*,*,#3895,.F.);
#11504 = ADVANCED_FACE('',(#11505,#11509),#3883,.T.);
#11505 = FACE_BOUND('',#11506,.T.);
#11506 = EDGE_LOOP('',(#11507,#11508));
#11507 = ORIENTED_EDGE('',*,*,#3867,.F.);
#11508 = ORIENTED_EDGE('',*,*,#11478,.F.);
#11509 = FACE_BOUND('',#11510,.T.);
#11510 = EDGE_LOOP('',(#11511));
#11511 = ORIENTED_EDGE('',*,*,#11512,.F.);
#11512 = EDGE_CURVE('',#11513,#11513,#11515,.T.);
#11513 = VERTEX_POINT('',#11514);
#11514 = CARTESIAN_POINT('',(-202.7,34.5,68.4));
#11515 = SURFACE_CURVE('',#11516,(#11521,#11528),.PCURVE_S1.);
#11516 = CIRCLE('',#11517,0.8);
#11517 = AXIS2_PLACEMENT_3D('',#11518,#11519,#11520);
#11518 = CARTESIAN_POINT('',(-203.5,34.5,68.4));
#11519 = DIRECTION('',(0.,0.,1.));
#11520 = DIRECTION('',(1.,0.,-0.));
#11521 = PCURVE('',#3883,#11522);
#11522 = DEFINITIONAL_REPRESENTATION('',(#11523),#11527);
#11523 = CIRCLE('',#11524,0.8);
#11524 = AXIS2_PLACEMENT_2D('',#11525,#11526);
#11525 = CARTESIAN_POINT('',(0.,-0.3));
#11526 = DIRECTION('',(1.,0.));
#11527 = ( GEOMETRIC_REPRESENTATION_CONTEXT(2) 
PARAMETRIC_REPRESENTATION_CONTEXT() REPRESENTATION_CONTEXT('2D SPACE',''
  ) );
#11528 = PCURVE('',#11529,#11534);
#11529 = CYLINDRICAL_SURFACE('',#11530,0.8);
#11530 = AXIS2_PLACEMENT_3D('',#11531,#11532,#11533);
#11531 = CARTESIAN_POINT('',(-203.5,34.5,60.4));
#11532 = DIRECTION('',(0.,0.,1.));
#11533 = DIRECTION('',(1.,0.,0.));
#11534 = DEFINITIONAL_REPRESENTATION('',(#11535),#11539);
#11535 = LINE('',#11536,#11537);
#11536 = CARTESIAN_POINT('',(0.,8.));
#11537 = VECTOR('',#11538,1.);
#11538 = DIRECTION('',(1.,0.));
#11539 = ( GEOMETRIC_REPRESENTATION_CONTEXT(2) 
PARAMETRIC_REPRESENTATION_CONTEXT() REPRESENTATION_CONTEXT('2D SPACE',''
  ) );
#11540 = ADVANCED_FACE('',(#11541),#4085,.F.);
#11541 = FACE_BOUND('',#11542,.F.);
#11542 = EDGE_LOOP('',(#11543,#11567,#11588,#11589));
#11543 = ORIENTED_EDGE('',*,*,#11544,.F.);
#11544 = EDGE_CURVE('',#11545,#11545,#11547,.T.);
#11545 = VERTEX_POINT('',#11546);
#11546 = CARTESIAN_POINT('',(-100.5,22.,60.3));
#11547 = SURFACE_CURVE('',#11548,(#11553,#11560),.PCURVE_S1.);
#11548 = CIRCLE('',#11549,1.7);
#11549 = AXIS2_PLACEMENT_3D('',#11550,#11551,#11552);
#11550 = CARTESIAN_POINT('',(-100.5,22.,62.));
#11551 = DIRECTION('',(1.,0.,2.22044604925E-16));
#11552 = DIRECTION('',(2.22044604925E-16,0.,-1.));
#11553 = PCURVE('',#4085,#11554);
#11554 = DEFINITIONAL_REPRESENTATION('',(#11555),#11559);
#11555 = LINE('',#11556,#11557);
#11556 = CARTESIAN_POINT('',(0.,2.3));
#11557 = VECTOR('',#11558,1.);
#11558 = DIRECTION('',(1.,0.));
#11559 = ( GEOMETRIC_REPRESENTATION_CONTEXT(2) 
PARAMETRIC_REPRESENTATION_CONTEXT() REPRESENTATION_CONTEXT('2D SPACE',''
  ) );
#11560 = PCURVE('',#8707,#11561);
#11561 = DEFINITIONAL_REPRESENTATION('',(#11562),#11566);
#11562 = CIRCLE('',#11563,1.7);
#11563 = AXIS2_PLACEMENT_2D('',#11564,#11565);
#11564 = CARTESIAN_POINT('',(0.,0.));
#11565 = DIRECTION('',(1.,0.));
#11566 = ( GEOMETRIC_REPRESENTATION_CONTEXT(2) 
PARAMETRIC_REPRESENTATION_CONTEXT() REPRESENTATION_CONTEXT('2D SPACE',''
  ) );
#11567 = ORIENTED_EDGE('',*,*,#11568,.F.);
#11568 = EDGE_CURVE('',#4069,#11545,#11569,.T.);
#11569 = SEAM_CURVE('',#11570,(#11574,#11581),.PCURVE_S1.);
#11570 = LINE('',#11571,#11572);
#11571 = CARTESIAN_POINT('',(-102.8,22.,60.3));
#11572 = VECTOR('',#11573,1.);
#11573 = DIRECTION('',(1.,0.,2.22044604925E-16));
#11574 = PCURVE('',#4085,#11575);
#11575 = DEFINITIONAL_REPRESENTATION('',(#11576),#11580);
#11576 = LINE('',#11577,#11578);
#11577 = CARTESIAN_POINT('',(6.28318530718,-0.));
#11578 = VECTOR('',#11579,1.);
#11579 = DIRECTION('',(0.,1.));
#11580 = ( GEOMETRIC_REPRESENTATION_CONTEXT(2) 
PARAMETRIC_REPRESENTATION_CONTEXT() REPRESENTATION_CONTEXT('2D SPACE',''
  ) );
#11581 = PCURVE('',#4085,#11582);
#11582 = DEFINITIONAL_REPRESENTATION('',(#11583),#11587);
#11583 = LINE('',#11584,#11585);
#11584 = CARTESIAN_POINT('',(0.,-0.));
#11585 = VECTOR('',#11586,1.);
#11586 = DIRECTION('',(0.,1.));
#11587 = ( GEOMETRIC_REPRESENTATION_CONTEXT(2) 
PARAMETRIC_REPRESENTATION_CONTEXT() REPRESENTATION_CONTEXT('2D SPACE',''
  ) );
#11588 = ORIENTED_EDGE('',*,*,#4068,.T.);
#11589 = ORIENTED_EDGE('',*,*,#11568,.T.);
#11590 = ADVANCED_FACE('',(#11591),#4142,.F.);
#11591 = FACE_BOUND('',#11592,.F.);
#11592 = EDGE_LOOP('',(#11593,#11617,#11638,#11639));
#11593 = ORIENTED_EDGE('',*,*,#11594,.F.);
#11594 = EDGE_CURVE('',#11595,#11595,#11597,.T.);
#11595 = VERTEX_POINT('',#11596);
#11596 = CARTESIAN_POINT('',(-100.5,5.,60.3));
#11597 = SURFACE_CURVE('',#11598,(#11603,#11610),.PCURVE_S1.);
#11598 = CIRCLE('',#11599,1.7);
#11599 = AXIS2_PLACEMENT_3D('',#11600,#11601,#11602);
#11600 = CARTESIAN_POINT('',(-100.5,5.,62.));
#11601 = DIRECTION('',(1.,0.,2.22044604925E-16));
#11602 = DIRECTION('',(2.22044604925E-16,0.,-1.));
#11603 = PCURVE('',#4142,#11604);
#11604 = DEFINITIONAL_REPRESENTATION('',(#11605),#11609);
#11605 = LINE('',#11606,#11607);
#11606 = CARTESIAN_POINT('',(0.,2.3));
#11607 = VECTOR('',#11608,1.);
#11608 = DIRECTION('',(1.,0.));
#11609 = ( GEOMETRIC_REPRESENTATION_CONTEXT(2) 
PARAMETRIC_REPRESENTATION_CONTEXT() REPRESENTATION_CONTEXT('2D SPACE',''
  ) );
#11610 = PCURVE('',#8789,#11611);
#11611 = DEFINITIONAL_REPRESENTATION('',(#11612),#11616);
#11612 = CIRCLE('',#11613,1.7);
#11613 = AXIS2_PLACEMENT_2D('',#11614,#11615);
#11614 = CARTESIAN_POINT('',(0.,0.));
#11615 = DIRECTION('',(1.,0.));
#11616 = ( GEOMETRIC_REPRESENTATION_CONTEXT(2) 
PARAMETRIC_REPRESENTATION_CONTEXT() REPRESENTATION_CONTEXT('2D SPACE',''
  ) );
#11617 = ORIENTED_EDGE('',*,*,#11618,.F.);
#11618 = EDGE_CURVE('',#4126,#11595,#11619,.T.);
#11619 = SEAM_CURVE('',#11620,(#11624,#11631),.PCURVE_S1.);
#11620 = LINE('',#11621,#11622);
#11621 = CARTESIAN_POINT('',(-102.8,5.,60.3));
#11622 = VECTOR('',#11623,1.);
#11623 = DIRECTION('',(1.,0.,2.22044604925E-16));
#11624 = PCURVE('',#4142,#11625);
#11625 = DEFINITIONAL_REPRESENTATION('',(#11626),#11630);
#11626 = LINE('',#11627,#11628);
#11627 = CARTESIAN_POINT('',(6.28318530718,-0.));
#11628 = VECTOR('',#11629,1.);
#11629 = DIRECTION('',(0.,1.));
#11630 = ( GEOMETRIC_REPRESENTATION_CONTEXT(2) 
PARAMETRIC_REPRESENTATION_CONTEXT() REPRESENTATION_CONTEXT('2D SPACE',''
  ) );
#11631 = PCURVE('',#4142,#11632);
#11632 = DEFINITIONAL_REPRESENTATION('',(#11633),#11637);
#11633 = LINE('',#11634,#11635);
#11634 = CARTESIAN_POINT('',(0.,-0.));
#11635 = VECTOR('',#11636,1.);
#11636 = DIRECTION('',(0.,1.));
#11637 = ( GEOMETRIC_REPRESENTATION_CONTEXT(2) 
PARAMETRIC_REPRESENTATION_CONTEXT() REPRESENTATION_CONTEXT('2D SPACE',''
  ) );
#11638 = ORIENTED_EDGE('',*,*,#4125,.T.);
#11639 = ORIENTED_EDGE('',*,*,#11618,.T.);
#11640 = ADVANCED_FACE('',(#11641),#4173,.F.);
#11641 = FACE_BOUND('',#11642,.F.);
#11642 = EDGE_LOOP('',(#11643,#11667,#11688,#11689));
#11643 = ORIENTED_EDGE('',*,*,#11644,.F.);
#11644 = EDGE_CURVE('',#11645,#11645,#11647,.T.);
#11645 = VERTEX_POINT('',#11646);
#11646 = CARTESIAN_POINT('',(-100.5,-5.,60.3));
#11647 = SURFACE_CURVE('',#11648,(#11653,#11660),.PCURVE_S1.);
#11648 = CIRCLE('',#11649,1.7);
#11649 = AXIS2_PLACEMENT_3D('',#11650,#11651,#11652);
#11650 = CARTESIAN_POINT('',(-100.5,-5.,62.));
#11651 = DIRECTION('',(1.,0.,2.22044604925E-16));
#11652 = DIRECTION('',(2.22044604925E-16,0.,-1.));
#11653 = PCURVE('',#4173,#11654);
#11654 = DEFINITIONAL_REPRESENTATION('',(#11655),#11659);
#11655 = LINE('',#11656,#11657);
#11656 = CARTESIAN_POINT('',(0.,2.3));
#11657 = VECTOR('',#11658,1.);
#11658 = DIRECTION('',(1.,0.));
#11659 = ( GEOMETRIC_REPRESENTATION_CONTEXT(2) 
PARAMETRIC_REPRESENTATION_CONTEXT() REPRESENTATION_CONTEXT('2D SPACE',''
  ) );
#11660 = PCURVE('',#8844,#11661);
#11661 = DEFINITIONAL_REPRESENTATION('',(#11662),#11666);
#11662 = CIRCLE('',#11663,1.7);
#11663 = AXIS2_PLACEMENT_2D('',#11664,#11665);
#11664 = CARTESIAN_POINT('',(0.,0.));
#11665 = DIRECTION('',(1.,0.));
#11666 = ( GEOMETRIC_REPRESENTATION_CONTEXT(2) 
PARAMETRIC_REPRESENTATION_CONTEXT() REPRESENTATION_CONTEXT('2D SPACE',''
  ) );
#11667 = ORIENTED_EDGE('',*,*,#11668,.F.);
#11668 = EDGE_CURVE('',#4157,#11645,#11669,.T.);
#11669 = SEAM_CURVE('',#11670,(#11674,#11681),.PCURVE_S1.);
#11670 = LINE('',#11671,#11672);
#11671 = CARTESIAN_POINT('',(-102.8,-5.,60.3));
#11672 = VECTOR('',#11673,1.);
#11673 = DIRECTION('',(1.,0.,2.22044604925E-16));
#11674 = PCURVE('',#4173,#11675);
#11675 = DEFINITIONAL_REPRESENTATION('',(#11676),#11680);
#11676 = LINE('',#11677,#11678);
#11677 = CARTESIAN_POINT('',(6.28318530718,-0.));
#11678 = VECTOR('',#11679,1.);
#11679 = DIRECTION('',(0.,1.));
#11680 = ( GEOMETRIC_REPRESENTATION_CONTEXT(2) 
PARAMETRIC_REPRESENTATION_CONTEXT() REPRESENTATION_CONTEXT('2D SPACE',''
  ) );
#11681 = PCURVE('',#4173,#11682);
#11682 = DEFINITIONAL_REPRESENTATION('',(#11683),#11687);
#11683 = LINE('',#11684,#11685);
#11684 = CARTESIAN_POINT('',(0.,-0.));
#11685 = VECTOR('',#11686,1.);
#11686 = DIRECTION('',(0.,1.));
#11687 = ( GEOMETRIC_REPRESENTATION_CONTEXT(2) 
PARAMETRIC_REPRESENTATION_CONTEXT() REPRESENTATION_CONTEXT('2D SPACE',''
  ) );
#11688 = ORIENTED_EDGE('',*,*,#4156,.T.);
#11689 = ORIENTED_EDGE('',*,*,#11668,.T.);
#11690 = ADVANCED_FACE('',(#11691),#4230,.F.);
#11691 = FACE_BOUND('',#11692,.F.);
#11692 = EDGE_LOOP('',(#11693,#11717,#11738,#11739));
#11693 = ORIENTED_EDGE('',*,*,#11694,.F.);
#11694 = EDGE_CURVE('',#11695,#11695,#11697,.T.);
#11695 = VERTEX_POINT('',#11696);
#11696 = CARTESIAN_POINT('',(-100.5,-22.,60.3));
#11697 = SURFACE_CURVE('',#11698,(#11703,#11710),.PCURVE_S1.);
#11698 = CIRCLE('',#11699,1.7);
#11699 = AXIS2_PLACEMENT_3D('',#11700,#11701,#11702);
#11700 = CARTESIAN_POINT('',(-100.5,-22.,62.));
#11701 = DIRECTION('',(1.,0.,2.22044604925E-16));
#11702 = DIRECTION('',(2.22044604925E-16,0.,-1.));
#11703 = PCURVE('',#4230,#11704);
#11704 = DEFINITIONAL_REPRESENTATION('',(#11705),#11709);
#11705 = LINE('',#11706,#11707);
#11706 = CARTESIAN_POINT('',(0.,2.3));
#11707 = VECTOR('',#11708,1.);
#11708 = DIRECTION('',(1.,0.));
#11709 = ( GEOMETRIC_REPRESENTATION_CONTEXT(2) 
PARAMETRIC_REPRESENTATION_CONTEXT() REPRESENTATION_CONTEXT('2D SPACE',''
  ) );
#11710 = PCURVE('',#8926,#11711);
#11711 = DEFINITIONAL_REPRESENTATION('',(#11712),#11716);
#11712 = CIRCLE('',#11713,1.7);
#11713 = AXIS2_PLACEMENT_2D('',#11714,#11715);
#11714 = CARTESIAN_POINT('',(0.,0.));
#11715 = DIRECTION('',(1.,0.));
#11716 = ( GEOMETRIC_REPRESENTATION_CONTEXT(2) 
PARAMETRIC_REPRESENTATION_CONTEXT() REPRESENTATION_CONTEXT('2D SPACE',''
  ) );
#11717 = ORIENTED_EDGE('',*,*,#11718,.F.);
#11718 = EDGE_CURVE('',#4214,#11695,#11719,.T.);
#11719 = SEAM_CURVE('',#11720,(#11724,#11731),.PCURVE_S1.);
#11720 = LINE('',#11721,#11722);
#11721 = CARTESIAN_POINT('',(-102.8,-22.,60.3));
#11722 = VECTOR('',#11723,1.);
#11723 = DIRECTION('',(1.,0.,2.22044604925E-16));
#11724 = PCURVE('',#4230,#11725);
#11725 = DEFINITIONAL_REPRESENTATION('',(#11726),#11730);
#11726 = LINE('',#11727,#11728);
#11727 = CARTESIAN_POINT('',(6.28318530718,-0.));
#11728 = VECTOR('',#11729,1.);
#11729 = DIRECTION('',(0.,1.));
#11730 = ( GEOMETRIC_REPRESENTATION_CONTEXT(2) 
PARAMETRIC_REPRESENTATION_CONTEXT() REPRESENTATION_CONTEXT('2D SPACE',''
  ) );
#11731 = PCURVE('',#4230,#11732);
#11732 = DEFINITIONAL_REPRESENTATION('',(#11733),#11737);
#11733 = LINE('',#11734,#11735);
#11734 = CARTESIAN_POINT('',(0.,-0.));
#11735 = VECTOR('',#11736,1.);
#11736 = DIRECTION('',(0.,1.));
#11737 = ( GEOMETRIC_REPRESENTATION_CONTEXT(2) 
PARAMETRIC_REPRESENTATION_CONTEXT() REPRESENTATION_CONTEXT('2D SPACE',''
  ) );
#11738 = ORIENTED_EDGE('',*,*,#4213,.T.);
#11739 = ORIENTED_EDGE('',*,*,#11718,.T.);
#11740 = ADVANCED_FACE('',(#11741,#11755,#12157),#4286,.F.);
#11741 = FACE_BOUND('',#11742,.F.);
#11742 = EDGE_LOOP('',(#11743,#11744,#11745,#11746,#11747,#11748,#11749,
    #11750,#11751,#11752,#11753,#11754));
#11743 = ORIENTED_EDGE('',*,*,#5274,.T.);
#11744 = ORIENTED_EDGE('',*,*,#5247,.F.);
#11745 = ORIENTED_EDGE('',*,*,#4969,.T.);
#11746 = ORIENTED_EDGE('',*,*,#4922,.F.);
#11747 = ORIENTED_EDGE('',*,*,#4870,.T.);
#11748 = ORIENTED_EDGE('',*,*,#4799,.T.);
#11749 = ORIENTED_EDGE('',*,*,#4655,.T.);
#11750 = ORIENTED_EDGE('',*,*,#4587,.T.);
#11751 = ORIENTED_EDGE('',*,*,#4443,.T.);
#11752 = ORIENTED_EDGE('',*,*,#4375,.T.);
#11753 = ORIENTED_EDGE('',*,*,#4321,.F.);
#11754 = ORIENTED_EDGE('',*,*,#4269,.F.);
#11755 = FACE_BOUND('',#11756,.F.);
#11756 = EDGE_LOOP('',(#11757));
#11757 = ORIENTED_EDGE('',*,*,#11758,.F.);
#11758 = EDGE_CURVE('',#11759,#11759,#11761,.T.);
#11759 = VERTEX_POINT('',#11760);
#11760 = CARTESIAN_POINT('',(-221.5,9.,41.928275397132));
#11761 = SURFACE_CURVE('',#11762,(#11890,#12021),.PCURVE_S1.);
#11762 = B_SPLINE_CURVE_WITH_KNOTS('',6,(#11763,#11764,#11765,#11766,
    #11767,#11768,#11769,#11770,#11771,#11772,#11773,#11774,#11775,
    #11776,#11777,#11778,#11779,#11780,#11781,#11782,#11783,#11784,
    #11785,#11786,#11787,#11788,#11789,#11790,#11791,#11792,#11793,
    #11794,#11795,#11796,#11797,#11798,#11799,#11800,#11801,#11802,
    #11803,#11804,#11805,#11806,#11807,#11808,#11809,#11810,#11811,
    #11812,#11813,#11814,#11815,#11816,#11817,#11818,#11819,#11820,
    #11821,#11822,#11823,#11824,#11825,#11826,#11827,#11828,#11829,
    #11830,#11831,#11832,#11833,#11834,#11835,#11836,#11837,#11838,
    #11839,#11840,#11841,#11842,#11843,#11844,#11845,#11846,#11847,
    #11848,#11849,#11850,#11851,#11852,#11853,#11854,#11855,#11856,
    #11857,#11858,#11859,#11860,#11861,#11862,#11863,#11864,#11865,
    #11866,#11867,#11868,#11869,#11870,#11871,#11872,#11873,#11874,
    #11875,#11876,#11877,#11878,#11879,#11880,#11881,#11882,#11883,
    #11884,#11885,#11886,#11887,#11888,#11889),.UNSPECIFIED.,.T.,.F.,(7,
    5,5,5,5,5,5,5,5,5,5,5,5,5,5,5,5,5,5,5,5,5,5,5,5,7),(0.,
    5.498135812275E-02,8.930521178435E-02,0.132899365165,0.165701418629,
    0.254144799132,0.317451784007,0.341993844293,0.374765702642,
    0.417803558607,0.451615156871,0.469661401886,0.506545297635,
    0.531907277185,0.543427240883,0.561475491457,0.595317994748,
    0.636907907278,0.668114247484,0.69157083801,0.752077247956,
    0.835522468058,0.867287974436,0.909409431263,0.943281642376,1.),
  .UNSPECIFIED.);
#11763 = CARTESIAN_POINT('',(-221.5,9.,41.928275397132));
#11764 = CARTESIAN_POINT('',(-221.5,9.132764561219,41.89977718108));
#11765 = CARTESIAN_POINT('',(-221.5105761889,9.265525351515,
    41.871112645523));
#11766 = CARTESIAN_POINT('',(-221.5317251077,9.396349357338,
    41.842696010822));
#11767 = CARTESIAN_POINT('',(-221.5628469845,9.523675842482,
    41.814893107925));
#11768 = CARTESIAN_POINT('',(-221.6030716743,9.646266770533,
    41.788022478275));
#11769 = CARTESIAN_POINT('',(-221.6814665704,9.836164430066,
    41.746311925267));
#11770 = CARTESIAN_POINT('',(-221.7147441985,9.906969741688,
    41.730737820116));
#11771 = CARTESIAN_POINT('',(-221.7509315562,9.975400868698,
    41.715675962103));
#11772 = CARTESIAN_POINT('',(-221.7897857274,10.041323435065,
    41.701169197356));
#11773 = CARTESIAN_POINT('',(-221.8310715402,10.104650314337,
    41.68724979336));
#11774 = CARTESIAN_POINT('',(-221.9298277372,10.24239743618,
    41.657038172736));
#11775 = CARTESIAN_POINT('',(-221.9886533591,10.315188595214,
    41.64112172123));
#11776 = CARTESIAN_POINT('',(-222.0506174922,10.38360857185,
    41.62623759052));
#11777 = CARTESIAN_POINT('',(-222.1153225435,10.447626456958,
    41.612414823335));
#11778 = CARTESIAN_POINT('',(-222.1824179096,10.507256130931,
    41.5996695596));
#11779 = CARTESIAN_POINT('',(-222.3036735492,10.604133356762,
    41.579234826541));
#11780 = CARTESIAN_POINT('',(-222.3569213595,10.643265276426,
    41.571075306447));
#11781 = CARTESIAN_POINT('',(-222.4112267375,10.679949159943,
    41.563533537625));
#11782 = CARTESIAN_POINT('',(-222.4664735465,10.714204566759,
    41.556610940486));
#11783 = CARTESIAN_POINT('',(-222.5225567113,10.746053245025,
    41.550307485602));
#11784 = CARTESIAN_POINT('',(-222.7326001731,10.854962156619,
    41.529292670738));
#11785 = CARTESIAN_POINT('',(-222.8911500322,10.917039957565,
    41.518462973982));
#11786 = CARTESIAN_POINT('',(-223.0532946083,10.962272287433,
    41.512094855516));
#11787 = CARTESIAN_POINT('',(-223.2175491606,10.990951884979,
    41.510152686035));
#11788 = CARTESIAN_POINT('',(-223.3826093753,11.003341260276,
    41.512563135622));
#11789 = CARTESIAN_POINT('',(-223.6652806264,10.996646255593,
    41.524084221809));
#11790 = CARTESIAN_POINT('',(-223.7830051313,10.98550724707,
    41.531094283823));
#11791 = CARTESIAN_POINT('',(-223.9000963739,10.966033170454,
    41.540286546118));
#11792 = CARTESIAN_POINT('',(-224.0160864617,10.938178741398,
    41.551639738813));
#11793 = CARTESIAN_POINT('',(-224.1304718806,10.901871682483,
    41.565125170329));
#11794 = CARTESIAN_POINT('',(-224.2862114927,10.839583450658,
    41.58675438419));
#11795 = CARTESIAN_POINT('',(-224.3293944473,10.820893465449,
    41.593112412807));
#11796 = CARTESIAN_POINT('',(-224.3722189268,10.800907836938,
    41.599784030454));
#11797 = CARTESIAN_POINT('',(-224.4146495875,10.779619283136,
    41.606766942397));
#11798 = CARTESIAN_POINT('',(-224.4566487766,10.757020129304,
    41.614058525894));
#11799 = CARTESIAN_POINT('',(-224.5536299752,10.701164017353,
    41.631800772306));
#11800 = CARTESIAN_POINT('',(-224.6082418038,10.666874999535,
    41.642490652617));
#11801 = CARTESIAN_POINT('',(-224.661917729,10.630215699454,
    41.653718553415));
#11802 = CARTESIAN_POINT('',(-224.714552026,10.591167716041,
    41.66547569205));
#11803 = CARTESIAN_POINT('',(-224.7660277739,10.549715179344,
    41.677751080222));
#11804 = CARTESIAN_POINT('',(-224.8821285457,10.448234810443,
    41.707314736615));
#11805 = CARTESIAN_POINT('',(-224.9458167577,10.386459786668,
    41.724967567092));
#11806 = CARTESIAN_POINT('',(-225.006996726,10.320491539508,
    41.743459982945));
#11807 = CARTESIAN_POINT('',(-225.0653283162,10.250327850851,
    41.762749593249));
#11808 = CARTESIAN_POINT('',(-225.1204270176,10.176011799782,
    41.782778628705));
#11809 = CARTESIAN_POINT('',(-225.2122932591,10.036086615928,
    41.81972790451));
#11810 = CARTESIAN_POINT('',(-225.2504558883,9.972029926162,
    41.836393155804));
#11811 = CARTESIAN_POINT('',(-225.2861579286,9.905536969959,
    41.853428996348));
#11812 = CARTESIAN_POINT('',(-225.3191755479,9.836699972806,
    41.870787706028));
#11813 = CARTESIAN_POINT('',(-225.3492790244,9.76565725496,
    41.888411212479));
#11814 = CARTESIAN_POINT('',(-225.3906391182,9.653613909179,
    41.915741084522));
#11815 = CARTESIAN_POINT('',(-225.4041388415,9.61405121676,
    41.92530741884));
#11816 = CARTESIAN_POINT('',(-225.4167107312,9.57394651333,
    41.934918762674));
#11817 = CARTESIAN_POINT('',(-225.4283221802,9.533334956076,
    41.944563637532));
#11818 = CARTESIAN_POINT('',(-225.4389424456,9.492256647726,
    41.954229765666));
#11819 = CARTESIAN_POINT('',(-225.4681640657,9.365936659611,
    41.983676938873));
#11820 = CARTESIAN_POINT('',(-225.4835283358,9.279340401842,
    42.003487503569));
#11821 = CARTESIAN_POINT('',(-225.4943863205,9.191380714716,
    42.0232179531));
#11822 = CARTESIAN_POINT('',(-225.5005545978,9.102523627927,
    42.042747507972));
#11823 = CARTESIAN_POINT('',(-225.5019400796,9.013287308463,
    42.061955592287));
#11824 = CARTESIAN_POINT('',(-225.4962436132,8.863011311986,
    42.093631166343));
#11825 = CARTESIAN_POINT('',(-225.4916713679,8.801863357631,
    42.106331620365));
#11826 = CARTESIAN_POINT('',(-225.4848543972,8.740977664867,
    42.118789118461));
#11827 = CARTESIAN_POINT('',(-225.4758236409,8.680525417123,
    42.130971435766));
#11828 = CARTESIAN_POINT('',(-225.4646317231,8.620668053004,
    42.142851041308));
#11829 = CARTESIAN_POINT('',(-225.445317442,8.534707248309,
    42.159652721484));
#11830 = CARTESIAN_POINT('',(-225.4388534262,8.508011059307,
    42.16483354273));
#11831 = CARTESIAN_POINT('',(-225.4319648063,8.481482024469,
    42.169945149912));
#11832 = CARTESIAN_POINT('',(-225.424658815,8.455133085536,
    42.174985701013));
#11833 = CARTESIAN_POINT('',(-225.4169432628,8.428976380824,
    42.179953593198));
#11834 = CARTESIAN_POINT('',(-225.3961101205,8.362362640137,
    42.192514655822));
#11835 = CARTESIAN_POINT('',(-225.3824087348,8.322201701253,
    42.200000123302));
#11836 = CARTESIAN_POINT('',(-225.3677549716,8.282583713784,
    42.207298729121));
#11837 = CARTESIAN_POINT('',(-225.3521829602,8.243546790357,
    42.214406608236));
#11838 = CARTESIAN_POINT('',(-225.3357283686,8.205123871007,
    42.221321166704));
#11839 = CARTESIAN_POINT('',(-225.2859890202,8.096498814274,
    42.240641679365));
#11840 = CARTESIAN_POINT('',(-225.2505769669,8.027912885596,
    42.252557514134));
#11841 = CARTESIAN_POINT('',(-225.2124327335,7.961764975049,
    42.263780005627));
#11842 = CARTESIAN_POINT('',(-225.1717999257,7.898175597649,
    42.274313345614));
#11843 = CARTESIAN_POINT('',(-225.1289121255,7.837218190304,
    42.284170291981));
#11844 = CARTESIAN_POINT('',(-225.0287612171,7.707301630809,
    42.304671214127));
#11845 = CARTESIAN_POINT('',(-224.9704588813,7.639710284986,
    42.314978005492));
#11846 = CARTESIAN_POINT('',(-224.9094590965,7.576219551866,
    42.3243221522));
#11847 = CARTESIAN_POINT('',(-224.846112624,7.516836969427,
    42.332743581235));
#11848 = CARTESIAN_POINT('',(-224.7807260061,7.461532419906,
    42.340284259471));
#11849 = CARTESIAN_POINT('',(-224.663150679,7.371779735675,
    42.352011258932));
#11850 = CARTESIAN_POINT('',(-224.6117451344,7.335573614919,
    42.356564789473));
#11851 = CARTESIAN_POINT('',(-224.5594453557,7.301615949374,
    42.360661558426));
#11852 = CARTESIAN_POINT('',(-224.5063504291,7.269883598177,
    42.364317378792));
#11853 = CARTESIAN_POINT('',(-224.4525493386,7.240352162054,
    42.36754687191));
#11854 = CARTESIAN_POINT('',(-224.357209038,7.192435555441,
    42.372480312691));
#11855 = CARTESIAN_POINT('',(-224.3159432649,7.173103877201,
    42.37436391719));
#11856 = CARTESIAN_POINT('',(-224.2743572716,7.154991899331,
    42.37601974044));
#11857 = CARTESIAN_POINT('',(-224.2324827268,7.138089947444,
    42.377452928725));
#11858 = CARTESIAN_POINT('',(-224.1903492061,7.122388947289,
    42.378668155318));
#11859 = CARTESIAN_POINT('',(-224.0387033944,7.07045560756,
    42.382252905606));
#11860 = CARTESIAN_POINT('',(-223.9278927487,7.040969038551,
    42.383413616605));
#11861 = CARTESIAN_POINT('',(-223.8160075428,7.019267925219,
    42.38322471331));
#11862 = CARTESIAN_POINT('',(-223.7034629965,7.005257413066,
    42.381735501162));
#11863 = CARTESIAN_POINT('',(-223.5906422817,6.998876159896,
    42.378978093416));
#11864 = CARTESIAN_POINT('',(-223.3224127008,7.001840439642,
    42.36942624835));
#11865 = CARTESIAN_POINT('',(-223.1671409173,7.018064730296,
    42.361500010721));
#11866 = CARTESIAN_POINT('',(-223.01295618,7.048765841449,
    42.351214785401));
#11867 = CARTESIAN_POINT('',(-222.8608982295,7.094160016027,
    42.338527640717));
#11868 = CARTESIAN_POINT('',(-222.7121679291,7.154519579655,
    42.323353547478));
#11869 = CARTESIAN_POINT('',(-222.5133796547,7.259190642685,
    42.298742126109));
#11870 = CARTESIAN_POINT('',(-222.4592671415,7.290285114588,
    42.291573107502));
#11871 = CARTESIAN_POINT('',(-222.4059345918,7.323637666886,
    42.284012567042));
#11872 = CARTESIAN_POINT('',(-222.3534760705,7.359271136452,
    42.276051584414));
#11873 = CARTESIAN_POINT('',(-222.301996267,7.39720670832,
    42.267680780438));
#11874 = CARTESIAN_POINT('',(-222.1847979045,7.490842371532,
    42.247234475424));
#11875 = CARTESIAN_POINT('',(-222.119913286,7.548298496188,
    42.234841616586));
#11876 = CARTESIAN_POINT('',(-222.0572204277,7.609875513491,
    42.221689045022));
#11877 = CARTESIAN_POINT('',(-221.997037357,7.675594865382,
    42.207755855707));
#11878 = CARTESIAN_POINT('',(-221.939726628,7.745437520444,
    42.193026880722));
#11879 = CARTESIAN_POINT('',(-221.8422285445,7.878744956244,
    42.165007572897));
#11880 = CARTESIAN_POINT('',(-221.8008884063,7.940776598209,
    42.15200113652));
#11881 = CARTESIAN_POINT('',(-221.7618742633,8.005376123998,
    42.138475471114));
#11882 = CARTESIAN_POINT('',(-221.7254166104,8.072463306208,
    42.124435065062));
#11883 = CARTESIAN_POINT('',(-221.6917543811,8.141911360793,
    42.109893812433));
#11884 = CARTESIAN_POINT('',(-221.6098280787,8.333467922876,
    42.069734999769));
#11885 = CARTESIAN_POINT('',(-221.566985379,8.459601656739,
    42.043240815011));
#11886 = CARTESIAN_POINT('',(-221.5338014306,8.590892969578,
    42.015557280218));
#11887 = CARTESIAN_POINT('',(-221.5112548257,8.725955947381,
    41.986921732177));
#11888 = CARTESIAN_POINT('',(-221.5,8.863042337848,41.957673671869));
#11889 = CARTESIAN_POINT('',(-221.5,9.,41.928275397132));
#11890 = PCURVE('',#4286,#11891);
#11891 = DEFINITIONAL_REPRESENTATION('',(#11892),#12020);
#11892 = B_SPLINE_CURVE_WITH_KNOTS('',6,(#11893,#11894,#11895,#11896,
    #11897,#11898,#11899,#11900,#11901,#11902,#11903,#11904,#11905,
    #11906,#11907,#11908,#11909,#11910,#11911,#11912,#11913,#11914,
    #11915,#11916,#11917,#11918,#11919,#11920,#11921,#11922,#11923,
    #11924,#11925,#11926,#11927,#11928,#11929,#11930,#11931,#11932,
    #11933,#11934,#11935,#11936,#11937,#11938,#11939,#11940,#11941,
    #11942,#11943,#11944,#11945,#11946,#11947,#11948,#11949,#11950,
    #11951,#11952,#11953,#11954,#11955,#11956,#11957,#11958,#11959,
    #11960,#11961,#11962,#11963,#11964,#11965,#11966,#11967,#11968,
    #11969,#11970,#11971,#11972,#11973,#11974,#11975,#11976,#11977,
    #11978,#11979,#11980,#11981,#11982,#11983,#11984,#11985,#11986,
    #11987,#11988,#11989,#11990,#11991,#11992,#11993,#11994,#11995,
    #11996,#11997,#11998,#11999,#12000,#12001,#12002,#12003,#12004,
    #12005,#12006,#12007,#12008,#12009,#12010,#12011,#12012,#12013,
    #12014,#12015,#12016,#12017,#12018,#12019),.UNSPECIFIED.,.T.,.F.,(7,
    5,5,5,5,5,5,5,5,5,5,5,5,5,5,5,5,5,5,5,5,5,5,5,5,7),(0.,
    5.498135812275E-02,8.930521178435E-02,0.132899365165,0.165701418629,
    0.254144799132,0.317451784007,0.341993844293,0.374765702642,
    0.417803558607,0.451615156871,0.469661401886,0.506545297635,
    0.531907277185,0.543427240883,0.561475491457,0.595317994748,
    0.636907907278,0.668114247484,0.69157083801,0.752077247956,
    0.835522468058,0.867287974436,0.909409431263,0.943281642376,1.),
  .UNSPECIFIED.);
#11893 = CARTESIAN_POINT('',(-2.930148872074,-40.5));
#11894 = CARTESIAN_POINT('',(-2.926982403623,-40.5));
#11895 = CARTESIAN_POINT('',(-2.923815207155,-40.48942381109));
#11896 = CARTESIAN_POINT('',(-2.92069344224,-40.4682748922));
#11897 = CARTESIAN_POINT('',(-2.917654542919,-40.4371530154));
#11898 = CARTESIAN_POINT('',(-2.914728343384,-40.39692832569));
#11899 = CARTESIAN_POINT('',(-2.910195484811,-40.31853342957));
#11900 = CARTESIAN_POINT('',(-2.9085053432,-40.28525580143));
#11901 = CARTESIAN_POINT('',(-2.906871926451,-40.24906844374));
#11902 = CARTESIAN_POINT('',(-2.905298514551,-40.21021427256));
#11903 = CARTESIAN_POINT('',(-2.90378725662,-40.16892845974));
#11904 = CARTESIAN_POINT('',(-2.900500621876,-40.0701722627));
#11905 = CARTESIAN_POINT('',(-2.898764288885,-40.01134664085));
#11906 = CARTESIAN_POINT('',(-2.897132839985,-39.94938250771));
#11907 = CARTESIAN_POINT('',(-2.895607123921,-39.88467745643));
#11908 = CARTESIAN_POINT('',(-2.894186901178,-39.81758209033));
#11909 = CARTESIAN_POINT('',(-2.891881374516,-39.69632645072));
#11910 = CARTESIAN_POINT('',(-2.890950735591,-39.64307864045));
#11911 = CARTESIAN_POINT('',(-2.890079025351,-39.58877326245));
#11912 = CARTESIAN_POINT('',(-2.889265801255,-39.53352645346));
#11913 = CARTESIAN_POINT('',(-2.888510562639,-39.47744328868));
#11914 = CARTESIAN_POINT('',(-2.885931381732,-39.26739982685));
#11915 = CARTESIAN_POINT('',(-2.884468511971,-39.10884996776));
#11916 = CARTESIAN_POINT('',(-2.88341199792,-38.94670539163));
#11917 = CARTESIAN_POINT('',(-2.88275481842,-38.78245083938));
#11918 = CARTESIAN_POINT('',(-2.882490398439,-38.61739062465));
#11919 = CARTESIAN_POINT('',(-2.88270976579,-38.33471937359));
#11920 = CARTESIAN_POINT('',(-2.883002232244,-38.21699486862));
#11921 = CARTESIAN_POINT('',(-2.883495192916,-38.09990362605));
#11922 = CARTESIAN_POINT('',(-2.884189458478,-37.98391353829));
#11923 = CARTESIAN_POINT('',(-2.885086406236,-37.86952811933));
#11924 = CARTESIAN_POINT('',(-2.886615955516,-37.71378850724));
#11925 = CARTESIAN_POINT('',(-2.88707409631,-37.67060555264));
#11926 = CARTESIAN_POINT('',(-2.887563212842,-37.62778107313));
#11927 = CARTESIAN_POINT('',(-2.888083451823,-37.58535041245));
#11928 = CARTESIAN_POINT('',(-2.888634967257,-37.54335122332));
#11929 = CARTESIAN_POINT('',(-2.889996357888,-37.44637002473));
#11930 = CARTESIAN_POINT('',(-2.890830837633,-37.39175819612));
#11931 = CARTESIAN_POINT('',(-2.891721752326,-37.33808227098));
#11932 = CARTESIAN_POINT('',(-2.892669459215,-37.28544797395));
#11933 = CARTESIAN_POINT('',(-2.893674247906,-37.23397222601));
#11934 = CARTESIAN_POINT('',(-2.896131065633,-37.1178714542));
#11935 = CARTESIAN_POINT('',(-2.897624501024,-37.05418324225));
#11936 = CARTESIAN_POINT('',(-2.899217104281,-36.99300327399));
#11937 = CARTESIAN_POINT('',(-2.900908685762,-36.93467168377));
#11938 = CARTESIAN_POINT('',(-2.902697959391,-36.87957298233));
#11939 = CARTESIAN_POINT('',(-2.90606237338,-36.78770674085));
#11940 = CARTESIAN_POINT('',(-2.90760110128,-36.74954411163));
#11941 = CARTESIAN_POINT('',(-2.90919681643,-36.71384207139));
#11942 = CARTESIAN_POINT('',(-2.910847189358,-36.68082445209));
#11943 = CARTESIAN_POINT('',(-2.912548799285,-36.65072097558));
#11944 = CARTESIAN_POINT('',(-2.915229880812,-36.60936088177));
#11945 = CARTESIAN_POINT('',(-2.916176110689,-36.59586115845));
#11946 = CARTESIAN_POINT('',(-2.917134832242,-36.58328926879));
#11947 = CARTESIAN_POINT('',(-2.918105193287,-36.57167781979));
#11948 = CARTESIAN_POINT('',(-2.919086225989,-36.56105755433));
#11949 = CARTESIAN_POINT('',(-2.922101531619,-36.53183593426));
#11950 = CARTESIAN_POINT('',(-2.924166620599,-36.51647166417));
#11951 = CARTESIAN_POINT('',(-2.92626219055,-36.50561367944));
#11952 = CARTESIAN_POINT('',(-2.928377107513,-36.49944540212));
#11953 = CARTESIAN_POINT('',(-2.930499059137,-36.49805992031));
#11954 = CARTESIAN_POINT('',(-2.934069259114,-36.50375638671));
#11955 = CARTESIAN_POINT('',(-2.935521086258,-36.508328632));
#11956 = CARTESIAN_POINT('',(-2.936965800816,-36.51514560277));
#11957 = CARTESIAN_POINT('',(-2.938399371043,-36.52417635903));
#11958 = CARTESIAN_POINT('',(-2.93981800795,-36.53536827684));
#11959 = CARTESIAN_POINT('',(-2.941854157285,-36.55468255796));
#11960 = CARTESIAN_POINT('',(-2.942486343841,-36.56114657377));
#11961 = CARTESIAN_POINT('',(-2.943114410416,-36.56803519362));
#11962 = CARTESIAN_POINT('',(-2.943738054893,-36.57534118498));
#11963 = CARTESIAN_POINT('',(-2.944356994463,-36.58305673719));
#11964 = CARTESIAN_POINT('',(-2.945932870191,-36.60388987941));
#11965 = CARTESIAN_POINT('',(-2.9468825795,-36.6175912652));
#11966 = CARTESIAN_POINT('',(-2.947819087695,-36.63224502839));
#11967 = CARTESIAN_POINT('',(-2.948741511964,-36.64781703977));
#11968 = CARTESIAN_POINT('',(-2.94964909255,-36.66427163134));
#11969 = CARTESIAN_POINT('',(-2.952213981147,-36.71401097976));
#11970 = CARTESIAN_POINT('',(-2.953832304215,-36.7494230331));
#11971 = CARTESIAN_POINT('',(-2.955392034082,-36.78756726648));
#11972 = CARTESIAN_POINT('',(-2.956890449619,-36.82820007429));
#11973 = CARTESIAN_POINT('',(-2.958325935279,-36.87108787442));
#11974 = CARTESIAN_POINT('',(-2.96138345179,-36.9712387828));
#11975 = CARTESIAN_POINT('',(-2.962972840161,-37.02954111869));
#11976 = CARTESIAN_POINT('',(-2.964464576693,-37.09054090342));
#11977 = CARTESIAN_POINT('',(-2.965858652346,-37.15388737596));
#11978 = CARTESIAN_POINT('',(-2.967155919353,-37.21927399381));
#11979 = CARTESIAN_POINT('',(-2.969259425383,-37.33684932092));
#11980 = CARTESIAN_POINT('',(-2.970107351482,-37.38825486553));
#11981 = CARTESIAN_POINT('',(-2.970902007334,-37.44055464422));
#11982 = CARTESIAN_POINT('',(-2.971643979757,-37.49364957087));
#11983 = CARTESIAN_POINT('',(-2.972333878393,-37.54745066135));
#11984 = CARTESIAN_POINT('',(-2.973452189911,-37.64279096191));
#11985 = CARTESIAN_POINT('',(-2.973902985917,-37.68405673501));
#11986 = CARTESIAN_POINT('',(-2.97432494978,-37.72564272836));
#11987 = CARTESIAN_POINT('',(-2.97471831989,-37.76751727317));
#11988 = CARTESIAN_POINT('',(-2.975083318837,-37.80965079387));
#11989 = CARTESIAN_POINT('',(-2.976289020104,-37.96129660551));
#11990 = CARTESIAN_POINT('',(-2.976970399955,-38.07210725126));
#11991 = CARTESIAN_POINT('',(-2.977468014787,-38.18399245715));
#11992 = CARTESIAN_POINT('',(-2.977784159831,-38.29653700347));
#11993 = CARTESIAN_POINT('',(-2.977920294942,-38.40935771828));
#11994 = CARTESIAN_POINT('',(-2.977815951868,-38.67758729917));
#11995 = CARTESIAN_POINT('',(-2.97741315183,-38.83285908269));
#11996 = CARTESIAN_POINT('',(-2.976668635872,-38.98704381996));
#11997 = CARTESIAN_POINT('',(-2.975577088403,-39.13910177046));
#11998 = CARTESIAN_POINT('',(-2.974131751521,-39.28783207087));
#11999 = CARTESIAN_POINT('',(-2.97163119515,-39.48662034524));
#12000 = CARTESIAN_POINT('',(-2.970888846664,-39.54073285843));
#12001 = CARTESIAN_POINT('',(-2.970093021183,-39.59406540811));
#12002 = CARTESIAN_POINT('',(-2.969243150291,-39.64652392941));
#12003 = CARTESIAN_POINT('',(-2.968338701904,-39.69800373294));
#12004 = CARTESIAN_POINT('',(-2.966106915669,-39.81520209547));
#12005 = CARTESIAN_POINT('',(-2.964737921754,-39.88008671395));
#12006 = CARTESIAN_POINT('',(-2.963271097135,-39.94277957228));
#12007 = CARTESIAN_POINT('',(-2.961705848352,-40.00296264292));
#12008 = CARTESIAN_POINT('',(-2.960042536136,-40.06027337196));
#12009 = CARTESIAN_POINT('',(-2.956867860983,-40.15777145541));
#12010 = CARTESIAN_POINT('',(-2.955390616829,-40.19911159361));
#12011 = CARTESIAN_POINT('',(-2.953852187701,-40.23812573664));
#12012 = CARTESIAN_POINT('',(-2.952254428902,-40.27458338959));
#12013 = CARTESIAN_POINT('',(-2.950600305025,-40.30824561882));
#12014 = CARTESIAN_POINT('',(-2.946037290352,-40.39017192121));
#12015 = CARTESIAN_POINT('',(-2.943032193621,-40.43301462099));
#12016 = CARTESIAN_POINT('',(-2.939903499732,-40.4661985693));
#12017 = CARTESIAN_POINT('',(-2.936684021861,-40.48874517429));
#12018 = CARTESIAN_POINT('',(-2.933415347044,-40.5));
#12019 = CARTESIAN_POINT('',(-2.930148872074,-40.5));
#12020 = ( GEOMETRIC_REPRESENTATION_CONTEXT(2) 
PARAMETRIC_REPRESENTATION_CONTEXT() REPRESENTATION_CONTEXT('2D SPACE',''
  ) );
#12021 = PCURVE('',#12022,#12027);
#12022 = CYLINDRICAL_SURFACE('',#12023,2.);
#12023 = AXIS2_PLACEMENT_3D('',#12024,#12025,#12026);
#12024 = CARTESIAN_POINT('',(-223.5,9.,40.996458183994));
#12025 = DIRECTION('',(0.,0.,1.));
#12026 = DIRECTION('',(1.,0.,0.));
#12027 = DEFINITIONAL_REPRESENTATION('',(#12028),#12156);
#12028 = B_SPLINE_CURVE_WITH_KNOTS('',6,(#12029,#12030,#12031,#12032,
    #12033,#12034,#12035,#12036,#12037,#12038,#12039,#12040,#12041,
    #12042,#12043,#12044,#12045,#12046,#12047,#12048,#12049,#12050,
    #12051,#12052,#12053,#12054,#12055,#12056,#12057,#12058,#12059,
    #12060,#12061,#12062,#12063,#12064,#12065,#12066,#12067,#12068,
    #12069,#12070,#12071,#12072,#12073,#12074,#12075,#12076,#12077,
    #12078,#12079,#12080,#12081,#12082,#12083,#12084,#12085,#12086,
    #12087,#12088,#12089,#12090,#12091,#12092,#12093,#12094,#12095,
    #12096,#12097,#12098,#12099,#12100,#12101,#12102,#12103,#12104,
    #12105,#12106,#12107,#12108,#12109,#12110,#12111,#12112,#12113,
    #12114,#12115,#12116,#12117,#12118,#12119,#12120,#12121,#12122,
    #12123,#12124,#12125,#12126,#12127,#12128,#12129,#12130,#12131,
    #12132,#12133,#12134,#12135,#12136,#12137,#12138,#12139,#12140,
    #12141,#12142,#12143,#12144,#12145,#12146,#12147,#12148,#12149,
    #12150,#12151,#12152,#12153,#12154,#12155),.UNSPECIFIED.,.F.,.F.,(7,
    5,5,5,5,5,5,5,5,5,5,5,5,5,5,5,5,5,5,5,5,5,5,5,5,7),(0.,
    5.498135812275E-02,8.930521178435E-02,0.132899365165,0.165701418629,
    0.254144799132,0.317451784007,0.341993844293,0.374765702642,
    0.417803558607,0.451615156871,0.469661401886,0.506545297635,
    0.531907277185,0.543427240883,0.561475491457,0.595317994748,
    0.636907907278,0.668114247484,0.69157083801,0.752077247956,
    0.835522468058,0.867287974436,0.909409431263,0.943281642376,1.),
  .UNSPECIFIED.);
#12029 = CARTESIAN_POINT('',(0.,0.931817213138));
#12030 = CARTESIAN_POINT('',(6.638228060973E-02,0.903318997085));
#12031 = CARTESIAN_POINT('',(0.132762500627,0.874654461528));
#12032 = CARTESIAN_POINT('',(0.198701930403,0.846237826827));
#12033 = CARTESIAN_POINT('',(0.263942027452,0.81843492393));
#12034 = CARTESIAN_POINT('',(0.328273836699,0.79156429428));
#12035 = CARTESIAN_POINT('',(0.430995403121,0.749853741273));
#12036 = CARTESIAN_POINT('',(0.470068327392,0.734279636121));
#12037 = CARTESIAN_POINT('',(0.508710211932,0.719217778108));
#12038 = CARTESIAN_POINT('',(0.546911160082,0.704711013362));
#12039 = CARTESIAN_POINT('',(0.584672415122,0.690791609366));
#12040 = CARTESIAN_POINT('',(0.669417704122,0.660579988742));
#12041 = CARTESIAN_POINT('',(0.716134586599,0.644663537236));
#12042 = CARTESIAN_POINT('',(0.762181702606,0.629779406525));
#12043 = CARTESIAN_POINT('',(0.807593614224,0.615956639341));
#12044 = CARTESIAN_POINT('',(0.852413716616,0.603211375605));
#12045 = CARTESIAN_POINT('',(0.9300154676,0.582776642546));
#12046 = CARTESIAN_POINT('',(0.963028863295,0.574617122452));
#12047 = CARTESIAN_POINT('',(0.995757937294,0.567075353631));
#12048 = CARTESIAN_POINT('',(1.028223904473,0.560152756492));
#12049 = CARTESIAN_POINT('',(1.0604481804,0.553849301608));
#12050 = CARTESIAN_POINT('',(1.178748018612,0.532834486743));
#12051 = CARTESIAN_POINT('',(1.263413025835,0.522004789987));
#12052 = CARTESIAN_POINT('',(1.346950239497,0.515636671521));
#12053 = CARTESIAN_POINT('',(1.429719297062,0.513694502041));
#12054 = CARTESIAN_POINT('',(1.512080126353,0.516104951628));
#12055 = CARTESIAN_POINT('',(1.653455388738,0.527626037814));
#12056 = CARTESIAN_POINT('',(1.712433063451,0.534636099829));
#12057 = CARTESIAN_POINT('',(1.771561867219,0.543828362123));
#12058 = CARTESIAN_POINT('',(1.830978839556,0.555181554818));
#12059 = CARTESIAN_POINT('',(1.890823221334,0.568666986335));
#12060 = CARTESIAN_POINT('',(1.974690155518,0.590296200196));
#12061 = CARTESIAN_POINT('',(1.998208004614,0.596654228812));
#12062 = CARTESIAN_POINT('',(2.021823053693,0.60332584646));
#12063 = CARTESIAN_POINT('',(2.045544366759,0.610308758402));
#12064 = CARTESIAN_POINT('',(2.069381128151,0.617600341899));
#12065 = CARTESIAN_POINT('',(2.125339277966,0.635342588311));
#12066 = CARTESIAN_POINT('',(2.157557871587,0.646032468622));
#12067 = CARTESIAN_POINT('',(2.19002141803,0.65726036942));
#12068 = CARTESIAN_POINT('',(2.222751753413,0.669017508056));
#12069 = CARTESIAN_POINT('',(2.255770527314,0.681292896227));
#12070 = CARTESIAN_POINT('',(2.332870550803,0.710856552621));
#12071 = CARTESIAN_POINT('',(2.377174125736,0.728509383098));
#12072 = CARTESIAN_POINT('',(2.422063893363,0.747001798951));
#12073 = CARTESIAN_POINT('',(2.467582575213,0.766291409254));
#12074 = CARTESIAN_POINT('',(2.513764055507,0.78632044471));
#12075 = CARTESIAN_POINT('',(2.597457638594,0.823269720515));
#12076 = CARTESIAN_POINT('',(2.634703709506,0.839934971809));
#12077 = CARTESIAN_POINT('',(2.672382420562,0.856970812353));
#12078 = CARTESIAN_POINT('',(2.71049470322,0.874329522034));
#12079 = CARTESIAN_POINT('',(2.749030484679,0.891953028484));
#12080 = CARTESIAN_POINT('',(2.808747250948,0.919282900528));
#12081 = CARTESIAN_POINT('',(2.829642040672,0.928849234845));
#12082 = CARTESIAN_POINT('',(2.850646636824,0.938460578679));
#12083 = CARTESIAN_POINT('',(2.87175588481,0.948105453537));
#12084 = CARTESIAN_POINT('',(2.892963351633,0.957771581671));
#12085 = CARTESIAN_POINT('',(2.95779128249,0.987218754878));
#12086 = CARTESIAN_POINT('',(3.001706953931,1.007029319575));
#12087 = CARTESIAN_POINT('',(3.045926877646,1.026759769105));
#12088 = CARTESIAN_POINT('',(3.090366328554,1.046289323977));
#12089 = CARTESIAN_POINT('',(3.134926087252,1.065497408293));
#12090 = CARTESIAN_POINT('',(3.210118049666,1.097172982349));
#12091 = CARTESIAN_POINT('',(3.240756670865,1.109873436371));
#12092 = CARTESIAN_POINT('',(3.271358573066,1.122330934466));
#12093 = CARTESIAN_POINT('',(3.301889320791,1.134513251772));
#12094 = CARTESIAN_POINT('',(3.332316757656,1.146392857314));
#12095 = CARTESIAN_POINT('',(3.376368719584,1.16319453749));
#12096 = CARTESIAN_POINT('',(3.390100642981,1.168375358736));
#12097 = CARTESIAN_POINT('',(3.403802264659,1.173486965918));
#12098 = CARTESIAN_POINT('',(3.417471060122,1.178527517018));
#12099 = CARTESIAN_POINT('',(3.431104708094,1.183495409203));
#12100 = CARTESIAN_POINT('',(3.466002452515,1.196056471828));
#12101 = CARTESIAN_POINT('',(3.487212339088,1.203541939308));
#12102 = CARTESIAN_POINT('',(3.508322729933,1.210840545126));
#12103 = CARTESIAN_POINT('',(3.529326907915,1.217948424242));
#12104 = CARTESIAN_POINT('',(3.550219459063,1.22486298271));
#12105 = CARTESIAN_POINT('',(3.609955138792,1.244183495371));
#12106 = CARTESIAN_POINT('',(3.648506238159,1.256099330139));
#12107 = CARTESIAN_POINT('',(3.686624477895,1.267321821633));
#12108 = CARTESIAN_POINT('',(3.72429886809,1.277855161619));
#12109 = CARTESIAN_POINT('',(3.761530012652,1.287712107987));
#12110 = CARTESIAN_POINT('',(3.843549091044,1.308213030132));
#12111 = CARTESIAN_POINT('',(3.888112644612,1.318519821497));
#12112 = CARTESIAN_POINT('',(3.932042519709,1.327863968205));
#12113 = CARTESIAN_POINT('',(3.975370283967,1.336285397241));
#12114 = CARTESIAN_POINT('',(4.018136115256,1.343826075476));
#12115 = CARTESIAN_POINT('',(4.092094721709,1.355553074937));
#12116 = CARTESIAN_POINT('',(4.123509660259,1.360106605479));
#12117 = CARTESIAN_POINT('',(4.154655207298,1.364203374431));
#12118 = CARTESIAN_POINT('',(4.185551134917,1.367859194798));
#12119 = CARTESIAN_POINT('',(4.216217508502,1.371088687916));
#12120 = CARTESIAN_POINT('',(4.269569579925,1.376022128696));
#12121 = CARTESIAN_POINT('',(4.29234568432,1.377905733195));
#12122 = CARTESIAN_POINT('',(4.315012494866,1.379561556445));
#12123 = CARTESIAN_POINT('',(4.337578616862,1.380994744731));
#12124 = CARTESIAN_POINT('',(4.36005257578,1.382209971324));
#12125 = CARTESIAN_POINT('',(4.44019857375,1.385794721612));
#12126 = CARTESIAN_POINT('',(4.497392069162,1.38695543261));
#12127 = CARTESIAN_POINT('',(4.554179196062,1.386766529316));
#12128 = CARTESIAN_POINT('',(4.610692926258,1.385277317168));
#12129 = CARTESIAN_POINT('',(4.667064622189,1.382519909421));
#12130 = CARTESIAN_POINT('',(4.801187602155,1.372968064356));
#12131 = CARTESIAN_POINT('',(4.878908806748,1.365041826727));
#12132 = CARTESIAN_POINT('',(4.957010072401,1.354756601407));
#12133 = CARTESIAN_POINT('',(5.035825263994,1.342069456723));
#12134 = CARTESIAN_POINT('',(5.115687424634,1.326895363484));
#12135 = CARTESIAN_POINT('',(5.228018196756,1.302283942115));
#12136 = CARTESIAN_POINT('',(5.259202047903,1.295114923508));
#12137 = CARTESIAN_POINT('',(5.290620332635,1.287554383047));
#12138 = CARTESIAN_POINT('',(5.32229390037,1.279593400419));
#12139 = CARTESIAN_POINT('',(5.354243274495,1.271222596444));
#12140 = CARTESIAN_POINT('',(5.429248430325,1.25077629143));
#12141 = CARTESIAN_POINT('',(5.472526573006,1.238383432591));
#12142 = CARTESIAN_POINT('',(5.516375102699,1.225230861027));
#12143 = CARTESIAN_POINT('',(5.560834954741,1.211297671712));
#12144 = CARTESIAN_POINT('',(5.605938198628,1.196568696727));
#12145 = CARTESIAN_POINT('',(5.68851656855,1.168549388903));
#12146 = CARTESIAN_POINT('',(5.725753591732,1.155542952526));
#12147 = CARTESIAN_POINT('',(5.763429849695,1.14201728712));
#12148 = CARTESIAN_POINT('',(5.801545885441,1.127976881067));
#12149 = CARTESIAN_POINT('',(5.840090978983,1.113435628439));
#12150 = CARTESIAN_POINT('',(5.944261314851,1.073276815775));
#12151 = CARTESIAN_POINT('',(6.010670791664,1.046782631017));
#12152 = CARTESIAN_POINT('',(6.078052962805,1.019099096223));
#12153 = CARTESIAN_POINT('',(6.146163478095,0.990463548182));
#12154 = CARTESIAN_POINT('',(6.214706476104,0.961215487875));
#12155 = CARTESIAN_POINT('',(6.28318530718,0.931817213138));
#12156 = ( GEOMETRIC_REPRESENTATION_CONTEXT(2) 
PARAMETRIC_REPRESENTATION_CONTEXT() REPRESENTATION_CONTEXT('2D SPACE',''
  ) );
#12157 = FACE_BOUND('',#12158,.F.);
#12158 = EDGE_LOOP('',(#12159));
#12159 = ORIENTED_EDGE('',*,*,#12160,.F.);
#12160 = EDGE_CURVE('',#12161,#12161,#12163,.T.);
#12161 = VERTEX_POINT('',#12162);
#12162 = CARTESIAN_POINT('',(-221.5,-9.,41.928275397132));
#12163 = SURFACE_CURVE('',#12164,(#12292,#12423),.PCURVE_S1.);
#12164 = B_SPLINE_CURVE_WITH_KNOTS('',6,(#12165,#12166,#12167,#12168,
    #12169,#12170,#12171,#12172,#12173,#12174,#12175,#12176,#12177,
    #12178,#12179,#12180,#12181,#12182,#12183,#12184,#12185,#12186,
    #12187,#12188,#12189,#12190,#12191,#12192,#12193,#12194,#12195,
    #12196,#12197,#12198,#12199,#12200,#12201,#12202,#12203,#12204,
    #12205,#12206,#12207,#12208,#12209,#12210,#12211,#12212,#12213,
    #12214,#12215,#12216,#12217,#12218,#12219,#12220,#12221,#12222,
    #12223,#12224,#12225,#12226,#12227,#12228,#12229,#12230,#12231,
    #12232,#12233,#12234,#12235,#12236,#12237,#12238,#12239,#12240,
    #12241,#12242,#12243,#12244,#12245,#12246,#12247,#12248,#12249,
    #12250,#12251,#12252,#12253,#12254,#12255,#12256,#12257,#12258,
    #12259,#12260,#12261,#12262,#12263,#12264,#12265,#12266,#12267,
    #12268,#12269,#12270,#12271,#12272,#12273,#12274,#12275,#12276,
    #12277,#12278,#12279,#12280,#12281,#12282,#12283,#12284,#12285,
    #12286,#12287,#12288,#12289,#12290,#12291),.UNSPECIFIED.,.T.,.F.,(7,
    5,5,5,5,5,5,5,5,5,5,5,5,5,5,5,5,5,5,5,5,5,5,5,5,7),(0.,
    5.671747725577E-02,9.0589532754E-02,0.132710796067,0.164476156509,
    0.247920993248,0.308427125217,0.33188360798,0.363089804818,
    0.404679526276,0.438521874089,0.456570041746,0.468089952518,
    0.493451815551,0.530335541849,0.548381703957,0.582193146883,
    0.625230805124,0.658002512914,0.745858774511,0.809740805801,
    0.83483464178,0.867615769732,0.911176210824,0.945474166038,1.),
  .UNSPECIFIED.);
#12165 = CARTESIAN_POINT('',(-221.5,-9.,41.928275397132));
#12166 = CARTESIAN_POINT('',(-221.5,-8.863037417505,41.957674728032));
#12167 = CARTESIAN_POINT('',(-221.5112556501,-8.725951906635,
    41.986922586203));
#12168 = CARTESIAN_POINT('',(-221.5338020156,-8.590892010804,
    42.01555747872));
#12169 = CARTESIAN_POINT('',(-221.5669852111,-8.459601460769,
    42.043240858238));
#12170 = CARTESIAN_POINT('',(-221.6098286393,-8.333466612296,
    42.069735274525));
#12171 = CARTESIAN_POINT('',(-221.6917543811,-8.141911360793,
    42.109893812433));
#12172 = CARTESIAN_POINT('',(-221.7254166104,-8.072463306208,
    42.124435065062));
#12173 = CARTESIAN_POINT('',(-221.7618742633,-8.005376123998,
    42.138475471114));
#12174 = CARTESIAN_POINT('',(-221.8008884063,-7.940776598209,
    42.15200113652));
#12175 = CARTESIAN_POINT('',(-221.8422285445,-7.878744956244,
    42.165007572898));
#12176 = CARTESIAN_POINT('',(-221.939726628,-7.745437520444,
    42.193026880722));
#12177 = CARTESIAN_POINT('',(-221.997037357,-7.675594865382,
    42.207755855707));
#12178 = CARTESIAN_POINT('',(-222.0572204277,-7.60987551349,
    42.221689045022));
#12179 = CARTESIAN_POINT('',(-222.119913286,-7.548298496188,
    42.234841616586));
#12180 = CARTESIAN_POINT('',(-222.1847979045,-7.490842371531,
    42.247234475424));
#12181 = CARTESIAN_POINT('',(-222.301996267,-7.39720670832,
    42.267680780438));
#12182 = CARTESIAN_POINT('',(-222.3534760705,-7.359271136452,
    42.276051584414));
#12183 = CARTESIAN_POINT('',(-222.4059345918,-7.323637666886,
    42.284012567042));
#12184 = CARTESIAN_POINT('',(-222.4592671415,-7.290285114588,
    42.291573107502));
#12185 = CARTESIAN_POINT('',(-222.5133796547,-7.259190642685,
    42.298742126109));
#12186 = CARTESIAN_POINT('',(-222.7121679291,-7.154519579655,
    42.323353547478));
#12187 = CARTESIAN_POINT('',(-222.8608982295,-7.094160016027,
    42.338527640717));
#12188 = CARTESIAN_POINT('',(-223.01295618,-7.048765841449,
    42.351214785401));
#12189 = CARTESIAN_POINT('',(-223.1671409173,-7.018064730296,
    42.361500010721));
#12190 = CARTESIAN_POINT('',(-223.3224127008,-7.001840439642,
    42.36942624835));
#12191 = CARTESIAN_POINT('',(-223.5906422817,-6.998876159896,
    42.378978093416));
#12192 = CARTESIAN_POINT('',(-223.7034629965,-7.005257413066,
    42.381735501162));
#12193 = CARTESIAN_POINT('',(-223.8160075428,-7.019267925218,
    42.38322471331));
#12194 = CARTESIAN_POINT('',(-223.9278927487,-7.040969038551,
    42.383413616605));
#12195 = CARTESIAN_POINT('',(-224.0387033944,-7.07045560756,
    42.382252905606));
#12196 = CARTESIAN_POINT('',(-224.1903492061,-7.122388947289,
    42.378668155318));
#12197 = CARTESIAN_POINT('',(-224.2324827268,-7.138089947444,
    42.377452928725));
#12198 = CARTESIAN_POINT('',(-224.2743572716,-7.154991899331,
    42.37601974044));
#12199 = CARTESIAN_POINT('',(-224.3159432649,-7.173103877201,
    42.37436391719));
#12200 = CARTESIAN_POINT('',(-224.357209038,-7.192435555441,
    42.372480312691));
#12201 = CARTESIAN_POINT('',(-224.4525493386,-7.240352162054,
    42.36754687191));
#12202 = CARTESIAN_POINT('',(-224.5063504291,-7.269883598177,
    42.364317378792));
#12203 = CARTESIAN_POINT('',(-224.5594453557,-7.301615949374,
    42.360661558426));
#12204 = CARTESIAN_POINT('',(-224.6117451344,-7.335573614919,
    42.356564789473));
#12205 = CARTESIAN_POINT('',(-224.663150679,-7.371779735675,
    42.352011258932));
#12206 = CARTESIAN_POINT('',(-224.7807260061,-7.461532419906,
    42.34028425947));
#12207 = CARTESIAN_POINT('',(-224.846112624,-7.516836969427,
    42.332743581235));
#12208 = CARTESIAN_POINT('',(-224.9094590965,-7.576219551866,
    42.3243221522));
#12209 = CARTESIAN_POINT('',(-224.9704588813,-7.639710284986,
    42.314978005492));
#12210 = CARTESIAN_POINT('',(-225.0287612171,-7.707301630809,
    42.304671214127));
#12211 = CARTESIAN_POINT('',(-225.1289121255,-7.837218190304,
    42.284170291981));
#12212 = CARTESIAN_POINT('',(-225.1717999257,-7.89817559765,
    42.274313345614));
#12213 = CARTESIAN_POINT('',(-225.2124327335,-7.961764975049,
    42.263780005627));
#12214 = CARTESIAN_POINT('',(-225.2505769669,-8.027912885596,
    42.252557514134));
#12215 = CARTESIAN_POINT('',(-225.2859890202,-8.096498814274,
    42.240641679365));
#12216 = CARTESIAN_POINT('',(-225.3357283686,-8.205123871008,
    42.221321166704));
#12217 = CARTESIAN_POINT('',(-225.3521829602,-8.243546790357,
    42.214406608236));
#12218 = CARTESIAN_POINT('',(-225.3677549716,-8.282583713784,
    42.20729872912));
#12219 = CARTESIAN_POINT('',(-225.3824087348,-8.322201701253,
    42.200000123302));
#12220 = CARTESIAN_POINT('',(-225.3961101205,-8.362362640137,
    42.192514655822));
#12221 = CARTESIAN_POINT('',(-225.4169432628,-8.428976380824,
    42.179953593198));
#12222 = CARTESIAN_POINT('',(-225.424658815,-8.455133085536,
    42.174985701013));
#12223 = CARTESIAN_POINT('',(-225.4319648063,-8.481482024469,
    42.169945149912));
#12224 = CARTESIAN_POINT('',(-225.4388534262,-8.508011059307,
    42.16483354273));
#12225 = CARTESIAN_POINT('',(-225.445317442,-8.534707248309,
    42.159652721484));
#12226 = CARTESIAN_POINT('',(-225.4646317231,-8.620668053004,
    42.142851041308));
#12227 = CARTESIAN_POINT('',(-225.4758236409,-8.680525417123,
    42.130971435766));
#12228 = CARTESIAN_POINT('',(-225.4848543972,-8.740977664867,
    42.118789118461));
#12229 = CARTESIAN_POINT('',(-225.4916713679,-8.801863357631,
    42.106331620365));
#12230 = CARTESIAN_POINT('',(-225.4962436132,-8.863011311986,
    42.093631166343));
#12231 = CARTESIAN_POINT('',(-225.5019400796,-9.013287308463,
    42.061955592287));
#12232 = CARTESIAN_POINT('',(-225.5005545978,-9.102523627927,
    42.042747507972));
#12233 = CARTESIAN_POINT('',(-225.4943863205,-9.191380714716,
    42.0232179531));
#12234 = CARTESIAN_POINT('',(-225.4835283358,-9.279340401842,
    42.003487503569));
#12235 = CARTESIAN_POINT('',(-225.4681640657,-9.365936659611,
    41.983676938873));
#12236 = CARTESIAN_POINT('',(-225.4389424456,-9.492256647726,
    41.954229765666));
#12237 = CARTESIAN_POINT('',(-225.4283221802,-9.533334956076,
    41.944563637532));
#12238 = CARTESIAN_POINT('',(-225.4167107312,-9.57394651333,
    41.934918762674));
#12239 = CARTESIAN_POINT('',(-225.4041388415,-9.61405121676,
    41.92530741884));
#12240 = CARTESIAN_POINT('',(-225.3906391182,-9.653613909179,
    41.915741084522));
#12241 = CARTESIAN_POINT('',(-225.3492790244,-9.765657254961,
    41.888411212479));
#12242 = CARTESIAN_POINT('',(-225.3191755479,-9.836699972806,
    41.870787706028));
#12243 = CARTESIAN_POINT('',(-225.2861579286,-9.905536969959,
    41.853428996348));
#12244 = CARTESIAN_POINT('',(-225.2504558883,-9.972029926162,
    41.836393155804));
#12245 = CARTESIAN_POINT('',(-225.2122932591,-10.03608661592,
    41.81972790451));
#12246 = CARTESIAN_POINT('',(-225.1204270176,-10.17601179978,
    41.782778628705));
#12247 = CARTESIAN_POINT('',(-225.0653283162,-10.25032785085,
    41.762749593249));
#12248 = CARTESIAN_POINT('',(-225.006996726,-10.3204915395,
    41.743459982945));
#12249 = CARTESIAN_POINT('',(-224.9458167577,-10.38645978666,
    41.724967567092));
#12250 = CARTESIAN_POINT('',(-224.8821285457,-10.44823481044,
    41.707314736615));
#12251 = CARTESIAN_POINT('',(-224.7660277739,-10.54971517934,
    41.677751080222));
#12252 = CARTESIAN_POINT('',(-224.714552026,-10.59116771604,
    41.66547569205));
#12253 = CARTESIAN_POINT('',(-224.661917729,-10.63021569945,
    41.653718553415));
#12254 = CARTESIAN_POINT('',(-224.6082418038,-10.66687499953,
    41.642490652617));
#12255 = CARTESIAN_POINT('',(-224.5536299752,-10.70116401735,
    41.631800772306));
#12256 = CARTESIAN_POINT('',(-224.3495137836,-10.81872429726,
    41.59445869135));
#12257 = CARTESIAN_POINT('',(-224.1948663288,-10.88741520562,
    41.571189646134));
#12258 = CARTESIAN_POINT('',(-224.0359542315,-10.93963392054,
    41.551957781911));
#12259 = CARTESIAN_POINT('',(-223.874239883,-10.97561404524,
    41.536860874056));
#12260 = CARTESIAN_POINT('',(-223.7110090951,-10.99556318714,
    41.525948018102));
#12261 = CARTESIAN_POINT('',(-223.4283610481,-11.00225764224,
    41.514427877662));
#12262 = CARTESIAN_POINT('',(-223.3091831405,-10.99657726352,
    41.511822648701));
#12263 = CARTESIAN_POINT('',(-223.1902680042,-10.9823926295,
    41.511482784745));
#12264 = CARTESIAN_POINT('',(-223.0720947578,-10.95963840648,
    41.513431950014));
#12265 = CARTESIAN_POINT('',(-222.9551786739,-10.92822089761,
    41.517688518212));
#12266 = CARTESIAN_POINT('',(-222.7948682208,-10.87218670841,
    41.526856797323));
#12267 = CARTESIAN_POINT('',(-222.7499382529,-10.85502412306,
    41.529801319102));
#12268 = CARTESIAN_POINT('',(-222.7053257227,-10.83649366662,
    41.533105678805));
#12269 = CARTESIAN_POINT('',(-222.6610682143,-10.81658628146,
    41.536770725601));
#12270 = CARTESIAN_POINT('',(-222.6172057975,-10.79529244295,
    41.54079711479));
#12271 = CARTESIAN_POINT('',(-222.5170534339,-10.74296089252,
    41.550917787966));
#12272 = CARTESIAN_POINT('',(-222.4610736938,-10.71093711777,
    41.557267576751));
#12273 = CARTESIAN_POINT('',(-222.4059358717,-10.67650831126,
    41.564235721389));
#12274 = CARTESIAN_POINT('',(-222.3517453454,-10.6396528209,
    41.571822193001));
#12275 = CARTESIAN_POINT('',(-222.2986185992,-10.60035127584,
    41.580025493181));
#12276 = CARTESIAN_POINT('',(-222.1776696248,-10.50309183077,
    41.600558217304));
#12277 = CARTESIAN_POINT('',(-222.1107643238,-10.4432524971,
    41.613356611505));
#12278 = CARTESIAN_POINT('',(-222.0462611918,-10.379030917,
    41.62723016687));
#12279 = CARTESIAN_POINT('',(-221.9845117207,-10.31041439446,
    41.642162411002));
#12280 = CARTESIAN_POINT('',(-221.9259142825,-10.23743563328,
    41.658123853157));
#12281 = CARTESIAN_POINT('',(-221.8275901222,-10.09937264905,
    41.688409513245));
#12282 = CARTESIAN_POINT('',(-221.7865028938,-10.03591300963,
    41.702359402656));
#12283 = CARTESIAN_POINT('',(-221.7478562903,-9.969866040536,
    41.716894080019));
#12284 = CARTESIAN_POINT('',(-221.7118855021,-9.901320457099,
    41.731980934945));
#12285 = CARTESIAN_POINT('',(-221.678833099,-9.830412478778,
    41.747576747138));
#12286 = CARTESIAN_POINT('',(-221.6014054683,-9.641165980361,
    41.789140444451));
#12287 = CARTESIAN_POINT('',(-221.5618161171,-9.519439648929,
    41.815818052644));
#12288 = CARTESIAN_POINT('',(-221.5311989953,-9.393084010479,
    41.843405259732));
#12289 = CARTESIAN_POINT('',(-221.5104001987,-9.26331267688,
    41.871590381104));
#12290 = CARTESIAN_POINT('',(-221.5,-9.131655487564,41.900015246271));
#12291 = CARTESIAN_POINT('',(-221.5,-9.,41.928275397132));
#12292 = PCURVE('',#4286,#12293);
#12293 = DEFINITIONAL_REPRESENTATION('',(#12294),#12422);
#12294 = B_SPLINE_CURVE_WITH_KNOTS('',6,(#12295,#12296,#12297,#12298,
    #12299,#12300,#12301,#12302,#12303,#12304,#12305,#12306,#12307,
    #12308,#12309,#12310,#12311,#12312,#12313,#12314,#12315,#12316,
    #12317,#12318,#12319,#12320,#12321,#12322,#12323,#12324,#12325,
    #12326,#12327,#12328,#12329,#12330,#12331,#12332,#12333,#12334,
    #12335,#12336,#12337,#12338,#12339,#12340,#12341,#12342,#12343,
    #12344,#12345,#12346,#12347,#12348,#12349,#12350,#12351,#12352,
    #12353,#12354,#12355,#12356,#12357,#12358,#12359,#12360,#12361,
    #12362,#12363,#12364,#12365,#12366,#12367,#12368,#12369,#12370,
    #12371,#12372,#12373,#12374,#12375,#12376,#12377,#12378,#12379,
    #12380,#12381,#12382,#12383,#12384,#12385,#12386,#12387,#12388,
    #12389,#12390,#12391,#12392,#12393,#12394,#12395,#12396,#12397,
    #12398,#12399,#12400,#12401,#12402,#12403,#12404,#12405,#12406,
    #12407,#12408,#12409,#12410,#12411,#12412,#12413,#12414,#12415,
    #12416,#12417,#12418,#12419,#12420,#12421),.UNSPECIFIED.,.T.,.F.,(7,
    5,5,5,5,5,5,5,5,5,5,5,5,5,5,5,5,5,5,5,5,5,5,5,5,7),(0.,
    5.671747725577E-02,9.0589532754E-02,0.132710796067,0.164476156509,
    0.247920993248,0.308427125217,0.33188360798,0.363089804818,
    0.404679526276,0.438521874089,0.456570041746,0.468089952518,
    0.493451815551,0.530335541849,0.548381703957,0.582193146883,
    0.625230805124,0.658002512914,0.745858774511,0.809740805801,
    0.83483464178,0.867615769732,0.911176210824,0.945474166038,1.),
  .UNSPECIFIED.);
#12295 = CARTESIAN_POINT('',(-3.353036435106,-40.5));
#12296 = CARTESIAN_POINT('',(-3.349769842784,-40.5));
#12297 = CARTESIAN_POINT('',(-3.346501189011,-40.48874434983));
#12298 = CARTESIAN_POINT('',(-3.343281784625,-40.46619798438));
#12299 = CARTESIAN_POINT('',(-3.340153108875,-40.43301478887));
#12300 = CARTESIAN_POINT('',(-3.337147985609,-40.39017136069));
#12301 = CARTESIAN_POINT('',(-3.332585002155,-40.30824561882));
#12302 = CARTESIAN_POINT('',(-3.330930878278,-40.27458338959));
#12303 = CARTESIAN_POINT('',(-3.329333119479,-40.23812573664));
#12304 = CARTESIAN_POINT('',(-3.327794690351,-40.19911159361));
#12305 = CARTESIAN_POINT('',(-3.326317446196,-40.15777145541));
#12306 = CARTESIAN_POINT('',(-3.323142771044,-40.06027337196));
#12307 = CARTESIAN_POINT('',(-3.321479458828,-40.00296264292));
#12308 = CARTESIAN_POINT('',(-3.319914210044,-39.94277957228));
#12309 = CARTESIAN_POINT('',(-3.318447385426,-39.88008671395));
#12310 = CARTESIAN_POINT('',(-3.31707839151,-39.81520209547));
#12311 = CARTESIAN_POINT('',(-3.314846605276,-39.69800373294));
#12312 = CARTESIAN_POINT('',(-3.313942156888,-39.64652392941));
#12313 = CARTESIAN_POINT('',(-3.313092285997,-39.59406540811));
#12314 = CARTESIAN_POINT('',(-3.312296460515,-39.54073285843));
#12315 = CARTESIAN_POINT('',(-3.31155411203,-39.48662034524));
#12316 = CARTESIAN_POINT('',(-3.309053555659,-39.28783207087));
#12317 = CARTESIAN_POINT('',(-3.307608218776,-39.13910177046));
#12318 = CARTESIAN_POINT('',(-3.306516671308,-38.98704381996));
#12319 = CARTESIAN_POINT('',(-3.30577215535,-38.83285908269));
#12320 = CARTESIAN_POINT('',(-3.305369355312,-38.67758729917));
#12321 = CARTESIAN_POINT('',(-3.305265012237,-38.40935771828));
#12322 = CARTESIAN_POINT('',(-3.305401147348,-38.29653700347));
#12323 = CARTESIAN_POINT('',(-3.305717292393,-38.18399245715));
#12324 = CARTESIAN_POINT('',(-3.306214907225,-38.07210725126));
#12325 = CARTESIAN_POINT('',(-3.306896287075,-37.96129660551));
#12326 = CARTESIAN_POINT('',(-3.308101988343,-37.80965079387));
#12327 = CARTESIAN_POINT('',(-3.308466987289,-37.76751727317));
#12328 = CARTESIAN_POINT('',(-3.3088603574,-37.72564272836));
#12329 = CARTESIAN_POINT('',(-3.309282321263,-37.68405673501));
#12330 = CARTESIAN_POINT('',(-3.309733117269,-37.64279096191));
#12331 = CARTESIAN_POINT('',(-3.310851428786,-37.54745066135));
#12332 = CARTESIAN_POINT('',(-3.311541327423,-37.49364957087));
#12333 = CARTESIAN_POINT('',(-3.312283299846,-37.44055464422));
#12334 = CARTESIAN_POINT('',(-3.313077955698,-37.38825486553));
#12335 = CARTESIAN_POINT('',(-3.313925881797,-37.33684932092));
#12336 = CARTESIAN_POINT('',(-3.316029387826,-37.21927399381));
#12337 = CARTESIAN_POINT('',(-3.317326654833,-37.15388737596));
#12338 = CARTESIAN_POINT('',(-3.318720730486,-37.09054090342));
#12339 = CARTESIAN_POINT('',(-3.320212467018,-37.02954111869));
#12340 = CARTESIAN_POINT('',(-3.32180185539,-36.9712387828));
#12341 = CARTESIAN_POINT('',(-3.324859371901,-36.87108787442));
#12342 = CARTESIAN_POINT('',(-3.32629485756,-36.82820007429));
#12343 = CARTESIAN_POINT('',(-3.327793273097,-36.78756726648));
#12344 = CARTESIAN_POINT('',(-3.329353002964,-36.7494230331));
#12345 = CARTESIAN_POINT('',(-3.330971326033,-36.71401097976));
#12346 = CARTESIAN_POINT('',(-3.333536214629,-36.66427163134));
#12347 = CARTESIAN_POINT('',(-3.334443795216,-36.64781703977));
#12348 = CARTESIAN_POINT('',(-3.335366219485,-36.63224502839));
#12349 = CARTESIAN_POINT('',(-3.33630272768,-36.6175912652));
#12350 = CARTESIAN_POINT('',(-3.337252436989,-36.60388987941));
#12351 = CARTESIAN_POINT('',(-3.338828312716,-36.58305673719));
#12352 = CARTESIAN_POINT('',(-3.339447252287,-36.57534118498));
#12353 = CARTESIAN_POINT('',(-3.340070896763,-36.56803519362));
#12354 = CARTESIAN_POINT('',(-3.340698963339,-36.56114657377));
#12355 = CARTESIAN_POINT('',(-3.341331149894,-36.55468255796));
#12356 = CARTESIAN_POINT('',(-3.343367299229,-36.53536827684));
#12357 = CARTESIAN_POINT('',(-3.344785936136,-36.52417635903));
#12358 = CARTESIAN_POINT('',(-3.346219506364,-36.51514560277));
#12359 = CARTESIAN_POINT('',(-3.347664220921,-36.508328632));
#12360 = CARTESIAN_POINT('',(-3.349116048065,-36.50375638671));
#12361 = CARTESIAN_POINT('',(-3.352686248043,-36.49805992031));
#12362 = CARTESIAN_POINT('',(-3.354808199667,-36.49944540212));
#12363 = CARTESIAN_POINT('',(-3.356923116629,-36.50561367944));
#12364 = CARTESIAN_POINT('',(-3.359018686581,-36.51647166417));
#12365 = CARTESIAN_POINT('',(-3.361083775561,-36.53183593426));
#12366 = CARTESIAN_POINT('',(-3.364099081191,-36.56105755433));
#12367 = CARTESIAN_POINT('',(-3.365080113893,-36.57167781979));
#12368 = CARTESIAN_POINT('',(-3.366050474938,-36.58328926879));
#12369 = CARTESIAN_POINT('',(-3.367009196491,-36.59586115845));
#12370 = CARTESIAN_POINT('',(-3.367955426368,-36.60936088177));
#12371 = CARTESIAN_POINT('',(-3.370636507895,-36.65072097558));
#12372 = CARTESIAN_POINT('',(-3.372338117821,-36.68082445209));
#12373 = CARTESIAN_POINT('',(-3.37398849075,-36.71384207139));
#12374 = CARTESIAN_POINT('',(-3.3755842059,-36.74954411163));
#12375 = CARTESIAN_POINT('',(-3.3771229338,-36.78770674085));
#12376 = CARTESIAN_POINT('',(-3.380487347789,-36.87957298233));
#12377 = CARTESIAN_POINT('',(-3.382276621418,-36.93467168377));
#12378 = CARTESIAN_POINT('',(-3.383968202898,-36.99300327399));
#12379 = CARTESIAN_POINT('',(-3.385560806156,-37.05418324225));
#12380 = CARTESIAN_POINT('',(-3.387054241547,-37.1178714542));
#12381 = CARTESIAN_POINT('',(-3.389511059274,-37.23397222601));
#12382 = CARTESIAN_POINT('',(-3.390515847965,-37.28544797395));
#12383 = CARTESIAN_POINT('',(-3.391463554853,-37.33808227098));
#12384 = CARTESIAN_POINT('',(-3.392354469547,-37.39175819612));
#12385 = CARTESIAN_POINT('',(-3.393188949292,-37.44637002473));
#12386 = CARTESIAN_POINT('',(-3.396054266228,-37.65048621639));
#12387 = CARTESIAN_POINT('',(-3.39773748209,-37.80513367113));
#12388 = CARTESIAN_POINT('',(-3.399026588931,-37.96404576844));
#12389 = CARTESIAN_POINT('',(-3.399926058618,-38.125760117));
#12390 = CARTESIAN_POINT('',(-3.400440053758,-38.28899090482));
#12391 = CARTESIAN_POINT('',(-3.400659403102,-38.57163895188));
#12392 = CARTESIAN_POINT('',(-3.400547116058,-38.6908168595));
#12393 = CARTESIAN_POINT('',(-3.400229864016,-38.80973199578));
#12394 = CARTESIAN_POINT('',(-3.399705949433,-38.92790524214));
#12395 = CARTESIAN_POINT('',(-3.398973069518,-39.04482132605));
#12396 = CARTESIAN_POINT('',(-3.397656276959,-39.20513177916));
#12397 = CARTESIAN_POINT('',(-3.397252122406,-39.25006174704));
#12398 = CARTESIAN_POINT('',(-3.396814983251,-39.29467427728));
#12399 = CARTESIAN_POINT('',(-3.39634464553,-39.33893178568));
#12400 = CARTESIAN_POINT('',(-3.395840885951,-39.38279420245));
#12401 = CARTESIAN_POINT('',(-3.394601425439,-39.48294656605));
#12402 = CARTESIAN_POINT('',(-3.393841960116,-39.53892630613));
#12403 = CARTESIAN_POINT('',(-3.393024551638,-39.5940641282));
#12404 = CARTESIAN_POINT('',(-3.392148701879,-39.64825465454));
#12405 = CARTESIAN_POINT('',(-3.391213973042,-39.70138140076));
#12406 = CARTESIAN_POINT('',(-3.388899232817,-39.82233037512));
#12407 = CARTESIAN_POINT('',(-3.387473958636,-39.88923567618));
#12408 = CARTESIAN_POINT('',(-3.385943338731,-39.95373880811));
#12409 = CARTESIAN_POINT('',(-3.384307162353,-40.01548827925));
#12410 = CARTESIAN_POINT('',(-3.382566321493,-40.07408571742));
#12411 = CARTESIAN_POINT('',(-3.3792721052,-40.17240987775));
#12412 = CARTESIAN_POINT('',(-3.377757663754,-40.21349710616));
#12413 = CARTESIAN_POINT('',(-3.37618127187,-40.25214370967));
#12414 = CARTESIAN_POINT('',(-3.374545116637,-40.2881144978));
#12415 = CARTESIAN_POINT('',(-3.372852521961,-40.32116690097));
#12416 = CARTESIAN_POINT('',(-3.368335210075,-40.39859453162));
#12417 = CARTESIAN_POINT('',(-3.365429659365,-40.4381838828));
#12418 = CARTESIAN_POINT('',(-3.362413946297,-40.4688010046));
#12419 = CARTESIAN_POINT('',(-3.359317313567,-40.4895998012));
#12420 = CARTESIAN_POINT('',(-3.356176451868,-40.5));
#12421 = CARTESIAN_POINT('',(-3.353036435106,-40.5));
#12422 = ( GEOMETRIC_REPRESENTATION_CONTEXT(2) 
PARAMETRIC_REPRESENTATION_CONTEXT() REPRESENTATION_CONTEXT('2D SPACE',''
  ) );
#12423 = PCURVE('',#12424,#12429);
#12424 = CYLINDRICAL_SURFACE('',#12425,2.);
#12425 = AXIS2_PLACEMENT_3D('',#12426,#12427,#12428);
#12426 = CARTESIAN_POINT('',(-223.5,-9.,40.996458183994));
#12427 = DIRECTION('',(0.,0.,1.));
#12428 = DIRECTION('',(1.,0.,0.));
#12429 = DEFINITIONAL_REPRESENTATION('',(#12430),#12558);
#12430 = B_SPLINE_CURVE_WITH_KNOTS('',6,(#12431,#12432,#12433,#12434,
    #12435,#12436,#12437,#12438,#12439,#12440,#12441,#12442,#12443,
    #12444,#12445,#12446,#12447,#12448,#12449,#12450,#12451,#12452,
    #12453,#12454,#12455,#12456,#12457,#12458,#12459,#12460,#12461,
    #12462,#12463,#12464,#12465,#12466,#12467,#12468,#12469,#12470,
    #12471,#12472,#12473,#12474,#12475,#12476,#12477,#12478,#12479,
    #12480,#12481,#12482,#12483,#12484,#12485,#12486,#12487,#12488,
    #12489,#12490,#12491,#12492,#12493,#12494,#12495,#12496,#12497,
    #12498,#12499,#12500,#12501,#12502,#12503,#12504,#12505,#12506,
    #12507,#12508,#12509,#12510,#12511,#12512,#12513,#12514,#12515,
    #12516,#12517,#12518,#12519,#12520,#12521,#12522,#12523,#12524,
    #12525,#12526,#12527,#12528,#12529,#12530,#12531,#12532,#12533,
    #12534,#12535,#12536,#12537,#12538,#12539,#12540,#12541,#12542,
    #12543,#12544,#12545,#12546,#12547,#12548,#12549,#12550,#12551,
    #12552,#12553,#12554,#12555,#12556,#12557),.UNSPECIFIED.,.F.,.F.,(7,
    5,5,5,5,5,5,5,5,5,5,5,5,5,5,5,5,5,5,5,5,5,5,5,5,7),(0.,
    5.671747725577E-02,9.0589532754E-02,0.132710796067,0.164476156509,
    0.247920993248,0.308427125217,0.33188360798,0.363089804818,
    0.404679526276,0.438521874089,0.456570041746,0.468089952518,
    0.493451815551,0.530335541849,0.548381703957,0.582193146883,
    0.625230805124,0.658002512914,0.745858774511,0.809740805801,
    0.83483464178,0.867615769732,0.911176210824,0.945474166038,1.),
  .UNSPECIFIED.);
#12431 = CARTESIAN_POINT('',(0.,0.931817213138));
#12432 = CARTESIAN_POINT('',(6.848129124736E-02,0.961216544038));
#12433 = CARTESIAN_POINT('',(0.137023844607,0.990464402209));
#12434 = CARTESIAN_POINT('',(0.205132902651,1.019099294725));
#12435 = CARTESIAN_POINT('',(0.272514575818,1.046782674243));
#12436 = CARTESIAN_POINT('',(0.338924705034,1.073277090531));
#12437 = CARTESIAN_POINT('',(0.443094328196,1.113435628439));
#12438 = CARTESIAN_POINT('',(0.481639421739,1.127976881068));
#12439 = CARTESIAN_POINT('',(0.519755457484,1.14201728712));
#12440 = CARTESIAN_POINT('',(0.557431715448,1.155542952526));
#12441 = CARTESIAN_POINT('',(0.59466873863,1.168549388903));
#12442 = CARTESIAN_POINT('',(0.677247108552,1.196568696727));
#12443 = CARTESIAN_POINT('',(0.722350352439,1.211297671712));
#12444 = CARTESIAN_POINT('',(0.76681020448,1.225230861027));
#12445 = CARTESIAN_POINT('',(0.810658734174,1.238383432591));
#12446 = CARTESIAN_POINT('',(0.853936876855,1.25077629143));
#12447 = CARTESIAN_POINT('',(0.928942032684,1.271222596444));
#12448 = CARTESIAN_POINT('',(0.960891406809,1.279593400419));
#12449 = CARTESIAN_POINT('',(0.992564974545,1.287554383047));
#12450 = CARTESIAN_POINT('',(1.023983259277,1.295114923508));
#12451 = CARTESIAN_POINT('',(1.055167110423,1.302283942115));
#12452 = CARTESIAN_POINT('',(1.167497882545,1.326895363484));
#12453 = CARTESIAN_POINT('',(1.247360043186,1.342069456723));
#12454 = CARTESIAN_POINT('',(1.326175234779,1.354756601407));
#12455 = CARTESIAN_POINT('',(1.404276500432,1.365041826727));
#12456 = CARTESIAN_POINT('',(1.481997705025,1.372968064356));
#12457 = CARTESIAN_POINT('',(1.61612068499,1.382519909421));
#12458 = CARTESIAN_POINT('',(1.672492380922,1.385277317168));
#12459 = CARTESIAN_POINT('',(1.729006111118,1.386766529316));
#12460 = CARTESIAN_POINT('',(1.785793238018,1.38695543261));
#12461 = CARTESIAN_POINT('',(1.842986733429,1.385794721612));
#12462 = CARTESIAN_POINT('',(1.9231327314,1.382209971324));
#12463 = CARTESIAN_POINT('',(1.945606690318,1.380994744731));
#12464 = CARTESIAN_POINT('',(1.968172812314,1.379561556445));
#12465 = CARTESIAN_POINT('',(1.99083962286,1.377905733195));
#12466 = CARTESIAN_POINT('',(2.013615727254,1.376022128696));
#12467 = CARTESIAN_POINT('',(2.066967798677,1.371088687916));
#12468 = CARTESIAN_POINT('',(2.097634172262,1.367859194798));
#12469 = CARTESIAN_POINT('',(2.128530099881,1.364203374431));
#12470 = CARTESIAN_POINT('',(2.159675646921,1.360106605479));
#12471 = CARTESIAN_POINT('',(2.191090585471,1.355553074937));
#12472 = CARTESIAN_POINT('',(2.265049191924,1.343826075476));
#12473 = CARTESIAN_POINT('',(2.307815023213,1.33628539724));
#12474 = CARTESIAN_POINT('',(2.351142787471,1.327863968205));
#12475 = CARTESIAN_POINT('',(2.395072662568,1.318519821497));
#12476 = CARTESIAN_POINT('',(2.439636216135,1.308213030132));
#12477 = CARTESIAN_POINT('',(2.521655294527,1.287712107987));
#12478 = CARTESIAN_POINT('',(2.55888643909,1.277855161619));
#12479 = CARTESIAN_POINT('',(2.596560829284,1.267321821633));
#12480 = CARTESIAN_POINT('',(2.63467906902,1.256099330139));
#12481 = CARTESIAN_POINT('',(2.673230168388,1.244183495371));
#12482 = CARTESIAN_POINT('',(2.732965848117,1.22486298271));
#12483 = CARTESIAN_POINT('',(2.753858399265,1.217948424242));
#12484 = CARTESIAN_POINT('',(2.774862577246,1.210840545126));
#12485 = CARTESIAN_POINT('',(2.795972968092,1.203541939308));
#12486 = CARTESIAN_POINT('',(2.817182854664,1.196056471827));
#12487 = CARTESIAN_POINT('',(2.852080599086,1.183495409203));
#12488 = CARTESIAN_POINT('',(2.865714247057,1.178527517018));
#12489 = CARTESIAN_POINT('',(2.87938304252,1.173486965918));
#12490 = CARTESIAN_POINT('',(2.893084664198,1.168375358736));
#12491 = CARTESIAN_POINT('',(2.906816587596,1.16319453749));
#12492 = CARTESIAN_POINT('',(2.950868549524,1.146392857314));
#12493 = CARTESIAN_POINT('',(2.981295986388,1.134513251772));
#12494 = CARTESIAN_POINT('',(3.011826734114,1.122330934466));
#12495 = CARTESIAN_POINT('',(3.042428636314,1.109873436371));
#12496 = CARTESIAN_POINT('',(3.073067257514,1.097172982349));
#12497 = CARTESIAN_POINT('',(3.148259219928,1.065497408293));
#12498 = CARTESIAN_POINT('',(3.192818978626,1.046289323977));
#12499 = CARTESIAN_POINT('',(3.237258429533,1.026759769105));
#12500 = CARTESIAN_POINT('',(3.281478353248,1.007029319575));
#12501 = CARTESIAN_POINT('',(3.32539402469,0.987218754878));
#12502 = CARTESIAN_POINT('',(3.390221955547,0.957771581671));
#12503 = CARTESIAN_POINT('',(3.41142942237,0.948105453537));
#12504 = CARTESIAN_POINT('',(3.432538670356,0.938460578679));
#12505 = CARTESIAN_POINT('',(3.453543266507,0.928849234845));
#12506 = CARTESIAN_POINT('',(3.474438056232,0.919282900528));
#12507 = CARTESIAN_POINT('',(3.5341548225,0.891953028484));
#12508 = CARTESIAN_POINT('',(3.572690603959,0.874329522034));
#12509 = CARTESIAN_POINT('',(3.610802886618,0.856970812353));
#12510 = CARTESIAN_POINT('',(3.648481597674,0.839934971809));
#12511 = CARTESIAN_POINT('',(3.685727668586,0.823269720515));
#12512 = CARTESIAN_POINT('',(3.769421251673,0.78632044471));
#12513 = CARTESIAN_POINT('',(3.815602731966,0.766291409254));
#12514 = CARTESIAN_POINT('',(3.861121413817,0.747001798951));
#12515 = CARTESIAN_POINT('',(3.906011181443,0.728509383098));
#12516 = CARTESIAN_POINT('',(3.950314756377,0.710856552621));
#12517 = CARTESIAN_POINT('',(4.027414779866,0.681292896227));
#12518 = CARTESIAN_POINT('',(4.060433553767,0.669017508056));
#12519 = CARTESIAN_POINT('',(4.09316388915,0.65726036942));
#12520 = CARTESIAN_POINT('',(4.125627435592,0.646032468622));
#12521 = CARTESIAN_POINT('',(4.157846029214,0.635342588311));
#12522 = CARTESIAN_POINT('',(4.275621068069,0.598000507355));
#12523 = CARTESIAN_POINT('',(4.359767942116,0.574731462139));
#12524 = CARTESIAN_POINT('',(4.442785110151,0.555499597917));
#12525 = CARTESIAN_POINT('',(4.525030050369,0.540402690062));
#12526 = CARTESIAN_POINT('',(4.606859271895,0.529489834108));
#12527 = CARTESIAN_POINT('',(4.748222929032,0.517969693667));
#12528 = CARTESIAN_POINT('',(4.807727977502,0.515364464706));
#12529 = CARTESIAN_POINT('',(4.867380126478,0.51502460075));
#12530 = CARTESIAN_POINT('',(4.927319172829,0.516973766019));
#12531 = CARTESIAN_POINT('',(4.987686578952,0.521230334217));
#12532 = CARTESIAN_POINT('',(5.072597225716,0.530398613329));
#12533 = CARTESIAN_POINT('',(5.096635594223,0.533343135107));
#12534 = CARTESIAN_POINT('',(5.120774415217,0.536647494811));
#12535 = CARTESIAN_POINT('',(5.145023208986,0.540312541606));
#12536 = CARTESIAN_POINT('',(5.169391609011,0.544338930795));
#12537 = CARTESIAN_POINT('',(5.225891801721,0.554459603972));
#12538 = CARTESIAN_POINT('',(5.258114509822,0.560809392757));
#12539 = CARTESIAN_POINT('',(5.290580015972,0.567777537394));
#12540 = CARTESIAN_POINT('',(5.32330969252,0.575364009006));
#12541 = CARTESIAN_POINT('',(5.35632469358,0.583567309186));
#12542 = CARTESIAN_POINT('',(5.433926327028,0.60410003331));
#12543 = CARTESIAN_POINT('',(5.47874527163,0.616898427511));
#12544 = CARTESIAN_POINT('',(5.524157268905,0.630771982876));
#12545 = CARTESIAN_POINT('',(5.570205396275,0.645704227008));
#12546 = CARTESIAN_POINT('',(5.616923747928,0.661665669163));
#12547 = CARTESIAN_POINT('',(5.701671945727,0.69195132925));
#12548 = CARTESIAN_POINT('',(5.739434764449,0.705901218661));
#12549 = CARTESIAN_POINT('',(5.777636782847,0.720435896025));
#12550 = CARTESIAN_POINT('',(5.816278830221,0.73552275095));
#12551 = CARTESIAN_POINT('',(5.855350521037,0.751118563144));
#12552 = CARTESIAN_POINT('',(5.95758710347,0.792682260457));
#12553 = CARTESIAN_POINT('',(6.021413361491,0.819359868649));
#12554 = CARTESIAN_POINT('',(6.086129189141,0.846947075737));
#12555 = CARTESIAN_POINT('',(6.151529130177,0.875132197109));
#12556 = CARTESIAN_POINT('',(6.217357563397,0.903557062277));
#12557 = CARTESIAN_POINT('',(6.28318530718,0.931817213138));
#12558 = ( GEOMETRIC_REPRESENTATION_CONTEXT(2) 
PARAMETRIC_REPRESENTATION_CONTEXT() REPRESENTATION_CONTEXT('2D SPACE',''
  ) );
#12559 = ADVANCED_FACE('',(#12560,#12574,#12976),#5566,.F.);
#12560 = FACE_BOUND('',#12561,.F.);
#12561 = EDGE_LOOP('',(#12562,#12563,#12564,#12565,#12566,#12567,#12568,
    #12569,#12570,#12571,#12572,#12573));
#12562 = ORIENTED_EDGE('',*,*,#6554,.T.);
#12563 = ORIENTED_EDGE('',*,*,#6527,.F.);
#12564 = ORIENTED_EDGE('',*,*,#6249,.T.);
#12565 = ORIENTED_EDGE('',*,*,#6202,.F.);
#12566 = ORIENTED_EDGE('',*,*,#6150,.T.);
#12567 = ORIENTED_EDGE('',*,*,#6079,.T.);
#12568 = ORIENTED_EDGE('',*,*,#5935,.T.);
#12569 = ORIENTED_EDGE('',*,*,#5867,.T.);
#12570 = ORIENTED_EDGE('',*,*,#5723,.T.);
#12571 = ORIENTED_EDGE('',*,*,#5655,.T.);
#12572 = ORIENTED_EDGE('',*,*,#5601,.F.);
#12573 = ORIENTED_EDGE('',*,*,#5549,.F.);
#12574 = FACE_BOUND('',#12575,.F.);
#12575 = EDGE_LOOP('',(#12576));
#12576 = ORIENTED_EDGE('',*,*,#12577,.F.);
#12577 = EDGE_CURVE('',#12578,#12578,#12580,.T.);
#12578 = VERTEX_POINT('',#12579);
#12579 = CARTESIAN_POINT('',(-153.5,9.,39.606989422463));
#12580 = SURFACE_CURVE('',#12581,(#12709,#12840),.PCURVE_S1.);
#12581 = B_SPLINE_CURVE_WITH_KNOTS('',6,(#12582,#12583,#12584,#12585,
    #12586,#12587,#12588,#12589,#12590,#12591,#12592,#12593,#12594,
    #12595,#12596,#12597,#12598,#12599,#12600,#12601,#12602,#12603,
    #12604,#12605,#12606,#12607,#12608,#12609,#12610,#12611,#12612,
    #12613,#12614,#12615,#12616,#12617,#12618,#12619,#12620,#12621,
    #12622,#12623,#12624,#12625,#12626,#12627,#12628,#12629,#12630,
    #12631,#12632,#12633,#12634,#12635,#12636,#12637,#12638,#12639,
    #12640,#12641,#12642,#12643,#12644,#12645,#12646,#12647,#12648,
    #12649,#12650,#12651,#12652,#12653,#12654,#12655,#12656,#12657,
    #12658,#12659,#12660,#12661,#12662,#12663,#12664,#12665,#12666,
    #12667,#12668,#12669,#12670,#12671,#12672,#12673,#12674,#12675,
    #12676,#12677,#12678,#12679,#12680,#12681,#12682,#12683,#12684,
    #12685,#12686,#12687,#12688,#12689,#12690,#12691,#12692,#12693,
    #12694,#12695,#12696,#12697,#12698,#12699,#12700,#12701,#12702,
    #12703,#12704,#12705,#12706,#12707,#12708),.UNSPECIFIED.,.T.,.F.,(7,
    5,5,5,5,5,5,5,5,5,5,5,5,5,5,5,5,5,5,5,5,5,5,5,5,7),(0.,
    5.465305104399E-02,8.948418801226E-02,0.133089719436,0.165867879214,
    0.254739446382,0.317944438962,0.34245670208,0.375205568811,
    0.418252463436,0.452106867484,0.4706341682,0.507154878699,
    0.533013476915,0.544560164504,0.562647076937,0.59606111722,
    0.637650764019,0.668836145504,0.692268020646,0.752121573908,
    0.83544116767,0.866657076347,0.908797781682,0.942716912187,1.),
  .UNSPECIFIED.);
#12582 = CARTESIAN_POINT('',(-153.5,9.,39.606989422463));
#12583 = CARTESIAN_POINT('',(-153.5,9.131647581136,39.577074797608));
#12584 = CARTESIAN_POINT('',(-153.5103989582,9.263275575191,
    39.546967905706));
#12585 = CARTESIAN_POINT('',(-153.5311889145,9.393020117675,
    39.517091515744));
#12586 = CARTESIAN_POINT('',(-153.5617959076,9.519369357948,
    39.487821790398));
#12587 = CARTESIAN_POINT('',(-153.6013855751,9.641117357756,
    39.459488703005));
#12588 = CARTESIAN_POINT('',(-153.6792398764,9.831406713155,
    39.415075981607));
#12589 = CARTESIAN_POINT('',(-153.7127907728,9.903262467804,
    39.398271692198));
#12590 = CARTESIAN_POINT('',(-153.7493447556,9.972701433906,
    39.382012284828));
#12591 = CARTESIAN_POINT('',(-153.7886517013,10.039581510605,
    39.366346096985));
#12592 = CARTESIAN_POINT('',(-153.8304688691,10.103809696658,
    39.351309859206));
#12593 = CARTESIAN_POINT('',(-153.9297917327,10.242347216334,
    39.318928936807));
#12594 = CARTESIAN_POINT('',(-153.9885917199,10.315114682243,
    39.301958205975));
#12595 = CARTESIAN_POINT('',(-154.0505447536,10.383532876365,
    39.28606895845));
#12596 = CARTESIAN_POINT('',(-154.1152559038,10.447565858529,
    39.271294203314));
#12597 = CARTESIAN_POINT('',(-154.1823756787,10.507222390561,
    39.257653246693));
#12598 = CARTESIAN_POINT('',(-154.3036537951,10.604117574204,
    39.235761101942));
#12599 = CARTESIAN_POINT('',(-154.3568896883,10.643242559023,
    39.227013112312));
#12600 = CARTESIAN_POINT('',(-154.4111912537,10.679926296457,
    39.218915896207));
#12601 = CARTESIAN_POINT('',(-154.4664423209,10.71418650259,
    39.211471728803));
#12602 = CARTESIAN_POINT('',(-154.5225375027,10.746043285271,
    39.204681273128));
#12603 = CARTESIAN_POINT('',(-154.7335062654,10.85543197141,
    39.181903936109));
#12604 = CARTESIAN_POINT('',(-154.8930750198,10.917799253884,
    39.170072542921));
#12605 = CARTESIAN_POINT('',(-155.0563102387,10.963120393341,
    39.163020774422));
#12606 = CARTESIAN_POINT('',(-155.2216863245,10.991677770774,
    39.160717555842));
#12607 = CARTESIAN_POINT('',(-155.387858752,11.003730818655,
    39.163087458772));
#12608 = CARTESIAN_POINT('',(-155.6715923946,10.996114224106,
    39.175049863284));
#12609 = CARTESIAN_POINT('',(-155.7892937849,10.984602037702,
    39.182357118532));
#12610 = CARTESIAN_POINT('',(-155.906333605,10.964754552641,
    39.191977129513));
#12611 = CARTESIAN_POINT('',(-156.0222382722,10.936529850557,
    39.2038865228));
#12612 = CARTESIAN_POINT('',(-156.1364991936,10.899861260534,
    39.218053412948));
#12613 = CARTESIAN_POINT('',(-156.2920232009,10.837088941147,
    39.24079892568));
#12614 = CARTESIAN_POINT('',(-156.3351516314,10.818260325119,
    39.247489098046));
#12615 = CARTESIAN_POINT('',(-156.3779145805,10.79813820136,
    39.254511079846));
#12616 = CARTESIAN_POINT('',(-156.4202764856,10.77671585961,
    39.261862299895));
#12617 = CARTESIAN_POINT('',(-156.4621995232,10.753986263858,
    39.269539829228));
#12618 = CARTESIAN_POINT('',(-156.5590137264,10.697818511765,
    39.288229276121));
#12619 = CARTESIAN_POINT('',(-156.613527975,10.663349051589,
    39.299494546308));
#12620 = CARTESIAN_POINT('',(-156.6670916052,10.626515790566,
    39.311328463263));
#12621 = CARTESIAN_POINT('',(-156.7195986797,10.587302189283,
    39.323721311094));
#12622 = CARTESIAN_POINT('',(-156.7709323368,10.545694435872,
    39.336661034936));
#12623 = CARTESIAN_POINT('',(-156.8867307823,10.44383158141,
    39.367841029011));
#12624 = CARTESIAN_POINT('',(-156.9502443134,10.381830777892,
    39.386467380916));
#12625 = CARTESIAN_POINT('',(-157.0112204645,10.315656083504,
    39.405979430593));
#12626 = CARTESIAN_POINT('',(-157.069320363,10.245310760856,
    39.426331369871));
#12627 = CARTESIAN_POINT('',(-157.1241622118,10.170843384998,
    39.447461364375));
#12628 = CARTESIAN_POINT('',(-157.2155747839,10.030646349848,
    39.48645511222));
#12629 = CARTESIAN_POINT('',(-157.2535439438,9.966450176332,
    39.504051807224));
#12630 = CARTESIAN_POINT('',(-157.2890363159,9.899836909442,
    39.522038407347));
#12631 = CARTESIAN_POINT('',(-157.3218303176,9.830900994359,
    39.540364374717));
#12632 = CARTESIAN_POINT('',(-157.3516990741,9.75978229061,
    39.558968481257));
#12633 = CARTESIAN_POINT('',(-157.3930488063,9.64666896676,
    39.58807201891));
#12634 = CARTESIAN_POINT('',(-157.4067325428,9.606066402997,
    39.598427385846));
#12635 = CARTESIAN_POINT('',(-157.4194380527,9.564901874327,
    39.608832162923));
#12636 = CARTESIAN_POINT('',(-157.431130785,9.523213374401,
    39.619273353109));
#12637 = CARTESIAN_POINT('',(-157.4417782862,9.481044240531,
    39.62973705802));
#12638 = CARTESIAN_POINT('',(-157.4702181974,9.354468591874,
    39.660849568625));
#12639 = CARTESIAN_POINT('',(-157.4849106235,9.268802103975,
    39.681524093137));
#12640 = CARTESIAN_POINT('',(-157.4951931577,9.181842699206,
    39.702112725971));
#12641 = CARTESIAN_POINT('',(-157.500894244,9.094038759237,
    39.722493464108));
#12642 = CARTESIAN_POINT('',(-157.5019277236,9.005886957866,
    39.742544679349));
#12643 = CARTESIAN_POINT('',(-157.4957577992,8.855653829796,
    39.776028481305));
#12644 = CARTESIAN_POINT('',(-157.490870826,8.793466605115,
    39.789686143844));
#12645 = CARTESIAN_POINT('',(-157.4836616942,8.731558274918,
    39.803080039761));
#12646 = CARTESIAN_POINT('',(-157.4741633747,8.670107723143,
    39.81617465372));
#12647 = CARTESIAN_POINT('',(-157.4624317415,8.60928349848,
    39.828939697008));
#12648 = CARTESIAN_POINT('',(-157.4423407267,8.522433531146,
    39.846891206314));
#12649 = CARTESIAN_POINT('',(-157.4357084847,8.495779487902,
    39.852362006827));
#12650 = CARTESIAN_POINT('',(-157.428652619,8.46929484215,
    39.857759963812));
#12651 = CARTESIAN_POINT('',(-157.4211803925,8.442992407253,
    39.863083157295));
#12652 = CARTESIAN_POINT('',(-157.4132996344,8.416884201499,
    39.868329916009));
#12653 = CARTESIAN_POINT('',(-157.3920474195,8.350406969176,
    39.881595465552));
#12654 = CARTESIAN_POINT('',(-157.3780940276,8.310336600627,
    39.889501042158));
#12655 = CARTESIAN_POINT('',(-157.3631911588,8.270813182466,
    39.89721019083));
#12656 = CARTESIAN_POINT('',(-157.3473729087,8.231874450254,
    39.904718875635));
#12657 = CARTESIAN_POINT('',(-157.3306748738,8.193553035113,
    39.912024381091));
#12658 = CARTESIAN_POINT('',(-157.2807291544,8.086272186113,
    39.932243681481));
#12659 = CARTESIAN_POINT('',(-157.2454477933,8.018870013581,
    39.944663484335));
#12660 = CARTESIAN_POINT('',(-157.2075194658,7.953840852616,
    39.956376025729));
#12661 = CARTESIAN_POINT('',(-157.1671763898,7.891300091654,
    39.96738516975));
#12662 = CARTESIAN_POINT('',(-157.1246415239,7.831319049883,
    39.977703263111));
#12663 = CARTESIAN_POINT('',(-157.0246972518,7.702513663703,
    39.999350457502));
#12664 = CARTESIAN_POINT('',(-156.966198731,7.635121295541,
    40.010308408271));
#12665 = CARTESIAN_POINT('',(-156.9050054457,7.571824072075,
    40.020255349009));
#12666 = CARTESIAN_POINT('',(-156.8414670839,7.512632029575,
    40.029232332499));
#12667 = CARTESIAN_POINT('',(-156.7758897926,7.457517355194,
    40.037282718938));
#12668 = CARTESIAN_POINT('',(-156.6580168287,7.368125093325,
    40.04982055007));
#12669 = CARTESIAN_POINT('',(-156.6065049809,7.332085803276,
    40.054695269859));
#12670 = CARTESIAN_POINT('',(-156.5541007882,7.298293620081,
    40.059089442112));
#12671 = CARTESIAN_POINT('',(-156.5009032646,7.266726167196,
    40.063019439351));
#12672 = CARTESIAN_POINT('',(-156.4470014218,7.237359709981,
    40.066500415291));
#12673 = CARTESIAN_POINT('',(-156.3515037322,7.189741089372,
    40.071834595807));
#12674 = CARTESIAN_POINT('',(-156.3101807358,7.170541179581,
    40.073877303069));
#12675 = CARTESIAN_POINT('',(-156.2685388926,7.152560664836,
    40.075680069351));
#12676 = CARTESIAN_POINT('',(-156.2266098948,7.135790101546,
    40.077248223413));
#12677 = CARTESIAN_POINT('',(-156.1844233601,7.120220620611,
    40.078586602879));
#12678 = CARTESIAN_POINT('',(-156.0336595533,7.069120610718,
    40.082542437807));
#12679 = CARTESIAN_POINT('',(-155.9238216413,7.04018346952,
    40.083914197764));
#12680 = CARTESIAN_POINT('',(-155.8129365211,7.018887405683,
    40.083888153901));
#12681 = CARTESIAN_POINT('',(-155.7014094204,7.005141710899,
    40.082513875165));
#12682 = CARTESIAN_POINT('',(-155.5896148501,6.998887514328,
    40.079823510196));
#12683 = CARTESIAN_POINT('',(-155.3223836063,7.001840761173,
    40.07026508538));
#12684 = CARTESIAN_POINT('',(-155.16708731,7.018070742385,
    40.062175027573));
#12685 = CARTESIAN_POINT('',(-155.0128882554,7.048781331832,
    40.051588175067));
#12686 = CARTESIAN_POINT('',(-154.8608314695,7.094183914233,
    40.038457963825));
#12687 = CARTESIAN_POINT('',(-154.712122732,7.154543377996,
    40.022693279956));
#12688 = CARTESIAN_POINT('',(-154.5142636718,7.258725167505,
    39.997161338441));
#12689 = CARTESIAN_POINT('',(-154.4610165754,7.289280708782,
    39.989809539167));
#12690 = CARTESIAN_POINT('',(-154.4085271712,7.322018964676,
    39.982056149535));
#12691 = CARTESIAN_POINT('',(-154.3568850598,7.356960768237,
    39.973892178014));
#12692 = CARTESIAN_POINT('',(-154.3061896662,7.394125281643,
    39.965308183381));
#12693 = CARTESIAN_POINT('',(-154.1895377909,7.486722427942,
    39.944126156967));
#12694 = CARTESIAN_POINT('',(-154.1244539111,7.543993123815,
    39.931175437314));
#12695 = CARTESIAN_POINT('',(-154.0615622963,7.60538286771,
    39.917418052394));
#12696 = CARTESIAN_POINT('',(-154.0011801048,7.670910524304,
    39.902831728564));
#12697 = CARTESIAN_POINT('',(-153.9436682138,7.740554507319,
    39.887400158882));
#12698 = CARTESIAN_POINT('',(-153.8457585223,7.87354147792,
    39.85801064577));
#12699 = CARTESIAN_POINT('',(-153.8042133871,7.935459625141,
    39.844353303593));
#12700 = CARTESIAN_POINT('',(-153.7649944225,7.999943221968,
    39.830142981143));
#12701 = CARTESIAN_POINT('',(-153.7283308407,8.06691105755,
    39.815384093892));
#12702 = CARTESIAN_POINT('',(-153.6944599343,8.136235922268,
    39.800090865048));
#12703 = CARTESIAN_POINT('',(-153.611521255,8.328478485278,
    39.757607250299));
#12704 = CARTESIAN_POINT('',(-153.5680111739,8.455522001772,
    39.729455382124));
#12705 = CARTESIAN_POINT('',(-153.5343145636,8.587796464817,
    39.700006840173));
#12706 = CARTESIAN_POINT('',(-153.5114239636,8.72388776785,
    39.669515030942));
#12707 = CARTESIAN_POINT('',(-153.5,8.862017100768,39.638343638252));
#12708 = CARTESIAN_POINT('',(-153.5,9.,39.606989422463));
#12709 = PCURVE('',#5566,#12710);
#12710 = DEFINITIONAL_REPRESENTATION('',(#12711),#12839);
#12711 = B_SPLINE_CURVE_WITH_KNOTS('',6,(#12712,#12713,#12714,#12715,
    #12716,#12717,#12718,#12719,#12720,#12721,#12722,#12723,#12724,
    #12725,#12726,#12727,#12728,#12729,#12730,#12731,#12732,#12733,
    #12734,#12735,#12736,#12737,#12738,#12739,#12740,#12741,#12742,
    #12743,#12744,#12745,#12746,#12747,#12748,#12749,#12750,#12751,
    #12752,#12753,#12754,#12755,#12756,#12757,#12758,#12759,#12760,
    #12761,#12762,#12763,#12764,#12765,#12766,#12767,#12768,#12769,
    #12770,#12771,#12772,#12773,#12774,#12775,#12776,#12777,#12778,
    #12779,#12780,#12781,#12782,#12783,#12784,#12785,#12786,#12787,
    #12788,#12789,#12790,#12791,#12792,#12793,#12794,#12795,#12796,
    #12797,#12798,#12799,#12800,#12801,#12802,#12803,#12804,#12805,
    #12806,#12807,#12808,#12809,#12810,#12811,#12812,#12813,#12814,
    #12815,#12816,#12817,#12818,#12819,#12820,#12821,#12822,#12823,
    #12824,#12825,#12826,#12827,#12828,#12829,#12830,#12831,#12832,
    #12833,#12834,#12835,#12836,#12837,#12838),.UNSPECIFIED.,.T.,.F.,(7,
    5,5,5,5,5,5,5,5,5,5,5,5,5,5,5,5,5,5,5,5,5,5,5,5,7),(0.,
    5.465305104399E-02,8.948418801226E-02,0.133089719436,0.165867879214,
    0.254739446382,0.317944438962,0.34245670208,0.375205568811,
    0.418252463436,0.452106867484,0.4706341682,0.507154878699,
    0.533013476915,0.544560164504,0.562647076937,0.59606111722,
    0.637650764019,0.668836145504,0.692268020646,0.752121573908,
    0.83544116767,0.866657076347,0.908797781682,0.942716912187,1.),
  .UNSPECIFIED.);
#12712 = CARTESIAN_POINT('',(-2.91815418959,-108.5));
#12713 = CARTESIAN_POINT('',(-2.914830342383,-108.5));
#12714 = CARTESIAN_POINT('',(-2.911505916495,-108.4896010417));
#12715 = CARTESIAN_POINT('',(-2.908228028476,-108.4688110854));
#12716 = CARTESIAN_POINT('',(-2.905035088284,-108.4382040923));
#12717 = CARTESIAN_POINT('',(-2.901957899751,-108.3986144248));
#12718 = CARTESIAN_POINT('',(-2.897147992749,-108.3207601235));
#12719 = CARTESIAN_POINT('',(-2.895331622688,-108.2872092271));
#12720 = CARTESIAN_POINT('',(-2.893576343979,-108.2506552443));
#12721 = CARTESIAN_POINT('',(-2.891885839858,-108.2113482986));
#12722 = CARTESIAN_POINT('',(-2.89026254951,-108.1695311308));
#12723 = CARTESIAN_POINT('',(-2.886761788981,-108.0702082672));
#12724 = CARTESIAN_POINT('',(-2.884923441015,-108.01140828));
#12725 = CARTESIAN_POINT('',(-2.883195598328,-107.9494552463));
#12726 = CARTESIAN_POINT('',(-2.88157930739,-107.8847440961));
#12727 = CARTESIAN_POINT('',(-2.880074462397,-107.8176243212));
#12728 = CARTESIAN_POINT('',(-2.877632261979,-107.6963462048));
#12729 = CARTESIAN_POINT('',(-2.876646828162,-107.6431103116));
#12730 = CARTESIAN_POINT('',(-2.875723657195,-107.5888087462));
#12731 = CARTESIAN_POINT('',(-2.874862332776,-107.533557679));
#12732 = CARTESIAN_POINT('',(-2.874062371074,-107.4774624972));
#12733 = CARTESIAN_POINT('',(-2.871319292535,-107.2664937345));
#12734 = CARTESIAN_POINT('',(-2.869763481608,-107.1069249801));
#12735 = CARTESIAN_POINT('',(-2.868643527542,-106.9436897612));
#12736 = CARTESIAN_POINT('',(-2.867952290697,-106.7783136754));
#12737 = CARTESIAN_POINT('',(-2.867682867988,-106.6121412479));
#12738 = CARTESIAN_POINT('',(-2.867942594833,-106.3284076053));
#12739 = CARTESIAN_POINT('',(-2.868263547551,-106.210706215));
#12740 = CARTESIAN_POINT('',(-2.868796995176,-106.0936663949));
#12741 = CARTESIAN_POINT('',(-2.869543683094,-105.9777617277));
#12742 = CARTESIAN_POINT('',(-2.87050489005,-105.8635008063));
#12743 = CARTESIAN_POINT('',(-2.872140051257,-105.707976799));
#12744 = CARTESIAN_POINT('',(-2.872629613383,-105.6648483685));
#12745 = CARTESIAN_POINT('',(-2.873151929964,-105.6220854194));
#12746 = CARTESIAN_POINT('',(-2.8737071389,-105.5797235143));
#12747 = CARTESIAN_POINT('',(-2.874295383901,-105.5378004767));
#12748 = CARTESIAN_POINT('',(-2.875747058004,-105.4409862735));
#12749 = CARTESIAN_POINT('',(-2.876636520549,-105.3864720249));
#12750 = CARTESIAN_POINT('',(-2.877585567334,-105.3329083947));
#12751 = CARTESIAN_POINT('',(-2.878594520587,-105.2804013202));
#12752 = CARTESIAN_POINT('',(-2.879663625339,-105.2290676631));
#12753 = CARTESIAN_POINT('',(-2.882277546743,-105.1132692176));
#12754 = CARTESIAN_POINT('',(-2.883866140662,-105.0497556865));
#12755 = CARTESIAN_POINT('',(-2.885559161438,-104.9887795354));
#12756 = CARTESIAN_POINT('',(-2.887356244264,-104.9306796369));
#12757 = CARTESIAN_POINT('',(-2.889255862392,-104.8758377881));
#12758 = CARTESIAN_POINT('',(-2.892827041341,-104.784425216));
#12759 = CARTESIAN_POINT('',(-2.894460586647,-104.7464560561));
#12760 = CARTESIAN_POINT('',(-2.896153871127,-104.710963684));
#12761 = CARTESIAN_POINT('',(-2.897904359788,-104.6781696823));
#12762 = CARTESIAN_POINT('',(-2.899708380636,-104.6483009258));
#12763 = CARTESIAN_POINT('',(-2.902574660731,-104.6069511936));
#12764 = CARTESIAN_POINT('',(-2.903602962652,-104.5932674571));
#12765 = CARTESIAN_POINT('',(-2.904644924899,-104.5805619472));
#12766 = CARTESIAN_POINT('',(-2.905699571268,-104.5688692149));
#12767 = CARTESIAN_POINT('',(-2.906765793601,-104.5582217137));
#12768 = CARTESIAN_POINT('',(-2.909964445567,-104.5297818025));
#12769 = CARTESIAN_POINT('',(-2.912127042997,-104.5150893764));
#12770 = CARTESIAN_POINT('',(-2.914319986654,-104.5048068422));
#12771 = CARTESIAN_POINT('',(-2.91653193632,-104.4991057559));
#12772 = CARTESIAN_POINT('',(-2.91875040405,-104.4980722763));
#12773 = CARTESIAN_POINT('',(-2.922527567165,-104.5042422007));
#12774 = CARTESIAN_POINT('',(-2.924089999127,-104.5091291739));
#12775 = CARTESIAN_POINT('',(-2.925644364606,-104.5163383057));
#12776 = CARTESIAN_POINT('',(-2.9271862093,-104.5258366252));
#12777 = CARTESIAN_POINT('',(-2.928711352596,-104.5375682584));
#12778 = CARTESIAN_POINT('',(-2.930887721133,-104.5576592732));
#12779 = CARTESIAN_POINT('',(-2.931555453413,-104.5642915152));
#12780 = CARTESIAN_POINT('',(-2.932218755693,-104.5713473809));
#12781 = CARTESIAN_POINT('',(-2.932877312047,-104.5788196074));
#12782 = CARTESIAN_POINT('',(-2.933530826797,-104.5867003655));
#12783 = CARTESIAN_POINT('',(-2.935194371563,-104.6079525804));
#12784 = CARTESIAN_POINT('',(-2.936196672216,-104.6219059723));
#12785 = CARTESIAN_POINT('',(-2.937184875512,-104.6368088411));
#12786 = CARTESIAN_POINT('',(-2.93815805901,-104.6526270912));
#12787 = CARTESIAN_POINT('',(-2.939115428783,-104.6693251261));
#12788 = CARTESIAN_POINT('',(-2.941794535243,-104.7192708455));
#12789 = CARTESIAN_POINT('',(-2.943476475836,-104.7545522066));
#12790 = CARTESIAN_POINT('',(-2.945098009995,-104.7924805341));
#12791 = CARTESIAN_POINT('',(-2.946656394283,-104.8328236101));
#12792 = CARTESIAN_POINT('',(-2.948149979258,-104.875358476));
#12793 = CARTESIAN_POINT('',(-2.95135523359,-104.9753027481));
#12794 = CARTESIAN_POINT('',(-2.953030726274,-105.0338012689));
#12795 = CARTESIAN_POINT('',(-2.954603004193,-105.0949945542));
#12796 = CARTESIAN_POINT('',(-2.95607201276,-105.158532916));
#12797 = CARTESIAN_POINT('',(-2.95743861055,-105.2241102073));
#12798 = CARTESIAN_POINT('',(-2.959653091678,-105.3419831712));
#12799 = CARTESIAN_POINT('',(-2.960545169759,-105.393495019));
#12800 = CARTESIAN_POINT('',(-2.961380931134,-105.4458992117));
#12801 = CARTESIAN_POINT('',(-2.962160981616,-105.4990967353));
#12802 = CARTESIAN_POINT('',(-2.962885952969,-105.5529985781));
#12803 = CARTESIAN_POINT('',(-2.964060283091,-105.6484962677));
#12804 = CARTESIAN_POINT('',(-2.96453334562,-105.6898192641));
#12805 = CARTESIAN_POINT('',(-2.964975923682,-105.7314611073));
#12806 = CARTESIAN_POINT('',(-2.965388264716,-105.7733901051));
#12807 = CARTESIAN_POINT('',(-2.96577059992,-105.8155766398));
#12808 = CARTESIAN_POINT('',(-2.967023671015,-105.9663404466));
#12809 = CARTESIAN_POINT('',(-2.967729733285,-106.0761783586));
#12810 = CARTESIAN_POINT('',(-2.968245084041,-106.1870634788));
#12811 = CARTESIAN_POINT('',(-2.968572052354,-106.2985905795));
#12812 = CARTESIAN_POINT('',(-2.968712122393,-106.4103851498));
#12813 = CARTESIAN_POINT('',(-2.96860018541,-106.6776163936));
#12814 = CARTESIAN_POINT('',(-2.96817295707,-106.8329126899));
#12815 = CARTESIAN_POINT('',(-2.967384309015,-106.9871117445));
#12816 = CARTESIAN_POINT('',(-2.966228719112,-107.1391685304));
#12817 = CARTESIAN_POINT('',(-2.964699187929,-107.287877268));
#12818 = CARTESIAN_POINT('',(-2.962065588769,-107.4857363281));
#12819 = CARTESIAN_POINT('',(-2.96129369979,-107.5389834245));
#12820 = CARTESIAN_POINT('',(-2.960467131751,-107.5914728287));
#12821 = CARTESIAN_POINT('',(-2.959585331501,-107.6431149401));
#12822 = CARTESIAN_POINT('',(-2.958647784529,-107.6938103337));
#12823 = CARTESIAN_POINT('',(-2.95631252428,-107.810462209));
#12824 = CARTESIAN_POINT('',(-2.954868680995,-107.8755460888));
#12825 = CARTESIAN_POINT('',(-2.953321370268,-107.9384377036));
#12826 = CARTESIAN_POINT('',(-2.95167001622,-107.9988198951));
#12827 = CARTESIAN_POINT('',(-2.949915050355,-108.0563317861));
#12828 = CARTESIAN_POINT('',(-2.946563886041,-108.1542414776));
#12829 = CARTESIAN_POINT('',(-2.945003594649,-108.1957866128));
#12830 = CARTESIAN_POINT('',(-2.943378588743,-108.2350055774));
#12831 = CARTESIAN_POINT('',(-2.941690847165,-108.2716691592));
#12832 = CARTESIAN_POINT('',(-2.939943508449,-108.3055400656));
#12833 = CARTESIAN_POINT('',(-2.935097345459,-108.3884787449));
#12834 = CARTESIAN_POINT('',(-2.931894065033,-108.431988826));
#12835 = CARTESIAN_POINT('',(-2.928557923051,-108.4656854363));
#12836 = CARTESIAN_POINT('',(-2.925124311377,-108.4885760363));
#12837 = CARTESIAN_POINT('',(-2.921637991344,-108.5));
#12838 = CARTESIAN_POINT('',(-2.91815418959,-108.5));
#12839 = ( GEOMETRIC_REPRESENTATION_CONTEXT(2) 
PARAMETRIC_REPRESENTATION_CONTEXT() REPRESENTATION_CONTEXT('2D SPACE',''
  ) );
#12840 = PCURVE('',#12841,#12846);
#12841 = CYLINDRICAL_SURFACE('',#12842,2.);
#12842 = AXIS2_PLACEMENT_3D('',#12843,#12844,#12845);
#12843 = CARTESIAN_POINT('',(-155.5,9.,38.675352690444));
#12844 = DIRECTION('',(0.,0.,1.));
#12845 = DIRECTION('',(1.,0.,0.));
#12846 = DEFINITIONAL_REPRESENTATION('',(#12847),#12975);
#12847 = B_SPLINE_CURVE_WITH_KNOTS('',6,(#12848,#12849,#12850,#12851,
    #12852,#12853,#12854,#12855,#12856,#12857,#12858,#12859,#12860,
    #12861,#12862,#12863,#12864,#12865,#12866,#12867,#12868,#12869,
    #12870,#12871,#12872,#12873,#12874,#12875,#12876,#12877,#12878,
    #12879,#12880,#12881,#12882,#12883,#12884,#12885,#12886,#12887,
    #12888,#12889,#12890,#12891,#12892,#12893,#12894,#12895,#12896,
    #12897,#12898,#12899,#12900,#12901,#12902,#12903,#12904,#12905,
    #12906,#12907,#12908,#12909,#12910,#12911,#12912,#12913,#12914,
    #12915,#12916,#12917,#12918,#12919,#12920,#12921,#12922,#12923,
    #12924,#12925,#12926,#12927,#12928,#12929,#12930,#12931,#12932,
    #12933,#12934,#12935,#12936,#12937,#12938,#12939,#12940,#12941,
    #12942,#12943,#12944,#12945,#12946,#12947,#12948,#12949,#12950,
    #12951,#12952,#12953,#12954,#12955,#12956,#12957,#12958,#12959,
    #12960,#12961,#12962,#12963,#12964,#12965,#12966,#12967,#12968,
    #12969,#12970,#12971,#12972,#12973,#12974),.UNSPECIFIED.,.F.,.F.,(7,
    5,5,5,5,5,5,5,5,5,5,5,5,5,5,5,5,5,5,5,5,5,5,5,5,7),(0.,
    5.465305104399E-02,8.948418801226E-02,0.133089719436,0.165867879214,
    0.254739446382,0.317944438962,0.34245670208,0.375205568811,
    0.418252463436,0.452106867484,0.4706341682,0.507154878699,
    0.533013476915,0.544560164504,0.562647076937,0.59606111722,
    0.637650764019,0.668836145504,0.692268020646,0.752121573908,
    0.83544116767,0.866657076347,0.908797781682,0.942716912187,1.),
  .UNSPECIFIED.);
#12848 = CARTESIAN_POINT('',(0.,0.931636732019));
#12849 = CARTESIAN_POINT('',(6.582379056801E-02,0.901722107164));
#12850 = CARTESIAN_POINT('',(0.131637624396,0.871615215262));
#12851 = CARTESIAN_POINT('',(0.197024083201,0.8417388253));
#12852 = CARTESIAN_POINT('',(0.261735590512,0.812469099954));
#12853 = CARTESIAN_POINT('',(0.325571936333,0.784136012562));
#12854 = CARTESIAN_POINT('',(0.4283719011,0.739723291163));
#12855 = CARTESIAN_POINT('',(0.467976568653,0.722919001754));
#12856 = CARTESIAN_POINT('',(0.507147055644,0.706659594384));
#12857 = CARTESIAN_POINT('',(0.545872934442,0.690993406541));
#12858 = CARTESIAN_POINT('',(0.584155247233,0.675957168762));
#12859 = CARTESIAN_POINT('',(0.669386807684,0.643576246363));
#12860 = CARTESIAN_POINT('',(0.716086594228,0.626605515531));
#12861 = CARTESIAN_POINT('',(0.762129377241,0.610716268007));
#12862 = CARTESIAN_POINT('',(0.807548670021,0.59594151287));
#12863 = CARTESIAN_POINT('',(0.852386689502,0.582300556249));
#12864 = CARTESIAN_POINT('',(0.930002825268,0.560408411498));
#12865 = CARTESIAN_POINT('',(0.96300940115,0.551660421868));
#12866 = CARTESIAN_POINT('',(0.995736865259,0.543563205763));
#12867 = CARTESIAN_POINT('',(1.028205886216,0.536119038359));
#12868 = CARTESIAN_POINT('',(1.060437361843,0.529328582684));
#12869 = CARTESIAN_POINT('',(1.179258344286,0.506551245666));
#12870 = CARTESIAN_POINT('',(1.264442247974,0.494719852477));
#12871 = CARTESIAN_POINT('',(1.348504638435,0.487668083978));
#12872 = CARTESIAN_POINT('',(1.431803941224,0.485364865398));
#12873 = CARTESIAN_POINT('',(1.514699058686,0.487734768328));
#12874 = CARTESIAN_POINT('',(1.656616986062,0.49969717284));
#12875 = CARTESIAN_POINT('',(1.71560099862,0.507004428088));
#12876 = CARTESIAN_POINT('',(1.774735262206,0.51662443907));
#12877 = CARTESIAN_POINT('',(1.834154193416,0.528533832356));
#12878 = CARTESIAN_POINT('',(1.89399436903,0.542700722504));
#12879 = CARTESIAN_POINT('',(1.977851510831,0.565446235236));
#12880 = CARTESIAN_POINT('',(2.001371984033,0.572136407602));
#12881 = CARTESIAN_POINT('',(2.024988132624,0.579158389402));
#12882 = CARTESIAN_POINT('',(2.048708839605,0.586509609451));
#12883 = CARTESIAN_POINT('',(2.072543100248,0.594187138784));
#12884 = CARTESIAN_POINT('',(2.128506941938,0.612876585677));
#12885 = CARTESIAN_POINT('',(2.160732327191,0.624141855864));
#12886 = CARTESIAN_POINT('',(2.193198709968,0.635975772819));
#12887 = CARTESIAN_POINT('',(2.225927473214,0.64836862065));
#12888 = CARTESIAN_POINT('',(2.258939788575,0.661308344492));
#12889 = CARTESIAN_POINT('',(2.336052240704,0.692488338567));
#12890 = CARTESIAN_POINT('',(2.380371836729,0.711114690472));
#12891 = CARTESIAN_POINT('',(2.425268142324,0.730626740149));
#12892 = CARTESIAN_POINT('',(2.47078288458,0.750978679427));
#12893 = CARTESIAN_POINT('',(2.516949046481,0.772108673931));
#12894 = CARTESIAN_POINT('',(2.600632179487,0.811102421776));
#12895 = CARTESIAN_POINT('',(2.637888786276,0.82869911678));
#12896 = CARTESIAN_POINT('',(2.675571067238,0.846685716904));
#12897 = CARTESIAN_POINT('',(2.713679813832,0.865011684273));
#12898 = CARTESIAN_POINT('',(2.752205049835,0.883615790813));
#12899 = CARTESIAN_POINT('',(2.812422207659,0.912719328466));
#12900 = CARTESIAN_POINT('',(2.83383844335,0.923074695402));
#12901 = CARTESIAN_POINT('',(2.855368121374,0.933479472479));
#12902 = CARTESIAN_POINT('',(2.877005757071,0.943920662665));
#12903 = CARTESIAN_POINT('',(2.898744490212,0.954384367576));
#12904 = CARTESIAN_POINT('',(2.963610165626,0.985496878181));
#12905 = CARTESIAN_POINT('',(3.007012088256,1.006171402693));
#12906 = CARTESIAN_POINT('',(3.050704296822,1.026760035527));
#12907 = CARTESIAN_POINT('',(3.094606179651,1.047140773664));
#12908 = CARTESIAN_POINT('',(3.138623626861,1.067191988905));
#12909 = CARTESIAN_POINT('',(3.213803512365,1.100675790862));
#12910 = CARTESIAN_POINT('',(3.244971191199,1.1143334534));
#12911 = CARTESIAN_POINT('',(3.276101713818,1.127727349317));
#12912 = CARTESIAN_POINT('',(3.307159450308,1.140821963276));
#12913 = CARTESIAN_POINT('',(3.338111140183,1.153587006564));
#12914 = CARTESIAN_POINT('',(3.382682896096,1.17153851587));
#12915 = CARTESIAN_POINT('',(3.39641440706,1.177009316383));
#12916 = CARTESIAN_POINT('',(3.410115836653,1.182407273368));
#12917 = CARTESIAN_POINT('',(3.423784706527,1.187730466851));
#12918 = CARTESIAN_POINT('',(3.437418737514,1.192977225565));
#12919 = CARTESIAN_POINT('',(3.472314579163,1.206242775109));
#12920 = CARTESIAN_POINT('',(3.493522716829,1.214148351714));
#12921 = CARTESIAN_POINT('',(3.514632389211,1.221857500386));
#12922 = CARTESIAN_POINT('',(3.535636999639,1.229366185191));
#12923 = CARTESIAN_POINT('',(3.556531228188,1.236671690647));
#12924 = CARTESIAN_POINT('',(3.615699960321,1.256890991038));
#12925 = CARTESIAN_POINT('',(3.65369764253,1.269310793892));
#12926 = CARTESIAN_POINT('',(3.691280376903,1.281023335285));
#12927 = CARTESIAN_POINT('',(3.728437593046,1.292032479306));
#12928 = CARTESIAN_POINT('',(3.765169540858,1.302350572667));
#12929 = CARTESIAN_POINT('',(3.846685927299,1.323997767058));
#12930 = CARTESIAN_POINT('',(3.89123853739,1.334955717827));
#12931 = CARTESIAN_POINT('',(3.935165914063,1.344902658565));
#12932 = CARTESIAN_POINT('',(3.978498669381,1.353879642056));
#12933 = CARTESIAN_POINT('',(4.021276119818,1.361930028494));
#12934 = CARTESIAN_POINT('',(4.095244038702,1.374467859627));
#12935 = CARTESIAN_POINT('',(4.126654574367,1.379342579415));
#12936 = CARTESIAN_POINT('',(4.157799010187,1.383736751668));
#12937 = CARTESIAN_POINT('',(4.188696814835,1.387666748907));
#12938 = CARTESIAN_POINT('',(4.219367793466,1.391147724847));
#12939 = CARTESIAN_POINT('',(4.272723537659,1.396481905363));
#12940 = CARTESIAN_POINT('',(4.295497718762,1.398524612625));
#12941 = CARTESIAN_POINT('',(4.318163999401,1.400327378907));
#12942 = CARTESIAN_POINT('',(4.340730890119,1.401895532969));
#12943 = CARTESIAN_POINT('',(4.363206832031,1.403233912435));
#12944 = CARTESIAN_POINT('',(4.442801015961,1.407189747363));
#12945 = CARTESIAN_POINT('',(4.499458050356,1.40856150732));
#12946 = CARTESIAN_POINT('',(4.55572123569,1.408535463457));
#12947 = CARTESIAN_POINT('',(4.611719015446,1.407161184721));
#12948 = CARTESIAN_POINT('',(4.667578369322,1.404470819752));
#12949 = CARTESIAN_POINT('',(4.801202150261,1.394912394936));
#12950 = CARTESIAN_POINT('',(4.878935634799,1.386822337129));
#12951 = CARTESIAN_POINT('',(4.957044619057,1.376235484623));
#12952 = CARTESIAN_POINT('',(5.035860372838,1.363105273381));
#12953 = CARTESIAN_POINT('',(5.115712964512,1.347340589512));
#12954 = CARTESIAN_POINT('',(5.227518658633,1.321808647997));
#12955 = CARTESIAN_POINT('',(5.258194089421,1.314456848723));
#12956 = CARTESIAN_POINT('',(5.289093703208,1.306703459091));
#12957 = CARTESIAN_POINT('',(5.320237047941,1.29853948757));
#12958 = CARTESIAN_POINT('',(5.351643320173,1.289955492938));
#12959 = CARTESIAN_POINT('',(5.42611125206,1.268773466523));
#12960 = CARTESIAN_POINT('',(5.469402643959,1.25582274687));
#12961 = CARTESIAN_POINT('',(5.513256603723,1.242065361951));
#12962 = CARTESIAN_POINT('',(5.557713260181,1.22747903812));
#12963 = CARTESIAN_POINT('',(5.602803854615,1.212047468438));
#12964 = CARTESIAN_POINT('',(5.685374796906,1.182657955326));
#12965 = CARTESIAN_POINT('',(5.722621571433,1.169000613149));
#12966 = CARTESIAN_POINT('',(5.760301308883,1.154790290699));
#12967 = CARTESIAN_POINT('',(5.79841428728,1.140031403448));
#12968 = CARTESIAN_POINT('',(5.836949714003,1.124738174604));
#12969 = CARTESIAN_POINT('',(5.941634989432,1.082254559855));
#12970 = CARTESIAN_POINT('',(6.008577876116,1.05410269168));
#12971 = CARTESIAN_POINT('',(6.076491608511,1.024654149729));
#12972 = CARTESIAN_POINT('',(6.145129394041,0.994162340498));
#12973 = CARTESIAN_POINT('',(6.214193857563,0.962990947808));
#12974 = CARTESIAN_POINT('',(6.28318530718,0.931636732019));
#12975 = ( GEOMETRIC_REPRESENTATION_CONTEXT(2) 
PARAMETRIC_REPRESENTATION_CONTEXT() REPRESENTATION_CONTEXT('2D SPACE',''
  ) );
#12976 = FACE_BOUND('',#12977,.F.);
#12977 = EDGE_LOOP('',(#12978));
#12978 = ORIENTED_EDGE('',*,*,#12979,.F.);
#12979 = EDGE_CURVE('',#12980,#12980,#12982,.T.);
#12980 = VERTEX_POINT('',#12981);
#12981 = CARTESIAN_POINT('',(-153.5,-9.,39.606989422463));
#12982 = SURFACE_CURVE('',#12983,(#13111,#13242),.PCURVE_S1.);
#12983 = B_SPLINE_CURVE_WITH_KNOTS('',6,(#12984,#12985,#12986,#12987,
    #12988,#12989,#12990,#12991,#12992,#12993,#12994,#12995,#12996,
    #12997,#12998,#12999,#13000,#13001,#13002,#13003,#13004,#13005,
    #13006,#13007,#13008,#13009,#13010,#13011,#13012,#13013,#13014,
    #13015,#13016,#13017,#13018,#13019,#13020,#13021,#13022,#13023,
    #13024,#13025,#13026,#13027,#13028,#13029,#13030,#13031,#13032,
    #13033,#13034,#13035,#13036,#13037,#13038,#13039,#13040,#13041,
    #13042,#13043,#13044,#13045,#13046,#13047,#13048,#13049,#13050,
    #13051,#13052,#13053,#13054,#13055,#13056,#13057,#13058,#13059,
    #13060,#13061,#13062,#13063,#13064,#13065,#13066,#13067,#13068,
    #13069,#13070,#13071,#13072,#13073,#13074,#13075,#13076,#13077,
    #13078,#13079,#13080,#13081,#13082,#13083,#13084,#13085,#13086,
    #13087,#13088,#13089,#13090,#13091,#13092,#13093,#13094,#13095,
    #13096,#13097,#13098,#13099,#13100,#13101,#13102,#13103,#13104,
    #13105,#13106,#13107,#13108,#13109,#13110),.UNSPECIFIED.,.T.,.F.,(7,
    5,5,5,5,5,5,5,5,5,5,5,5,5,5,5,5,5,5,5,5,5,5,5,5,7),(0.,
    5.728247340452E-02,9.120160179768E-02,0.133342304509,0.164558211242,
    0.247877799818,0.307731349353,0.331163223036,0.362348602579,
    0.403938246789,0.437352284992,0.455439196299,0.466985883169,
    0.492844479775,0.529365188001,0.547892487563,0.581746889503,
    0.624793781448,0.65754264614,0.682054907732,0.745259896377,
    0.834131458013,0.867427314808,0.910999236823,0.945346286449,1.),
  .UNSPECIFIED.);
#12984 = CARTESIAN_POINT('',(-153.5,-9.,39.606989422463));
#12985 = CARTESIAN_POINT('',(-153.5,-8.862012238999,39.638344743004));
#12986 = CARTESIAN_POINT('',(-153.5114247844,-8.72388376138,
    39.669515925489));
#12987 = CARTESIAN_POINT('',(-153.5343151501,-8.587795501348,
    39.700007050115));
#12988 = CARTESIAN_POINT('',(-153.5680110114,-8.455521798895,
    39.729455429709));
#12989 = CARTESIAN_POINT('',(-153.6115218105,-8.328477197701,
    39.757607534841));
#12990 = CARTESIAN_POINT('',(-153.6944599343,-8.136235922268,
    39.800090865048));
#12991 = CARTESIAN_POINT('',(-153.7283308407,-8.06691105755,
    39.815384093892));
#12992 = CARTESIAN_POINT('',(-153.7649944225,-7.999943221967,
    39.830142981143));
#12993 = CARTESIAN_POINT('',(-153.8042133871,-7.935459625141,
    39.844353303593));
#12994 = CARTESIAN_POINT('',(-153.8457585223,-7.87354147792,
    39.85801064577));
#12995 = CARTESIAN_POINT('',(-153.9436682138,-7.740554507319,
    39.887400158882));
#12996 = CARTESIAN_POINT('',(-154.0011801048,-7.670910524304,
    39.902831728564));
#12997 = CARTESIAN_POINT('',(-154.0615622963,-7.60538286771,
    39.917418052394));
#12998 = CARTESIAN_POINT('',(-154.1244539111,-7.543993123814,
    39.931175437314));
#12999 = CARTESIAN_POINT('',(-154.1895377909,-7.486722427941,
    39.944126156967));
#13000 = CARTESIAN_POINT('',(-154.3061896662,-7.394125281643,
    39.965308183381));
#13001 = CARTESIAN_POINT('',(-154.3568850598,-7.356960768237,
    39.973892178014));
#13002 = CARTESIAN_POINT('',(-154.4085271712,-7.322018964676,
    39.982056149535));
#13003 = CARTESIAN_POINT('',(-154.4610165754,-7.289280708782,
    39.989809539167));
#13004 = CARTESIAN_POINT('',(-154.5142636718,-7.258725167505,
    39.997161338441));
#13005 = CARTESIAN_POINT('',(-154.712122732,-7.154543377996,
    40.022693279956));
#13006 = CARTESIAN_POINT('',(-154.8608314695,-7.094183914232,
    40.038457963825));
#13007 = CARTESIAN_POINT('',(-155.0128882554,-7.048781331832,
    40.051588175067));
#13008 = CARTESIAN_POINT('',(-155.16708731,-7.018070742385,
    40.062175027573));
#13009 = CARTESIAN_POINT('',(-155.3223836063,-7.001840761173,
    40.07026508538));
#13010 = CARTESIAN_POINT('',(-155.5896148501,-6.998887514328,
    40.079823510196));
#13011 = CARTESIAN_POINT('',(-155.7014094204,-7.005141710899,
    40.082513875165));
#13012 = CARTESIAN_POINT('',(-155.8129365211,-7.018887405683,
    40.083888153901));
#13013 = CARTESIAN_POINT('',(-155.9238216413,-7.04018346952,
    40.083914197764));
#13014 = CARTESIAN_POINT('',(-156.0336595533,-7.069120610718,
    40.082542437807));
#13015 = CARTESIAN_POINT('',(-156.1844233601,-7.120220620611,
    40.078586602879));
#13016 = CARTESIAN_POINT('',(-156.2266098948,-7.135790101546,
    40.077248223413));
#13017 = CARTESIAN_POINT('',(-156.2685388926,-7.152560664836,
    40.075680069351));
#13018 = CARTESIAN_POINT('',(-156.3101807358,-7.170541179581,
    40.073877303069));
#13019 = CARTESIAN_POINT('',(-156.3515037322,-7.189741089372,
    40.071834595807));
#13020 = CARTESIAN_POINT('',(-156.4470014218,-7.237359709981,
    40.066500415291));
#13021 = CARTESIAN_POINT('',(-156.5009032646,-7.266726167196,
    40.063019439351));
#13022 = CARTESIAN_POINT('',(-156.5541007882,-7.298293620081,
    40.059089442112));
#13023 = CARTESIAN_POINT('',(-156.6065049809,-7.332085803276,
    40.054695269859));
#13024 = CARTESIAN_POINT('',(-156.6580168287,-7.368125093325,
    40.04982055007));
#13025 = CARTESIAN_POINT('',(-156.7758897926,-7.457517355194,
    40.037282718938));
#13026 = CARTESIAN_POINT('',(-156.8414670839,-7.512632029575,
    40.029232332499));
#13027 = CARTESIAN_POINT('',(-156.9050054457,-7.571824072075,
    40.020255349009));
#13028 = CARTESIAN_POINT('',(-156.966198731,-7.635121295541,
    40.010308408271));
#13029 = CARTESIAN_POINT('',(-157.0246972518,-7.702513663704,
    39.999350457502));
#13030 = CARTESIAN_POINT('',(-157.1246415239,-7.831319049883,
    39.977703263111));
#13031 = CARTESIAN_POINT('',(-157.1671763898,-7.891300091654,
    39.96738516975));
#13032 = CARTESIAN_POINT('',(-157.2075194658,-7.953840852616,
    39.956376025729));
#13033 = CARTESIAN_POINT('',(-157.2454477933,-8.018870013582,
    39.944663484335));
#13034 = CARTESIAN_POINT('',(-157.2807291544,-8.086272186114,
    39.932243681481));
#13035 = CARTESIAN_POINT('',(-157.3306748738,-8.193553035113,
    39.912024381091));
#13036 = CARTESIAN_POINT('',(-157.3473729087,-8.231874450254,
    39.904718875635));
#13037 = CARTESIAN_POINT('',(-157.3631911588,-8.270813182466,
    39.89721019083));
#13038 = CARTESIAN_POINT('',(-157.3780940276,-8.310336600627,
    39.889501042158));
#13039 = CARTESIAN_POINT('',(-157.3920474195,-8.350406969176,
    39.881595465552));
#13040 = CARTESIAN_POINT('',(-157.4132996344,-8.416884201499,
    39.868329916009));
#13041 = CARTESIAN_POINT('',(-157.4211803925,-8.442992407253,
    39.863083157295));
#13042 = CARTESIAN_POINT('',(-157.428652619,-8.469294842151,
    39.857759963812));
#13043 = CARTESIAN_POINT('',(-157.4357084847,-8.495779487902,
    39.852362006827));
#13044 = CARTESIAN_POINT('',(-157.4423407267,-8.522433531146,
    39.846891206314));
#13045 = CARTESIAN_POINT('',(-157.4624317415,-8.60928349848,
    39.828939697008));
#13046 = CARTESIAN_POINT('',(-157.4741633747,-8.670107723143,
    39.81617465372));
#13047 = CARTESIAN_POINT('',(-157.4836616942,-8.731558274918,
    39.803080039761));
#13048 = CARTESIAN_POINT('',(-157.490870826,-8.793466605115,
    39.789686143844));
#13049 = CARTESIAN_POINT('',(-157.4957577992,-8.855653829796,
    39.776028481305));
#13050 = CARTESIAN_POINT('',(-157.5019277236,-9.005886957866,
    39.742544679349));
#13051 = CARTESIAN_POINT('',(-157.500894244,-9.094038759237,
    39.722493464108));
#13052 = CARTESIAN_POINT('',(-157.4951931577,-9.181842699206,
    39.702112725971));
#13053 = CARTESIAN_POINT('',(-157.4849106235,-9.268802103975,
    39.681524093137));
#13054 = CARTESIAN_POINT('',(-157.4702181974,-9.354468591874,
    39.660849568625));
#13055 = CARTESIAN_POINT('',(-157.4417782862,-9.481044240531,
    39.62973705802));
#13056 = CARTESIAN_POINT('',(-157.431130785,-9.523213374401,
    39.619273353109));
#13057 = CARTESIAN_POINT('',(-157.4194380527,-9.564901874327,
    39.608832162923));
#13058 = CARTESIAN_POINT('',(-157.4067325428,-9.606066402997,
    39.598427385846));
#13059 = CARTESIAN_POINT('',(-157.3930488063,-9.64666896676,
    39.58807201891));
#13060 = CARTESIAN_POINT('',(-157.3516990741,-9.75978229061,
    39.558968481257));
#13061 = CARTESIAN_POINT('',(-157.3218303176,-9.830900994359,
    39.540364374717));
#13062 = CARTESIAN_POINT('',(-157.2890363159,-9.899836909442,
    39.522038407347));
#13063 = CARTESIAN_POINT('',(-157.2535439438,-9.966450176332,
    39.504051807224));
#13064 = CARTESIAN_POINT('',(-157.2155747839,-10.03064634984,
    39.48645511222));
#13065 = CARTESIAN_POINT('',(-157.1241622118,-10.17084338499,
    39.447461364375));
#13066 = CARTESIAN_POINT('',(-157.069320363,-10.24531076085,
    39.426331369871));
#13067 = CARTESIAN_POINT('',(-157.0112204645,-10.3156560835,
    39.405979430593));
#13068 = CARTESIAN_POINT('',(-156.9502443134,-10.38183077789,
    39.386467380916));
#13069 = CARTESIAN_POINT('',(-156.8867307823,-10.44383158141,
    39.367841029011));
#13070 = CARTESIAN_POINT('',(-156.7709323368,-10.54569443587,
    39.336661034936));
#13071 = CARTESIAN_POINT('',(-156.7195986797,-10.58730218928,
    39.323721311094));
#13072 = CARTESIAN_POINT('',(-156.6670916052,-10.62651579056,
    39.311328463263));
#13073 = CARTESIAN_POINT('',(-156.613527975,-10.66334905158,
    39.299494546308));
#13074 = CARTESIAN_POINT('',(-156.5590137264,-10.69781851176,
    39.288229276121));
#13075 = CARTESIAN_POINT('',(-156.4621995232,-10.75398626385,
    39.269539829228));
#13076 = CARTESIAN_POINT('',(-156.4202764856,-10.77671585961,
    39.261862299895));
#13077 = CARTESIAN_POINT('',(-156.3779145805,-10.79813820136,
    39.254511079846));
#13078 = CARTESIAN_POINT('',(-156.3351516314,-10.81826032511,
    39.247489098046));
#13079 = CARTESIAN_POINT('',(-156.2920232009,-10.83708894114,
    39.24079892568));
#13080 = CARTESIAN_POINT('',(-156.1364991936,-10.89986126053,
    39.218053412948));
#13081 = CARTESIAN_POINT('',(-156.0222382722,-10.93652985055,
    39.2038865228));
#13082 = CARTESIAN_POINT('',(-155.906333605,-10.96475455264,
    39.191977129513));
#13083 = CARTESIAN_POINT('',(-155.7892937849,-10.9846020377,
    39.182357118532));
#13084 = CARTESIAN_POINT('',(-155.6715923946,-10.9961142241,
    39.175049863284));
#13085 = CARTESIAN_POINT('',(-155.387858752,-11.00373081865,
    39.163087458772));
#13086 = CARTESIAN_POINT('',(-155.2216863245,-10.99167777077,
    39.160717555842));
#13087 = CARTESIAN_POINT('',(-155.0563102387,-10.96312039334,
    39.163020774422));
#13088 = CARTESIAN_POINT('',(-154.8930750198,-10.91779925388,
    39.170072542921));
#13089 = CARTESIAN_POINT('',(-154.7335062654,-10.85543197141,
    39.181903936109));
#13090 = CARTESIAN_POINT('',(-154.5216396928,-10.74557776492,
    39.204778205583));
#13091 = CARTESIAN_POINT('',(-154.4646706058,-10.71317963413,
    39.211686384757));
#13092 = CARTESIAN_POINT('',(-154.4085740271,-10.67830121086,
    39.219269098443));
#13093 = CARTESIAN_POINT('',(-154.3534605901,-10.6409214242,
    39.227525634114));
#13094 = CARTESIAN_POINT('',(-154.2994524449,-10.60102180134,
    39.236453549895));
#13095 = CARTESIAN_POINT('',(-154.177627417,-10.50305788994,
    39.258604110133));
#13096 = CARTESIAN_POINT('',(-154.1106977609,-10.44319158216,
    39.272300987487));
#13097 = CARTESIAN_POINT('',(-154.046188589,-10.3789548799,
    39.28712912645));
#13098 = CARTESIAN_POINT('',(-153.9844502478,-10.31034020216,
    39.303068868396));
#13099 = CARTESIAN_POINT('',(-153.9258784104,-10.23738526301,
    39.320086734424));
#13100 = CARTESIAN_POINT('',(-153.8275678295,-10.09934134648,
    39.352355947396));
#13101 = CARTESIAN_POINT('',(-153.7864697723,-10.03586057115,
    39.367217692453));
#13102 = CARTESIAN_POINT('',(-153.7478224403,-9.969804885747,
    39.382690510292));
#13103 = CARTESIAN_POINT('',(-153.7118588087,-9.901264745415,
    39.398738876613));
#13104 = CARTESIAN_POINT('',(-153.6788186877,-9.830377255239,
    39.415316252681));
#13105 = CARTESIAN_POINT('',(-153.6013850244,-9.641116011828,
    39.459489017139));
#13106 = CARTESIAN_POINT('',(-153.561796068,-9.51936915263,
    39.487821835444));
#13107 = CARTESIAN_POINT('',(-153.5311883923,-9.393019238848,
    39.517091723606));
#13108 = CARTESIAN_POINT('',(-153.5103981487,-9.263271638828,
    39.546968815778));
#13109 = CARTESIAN_POINT('',(-153.5,-9.131642541736,39.577075942724));
#13110 = CARTESIAN_POINT('',(-153.5,-9.,39.606989422463));
#13111 = PCURVE('',#5566,#13112);
#13112 = DEFINITIONAL_REPRESENTATION('',(#13113),#13241);
#13113 = B_SPLINE_CURVE_WITH_KNOTS('',6,(#13114,#13115,#13116,#13117,
    #13118,#13119,#13120,#13121,#13122,#13123,#13124,#13125,#13126,
    #13127,#13128,#13129,#13130,#13131,#13132,#13133,#13134,#13135,
    #13136,#13137,#13138,#13139,#13140,#13141,#13142,#13143,#13144,
    #13145,#13146,#13147,#13148,#13149,#13150,#13151,#13152,#13153,
    #13154,#13155,#13156,#13157,#13158,#13159,#13160,#13161,#13162,
    #13163,#13164,#13165,#13166,#13167,#13168,#13169,#13170,#13171,
    #13172,#13173,#13174,#13175,#13176,#13177,#13178,#13179,#13180,
    #13181,#13182,#13183,#13184,#13185,#13186,#13187,#13188,#13189,
    #13190,#13191,#13192,#13193,#13194,#13195,#13196,#13197,#13198,
    #13199,#13200,#13201,#13202,#13203,#13204,#13205,#13206,#13207,
    #13208,#13209,#13210,#13211,#13212,#13213,#13214,#13215,#13216,
    #13217,#13218,#13219,#13220,#13221,#13222,#13223,#13224,#13225,
    #13226,#13227,#13228,#13229,#13230,#13231,#13232,#13233,#13234,
    #13235,#13236,#13237,#13238,#13239,#13240),.UNSPECIFIED.,.T.,.F.,(7,
    5,5,5,5,5,5,5,5,5,5,5,5,5,5,5,5,5,5,5,5,5,5,5,5,7),(0.,
    5.728247340452E-02,9.120160179768E-02,0.133342304509,0.164558211242,
    0.247877799818,0.307731349353,0.331163223036,0.362348602579,
    0.403938246789,0.437352284992,0.455439196299,0.466985883169,
    0.492844479775,0.529365188001,0.547892487563,0.581746889503,
    0.624793781448,0.65754264614,0.682054907732,0.745259896377,
    0.834131458013,0.867427314808,0.910999236823,0.945346286449,1.),
  .UNSPECIFIED.);
#13114 = CARTESIAN_POINT('',(-3.36503111759,-108.5));
#13115 = CARTESIAN_POINT('',(-3.361547193085,-108.5));
#13116 = CARTESIAN_POINT('',(-3.358060894733,-108.4885752155));
#13117 = CARTESIAN_POINT('',(-3.354627359861,-108.4656848498));
#13118 = CARTESIAN_POINT('',(-3.351291237011,-108.4319889885));
#13119 = CARTESIAN_POINT('',(-3.348087929262,-108.3884781894));
#13120 = CARTESIAN_POINT('',(-3.343241798731,-108.3055400656));
#13121 = CARTESIAN_POINT('',(-3.341494460014,-108.2716691592));
#13122 = CARTESIAN_POINT('',(-3.339806718437,-108.2350055774));
#13123 = CARTESIAN_POINT('',(-3.33818171253,-108.1957866128));
#13124 = CARTESIAN_POINT('',(-3.336621421138,-108.1542414776));
#13125 = CARTESIAN_POINT('',(-3.333270256824,-108.0563317861));
#13126 = CARTESIAN_POINT('',(-3.33151529096,-107.9988198951));
#13127 = CARTESIAN_POINT('',(-3.329863936911,-107.9384377036));
#13128 = CARTESIAN_POINT('',(-3.328316626184,-107.8755460888));
#13129 = CARTESIAN_POINT('',(-3.326872782899,-107.810462209));
#13130 = CARTESIAN_POINT('',(-3.324537522651,-107.6938103337));
#13131 = CARTESIAN_POINT('',(-3.323599975679,-107.6431149401));
#13132 = CARTESIAN_POINT('',(-3.322718175428,-107.5914728287));
#13133 = CARTESIAN_POINT('',(-3.32189160739,-107.5389834245));
#13134 = CARTESIAN_POINT('',(-3.321119718411,-107.4857363281));
#13135 = CARTESIAN_POINT('',(-3.31848611925,-107.287877268));
#13136 = CARTESIAN_POINT('',(-3.316956588068,-107.1391685304));
#13137 = CARTESIAN_POINT('',(-3.315800998164,-106.9871117445));
#13138 = CARTESIAN_POINT('',(-3.315012350109,-106.8329126899));
#13139 = CARTESIAN_POINT('',(-3.314585121769,-106.6776163936));
#13140 = CARTESIAN_POINT('',(-3.314473184787,-106.4103851498));
#13141 = CARTESIAN_POINT('',(-3.314613254825,-106.2985905795));
#13142 = CARTESIAN_POINT('',(-3.314940223138,-106.1870634788));
#13143 = CARTESIAN_POINT('',(-3.315455573895,-106.0761783586));
#13144 = CARTESIAN_POINT('',(-3.316161636165,-105.9663404466));
#13145 = CARTESIAN_POINT('',(-3.31741470726,-105.8155766398));
#13146 = CARTESIAN_POINT('',(-3.317797042463,-105.7733901051));
#13147 = CARTESIAN_POINT('',(-3.318209383498,-105.7314611073));
#13148 = CARTESIAN_POINT('',(-3.31865196156,-105.6898192641));
#13149 = CARTESIAN_POINT('',(-3.319125024088,-105.6484962677));
#13150 = CARTESIAN_POINT('',(-3.320299354211,-105.5529985781));
#13151 = CARTESIAN_POINT('',(-3.321024325563,-105.4990967353));
#13152 = CARTESIAN_POINT('',(-3.321804376046,-105.4458992117));
#13153 = CARTESIAN_POINT('',(-3.322640137421,-105.393495019));
#13154 = CARTESIAN_POINT('',(-3.323532215502,-105.3419831712));
#13155 = CARTESIAN_POINT('',(-3.325746696629,-105.2241102073));
#13156 = CARTESIAN_POINT('',(-3.32711329442,-105.158532916));
#13157 = CARTESIAN_POINT('',(-3.328582302986,-105.0949945542));
#13158 = CARTESIAN_POINT('',(-3.330154580905,-105.0338012689));
#13159 = CARTESIAN_POINT('',(-3.33183007359,-104.9753027481));
#13160 = CARTESIAN_POINT('',(-3.335035327922,-104.875358476));
#13161 = CARTESIAN_POINT('',(-3.336528912897,-104.8328236101));
#13162 = CARTESIAN_POINT('',(-3.338087297185,-104.7924805341));
#13163 = CARTESIAN_POINT('',(-3.339708831343,-104.7545522066));
#13164 = CARTESIAN_POINT('',(-3.341390771937,-104.7192708455));
#13165 = CARTESIAN_POINT('',(-3.344069878397,-104.6693251261));
#13166 = CARTESIAN_POINT('',(-3.345027248169,-104.6526270912));
#13167 = CARTESIAN_POINT('',(-3.346000431667,-104.6368088411));
#13168 = CARTESIAN_POINT('',(-3.346988634963,-104.6219059723));
#13169 = CARTESIAN_POINT('',(-3.347990935616,-104.6079525804));
#13170 = CARTESIAN_POINT('',(-3.349654480383,-104.5867003655));
#13171 = CARTESIAN_POINT('',(-3.350307995132,-104.5788196074));
#13172 = CARTESIAN_POINT('',(-3.350966551487,-104.5713473809));
#13173 = CARTESIAN_POINT('',(-3.351629853767,-104.5642915152));
#13174 = CARTESIAN_POINT('',(-3.352297586047,-104.5576592732));
#13175 = CARTESIAN_POINT('',(-3.354473954583,-104.5375682584));
#13176 = CARTESIAN_POINT('',(-3.355999097879,-104.5258366252));
#13177 = CARTESIAN_POINT('',(-3.357540942573,-104.5163383057));
#13178 = CARTESIAN_POINT('',(-3.359095308053,-104.5091291739));
#13179 = CARTESIAN_POINT('',(-3.360657740015,-104.5042422007));
#13180 = CARTESIAN_POINT('',(-3.36443490313,-104.4980722763));
#13181 = CARTESIAN_POINT('',(-3.36665337086,-104.4991057559));
#13182 = CARTESIAN_POINT('',(-3.368865320525,-104.5048068422));
#13183 = CARTESIAN_POINT('',(-3.371058264183,-104.5150893764));
#13184 = CARTESIAN_POINT('',(-3.373220861612,-104.5297818025));
#13185 = CARTESIAN_POINT('',(-3.376419513579,-104.5582217137));
#13186 = CARTESIAN_POINT('',(-3.377485735911,-104.5688692149));
#13187 = CARTESIAN_POINT('',(-3.37854038228,-104.5805619472));
#13188 = CARTESIAN_POINT('',(-3.379582344528,-104.5932674571));
#13189 = CARTESIAN_POINT('',(-3.380610646449,-104.6069511936));
#13190 = CARTESIAN_POINT('',(-3.383476926544,-104.6483009258));
#13191 = CARTESIAN_POINT('',(-3.385280947392,-104.6781696823));
#13192 = CARTESIAN_POINT('',(-3.387031436053,-104.710963684));
#13193 = CARTESIAN_POINT('',(-3.388724720532,-104.7464560561));
#13194 = CARTESIAN_POINT('',(-3.390358265838,-104.784425216));
#13195 = CARTESIAN_POINT('',(-3.393929444787,-104.8758377881));
#13196 = CARTESIAN_POINT('',(-3.395829062916,-104.9306796369));
#13197 = CARTESIAN_POINT('',(-3.397626145742,-104.9887795354));
#13198 = CARTESIAN_POINT('',(-3.399319166518,-105.0497556865));
#13199 = CARTESIAN_POINT('',(-3.400907760437,-105.1132692176));
#13200 = CARTESIAN_POINT('',(-3.40352168184,-105.2290676631));
#13201 = CARTESIAN_POINT('',(-3.404590786592,-105.2804013202));
#13202 = CARTESIAN_POINT('',(-3.405599739846,-105.3329083947));
#13203 = CARTESIAN_POINT('',(-3.40654878663,-105.3864720249));
#13204 = CARTESIAN_POINT('',(-3.407438249176,-105.4409862735));
#13205 = CARTESIAN_POINT('',(-3.408889923279,-105.5378004767));
#13206 = CARTESIAN_POINT('',(-3.40947816828,-105.5797235143));
#13207 = CARTESIAN_POINT('',(-3.410033377216,-105.6220854194));
#13208 = CARTESIAN_POINT('',(-3.410555693797,-105.6648483685));
#13209 = CARTESIAN_POINT('',(-3.411045255922,-105.707976799));
#13210 = CARTESIAN_POINT('',(-3.41268041713,-105.8635008063));
#13211 = CARTESIAN_POINT('',(-3.413641624086,-105.9777617277));
#13212 = CARTESIAN_POINT('',(-3.414388312004,-106.0936663949));
#13213 = CARTESIAN_POINT('',(-3.414921759629,-106.210706215));
#13214 = CARTESIAN_POINT('',(-3.415242712347,-106.3284076053));
#13215 = CARTESIAN_POINT('',(-3.415502439192,-106.6121412479));
#13216 = CARTESIAN_POINT('',(-3.415233016482,-106.7783136754));
#13217 = CARTESIAN_POINT('',(-3.414541779637,-106.9436897612));
#13218 = CARTESIAN_POINT('',(-3.413421825572,-107.1069249801));
#13219 = CARTESIAN_POINT('',(-3.411866014645,-107.2664937345));
#13220 = CARTESIAN_POINT('',(-3.409111262514,-107.4783603071));
#13221 = CARTESIAN_POINT('',(-3.408297690484,-107.5353293941));
#13222 = CARTESIAN_POINT('',(-3.407420793546,-107.5914259728));
#13223 = CARTESIAN_POINT('',(-3.406480064814,-107.6465394098));
#13224 = CARTESIAN_POINT('',(-3.405475070604,-107.700547555));
#13225 = CARTESIAN_POINT('',(-3.403005805039,-107.8223725829));
#13226 = CARTESIAN_POINT('',(-3.401495606162,-107.889302239));
#13227 = CARTESIAN_POINT('',(-3.399874120785,-107.9538114109));
#13228 = CARTESIAN_POINT('',(-3.398141273524,-108.0155497521));
#13229 = CARTESIAN_POINT('',(-3.396298156142,-108.0741215895));
#13230 = CARTESIAN_POINT('',(-3.392809825108,-108.1724321704));
#13231 = CARTESIAN_POINT('',(-3.391205414345,-108.2135302276));
#13232 = CARTESIAN_POINT('',(-3.389535744238,-108.2521775596));
#13233 = CARTESIAN_POINT('',(-3.387803186069,-108.2881411912));
#13234 = CARTESIAN_POINT('',(-3.386011293023,-108.3211813122));
#13235 = CARTESIAN_POINT('',(-3.381227373408,-108.3986149755));
#13236 = CARTESIAN_POINT('',(-3.378150213716,-108.4382039319));
#13237 = CARTESIAN_POINT('',(-3.374957256479,-108.4688116076));
#13238 = CARTESIAN_POINT('',(-3.371679291213,-108.4896018512));
#13239 = CARTESIAN_POINT('',(-3.368354837561,-108.5));
#13240 = CARTESIAN_POINT('',(-3.36503111759,-108.5));
#13241 = ( GEOMETRIC_REPRESENTATION_CONTEXT(2) 
PARAMETRIC_REPRESENTATION_CONTEXT() REPRESENTATION_CONTEXT('2D SPACE',''
  ) );
#13242 = PCURVE('',#13243,#13248);
#13243 = CYLINDRICAL_SURFACE('',#13244,2.);
#13244 = AXIS2_PLACEMENT_3D('',#13245,#13246,#13247);
#13245 = CARTESIAN_POINT('',(-155.5,-9.,38.675352690444));
#13246 = DIRECTION('',(0.,0.,1.));
#13247 = DIRECTION('',(1.,0.,0.));
#13248 = DEFINITIONAL_REPRESENTATION('',(#13249),#13377);
#13249 = B_SPLINE_CURVE_WITH_KNOTS('',6,(#13250,#13251,#13252,#13253,
    #13254,#13255,#13256,#13257,#13258,#13259,#13260,#13261,#13262,
    #13263,#13264,#13265,#13266,#13267,#13268,#13269,#13270,#13271,
    #13272,#13273,#13274,#13275,#13276,#13277,#13278,#13279,#13280,
    #13281,#13282,#13283,#13284,#13285,#13286,#13287,#13288,#13289,
    #13290,#13291,#13292,#13293,#13294,#13295,#13296,#13297,#13298,
    #13299,#13300,#13301,#13302,#13303,#13304,#13305,#13306,#13307,
    #13308,#13309,#13310,#13311,#13312,#13313,#13314,#13315,#13316,
    #13317,#13318,#13319,#13320,#13321,#13322,#13323,#13324,#13325,
    #13326,#13327,#13328,#13329,#13330,#13331,#13332,#13333,#13334,
    #13335,#13336,#13337,#13338,#13339,#13340,#13341,#13342,#13343,
    #13344,#13345,#13346,#13347,#13348,#13349,#13350,#13351,#13352,
    #13353,#13354,#13355,#13356,#13357,#13358,#13359,#13360,#13361,
    #13362,#13363,#13364,#13365,#13366,#13367,#13368,#13369,#13370,
    #13371,#13372,#13373,#13374,#13375,#13376),.UNSPECIFIED.,.F.,.F.,(7,
    5,5,5,5,5,5,5,5,5,5,5,5,5,5,5,5,5,5,5,5,5,5,5,5,7),(0.,
    5.728247340452E-02,9.120160179768E-02,0.133342304509,0.164558211242,
    0.247877799818,0.307731349353,0.331163223036,0.362348602579,
    0.403938246789,0.437352284992,0.455439196299,0.466985883169,
    0.492844479775,0.529365188001,0.547892487563,0.581746889503,
    0.624793781448,0.65754264614,0.682054907732,0.745259896377,
    0.834131458013,0.867427314808,0.910999236823,0.945346286449,1.),
  .UNSPECIFIED.);
#13250 = CARTESIAN_POINT('',(0.,0.931636732019));
#13251 = CARTESIAN_POINT('',(6.899388050049E-02,0.96299205256));
#13252 = CARTESIAN_POINT('',(0.138057911509,0.994163235046));
#13253 = CARTESIAN_POINT('',(0.206694259547,1.024654359671));
#13254 = CARTESIAN_POINT('',(0.274607495268,1.054102739265));
#13255 = CARTESIAN_POINT('',(0.341551018895,1.082254844397));
#13256 = CARTESIAN_POINT('',(0.446235593177,1.124738174604));
#13257 = CARTESIAN_POINT('',(0.4847710199,1.140031403448));
#13258 = CARTESIAN_POINT('',(0.522883998296,1.154790290699));
#13259 = CARTESIAN_POINT('',(0.560563735746,1.169000613149));
#13260 = CARTESIAN_POINT('',(0.597810510274,1.182657955326));
#13261 = CARTESIAN_POINT('',(0.680381452565,1.212047468438));
#13262 = CARTESIAN_POINT('',(0.725472046999,1.22747903812));
#13263 = CARTESIAN_POINT('',(0.769928703457,1.242065361951));
#13264 = CARTESIAN_POINT('',(0.813782663221,1.25582274687));
#13265 = CARTESIAN_POINT('',(0.85707405512,1.268773466523));
#13266 = CARTESIAN_POINT('',(0.931541987007,1.289955492938));
#13267 = CARTESIAN_POINT('',(0.962948259239,1.29853948757));
#13268 = CARTESIAN_POINT('',(0.994091603972,1.306703459091));
#13269 = CARTESIAN_POINT('',(1.024991217759,1.314456848723));
#13270 = CARTESIAN_POINT('',(1.055666648547,1.321808647997));
#13271 = CARTESIAN_POINT('',(1.167472342668,1.347340589512));
#13272 = CARTESIAN_POINT('',(1.247324934341,1.363105273381));
#13273 = CARTESIAN_POINT('',(1.326140688123,1.376235484623));
#13274 = CARTESIAN_POINT('',(1.404249672381,1.386822337129));
#13275 = CARTESIAN_POINT('',(1.481983156919,1.394912394936));
#13276 = CARTESIAN_POINT('',(1.615606937857,1.404470819752));
#13277 = CARTESIAN_POINT('',(1.671466291734,1.407161184721));
#13278 = CARTESIAN_POINT('',(1.727464071489,1.408535463457));
#13279 = CARTESIAN_POINT('',(1.783727256824,1.40856150732));
#13280 = CARTESIAN_POINT('',(1.840384291219,1.407189747363));
#13281 = CARTESIAN_POINT('',(1.919978475148,1.403233912435));
#13282 = CARTESIAN_POINT('',(1.942454417061,1.401895532969));
#13283 = CARTESIAN_POINT('',(1.965021307779,1.400327378907));
#13284 = CARTESIAN_POINT('',(1.987687588417,1.398524612625));
#13285 = CARTESIAN_POINT('',(2.010461769521,1.396481905363));
#13286 = CARTESIAN_POINT('',(2.063817513714,1.391147724847));
#13287 = CARTESIAN_POINT('',(2.094488492344,1.387666748907));
#13288 = CARTESIAN_POINT('',(2.125386296993,1.383736751668));
#13289 = CARTESIAN_POINT('',(2.156530732812,1.379342579415));
#13290 = CARTESIAN_POINT('',(2.187941268478,1.374467859627));
#13291 = CARTESIAN_POINT('',(2.261909187362,1.361930028494));
#13292 = CARTESIAN_POINT('',(2.304686637799,1.353879642056));
#13293 = CARTESIAN_POINT('',(2.348019393116,1.344902658565));
#13294 = CARTESIAN_POINT('',(2.391946769789,1.334955717827));
#13295 = CARTESIAN_POINT('',(2.436499379881,1.323997767058));
#13296 = CARTESIAN_POINT('',(2.518015766322,1.302350572667));
#13297 = CARTESIAN_POINT('',(2.554747714134,1.292032479306));
#13298 = CARTESIAN_POINT('',(2.591904930276,1.281023335285));
#13299 = CARTESIAN_POINT('',(2.629487664649,1.269310793892));
#13300 = CARTESIAN_POINT('',(2.667485346858,1.256890991038));
#13301 = CARTESIAN_POINT('',(2.726654078992,1.236671690647));
#13302 = CARTESIAN_POINT('',(2.747548307541,1.229366185191));
#13303 = CARTESIAN_POINT('',(2.768552917969,1.221857500386));
#13304 = CARTESIAN_POINT('',(2.78966259035,1.214148351714));
#13305 = CARTESIAN_POINT('',(2.810870728017,1.206242775109));
#13306 = CARTESIAN_POINT('',(2.845766569666,1.192977225565));
#13307 = CARTESIAN_POINT('',(2.859400600652,1.187730466851));
#13308 = CARTESIAN_POINT('',(2.873069470527,1.182407273368));
#13309 = CARTESIAN_POINT('',(2.88677090012,1.177009316383));
#13310 = CARTESIAN_POINT('',(2.900502411084,1.17153851587));
#13311 = CARTESIAN_POINT('',(2.945074166997,1.153587006564));
#13312 = CARTESIAN_POINT('',(2.976025856872,1.140821963276));
#13313 = CARTESIAN_POINT('',(3.007083593361,1.127727349317));
#13314 = CARTESIAN_POINT('',(3.03821411598,1.1143334534));
#13315 = CARTESIAN_POINT('',(3.069381794815,1.100675790862));
#13316 = CARTESIAN_POINT('',(3.144561680319,1.067191988905));
#13317 = CARTESIAN_POINT('',(3.188579127529,1.047140773664));
#13318 = CARTESIAN_POINT('',(3.232481010358,1.026760035527));
#13319 = CARTESIAN_POINT('',(3.276173218924,1.006171402693));
#13320 = CARTESIAN_POINT('',(3.319575141554,0.985496878181));
#13321 = CARTESIAN_POINT('',(3.384440816968,0.954384367576));
#13322 = CARTESIAN_POINT('',(3.406179550109,0.943920662665));
#13323 = CARTESIAN_POINT('',(3.427817185806,0.933479472479));
#13324 = CARTESIAN_POINT('',(3.44934686383,0.923074695402));
#13325 = CARTESIAN_POINT('',(3.470763099521,0.912719328466));
#13326 = CARTESIAN_POINT('',(3.530980257345,0.883615790813));
#13327 = CARTESIAN_POINT('',(3.569505493348,0.865011684273));
#13328 = CARTESIAN_POINT('',(3.607614239942,0.846685716904));
#13329 = CARTESIAN_POINT('',(3.645296520904,0.82869911678));
#13330 = CARTESIAN_POINT('',(3.682553127692,0.811102421776));
#13331 = CARTESIAN_POINT('',(3.766236260699,0.772108673931));
#13332 = CARTESIAN_POINT('',(3.8124024226,0.750978679427));
#13333 = CARTESIAN_POINT('',(3.857917164855,0.730626740149));
#13334 = CARTESIAN_POINT('',(3.902813470451,0.711114690472));
#13335 = CARTESIAN_POINT('',(3.947133066475,0.692488338567));
#13336 = CARTESIAN_POINT('',(4.024245518604,0.661308344492));
#13337 = CARTESIAN_POINT('',(4.057257833966,0.64836862065));
#13338 = CARTESIAN_POINT('',(4.089986597211,0.635975772819));
#13339 = CARTESIAN_POINT('',(4.122452979988,0.624141855864));
#13340 = CARTESIAN_POINT('',(4.154678365242,0.612876585677));
#13341 = CARTESIAN_POINT('',(4.210642206931,0.594187138784));
#13342 = CARTESIAN_POINT('',(4.234476467574,0.586509609451));
#13343 = CARTESIAN_POINT('',(4.258197174555,0.579158389402));
#13344 = CARTESIAN_POINT('',(4.281813323146,0.572136407602));
#13345 = CARTESIAN_POINT('',(4.305333796349,0.565446235236));
#13346 = CARTESIAN_POINT('',(4.38919093815,0.542700722504));
#13347 = CARTESIAN_POINT('',(4.449031113764,0.528533832356));
#13348 = CARTESIAN_POINT('',(4.508450044974,0.51662443907));
#13349 = CARTESIAN_POINT('',(4.56758430856,0.507004428088));
#13350 = CARTESIAN_POINT('',(4.626568321117,0.49969717284));
#13351 = CARTESIAN_POINT('',(4.768486248494,0.487734768328));
#13352 = CARTESIAN_POINT('',(4.851381365956,0.485364865398));
#13353 = CARTESIAN_POINT('',(4.934680668745,0.487668083978));
#13354 = CARTESIAN_POINT('',(5.018743059205,0.494719852477));
#13355 = CARTESIAN_POINT('',(5.103926962894,0.506551245666));
#13356 = CARTESIAN_POINT('',(5.22325360627,0.529425515139));
#13357 = CARTESIAN_POINT('',(5.255997584035,0.536333694314));
#13358 = CARTESIAN_POINT('',(5.28898703882,0.543916407999));
#13359 = CARTESIAN_POINT('',(5.32224386227,0.55217294367));
#13360 = CARTESIAN_POINT('',(5.355789692852,0.561100859451));
#13361 = CARTESIAN_POINT('',(5.433953407828,0.583251419689));
#13362 = CARTESIAN_POINT('',(5.478790293867,0.596948297043));
#13363 = CARTESIAN_POINT('',(5.524209670475,0.611776436006));
#13364 = CARTESIAN_POINT('',(5.570253442776,0.627716177952));
#13365 = CARTESIAN_POINT('',(5.616954667074,0.64473404398));
#13366 = CARTESIAN_POINT('',(5.701691160408,0.677003256952));
#13367 = CARTESIAN_POINT('',(5.739465725929,0.691865002009));
#13368 = CARTESIAN_POINT('',(5.77767165605,0.707337819848));
#13369 = CARTESIAN_POINT('',(5.816309663739,0.723386186169));
#13370 = CARTESIAN_POINT('',(5.85536954984,0.739963562237));
#13371 = CARTESIAN_POINT('',(5.957614097957,0.784136326695));
#13372 = CARTESIAN_POINT('',(6.021449783523,0.812469145));
#13373 = CARTESIAN_POINT('',(6.08616173506,0.841739033162));
#13374 = CARTESIAN_POINT('',(6.151549647087,0.871616125334));
#13375 = CARTESIAN_POINT('',(6.217364036312,0.90172325228));
#13376 = CARTESIAN_POINT('',(6.28318530718,0.931636732019));
#13377 = ( GEOMETRIC_REPRESENTATION_CONTEXT(2) 
PARAMETRIC_REPRESENTATION_CONTEXT() REPRESENTATION_CONTEXT('2D SPACE',''
  ) );
#13378 = ADVANCED_FACE('',(#13379,#13441,#13843),#6874,.F.);
#13379 = FACE_BOUND('',#13380,.F.);
#13380 = EDGE_LOOP('',(#13381,#13382,#13383,#13384,#13385,#13410,#13411,
    #13412,#13413,#13414,#13415,#13440));
#13381 = ORIENTED_EDGE('',*,*,#7874,.T.);
#13382 = ORIENTED_EDGE('',*,*,#7847,.F.);
#13383 = ORIENTED_EDGE('',*,*,#7623,.T.);
#13384 = ORIENTED_EDGE('',*,*,#7553,.F.);
#13385 = ORIENTED_EDGE('',*,*,#13386,.F.);
#13386 = EDGE_CURVE('',#7407,#7554,#13387,.T.);
#13387 = SURFACE_CURVE('',#13388,(#13393,#13403),.PCURVE_S1.);
#13388 = HYPERBOLA('',#13389,539.99999999999,18.);
#13389 = AXIS2_PLACEMENT_3D('',#13390,#13391,#13392);
#13390 = CARTESIAN_POINT('',(1.065E+03,0.,18.));
#13391 = DIRECTION('',(0.,0.,1.));
#13392 = DIRECTION('',(-1.,0.,0.));
#13393 = PCURVE('',#6874,#13394);
#13394 = DEFINITIONAL_REPRESENTATION('',(#13395),#13402);
#13395 = B_SPLINE_CURVE_WITH_KNOTS('',5,(#13396,#13397,#13398,#13399,
    #13400,#13401),.UNSPECIFIED.,.F.,.F.,(6,6),(-1.395920713281,
    -1.386491869877),.PIECEWISE_BEZIER_KNOTS.);
#13396 = CARTESIAN_POINT('',(-2.0562428047,-169.7));
#13397 = CARTESIAN_POINT('',(-2.057122710591,-171.6302602294));
#13398 = CARTESIAN_POINT('',(-2.058004450976,-173.5553760817));
#13399 = CARTESIAN_POINT('',(-2.058888029534,-175.4753618573));
#13400 = CARTESIAN_POINT('',(-2.059773449937,-177.3902317805));
#13401 = CARTESIAN_POINT('',(-2.06066071585,-179.3));
#13402 = ( GEOMETRIC_REPRESENTATION_CONTEXT(2) 
PARAMETRIC_REPRESENTATION_CONTEXT() REPRESENTATION_CONTEXT('2D SPACE',''
  ) );
#13403 = PCURVE('',#7446,#13404);
#13404 = DEFINITIONAL_REPRESENTATION('',(#13405),#13409);
#13405 = ( BOUNDED_CURVE() B_SPLINE_CURVE(2,(#13406,#13407,#13408),
.UNSPECIFIED.,.F.,.F.) B_SPLINE_CURVE_WITH_KNOTS((3,3),(-1.395920713281,
-1.386491869877),.PIECEWISE_BEZIER_KNOTS.) CURVE() 
GEOMETRIC_REPRESENTATION_ITEM() RATIONAL_B_SPLINE_CURVE((1.,
1.000011112907,1.)) REPRESENTATION_ITEM('') );
#13406 = CARTESIAN_POINT('',(-2.799999999996,69.119777418839));
#13407 = CARTESIAN_POINT('',(2.025614822689,68.93791209169));
#13408 = CARTESIAN_POINT('',(6.800000000004,68.757555368309));
#13409 = ( GEOMETRIC_REPRESENTATION_CONTEXT(2) 
PARAMETRIC_REPRESENTATION_CONTEXT() REPRESENTATION_CONTEXT('2D SPACE',''
  ) );
#13410 = ORIENTED_EDGE('',*,*,#7406,.T.);
#13411 = ORIENTED_EDGE('',*,*,#7262,.T.);
#13412 = ORIENTED_EDGE('',*,*,#7194,.T.);
#13413 = ORIENTED_EDGE('',*,*,#7050,.T.);
#13414 = ORIENTED_EDGE('',*,*,#6982,.T.);
#13415 = ORIENTED_EDGE('',*,*,#13416,.F.);
#13416 = EDGE_CURVE('',#6830,#6960,#13417,.T.);
#13417 = SURFACE_CURVE('',#13418,(#13423,#13433),.PCURVE_S1.);
#13418 = HYPERBOLA('',#13419,539.99999999999,18.);
#13419 = AXIS2_PLACEMENT_3D('',#13420,#13421,#13422);
#13420 = CARTESIAN_POINT('',(1.065E+03,0.,18.));
#13421 = DIRECTION('',(0.,0.,1.));
#13422 = DIRECTION('',(-1.,0.,0.));
#13423 = PCURVE('',#6874,#13424);
#13424 = DEFINITIONAL_REPRESENTATION('',(#13425),#13432);
#13425 = B_SPLINE_CURVE_WITH_KNOTS('',5,(#13426,#13427,#13428,#13429,
    #13430,#13431),.UNSPECIFIED.,.F.,.F.,(6,6),(1.386491869877,
    1.395920713281),.PIECEWISE_BEZIER_KNOTS.);
#13426 = CARTESIAN_POINT('',(-4.22252459133,-179.3));
#13427 = CARTESIAN_POINT('',(-4.223411857242,-177.3902317805));
#13428 = CARTESIAN_POINT('',(-4.224297277646,-175.4753618573));
#13429 = CARTESIAN_POINT('',(-4.225180856204,-173.5553760817));
#13430 = CARTESIAN_POINT('',(-4.226062596588,-171.6302602294));
#13431 = CARTESIAN_POINT('',(-4.226942502479,-169.7));
#13432 = ( GEOMETRIC_REPRESENTATION_CONTEXT(2) 
PARAMETRIC_REPRESENTATION_CONTEXT() REPRESENTATION_CONTEXT('2D SPACE',''
  ) );
#13433 = PCURVE('',#6845,#13434);
#13434 = DEFINITIONAL_REPRESENTATION('',(#13435),#13439);
#13435 = ( BOUNDED_CURVE() B_SPLINE_CURVE(2,(#13436,#13437,#13438),
.UNSPECIFIED.,.F.,.F.) B_SPLINE_CURVE_WITH_KNOTS((3,3),(1.386491869877,
1.395920713281),.PIECEWISE_BEZIER_KNOTS.) CURVE() 
GEOMETRIC_REPRESENTATION_ITEM() RATIONAL_B_SPLINE_CURVE((1.,
1.000011112907,1.)) REPRESENTATION_ITEM('') );
#13436 = CARTESIAN_POINT('',(6.800000000004,1.242444631691));
#13437 = CARTESIAN_POINT('',(2.025614822689,1.06208790831));
#13438 = CARTESIAN_POINT('',(-2.799999999996,0.880222581161));
#13439 = ( GEOMETRIC_REPRESENTATION_CONTEXT(2) 
PARAMETRIC_REPRESENTATION_CONTEXT() REPRESENTATION_CONTEXT('2D SPACE',''
  ) );
#13440 = ORIENTED_EDGE('',*,*,#6857,.F.);
#13441 = FACE_BOUND('',#13442,.F.);
#13442 = EDGE_LOOP('',(#13443));
#13443 = ORIENTED_EDGE('',*,*,#13444,.F.);
#13444 = EDGE_CURVE('',#13445,#13445,#13447,.T.);
#13445 = VERTEX_POINT('',#13446);
#13446 = CARTESIAN_POINT('',(-85.5,9.,37.278982013998));
#13447 = SURFACE_CURVE('',#13448,(#13576,#13707),.PCURVE_S1.);
#13448 = B_SPLINE_CURVE_WITH_KNOTS('',6,(#13449,#13450,#13451,#13452,
    #13453,#13454,#13455,#13456,#13457,#13458,#13459,#13460,#13461,
    #13462,#13463,#13464,#13465,#13466,#13467,#13468,#13469,#13470,
    #13471,#13472,#13473,#13474,#13475,#13476,#13477,#13478,#13479,
    #13480,#13481,#13482,#13483,#13484,#13485,#13486,#13487,#13488,
    #13489,#13490,#13491,#13492,#13493,#13494,#13495,#13496,#13497,
    #13498,#13499,#13500,#13501,#13502,#13503,#13504,#13505,#13506,
    #13507,#13508,#13509,#13510,#13511,#13512,#13513,#13514,#13515,
    #13516,#13517,#13518,#13519,#13520,#13521,#13522,#13523,#13524,
    #13525,#13526,#13527,#13528,#13529,#13530,#13531,#13532,#13533,
    #13534,#13535,#13536,#13537,#13538,#13539,#13540,#13541,#13542,
    #13543,#13544,#13545,#13546,#13547,#13548,#13549,#13550,#13551,
    #13552,#13553,#13554,#13555,#13556,#13557,#13558,#13559,#13560,
    #13561,#13562,#13563,#13564,#13565,#13566,#13567,#13568,#13569,
    #13570,#13571,#13572,#13573,#13574,#13575),.UNSPECIFIED.,.T.,.F.,(7,
    5,5,5,5,5,5,5,5,5,5,5,5,5,5,5,5,5,5,5,5,5,5,5,5,7),(0.,
    5.480630141316E-02,8.969777880666E-02,0.133318236254,0.166607117483,
    0.254778478975,0.318428408596,0.342908108302,0.375634585732,
    0.418699778807,0.453069059318,0.47118184125,0.508239652567,
    0.534168031557,0.545744004938,0.563871826342,0.597340233569,
    0.638955724239,0.670132584452,0.693544440821,0.752740758744,
    0.834270090757,0.865489523965,0.907678161784,0.941672455736,1.),
  .UNSPECIFIED.);
#13449 = CARTESIAN_POINT('',(-85.5,9.,37.278982013998));
#13450 = CARTESIAN_POINT('',(-85.5,9.131633973967,37.247202558077));
#13451 = CARTESIAN_POINT('',(-85.51039680258,9.263229882503,
    37.215198550694));
#13452 = CARTESIAN_POINT('',(-85.53117701718,9.392946712398,
    37.183413605677));
#13453 = CARTESIAN_POINT('',(-85.56177303813,9.519288675542,
    37.152244648641));
#13454 = CARTESIAN_POINT('',(-85.6013620106,9.641059762054,
    37.122041740285));
#13455 = CARTESIAN_POINT('',(-85.67922249248,9.831364223633,
    37.074665795819));
#13456 = CARTESIAN_POINT('',(-85.71275847691,9.903195185141,
    37.056738300089));
#13457 = CARTESIAN_POINT('',(-85.74930369869,9.972627521048,
    37.03937818555));
#13458 = CARTESIAN_POINT('',(-85.78861144517,10.039518104905,
    37.022637714583));
#13459 = CARTESIAN_POINT('',(-85.83044172934,10.103771841467,
    37.006557112578));
#13460 = CARTESIAN_POINT('',(-85.92974903955,10.242287666992,
    36.971925334912));
#13461 = CARTESIAN_POINT('',(-85.98851852467,10.315026882086,
    36.953763827764));
#13462 = CARTESIAN_POINT('',(-86.05045825016,10.38344282106,
    36.936738139622));
#13463 = CARTESIAN_POINT('',(-86.11517653691,10.447493668879,
    36.92088601345));
#13464 = CARTESIAN_POINT('',(-86.18232531166,10.507182149735,
    36.90623062059));
#13465 = CARTESIAN_POINT('',(-86.30448504445,10.604781701048,
    36.882523111172));
#13466 = CARTESIAN_POINT('',(-86.3586013312,10.644500345452,
    36.87296649976));
#13467 = CARTESIAN_POINT('',(-86.41382649992,10.681705461773,
    36.864120509464));
#13468 = CARTESIAN_POINT('',(-86.47003873691,10.716413425787,
    36.855988619562));
#13469 = CARTESIAN_POINT('',(-86.52712734049,10.748643362143,
    36.848572399514));
#13470 = CARTESIAN_POINT('',(-86.73826012327,10.857272625298,
    36.824124707392));
#13471 = CARTESIAN_POINT('',(-86.89691564721,10.91885590631,
    36.811406233921));
#13472 = CARTESIAN_POINT('',(-87.0592092687,10.963618273632,
    36.803700533835));
#13473 = CARTESIAN_POINT('',(-87.22362921691,10.991819811214,
    36.800983269015));
#13474 = CARTESIAN_POINT('',(-87.38883646028,11.003704572888,
    36.803180761863));
#13475 = CARTESIAN_POINT('',(-87.67265980121,10.996085570461,
    36.815331512631));
#13476 = CARTESIAN_POINT('',(-87.79141739824,10.984393137167,
    36.822956200913));
#13477 = CARTESIAN_POINT('',(-87.9094830177,10.964216229025,
    36.833086505088));
#13478 = CARTESIAN_POINT('',(-88.02636383222,10.935516821621,
    36.845695738254));
#13479 = CARTESIAN_POINT('',(-88.14153206395,10.898234157827,
    36.860746960078));
#13480 = CARTESIAN_POINT('',(-88.29782914281,10.834575196135,
    36.884910872387));
#13481 = CARTESIAN_POINT('',(-88.34090392167,10.815607429623,
    36.891977703861));
#13482 = CARTESIAN_POINT('',(-88.3836053602,10.795348628147,
    36.89939684599));
#13483 = CARTESIAN_POINT('',(-88.42589766188,10.773792770992,
    36.907165376639));
#13484 = CARTESIAN_POINT('',(-88.4677428328,10.750933586258,
    36.915279980927));
#13485 = CARTESIAN_POINT('',(-88.56439125824,10.694453395053,
    36.935042925191));
#13486 = CARTESIAN_POINT('',(-88.61880993496,10.659801791084,
    36.946960585852));
#13487 = CARTESIAN_POINT('',(-88.67226149143,10.622793850181,
    36.959481185445));
#13488 = CARTESIAN_POINT('',(-88.72463983361,10.583415225269,
    36.972593850288));
#13489 = CARTESIAN_POINT('',(-88.77582827938,10.541654497941,
    36.986285220733));
#13490 = CARTESIAN_POINT('',(-88.8913264782,10.43940710071,
    37.01929594269));
#13491 = CARTESIAN_POINT('',(-88.95466850821,10.377176082301,
    37.039025616179));
#13492 = CARTESIAN_POINT('',(-89.01544080228,10.310793137333,
    37.05969216651));
#13493 = CARTESIAN_POINT('',(-89.07330625766,10.240267723883,
    37.081245722957));
#13494 = CARTESIAN_POINT('',(-89.12788652136,10.165654461259,
    37.103619721492));
#13495 = CARTESIAN_POINT('',(-89.21938373772,10.024354485272,
    37.145170400207));
#13496 = CARTESIAN_POINT('',(-89.25763958264,9.95911290525,
    37.16407941518));
#13497 = CARTESIAN_POINT('',(-89.29333054659,9.891410935809,
    37.183410062518));
#13498 = CARTESIAN_POINT('',(-89.32622842966,9.821349748004,
    37.203106256362));
#13499 = CARTESIAN_POINT('',(-89.35610029118,9.749077690486,
    37.223100268776));
#13500 = CARTESIAN_POINT('',(-89.39675209369,9.635657595612,
    37.25396376543));
#13501 = CARTESIAN_POINT('',(-89.40987947377,9.595957445644,
    37.264675892097));
#13502 = CARTESIAN_POINT('',(-89.42207095131,9.555731777601,
    37.275436531128));
#13503 = CARTESIAN_POINT('',(-89.43329504891,9.515016040789,
    37.286232943358));
#13504 = CARTESIAN_POINT('',(-89.44352221064,9.473850417956,
    37.297051553326));
#13505 = CARTESIAN_POINT('',(-89.4715528263,9.347228551263,
    37.330028193241));
#13506 = CARTESIAN_POINT('',(-89.48609578108,9.260468039483,
    37.352214820497));
#13507 = CARTESIAN_POINT('',(-89.49611483632,9.172409876777,
    37.374307832067));
#13508 = CARTESIAN_POINT('',(-89.5014362666,9.083516065638,
    37.396174503111));
#13509 = CARTESIAN_POINT('',(-89.50197486952,8.994297763174,
    37.417682702491));
#13510 = CARTESIAN_POINT('',(-89.49480651989,8.84305442799,
    37.453412411615));
#13511 = CARTESIAN_POINT('',(-89.48952708284,8.780901527451,
    37.467884273538));
#13512 = CARTESIAN_POINT('',(-89.48192759133,8.719042390731,
    37.482076798058));
#13513 = CARTESIAN_POINT('',(-89.47204193473,8.657654234836,
    37.495952844878));
#13514 = CARTESIAN_POINT('',(-89.45992651662,8.596903987801,
    37.509480732492));
#13515 = CARTESIAN_POINT('',(-89.43928681342,8.510179864697,
    37.528506166939));
#13516 = CARTESIAN_POINT('',(-89.43248679755,8.483569625606,
    37.534303906995));
#13517 = CARTESIAN_POINT('',(-89.42526406086,8.457130612639,
    37.540024787586));
#13518 = CARTESIAN_POINT('',(-89.41762587029,8.430875517816,
    37.545666797688));
#13519 = CARTESIAN_POINT('',(-89.40958004949,8.404816250272,
    37.551228185064));
#13520 = CARTESIAN_POINT('',(-89.38791010958,8.338479553988,
    37.565287922583));
#13521 = CARTESIAN_POINT('',(-89.37370588444,8.29850268546,
    37.573666977086));
#13522 = CARTESIAN_POINT('',(-89.35855480345,8.25907577355,
    37.581838998682));
#13523 = CARTESIAN_POINT('',(-89.34249084503,8.220236238355,
    37.589799740834));
#13524 = CARTESIAN_POINT('',(-89.32554946587,8.182016477189,
    37.597546331561));
#13525 = CARTESIAN_POINT('',(-89.27493791437,8.07507560066,
    37.618981240376));
#13526 = CARTESIAN_POINT('',(-89.23924300377,8.007914439343,
    37.632149771262));
#13527 = CARTESIAN_POINT('',(-89.2009109055,7.943130144135,
    37.644573533599));
#13528 = CARTESIAN_POINT('',(-89.16017245474,7.880837765554,
    37.656256295122));
#13529 = CARTESIAN_POINT('',(-89.11724943673,7.821108889006,
    37.667210690432));
#13530 = CARTESIAN_POINT('',(-89.01650457722,7.692950916094,
    37.690190770579));
#13531 = CARTESIAN_POINT('',(-88.95760324399,7.62594795409,
    37.701827284332));
#13532 = CARTESIAN_POINT('',(-88.89602066752,7.563040021545,
    37.712398947588));
#13533 = CARTESIAN_POINT('',(-88.83210461811,7.504238760733,
    37.721948196482));
#13534 = CARTESIAN_POINT('',(-88.76616004906,7.449518198855,
    37.730519962148));
#13535 = CARTESIAN_POINT('',(-88.64770729078,7.360858837306,
    37.743878659209));
#13536 = CARTESIAN_POINT('',(-88.59598027843,7.325151890661,
    37.749075396751));
#13537 = CARTESIAN_POINT('',(-88.54336773749,7.291691750239,
    37.753765379243));
#13538 = CARTESIAN_POINT('',(-88.48996832001,7.260456811172,
    37.757965558679));
#13539 = CARTESIAN_POINT('',(-88.43587082908,7.231424065139,
    37.76169162763));
#13540 = CARTESIAN_POINT('',(-88.34006520542,7.184404949183,
    37.767410535297));
#13541 = CARTESIAN_POINT('',(-88.29862763108,7.165468570018,
    37.769603891495));
#13542 = CARTESIAN_POINT('',(-88.25687500475,7.147751525609,
    37.771543908958));
#13543 = CARTESIAN_POINT('',(-88.21483896162,7.131244658248,
    37.773236089758));
#13544 = CARTESIAN_POINT('',(-88.17254909816,7.11593936578,
    37.77468542382));
#13545 = CARTESIAN_POINT('',(-88.02253196606,7.066146343983,
    37.778958285157));
#13546 = CARTESIAN_POINT('',(-87.91359398147,7.038098824294,
    37.780495976491));
#13547 = CARTESIAN_POINT('',(-87.80364962933,7.017548642842,
    37.780582725351));
#13548 = CARTESIAN_POINT('',(-87.69309374747,7.004410370942,
    37.779267926018));
#13549 = CARTESIAN_POINT('',(-87.58229230192,6.998628805018,
    37.776583290395));
#13550 = CARTESIAN_POINT('',(-87.31911002504,7.00236840519,
    37.766968125878));
#13551 = CARTESIAN_POINT('',(-87.16687383866,7.01848495772,
    37.75882005593));
#13552 = CARTESIAN_POINT('',(-87.01571379253,7.048525437684,
    37.74812240475));
#13553 = CARTESIAN_POINT('',(-86.8666200438,7.092680812908,
    37.73482807187));
#13554 = CARTESIAN_POINT('',(-86.72073037957,7.151192409145,
    37.718845525505));
#13555 = CARTESIAN_POINT('',(-86.52525706584,7.252546603452,
    37.692788603196));
#13556 = CARTESIAN_POINT('',(-86.4718051208,7.282774050127,
    37.685155317865));
#13557 = CARTESIAN_POINT('',(-86.41910602334,7.315184953464,
    37.677094935525));
#13558 = CARTESIAN_POINT('',(-86.36724905887,7.349799242914,
    37.668597947389));
#13559 = CARTESIAN_POINT('',(-86.31633315157,7.386635149403,
    37.65965434866));
#13560 = CARTESIAN_POINT('',(-86.19907917422,7.478509264193,
    37.63755038433));
#13561 = CARTESIAN_POINT('',(-86.13361228895,7.535392321775,
    37.624013275984));
#13562 = CARTESIAN_POINT('',(-86.07032915376,7.596396761427,
    37.609616737474));
#13563 = CARTESIAN_POINT('',(-86.00954521155,7.661539318729,
    37.594336895932));
#13564 = CARTESIAN_POINT('',(-85.95161876602,7.730796755112,
    37.578155985216));
#13565 = CARTESIAN_POINT('',(-85.85288434036,7.863145257289,
    37.547296411081));
#13566 = CARTESIAN_POINT('',(-85.8109391757,7.924818087484,
    37.532937138693));
#13567 = CARTESIAN_POINT('',(-85.77131313856,7.989060076763,
    37.517986196085));
#13568 = CARTESIAN_POINT('',(-85.73423390906,8.055790096013,
    37.502447651423));
#13569 = CARTESIAN_POINT('',(-85.69993711107,8.124881851258,
    37.486335747423));
#13570 = CARTESIAN_POINT('',(-85.61497739682,8.318439319661,
    37.441097854312));
#13571 = CARTESIAN_POINT('',(-85.5701241309,8.447249049279,
    37.410886431185));
#13572 = CARTESIAN_POINT('',(-85.53537939364,8.581473271595,
    37.379229282739));
#13573 = CARTESIAN_POINT('',(-85.51177610249,8.71964181363,
    37.346402164944));
#13574 = CARTESIAN_POINT('',(-85.5,8.859906725353,37.312803738834));
#13575 = CARTESIAN_POINT('',(-85.5,9.,37.278982013998));
#13576 = PCURVE('',#6874,#13577);
#13577 = DEFINITIONAL_REPRESENTATION('',(#13578),#13706);
#13578 = B_SPLINE_CURVE_WITH_KNOTS('',6,(#13579,#13580,#13581,#13582,
    #13583,#13584,#13585,#13586,#13587,#13588,#13589,#13590,#13591,
    #13592,#13593,#13594,#13595,#13596,#13597,#13598,#13599,#13600,
    #13601,#13602,#13603,#13604,#13605,#13606,#13607,#13608,#13609,
    #13610,#13611,#13612,#13613,#13614,#13615,#13616,#13617,#13618,
    #13619,#13620,#13621,#13622,#13623,#13624,#13625,#13626,#13627,
    #13628,#13629,#13630,#13631,#13632,#13633,#13634,#13635,#13636,
    #13637,#13638,#13639,#13640,#13641,#13642,#13643,#13644,#13645,
    #13646,#13647,#13648,#13649,#13650,#13651,#13652,#13653,#13654,
    #13655,#13656,#13657,#13658,#13659,#13660,#13661,#13662,#13663,
    #13664,#13665,#13666,#13667,#13668,#13669,#13670,#13671,#13672,
    #13673,#13674,#13675,#13676,#13677,#13678,#13679,#13680,#13681,
    #13682,#13683,#13684,#13685,#13686,#13687,#13688,#13689,#13690,
    #13691,#13692,#13693,#13694,#13695,#13696,#13697,#13698,#13699,
    #13700,#13701,#13702,#13703,#13704,#13705),.UNSPECIFIED.,.T.,.F.,(7,
    5,5,5,5,5,5,5,5,5,5,5,5,5,5,5,5,5,5,5,5,5,5,5,5,7),(0.,
    5.480630141316E-02,8.969777880666E-02,0.133318236254,0.166607117483,
    0.254778478975,0.318428408596,0.342908108302,0.375634585732,
    0.418699778807,0.453069059318,0.47118184125,0.508239652567,
    0.534168031557,0.545744004938,0.563871826342,0.597340233569,
    0.638955724239,0.670132584452,0.693544440821,0.752740758744,
    0.834270090757,0.865489523965,0.907678161784,0.941672455736,1.),
  .UNSPECIFIED.);
#13579 = CARTESIAN_POINT('',(-2.90470270193,-176.5));
#13580 = CARTESIAN_POINT('',(-2.901171651272,-176.5));
#13581 = CARTESIAN_POINT('',(-2.897640191316,-176.4896031974));
#13582 = CARTESIAN_POINT('',(-2.894157766163,-176.4688229828));
#13583 = CARTESIAN_POINT('',(-2.890764782343,-176.4382269618));
#13584 = CARTESIAN_POINT('',(-2.887493752736,-176.3986379893));
#13585 = CARTESIAN_POINT('',(-2.882381097179,-176.3207775075));
#13586 = CARTESIAN_POINT('',(-2.880451135874,-176.287241523));
#13587 = CARTESIAN_POINT('',(-2.878585547663,-176.2506963013));
#13588 = CARTESIAN_POINT('',(-2.876788289444,-176.2113885548));
#13589 = CARTESIAN_POINT('',(-2.875062025097,-176.1695582706));
#13590 = CARTESIAN_POINT('',(-2.871341172601,-176.0702509604));
#13591 = CARTESIAN_POINT('',(-2.869387639614,-176.0114814753));
#13592 = CARTESIAN_POINT('',(-2.867550845454,-175.9495417498));
#13593 = CARTESIAN_POINT('',(-2.865832086769,-175.884823463));
#13594 = CARTESIAN_POINT('',(-2.864231437379,-175.8176746883));
#13595 = CARTESIAN_POINT('',(-2.861616325566,-175.6955149555));
#13596 = CARTESIAN_POINT('',(-2.86055287172,-175.6413986687));
#13597 = CARTESIAN_POINT('',(-2.85955759736,-175.5861735));
#13598 = CARTESIAN_POINT('',(-2.858630105455,-175.529961263));
#13599 = CARTESIAN_POINT('',(-2.857769915978,-175.4728726595));
#13600 = CARTESIAN_POINT('',(-2.854875026777,-175.2617398767));
#13601 = CARTESIAN_POINT('',(-2.853242897163,-175.1030843527));
#13602 = CARTESIAN_POINT('',(-2.852068426738,-174.9407907312));
#13603 = CARTESIAN_POINT('',(-2.851344670561,-174.776370783));
#13604 = CARTESIAN_POINT('',(-2.851064701827,-174.6111635397));
#13605 = CARTESIAN_POINT('',(-2.851345266219,-174.3273401987));
#13606 = CARTESIAN_POINT('',(-2.851693661924,-174.2085826017));
#13607 = CARTESIAN_POINT('',(-2.852272192829,-174.0905169822));
#13608 = CARTESIAN_POINT('',(-2.853081502853,-173.9736361677));
#13609 = CARTESIAN_POINT('',(-2.854122731765,-173.858467936));
#13610 = CARTESIAN_POINT('',(-2.855888808669,-173.7021708571));
#13611 = CARTESIAN_POINT('',(-2.856414006154,-173.6590960783));
#13612 = CARTESIAN_POINT('',(-2.856973959605,-173.6163946397));
#13613 = CARTESIAN_POINT('',(-2.857568793244,-173.5741023381));
#13614 = CARTESIAN_POINT('',(-2.858198635201,-173.5322571671));
#13615 = CARTESIAN_POINT('',(-2.859752620616,-173.4356087417));
#13616 = CARTESIAN_POINT('',(-2.860704412324,-173.381190065));
#13617 = CARTESIAN_POINT('',(-2.861719316767,-173.3277385085));
#13618 = CARTESIAN_POINT('',(-2.862797606137,-173.2753601663));
#13619 = CARTESIAN_POINT('',(-2.863939464452,-173.2241717206));
#13620 = CARTESIAN_POINT('',(-2.86673126701,-173.1086735217));
#13621 = CARTESIAN_POINT('',(-2.868427663481,-173.0453314917));
#13622 = CARTESIAN_POINT('',(-2.870234338315,-172.9845591977));
#13623 = CARTESIAN_POINT('',(-2.872150705499,-172.9266937423));
#13624 = CARTESIAN_POINT('',(-2.874174947695,-172.8721134786));
#13625 = CARTESIAN_POINT('',(-2.878002368881,-172.7806162622));
#13626 = CARTESIAN_POINT('',(-2.879767556989,-172.7423604173));
#13627 = CARTESIAN_POINT('',(-2.881597203224,-172.7066694534));
#13628 = CARTESIAN_POINT('',(-2.883488410479,-172.6737715703));
#13629 = CARTESIAN_POINT('',(-2.885437028602,-172.6438997088));
#13630 = CARTESIAN_POINT('',(-2.888491558088,-172.6032479063));
#13631 = CARTESIAN_POINT('',(-2.889560102334,-172.5901205262));
#13632 = CARTESIAN_POINT('',(-2.890642156279,-172.5779290486));
#13633 = CARTESIAN_POINT('',(-2.891736750814,-172.566704951));
#13634 = CARTESIAN_POINT('',(-2.892842793011,-172.5564777893));
#13635 = CARTESIAN_POINT('',(-2.896242902949,-172.5284471736));
#13636 = CARTESIAN_POINT('',(-2.898569944129,-172.5139042189));
#13637 = CARTESIAN_POINT('',(-2.900929048195,-172.5038851636));
#13638 = CARTESIAN_POINT('',(-2.903307799345,-172.4985637334));
#13639 = CARTESIAN_POINT('',(-2.905692550501,-172.4980251304));
#13640 = CARTESIAN_POINT('',(-2.909730832399,-172.5051934801));
#13641 = CARTESIAN_POINT('',(-2.911389090315,-172.5104729171));
#13642 = CARTESIAN_POINT('',(-2.913038275722,-172.5180724086));
#13643 = CARTESIAN_POINT('',(-2.914673707915,-172.5279580652));
#13644 = CARTESIAN_POINT('',(-2.916290996931,-172.5400734833));
#13645 = CARTESIAN_POINT('',(-2.918598177606,-172.5607131865));
#13646 = CARTESIAN_POINT('',(-2.919305886778,-172.5675132024));
#13647 = CARTESIAN_POINT('',(-2.920008825334,-172.5747359391));
#13648 = CARTESIAN_POINT('',(-2.920706661689,-172.5823741297));
#13649 = CARTESIAN_POINT('',(-2.92139908546,-172.5904199505));
#13650 = CARTESIAN_POINT('',(-2.923161205047,-172.6120898904));
#13651 = CARTESIAN_POINT('',(-2.924222619915,-172.6262941155));
#13652 = CARTESIAN_POINT('',(-2.925268949384,-172.6414451965));
#13653 = CARTESIAN_POINT('',(-2.92629922509,-172.6575091549));
#13654 = CARTESIAN_POINT('',(-2.927312612984,-172.6744505341));
#13655 = CARTESIAN_POINT('',(-2.930146905175,-172.7250620856));
#13656 = CARTESIAN_POINT('',(-2.931925414703,-172.7607569962));
#13657 = CARTESIAN_POINT('',(-2.933639602669,-172.7990890944));
#13658 = CARTESIAN_POINT('',(-2.935286581361,-172.8398275452));
#13659 = CARTESIAN_POINT('',(-2.936864607403,-172.8827505632));
#13660 = CARTESIAN_POINT('',(-2.94024806891,-172.9834954227));
#13661 = CARTESIAN_POINT('',(-2.942015230246,-173.042396756));
#13662 = CARTESIAN_POINT('',(-2.943672774038,-173.1039793324));
#13663 = CARTESIAN_POINT('',(-2.945220620631,-173.1678953818));
#13664 = CARTESIAN_POINT('',(-2.946659650061,-173.2338399509));
#13665 = CARTESIAN_POINT('',(-2.948988849839,-173.3522927092));
#13666 = CARTESIAN_POINT('',(-2.949926106823,-173.4040197215));
#13667 = CARTESIAN_POINT('',(-2.950803594607,-173.4566322625));
#13668 = CARTESIAN_POINT('',(-2.951621940656,-173.5100316799));
#13669 = CARTESIAN_POINT('',(-2.952381800354,-173.5641291709));
#13670 = CARTESIAN_POINT('',(-2.953610999878,-173.6599347945));
#13671 = CARTESIAN_POINT('',(-2.954105554682,-173.7013723689));
#13672 = CARTESIAN_POINT('',(-2.9545677618,-173.7431249952));
#13673 = CARTESIAN_POINT('',(-2.954997877472,-173.7851610383));
#13674 = CARTESIAN_POINT('',(-2.955396140998,-173.8274509018));
#13675 = CARTESIAN_POINT('',(-2.956689799389,-173.9774680339));
#13676 = CARTESIAN_POINT('',(-2.957414523705,-174.0864060185));
#13677 = CARTESIAN_POINT('',(-2.957940709118,-174.1963503706));
#13678 = CARTESIAN_POINT('',(-2.958270692197,-174.3069062525));
#13679 = CARTESIAN_POINT('',(-2.958405951752,-174.417707698));
#13680 = CARTESIAN_POINT('',(-2.95826462713,-174.6808899749));
#13681 = CARTESIAN_POINT('',(-2.957813445168,-174.8331261613));
#13682 = CARTESIAN_POINT('',(-2.956993538472,-174.9842862074));
#13683 = CARTESIAN_POINT('',(-2.955799577017,-175.1333799561));
#13684 = CARTESIAN_POINT('',(-2.954224738088,-175.2792696204));
#13685 = CARTESIAN_POINT('',(-2.95150377006,-175.4747429341));
#13686 = CARTESIAN_POINT('',(-2.9506928708,-175.5281948792));
#13687 = CARTESIAN_POINT('',(-2.949823916437,-175.5808939766));
#13688 = CARTESIAN_POINT('',(-2.948896339612,-175.6327509411));
#13689 = CARTESIAN_POINT('',(-2.947909614131,-175.6836668484));
#13690 = CARTESIAN_POINT('',(-2.945449327745,-175.8009208257));
#13691 = CARTESIAN_POINT('',(-2.943926612337,-175.866387711));
#13692 = CARTESIAN_POINT('',(-2.942293975468,-175.9296708462));
#13693 = CARTESIAN_POINT('',(-2.940550846492,-175.9904547884));
#13694 = CARTESIAN_POINT('',(-2.938697709441,-176.0483812339));
#13695 = CARTESIAN_POINT('',(-2.93515632949,-176.1471156596));
#13696 = CARTESIAN_POINT('',(-2.933506054247,-176.1890608242));
#13697 = CARTESIAN_POINT('',(-2.931786921321,-176.2286868614));
#13698 = CARTESIAN_POINT('',(-2.930001018063,-176.2657660909));
#13699 = CARTESIAN_POINT('',(-2.92815164075,-176.3000628889));
#13700 = CARTESIAN_POINT('',(-2.922969780646,-176.3850226031));
#13701 = CARTESIAN_POINT('',(-2.919520368267,-176.429875869));
#13702 = CARTESIAN_POINT('',(-2.915924643187,-176.4646206063));
#13703 = CARTESIAN_POINT('',(-2.912221624908,-176.4882238975));
#13704 = CARTESIAN_POINT('',(-2.908460671357,-176.5));
#13705 = CARTESIAN_POINT('',(-2.90470270193,-176.5));
#13706 = ( GEOMETRIC_REPRESENTATION_CONTEXT(2) 
PARAMETRIC_REPRESENTATION_CONTEXT() REPRESENTATION_CONTEXT('2D SPACE',''
  ) );
#13707 = PCURVE('',#13708,#13713);
#13708 = CYLINDRICAL_SURFACE('',#13709,2.);
#13709 = AXIS2_PLACEMENT_3D('',#13710,#13711,#13712);
#13710 = CARTESIAN_POINT('',(-87.5,9.,36.347560533156));
#13711 = DIRECTION('',(0.,0.,1.));
#13712 = DIRECTION('',(1.,0.,0.));
#13713 = DEFINITIONAL_REPRESENTATION('',(#13714),#13842);
#13714 = B_SPLINE_CURVE_WITH_KNOTS('',6,(#13715,#13716,#13717,#13718,
    #13719,#13720,#13721,#13722,#13723,#13724,#13725,#13726,#13727,
    #13728,#13729,#13730,#13731,#13732,#13733,#13734,#13735,#13736,
    #13737,#13738,#13739,#13740,#13741,#13742,#13743,#13744,#13745,
    #13746,#13747,#13748,#13749,#13750,#13751,#13752,#13753,#13754,
    #13755,#13756,#13757,#13758,#13759,#13760,#13761,#13762,#13763,
    #13764,#13765,#13766,#13767,#13768,#13769,#13770,#13771,#13772,
    #13773,#13774,#13775,#13776,#13777,#13778,#13779,#13780,#13781,
    #13782,#13783,#13784,#13785,#13786,#13787,#13788,#13789,#13790,
    #13791,#13792,#13793,#13794,#13795,#13796,#13797,#13798,#13799,
    #13800,#13801,#13802,#13803,#13804,#13805,#13806,#13807,#13808,
    #13809,#13810,#13811,#13812,#13813,#13814,#13815,#13816,#13817,
    #13818,#13819,#13820,#13821,#13822,#13823,#13824,#13825,#13826,
    #13827,#13828,#13829,#13830,#13831,#13832,#13833,#13834,#13835,
    #13836,#13837,#13838,#13839,#13840,#13841),.UNSPECIFIED.,.F.,.F.,(7,
    5,5,5,5,5,5,5,5,5,5,5,5,5,5,5,5,5,5,5,5,5,5,5,5,7),(0.,
    5.480630141316E-02,8.969777880666E-02,0.133318236254,0.166607117483,
    0.254778478975,0.318428408596,0.342908108302,0.375634585732,
    0.418699778807,0.453069059318,0.47118184125,0.508239652567,
    0.534168031557,0.545744004938,0.563871826342,0.597340233569,
    0.638955724239,0.670132584452,0.693544440821,0.752740758744,
    0.834270090757,0.865489523965,0.907678161784,0.941672455736,1.),
  .UNSPECIFIED.);
#13715 = CARTESIAN_POINT('',(0.,0.931421480842));
#13716 = CARTESIAN_POINT('',(6.581698698356E-02,0.899642024921));
#13717 = CARTESIAN_POINT('',(0.131614780662,0.867638017538));
#13718 = CARTESIAN_POINT('',(0.19698721076,0.83585307252));
#13719 = CARTESIAN_POINT('',(0.261693920118,0.804684115484));
#13720 = CARTESIAN_POINT('',(0.325540821423,0.774481207128));
#13721 = CARTESIAN_POINT('',(0.428348946997,0.727105262663));
#13722 = CARTESIAN_POINT('',(0.467939320277,0.709177766933));
#13723 = CARTESIAN_POINT('',(0.507104874572,0.691817652394));
#13724 = CARTESIAN_POINT('',(0.545835443985,0.675077181426));
#13725 = CARTESIAN_POINT('',(0.584131957824,0.658996579421));
#13726 = CARTESIAN_POINT('',(0.66935017152,0.624364801756));
#13727 = CARTESIAN_POINT('',(0.716029592328,0.606203294608));
#13728 = CARTESIAN_POINT('',(0.762067137022,0.589177606466));
#13729 = CARTESIAN_POINT('',(0.807495136822,0.573325480294));
#13730 = CARTESIAN_POINT('',(0.852354455316,0.558670087434));
#13731 = CARTESIAN_POINT('',(0.930534812074,0.534962578015));
#13732 = CARTESIAN_POINT('',(0.964070579277,0.525405966604));
#13733 = CARTESIAN_POINT('',(0.99732479431,0.516559976307));
#13734 = CARTESIAN_POINT('',(1.030318488283,0.508428086405));
#13735 = CARTESIAN_POINT('',(1.063072958606,0.501011866358));
#13736 = CARTESIAN_POINT('',(1.18179255343,0.476564174236));
#13737 = CARTESIAN_POINT('',(1.266419171496,0.463845700765));
#13738 = CARTESIAN_POINT('',(1.349964834599,0.456140000679));
#13739 = CARTESIAN_POINT('',(1.43277317807,0.453422735859));
#13740 = CARTESIAN_POINT('',(1.515188088896,0.455620228707));
#13741 = CARTESIAN_POINT('',(1.657150881607,0.467770979475));
#13742 = CARTESIAN_POINT('',(1.71666522682,0.475395667757));
#13743 = CARTESIAN_POINT('',(1.776326741233,0.485525971932));
#13744 = CARTESIAN_POINT('',(1.83627009115,0.498135205098));
#13745 = CARTESIAN_POINT('',(1.896632096158,0.513186426922));
#13746 = CARTESIAN_POINT('',(1.981014025892,0.537350339231));
#13747 = CARTESIAN_POINT('',(2.004537860854,0.544417170705));
#13748 = CARTESIAN_POINT('',(2.028155393359,0.551836312833));
#13749 = CARTESIAN_POINT('',(2.051875293989,0.559604843482));
#13750 = CARTESIAN_POINT('',(2.075706337264,0.56771944777));
#13751 = CARTESIAN_POINT('',(2.131677155862,0.587482392035));
#13752 = CARTESIAN_POINT('',(2.163910955009,0.599400052696));
#13753 = CARTESIAN_POINT('',(2.196380795087,0.611920652288));
#13754 = CARTESIAN_POINT('',(2.229107539844,0.625033317132));
#13755 = CARTESIAN_POINT('',(2.262111820225,0.638724687577));
#13756 = CARTESIAN_POINT('',(2.339238929872,0.671735409534));
#13757 = CARTESIAN_POINT('',(2.383577664579,0.691465083023));
#13758 = CARTESIAN_POINT('',(2.428481612757,0.712131633353));
#13759 = CARTESIAN_POINT('',(2.47399143224,0.7336851898));
#13760 = CARTESIAN_POINT('',(2.520139187831,0.756059188336));
#13761 = CARTESIAN_POINT('',(2.604307804036,0.797609867051));
#13762 = CARTESIAN_POINT('',(2.642086034047,0.816518882024));
#13763 = CARTESIAN_POINT('',(2.680293360069,0.835849529362));
#13764 = CARTESIAN_POINT('',(2.718930431211,0.855545723205));
#13765 = CARTESIAN_POINT('',(2.757986801837,0.87553973562));
#13766 = CARTESIAN_POINT('',(2.818229409203,0.906403232273));
#13767 = CARTESIAN_POINT('',(2.839130054065,0.917115358941));
#13768 = CARTESIAN_POINT('',(2.860136410575,0.927875997972));
#13769 = CARTESIAN_POINT('',(2.881243457537,0.938672410201));
#13770 = CARTESIAN_POINT('',(2.902444959057,0.94949102017));
#13771 = CARTESIAN_POINT('',(2.967288641361,0.982467660085));
#13772 = CARTESIAN_POINT('',(3.011215300123,1.004654287341));
#13773 = CARTESIAN_POINT('',(3.05543472445,1.026747298911));
#13774 = CARTESIAN_POINT('',(3.099865280343,1.048613969955));
#13775 = CARTESIAN_POINT('',(3.144411530205,1.070122169334));
#13776 = CARTESIAN_POINT('',(3.220118088168,1.105851878459));
#13777 = CARTESIAN_POINT('',(3.251284653187,1.120323740381));
#13778 = CARTESIAN_POINT('',(3.282413947421,1.134516264901));
#13779 = CARTESIAN_POINT('',(3.313471058388,1.148392311722));
#13780 = CARTESIAN_POINT('',(3.344423380574,1.161920199335));
#13781 = CARTESIAN_POINT('',(3.388996553213,1.180945633782));
#13782 = CARTESIAN_POINT('',(3.402727340099,1.186743373839));
#13783 = CARTESIAN_POINT('',(3.416428474684,1.19246425443));
#13784 = CARTESIAN_POINT('',(3.430097524453,1.198106264532));
#13785 = CARTESIAN_POINT('',(3.443732250739,1.203667651908));
#13786 = CARTESIAN_POINT('',(3.478625457704,1.217727389426));
#13787 = CARTESIAN_POINT('',(3.499831116001,1.22610644393));
#13788 = CARTESIAN_POINT('',(3.520939846815,1.234278465526));
#13789 = CARTESIAN_POINT('',(3.541945158975,1.242239207678));
#13790 = CARTESIAN_POINT('',(3.562841806936,1.249985798404));
#13791 = CARTESIAN_POINT('',(3.621998125741,1.27142070722));
#13792 = CARTESIAN_POINT('',(3.65998574983,1.284589238106));
#13793 = CARTESIAN_POINT('',(3.697565205075,1.297013000443));
#13794 = CARTESIAN_POINT('',(3.734725923201,1.308695761966));
#13795 = CARTESIAN_POINT('',(3.771467961536,1.319650157275));
#13796 = CARTESIAN_POINT('',(3.852975618752,1.342630237422));
#13797 = CARTESIAN_POINT('',(3.897514223101,1.354266751176));
#13798 = CARTESIAN_POINT('',(3.941437851361,1.364838414431));
#13799 = CARTESIAN_POINT('',(3.984776376462,1.374387663326));
#13800 = CARTESIAN_POINT('',(4.027568372387,1.382959428992));
#13801 = CARTESIAN_POINT('',(4.101547319279,1.396318126052));
#13802 = CARTESIAN_POINT('',(4.132951396715,1.401514863595));
#13803 = CARTESIAN_POINT('',(4.164094036544,1.406204846086));
#13804 = CARTESIAN_POINT('',(4.194994406423,1.410405025523));
#13805 = CARTESIAN_POINT('',(4.225672046236,1.414131094474));
#13806 = CARTESIAN_POINT('',(4.279032881101,1.419850002141));
#13807 = CARTESIAN_POINT('',(4.301803954309,1.422043358339));
#13808 = CARTESIAN_POINT('',(4.324469320677,1.423983375801));
#13809 = CARTESIAN_POINT('',(4.347037387296,1.425675556602));
#13810 = CARTESIAN_POINT('',(4.369516502511,1.427124890664));
#13811 = CARTESIAN_POINT('',(4.448548908749,1.431397752001));
#13812 = CARTESIAN_POINT('',(4.504662427147,1.432935443335));
#13813 = CARTESIAN_POINT('',(4.560399381077,1.433022192195));
#13814 = CARTESIAN_POINT('',(4.61588362516,1.431707392862));
#13815 = CARTESIAN_POINT('',(4.67123771976,1.429022757238));
#13816 = CARTESIAN_POINT('',(4.802842141674,1.419407592721));
#13817 = CARTESIAN_POINT('',(4.879067383635,1.411259522774));
#13818 = CARTESIAN_POINT('',(4.955649359476,1.400561871593));
#13819 = CARTESIAN_POINT('',(5.032898099114,1.387267538713));
#13820 = CARTESIAN_POINT('',(5.111122546215,1.371284992348));
#13821 = CARTESIAN_POINT('',(5.221216243904,1.34522807004));
#13822 = CARTESIAN_POINT('',(5.2518994429,1.337594784709));
#13823 = CARTESIAN_POINT('',(5.282801991222,1.329534402368));
#13824 = CARTESIAN_POINT('',(5.313943169451,1.321037414232));
#13825 = CARTESIAN_POINT('',(5.345341875959,1.312093815503));
#13826 = CARTESIAN_POINT('',(5.41982232335,1.289989851174));
#13827 = CARTESIAN_POINT('',(5.463130183656,1.276452742828));
#13828 = CARTESIAN_POINT('',(5.506990440914,1.262056204317));
#13829 = CARTESIAN_POINT('',(5.551442541047,1.246776362775));
#13830 = CARTESIAN_POINT('',(5.596517124393,1.230595452059));
#13831 = CARTESIAN_POINT('',(5.67907712203,1.199735877924));
#13832 = CARTESIAN_POINT('',(5.716334162415,1.185376605537));
#13833 = CARTESIAN_POINT('',(5.754017166777,1.170425662928));
#13834 = CARTESIAN_POINT('',(5.792126426761,1.154887118266));
#13835 = CARTESIAN_POINT('',(5.830651435688,1.138775214266));
#13836 = CARTESIAN_POINT('',(5.936342786589,1.093537321155));
#13837 = CARTESIAN_POINT('',(6.004330125167,1.063325898029));
#13838 = CARTESIAN_POINT('',(6.073302405476,1.031668749582));
#13839 = CARTESIAN_POINT('',(6.143006433285,0.998841631788));
#13840 = CARTESIAN_POINT('',(6.213138669856,0.965243205677));
#13841 = CARTESIAN_POINT('',(6.28318530718,0.931421480842));
#13842 = ( GEOMETRIC_REPRESENTATION_CONTEXT(2) 
PARAMETRIC_REPRESENTATION_CONTEXT() REPRESENTATION_CONTEXT('2D SPACE',''
  ) );
#13843 = FACE_BOUND('',#13844,.F.);
#13844 = EDGE_LOOP('',(#13845));
#13845 = ORIENTED_EDGE('',*,*,#13846,.F.);
#13846 = EDGE_CURVE('',#13847,#13847,#13849,.T.);
#13847 = VERTEX_POINT('',#13848);
#13848 = CARTESIAN_POINT('',(-85.5,-9.,37.278982013998));
#13849 = SURFACE_CURVE('',#13850,(#13978,#14109),.PCURVE_S1.);
#13850 = B_SPLINE_CURVE_WITH_KNOTS('',6,(#13851,#13852,#13853,#13854,
    #13855,#13856,#13857,#13858,#13859,#13860,#13861,#13862,#13863,
    #13864,#13865,#13866,#13867,#13868,#13869,#13870,#13871,#13872,
    #13873,#13874,#13875,#13876,#13877,#13878,#13879,#13880,#13881,
    #13882,#13883,#13884,#13885,#13886,#13887,#13888,#13889,#13890,
    #13891,#13892,#13893,#13894,#13895,#13896,#13897,#13898,#13899,
    #13900,#13901,#13902,#13903,#13904,#13905,#13906,#13907,#13908,
    #13909,#13910,#13911,#13912,#13913,#13914,#13915,#13916,#13917,
    #13918,#13919,#13920,#13921,#13922,#13923,#13924,#13925,#13926,
    #13927,#13928,#13929,#13930,#13931,#13932,#13933,#13934,#13935,
    #13936,#13937,#13938,#13939,#13940,#13941,#13942,#13943,#13944,
    #13945,#13946,#13947,#13948,#13949,#13950,#13951,#13952,#13953,
    #13954,#13955,#13956,#13957,#13958,#13959,#13960,#13961,#13962,
    #13963,#13964,#13965,#13966,#13967,#13968,#13969,#13970,#13971,
    #13972,#13973,#13974,#13975,#13976,#13977),.UNSPECIFIED.,.T.,.F.,(7,
    5,5,5,5,5,5,5,5,5,5,5,5,5,5,5,5,5,5,5,5,5,5,5,5,7),(0.,
    5.832691264029E-02,9.232119046881E-02,0.134509808278,0.16572922668,
    0.247258520025,0.306454809872,0.329866655137,0.361043500563,
    0.402658971496,0.436127362849,0.454255175655,0.465831143546,
    0.491759510238,0.528817303979,0.546930077321,0.58129934153,
    0.62436451418,0.657090976088,0.681570664184,0.745220563618,
    0.833391883291,0.866680748731,0.910785839981,0.945651615782,1.),
  .UNSPECIFIED.);
#13851 = CARTESIAN_POINT('',(-85.5,-9.,37.278982013998));
#13852 = CARTESIAN_POINT('',(-85.5,-8.859901930145,37.312804896507));
#13853 = CARTESIAN_POINT('',(-85.51177692494,-8.719637834554,
    37.346403106724));
#13854 = CARTESIAN_POINT('',(-85.535379988,-8.581472311647,
    37.379229503492));
#13855 = CARTESIAN_POINT('',(-85.57012396803,-8.447248847677,
    37.410886481757));
#13856 = CARTESIAN_POINT('',(-85.61497795261,-8.318438053427,
    37.441098150254));
#13857 = CARTESIAN_POINT('',(-85.69993711107,-8.124881851258,
    37.486335747423));
#13858 = CARTESIAN_POINT('',(-85.73423390906,-8.055790096013,
    37.502447651423));
#13859 = CARTESIAN_POINT('',(-85.77131313856,-7.989060076763,
    37.517986196085));
#13860 = CARTESIAN_POINT('',(-85.8109391757,-7.924818087484,
    37.532937138693));
#13861 = CARTESIAN_POINT('',(-85.85288434036,-7.863145257288,
    37.547296411081));
#13862 = CARTESIAN_POINT('',(-85.95161876602,-7.730796755112,
    37.578155985216));
#13863 = CARTESIAN_POINT('',(-86.00954521155,-7.661539318729,
    37.594336895932));
#13864 = CARTESIAN_POINT('',(-86.07032915376,-7.596396761427,
    37.609616737474));
#13865 = CARTESIAN_POINT('',(-86.13361228895,-7.535392321775,
    37.624013275984));
#13866 = CARTESIAN_POINT('',(-86.19907917422,-7.478509264193,
    37.63755038433));
#13867 = CARTESIAN_POINT('',(-86.31633315157,-7.386635149403,
    37.65965434866));
#13868 = CARTESIAN_POINT('',(-86.36724905887,-7.349799242914,
    37.668597947389));
#13869 = CARTESIAN_POINT('',(-86.41910602334,-7.315184953464,
    37.677094935525));
#13870 = CARTESIAN_POINT('',(-86.4718051208,-7.282774050127,
    37.685155317865));
#13871 = CARTESIAN_POINT('',(-86.52525706584,-7.252546603451,
    37.692788603196));
#13872 = CARTESIAN_POINT('',(-86.72073037957,-7.151192409145,
    37.718845525505));
#13873 = CARTESIAN_POINT('',(-86.8666200438,-7.092680812908,
    37.73482807187));
#13874 = CARTESIAN_POINT('',(-87.01571379253,-7.048525437684,
    37.74812240475));
#13875 = CARTESIAN_POINT('',(-87.16687383866,-7.01848495772,
    37.75882005593));
#13876 = CARTESIAN_POINT('',(-87.31911002504,-7.00236840519,
    37.766968125878));
#13877 = CARTESIAN_POINT('',(-87.58229230192,-6.998628805018,
    37.776583290395));
#13878 = CARTESIAN_POINT('',(-87.69309374747,-7.004410370942,
    37.779267926018));
#13879 = CARTESIAN_POINT('',(-87.80364962933,-7.017548642842,
    37.780582725351));
#13880 = CARTESIAN_POINT('',(-87.91359398147,-7.038098824294,
    37.780495976491));
#13881 = CARTESIAN_POINT('',(-88.02253196606,-7.066146343983,
    37.778958285157));
#13882 = CARTESIAN_POINT('',(-88.17254909816,-7.11593936578,
    37.77468542382));
#13883 = CARTESIAN_POINT('',(-88.21483896162,-7.131244658248,
    37.773236089758));
#13884 = CARTESIAN_POINT('',(-88.25687500475,-7.147751525609,
    37.771543908958));
#13885 = CARTESIAN_POINT('',(-88.29862763108,-7.165468570018,
    37.769603891495));
#13886 = CARTESIAN_POINT('',(-88.34006520542,-7.184404949183,
    37.767410535297));
#13887 = CARTESIAN_POINT('',(-88.43587082908,-7.231424065139,
    37.76169162763));
#13888 = CARTESIAN_POINT('',(-88.48996832001,-7.260456811172,
    37.757965558679));
#13889 = CARTESIAN_POINT('',(-88.54336773749,-7.291691750239,
    37.753765379243));
#13890 = CARTESIAN_POINT('',(-88.59598027843,-7.325151890661,
    37.749075396751));
#13891 = CARTESIAN_POINT('',(-88.64770729078,-7.360858837306,
    37.743878659209));
#13892 = CARTESIAN_POINT('',(-88.76616004906,-7.449518198855,
    37.730519962148));
#13893 = CARTESIAN_POINT('',(-88.83210461811,-7.504238760733,
    37.721948196482));
#13894 = CARTESIAN_POINT('',(-88.89602066752,-7.563040021546,
    37.712398947588));
#13895 = CARTESIAN_POINT('',(-88.95760324399,-7.62594795409,
    37.701827284332));
#13896 = CARTESIAN_POINT('',(-89.01650457722,-7.692950916094,
    37.690190770579));
#13897 = CARTESIAN_POINT('',(-89.11724943673,-7.821108889006,
    37.667210690432));
#13898 = CARTESIAN_POINT('',(-89.16017245474,-7.880837765554,
    37.656256295122));
#13899 = CARTESIAN_POINT('',(-89.2009109055,-7.943130144135,
    37.644573533599));
#13900 = CARTESIAN_POINT('',(-89.23924300377,-8.007914439343,
    37.632149771262));
#13901 = CARTESIAN_POINT('',(-89.27493791437,-8.07507560066,
    37.618981240376));
#13902 = CARTESIAN_POINT('',(-89.32554946587,-8.182016477189,
    37.597546331561));
#13903 = CARTESIAN_POINT('',(-89.34249084503,-8.220236238355,
    37.589799740834));
#13904 = CARTESIAN_POINT('',(-89.35855480345,-8.25907577355,
    37.581838998682));
#13905 = CARTESIAN_POINT('',(-89.37370588444,-8.29850268546,
    37.573666977086));
#13906 = CARTESIAN_POINT('',(-89.38791010958,-8.338479553988,
    37.565287922583));
#13907 = CARTESIAN_POINT('',(-89.40958004949,-8.404816250272,
    37.551228185064));
#13908 = CARTESIAN_POINT('',(-89.41762587029,-8.430875517816,
    37.545666797688));
#13909 = CARTESIAN_POINT('',(-89.42526406086,-8.457130612639,
    37.540024787586));
#13910 = CARTESIAN_POINT('',(-89.43248679755,-8.483569625606,
    37.534303906995));
#13911 = CARTESIAN_POINT('',(-89.43928681342,-8.510179864697,
    37.528506166939));
#13912 = CARTESIAN_POINT('',(-89.45992651662,-8.596903987801,
    37.509480732492));
#13913 = CARTESIAN_POINT('',(-89.47204193473,-8.657654234836,
    37.495952844878));
#13914 = CARTESIAN_POINT('',(-89.48192759133,-8.719042390731,
    37.482076798058));
#13915 = CARTESIAN_POINT('',(-89.48952708284,-8.780901527451,
    37.467884273538));
#13916 = CARTESIAN_POINT('',(-89.49480651989,-8.84305442799,
    37.453412411615));
#13917 = CARTESIAN_POINT('',(-89.50197486952,-8.994297763174,
    37.417682702491));
#13918 = CARTESIAN_POINT('',(-89.5014362666,-9.083516065638,
    37.396174503111));
#13919 = CARTESIAN_POINT('',(-89.49611483632,-9.172409876777,
    37.374307832067));
#13920 = CARTESIAN_POINT('',(-89.48609578108,-9.260468039483,
    37.352214820497));
#13921 = CARTESIAN_POINT('',(-89.4715528263,-9.347228551263,
    37.330028193241));
#13922 = CARTESIAN_POINT('',(-89.44352221064,-9.473850417956,
    37.297051553326));
#13923 = CARTESIAN_POINT('',(-89.43329504891,-9.515016040789,
    37.286232943358));
#13924 = CARTESIAN_POINT('',(-89.42207095131,-9.555731777601,
    37.275436531128));
#13925 = CARTESIAN_POINT('',(-89.40987947377,-9.595957445644,
    37.264675892097));
#13926 = CARTESIAN_POINT('',(-89.39675209369,-9.635657595612,
    37.25396376543));
#13927 = CARTESIAN_POINT('',(-89.35610029118,-9.749077690486,
    37.223100268776));
#13928 = CARTESIAN_POINT('',(-89.32622842966,-9.821349748004,
    37.203106256362));
#13929 = CARTESIAN_POINT('',(-89.29333054659,-9.891410935809,
    37.183410062518));
#13930 = CARTESIAN_POINT('',(-89.25763958264,-9.95911290525,
    37.16407941518));
#13931 = CARTESIAN_POINT('',(-89.21938373772,-10.02435448527,
    37.145170400207));
#13932 = CARTESIAN_POINT('',(-89.12788652136,-10.16565446125,
    37.103619721492));
#13933 = CARTESIAN_POINT('',(-89.07330625766,-10.24026772388,
    37.081245722957));
#13934 = CARTESIAN_POINT('',(-89.01544080228,-10.31079313733,
    37.05969216651));
#13935 = CARTESIAN_POINT('',(-88.95466850821,-10.3771760823,
    37.039025616179));
#13936 = CARTESIAN_POINT('',(-88.8913264782,-10.43940710071,
    37.01929594269));
#13937 = CARTESIAN_POINT('',(-88.77582827938,-10.54165449794,
    36.986285220733));
#13938 = CARTESIAN_POINT('',(-88.72463983361,-10.58341522526,
    36.972593850288));
#13939 = CARTESIAN_POINT('',(-88.67226149143,-10.62279385018,
    36.959481185445));
#13940 = CARTESIAN_POINT('',(-88.61880993496,-10.65980179108,
    36.946960585852));
#13941 = CARTESIAN_POINT('',(-88.56439125824,-10.69445339505,
    36.935042925191));
#13942 = CARTESIAN_POINT('',(-88.4677428328,-10.75093358625,
    36.915279980927));
#13943 = CARTESIAN_POINT('',(-88.42589766188,-10.77379277099,
    36.907165376639));
#13944 = CARTESIAN_POINT('',(-88.3836053602,-10.79534862814,
    36.89939684599));
#13945 = CARTESIAN_POINT('',(-88.34090392167,-10.81560742962,
    36.891977703861));
#13946 = CARTESIAN_POINT('',(-88.29782914281,-10.83457519613,
    36.884910872387));
#13947 = CARTESIAN_POINT('',(-88.14153206395,-10.89823415782,
    36.860746960078));
#13948 = CARTESIAN_POINT('',(-88.02636383222,-10.93551682162,
    36.845695738254));
#13949 = CARTESIAN_POINT('',(-87.9094830177,-10.96421622902,
    36.833086505088));
#13950 = CARTESIAN_POINT('',(-87.79141739824,-10.98439313716,
    36.822956200913));
#13951 = CARTESIAN_POINT('',(-87.67265980121,-10.99608557046,
    36.815331512631));
#13952 = CARTESIAN_POINT('',(-87.38883646028,-11.00370457288,
    36.803180761863));
#13953 = CARTESIAN_POINT('',(-87.22362921691,-10.99181981121,
    36.800983269015));
#13954 = CARTESIAN_POINT('',(-87.0592092687,-10.96361827363,
    36.803700533835));
#13955 = CARTESIAN_POINT('',(-86.8969156472,-10.91885590631,
    36.811406233921));
#13956 = CARTESIAN_POINT('',(-86.73826012327,-10.85727262529,
    36.824124707392));
#13957 = CARTESIAN_POINT('',(-86.52712734049,-10.74864336214,
    36.848572399514));
#13958 = CARTESIAN_POINT('',(-86.47003873691,-10.71641342578,
    36.855988619562));
#13959 = CARTESIAN_POINT('',(-86.41382649992,-10.68170546177,
    36.864120509464));
#13960 = CARTESIAN_POINT('',(-86.3586013312,-10.64450034545,
    36.87296649976));
#13961 = CARTESIAN_POINT('',(-86.30448504445,-10.60478170104,
    36.882523111172));
#13962 = CARTESIAN_POINT('',(-86.18155550539,-10.5065671128,
    36.906380016705));
#13963 = CARTESIAN_POINT('',(-86.11368475014,-10.44616683825,
    36.921211808321));
#13964 = CARTESIAN_POINT('',(-86.04830204303,-10.38130635917,
    36.937266942924));
#13965 = CARTESIAN_POINT('',(-85.98576783451,-10.31198310429,
    36.954521355369));
#13966 = CARTESIAN_POINT('',(-85.9264881306,-10.23824140849,
    36.972935670782));
#13967 = CARTESIAN_POINT('',(-85.82696313871,-10.09849226301,
    37.007878232013));
#13968 = CARTESIAN_POINT('',(-85.78533440555,-10.03410411057,
    37.023992637627));
#13969 = CARTESIAN_POINT('',(-85.74623730602,-9.96708773423,
    37.040763875263));
#13970 = CARTESIAN_POINT('',(-85.70991181406,-9.897539820794,
    37.058151336454));
#13971 = CARTESIAN_POINT('',(-85.67660426046,-9.825605334407,
    37.076102345961));
#13972 = CARTESIAN_POINT('',(-85.59971102751,-9.635958671856,
    37.123306847089));
#13973 = CARTESIAN_POINT('',(-85.5607527147,-9.515056616675,
    37.153288614492));
#13974 = CARTESIAN_POINT('',(-85.5306566094,-9.389687037461,
    37.184212296459));
#13975 = CARTESIAN_POINT('',(-85.51022263908,-9.261021873789,
    37.215735528961));
#13976 = CARTESIAN_POINT('',(-85.5,-9.130526935479,37.247469822521));
#13977 = CARTESIAN_POINT('',(-85.5,-9.,37.278982013998));
#13978 = PCURVE('',#6874,#13979);
#13979 = DEFINITIONAL_REPRESENTATION('',(#13980),#14108);
#13980 = B_SPLINE_CURVE_WITH_KNOTS('',6,(#13981,#13982,#13983,#13984,
    #13985,#13986,#13987,#13988,#13989,#13990,#13991,#13992,#13993,
    #13994,#13995,#13996,#13997,#13998,#13999,#14000,#14001,#14002,
    #14003,#14004,#14005,#14006,#14007,#14008,#14009,#14010,#14011,
    #14012,#14013,#14014,#14015,#14016,#14017,#14018,#14019,#14020,
    #14021,#14022,#14023,#14024,#14025,#14026,#14027,#14028,#14029,
    #14030,#14031,#14032,#14033,#14034,#14035,#14036,#14037,#14038,
    #14039,#14040,#14041,#14042,#14043,#14044,#14045,#14046,#14047,
    #14048,#14049,#14050,#14051,#14052,#14053,#14054,#14055,#14056,
    #14057,#14058,#14059,#14060,#14061,#14062,#14063,#14064,#14065,
    #14066,#14067,#14068,#14069,#14070,#14071,#14072,#14073,#14074,
    #14075,#14076,#14077,#14078,#14079,#14080,#14081,#14082,#14083,
    #14084,#14085,#14086,#14087,#14088,#14089,#14090,#14091,#14092,
    #14093,#14094,#14095,#14096,#14097,#14098,#14099,#14100,#14101,
    #14102,#14103,#14104,#14105,#14106,#14107),.UNSPECIFIED.,.T.,.F.,(7,
    5,5,5,5,5,5,5,5,5,5,5,5,5,5,5,5,5,5,5,5,5,5,5,5,7),(0.,
    5.832691264029E-02,9.232119046881E-02,0.134509808278,0.16572922668,
    0.247258520025,0.306454809872,0.329866655137,0.361043500563,
    0.402658971496,0.436127362849,0.454255175655,0.465831143546,
    0.491759510238,0.528817303979,0.546930077321,0.58129934153,
    0.62436451418,0.657090976088,0.681570664184,0.745220563618,
    0.833391883291,0.866680748731,0.910785839981,0.945651615782,1.),
  .UNSPECIFIED.);
#13981 = CARTESIAN_POINT('',(-3.378482605249,-176.5));
#13982 = CARTESIAN_POINT('',(-3.374724507193,-176.5));
#13983 = CARTESIAN_POINT('',(-3.370963575649,-176.488223075));
#13984 = CARTESIAN_POINT('',(-3.36726063832,-176.4646200119));
#13985 = CARTESIAN_POINT('',(-3.363664933489,-176.4298760319));
#13986 = CARTESIAN_POINT('',(-3.360215492634,-176.3850220473));
#13987 = CARTESIAN_POINT('',(-3.355033666429,-176.3000628889));
#13988 = CARTESIAN_POINT('',(-3.353184289117,-176.2657660909));
#13989 = CARTESIAN_POINT('',(-3.351398385859,-176.2286868614));
#13990 = CARTESIAN_POINT('',(-3.349679252933,-176.1890608242));
#13991 = CARTESIAN_POINT('',(-3.34802897769,-176.1471156596));
#13992 = CARTESIAN_POINT('',(-3.344487597738,-176.0483812339));
#13993 = CARTESIAN_POINT('',(-3.342634460688,-175.9904547884));
#13994 = CARTESIAN_POINT('',(-3.340891331712,-175.9296708462));
#13995 = CARTESIAN_POINT('',(-3.339258694842,-175.866387711));
#13996 = CARTESIAN_POINT('',(-3.337735979434,-175.8009208257));
#13997 = CARTESIAN_POINT('',(-3.335275693049,-175.6836668484));
#13998 = CARTESIAN_POINT('',(-3.334288967568,-175.6327509411));
#13999 = CARTESIAN_POINT('',(-3.333361390742,-175.5808939766));
#14000 = CARTESIAN_POINT('',(-3.33249243638,-175.5281948792));
#14001 = CARTESIAN_POINT('',(-3.33168153712,-175.4747429341));
#14002 = CARTESIAN_POINT('',(-3.328960569092,-175.2792696204));
#14003 = CARTESIAN_POINT('',(-3.327385730163,-175.1333799561));
#14004 = CARTESIAN_POINT('',(-3.326191768707,-174.9842862074));
#14005 = CARTESIAN_POINT('',(-3.325371862012,-174.8331261613));
#14006 = CARTESIAN_POINT('',(-3.32492068005,-174.6808899749));
#14007 = CARTESIAN_POINT('',(-3.324779355428,-174.417707698));
#14008 = CARTESIAN_POINT('',(-3.324914614982,-174.3069062525));
#14009 = CARTESIAN_POINT('',(-3.325244598062,-174.1963503706));
#14010 = CARTESIAN_POINT('',(-3.325770783475,-174.0864060185));
#14011 = CARTESIAN_POINT('',(-3.326495507791,-173.9774680339));
#14012 = CARTESIAN_POINT('',(-3.327789166182,-173.8274509018));
#14013 = CARTESIAN_POINT('',(-3.328187429708,-173.7851610383));
#14014 = CARTESIAN_POINT('',(-3.328617545379,-173.7431249952));
#14015 = CARTESIAN_POINT('',(-3.329079752498,-173.7013723689));
#14016 = CARTESIAN_POINT('',(-3.329574307301,-173.6599347945));
#14017 = CARTESIAN_POINT('',(-3.330803506826,-173.5641291709));
#14018 = CARTESIAN_POINT('',(-3.331563366523,-173.5100316799));
#14019 = CARTESIAN_POINT('',(-3.332381712572,-173.4566322625));
#14020 = CARTESIAN_POINT('',(-3.333259200356,-173.4040197215));
#14021 = CARTESIAN_POINT('',(-3.334196457341,-173.3522927092));
#14022 = CARTESIAN_POINT('',(-3.336525657118,-173.2338399509));
#14023 = CARTESIAN_POINT('',(-3.337964686549,-173.1678953818));
#14024 = CARTESIAN_POINT('',(-3.339512533141,-173.1039793324));
#14025 = CARTESIAN_POINT('',(-3.341170076933,-173.042396756));
#14026 = CARTESIAN_POINT('',(-3.342937238269,-172.9834954227));
#14027 = CARTESIAN_POINT('',(-3.346320699777,-172.8827505632));
#14028 = CARTESIAN_POINT('',(-3.347898725818,-172.8398275452));
#14029 = CARTESIAN_POINT('',(-3.349545704511,-172.7990890944));
#14030 = CARTESIAN_POINT('',(-3.351259892477,-172.7607569962));
#14031 = CARTESIAN_POINT('',(-3.353038402005,-172.7250620856));
#14032 = CARTESIAN_POINT('',(-3.355872694195,-172.6744505341));
#14033 = CARTESIAN_POINT('',(-3.35688608209,-172.6575091549));
#14034 = CARTESIAN_POINT('',(-3.357916357796,-172.6414451965));
#14035 = CARTESIAN_POINT('',(-3.358962687265,-172.6262941155));
#14036 = CARTESIAN_POINT('',(-3.360024102132,-172.6120898904));
#14037 = CARTESIAN_POINT('',(-3.361786221719,-172.5904199505));
#14038 = CARTESIAN_POINT('',(-3.36247864549,-172.5823741297));
#14039 = CARTESIAN_POINT('',(-3.363176481845,-172.5747359391));
#14040 = CARTESIAN_POINT('',(-3.363879420401,-172.5675132024));
#14041 = CARTESIAN_POINT('',(-3.364587129573,-172.5607131865));
#14042 = CARTESIAN_POINT('',(-3.366894310248,-172.5400734833));
#14043 = CARTESIAN_POINT('',(-3.368511599264,-172.5279580652));
#14044 = CARTESIAN_POINT('',(-3.370147031457,-172.5180724086));
#14045 = CARTESIAN_POINT('',(-3.371796216864,-172.5104729171));
#14046 = CARTESIAN_POINT('',(-3.37345447478,-172.5051934801));
#14047 = CARTESIAN_POINT('',(-3.377492756679,-172.4980251304));
#14048 = CARTESIAN_POINT('',(-3.379877507834,-172.4985637334));
#14049 = CARTESIAN_POINT('',(-3.382256258984,-172.5038851636));
#14050 = CARTESIAN_POINT('',(-3.38461536305,-172.5139042189));
#14051 = CARTESIAN_POINT('',(-3.386942404231,-172.5284471736));
#14052 = CARTESIAN_POINT('',(-3.390342514168,-172.5564777893));
#14053 = CARTESIAN_POINT('',(-3.391448556366,-172.566704951));
#14054 = CARTESIAN_POINT('',(-3.392543150901,-172.5779290486));
#14055 = CARTESIAN_POINT('',(-3.393625204846,-172.5901205262));
#14056 = CARTESIAN_POINT('',(-3.394693749092,-172.6032479063));
#14057 = CARTESIAN_POINT('',(-3.397748278577,-172.6438997088));
#14058 = CARTESIAN_POINT('',(-3.3996968967,-172.6737715703));
#14059 = CARTESIAN_POINT('',(-3.401588103956,-172.7066694534));
#14060 = CARTESIAN_POINT('',(-3.40341775019,-172.7423604173));
#14061 = CARTESIAN_POINT('',(-3.405182938299,-172.7806162622));
#14062 = CARTESIAN_POINT('',(-3.409010359485,-172.8721134786));
#14063 = CARTESIAN_POINT('',(-3.41103460168,-172.9266937423));
#14064 = CARTESIAN_POINT('',(-3.412950968864,-172.9845591977));
#14065 = CARTESIAN_POINT('',(-3.414757643698,-173.0453314917));
#14066 = CARTESIAN_POINT('',(-3.416454040169,-173.1086735217));
#14067 = CARTESIAN_POINT('',(-3.419245842727,-173.2241717206));
#14068 = CARTESIAN_POINT('',(-3.420387701043,-173.2753601663));
#14069 = CARTESIAN_POINT('',(-3.421465990412,-173.3277385085));
#14070 = CARTESIAN_POINT('',(-3.422480894855,-173.381190065));
#14071 = CARTESIAN_POINT('',(-3.423432686564,-173.4356087417));
#14072 = CARTESIAN_POINT('',(-3.424986671978,-173.5322571671));
#14073 = CARTESIAN_POINT('',(-3.425616513936,-173.5741023381));
#14074 = CARTESIAN_POINT('',(-3.426211347574,-173.6163946397));
#14075 = CARTESIAN_POINT('',(-3.426771301025,-173.6590960783));
#14076 = CARTESIAN_POINT('',(-3.427296498511,-173.7021708571));
#14077 = CARTESIAN_POINT('',(-3.429062575415,-173.858467936));
#14078 = CARTESIAN_POINT('',(-3.430103804326,-173.9736361677));
#14079 = CARTESIAN_POINT('',(-3.430913114351,-174.0905169822));
#14080 = CARTESIAN_POINT('',(-3.431491645255,-174.2085826017));
#14081 = CARTESIAN_POINT('',(-3.431840040961,-174.3273401987));
#14082 = CARTESIAN_POINT('',(-3.432120605353,-174.6111635397));
#14083 = CARTESIAN_POINT('',(-3.431840636618,-174.776370783));
#14084 = CARTESIAN_POINT('',(-3.431116880441,-174.9407907312));
#14085 = CARTESIAN_POINT('',(-3.429942410017,-175.1030843527));
#14086 = CARTESIAN_POINT('',(-3.428310280402,-175.2617398767));
#14087 = CARTESIAN_POINT('',(-3.425415391201,-175.4728726595));
#14088 = CARTESIAN_POINT('',(-3.424555201724,-175.529961263));
#14089 = CARTESIAN_POINT('',(-3.42362770982,-175.5861735));
#14090 = CARTESIAN_POINT('',(-3.422632435459,-175.6413986687));
#14091 = CARTESIAN_POINT('',(-3.421568981614,-175.6955149555));
#14092 = CARTESIAN_POINT('',(-3.418937390315,-175.8184444946));
#14093 = CARTESIAN_POINT('',(-3.41731763902,-175.8863152498));
#14094 = CARTESIAN_POINT('',(-3.415577130906,-175.9516979569));
#14095 = CARTESIAN_POINT('',(-3.413715949227,-176.0142321654));
#14096 = CARTESIAN_POINT('',(-3.411735464793,-176.0735118694));
#14097 = CARTESIAN_POINT('',(-3.407981441776,-176.1730368612));
#14098 = CARTESIAN_POINT('',(-3.406251554683,-176.2146655944));
#14099 = CARTESIAN_POINT('',(-3.404450911433,-176.2537626939));
#14100 = CARTESIAN_POINT('',(-3.402582218654,-176.2900881859));
#14101 = CARTESIAN_POINT('',(-3.400649482409,-176.3233957395));
#14102 = CARTESIAN_POINT('',(-3.395554528926,-176.4002889724));
#14103 = CARTESIAN_POINT('',(-3.392306871067,-176.4392472852));
#14104 = CARTESIAN_POINT('',(-3.388940030829,-176.4693433905));
#14105 = CARTESIAN_POINT('',(-3.385485862589,-176.4897773609));
#14106 = CARTESIAN_POINT('',(-3.381983959858,-176.5));
#14107 = CARTESIAN_POINT('',(-3.378482605249,-176.5));
#14108 = ( GEOMETRIC_REPRESENTATION_CONTEXT(2) 
PARAMETRIC_REPRESENTATION_CONTEXT() REPRESENTATION_CONTEXT('2D SPACE',''
  ) );
#14109 = PCURVE('',#14110,#14115);
#14110 = CYLINDRICAL_SURFACE('',#14111,2.);
#14111 = AXIS2_PLACEMENT_3D('',#14112,#14113,#14114);
#14112 = CARTESIAN_POINT('',(-87.5,-9.,36.347560533156));
#14113 = DIRECTION('',(0.,0.,1.));
#14114 = DIRECTION('',(1.,0.,0.));
#14115 = DEFINITIONAL_REPRESENTATION('',(#14116),#14244);
#14116 = B_SPLINE_CURVE_WITH_KNOTS('',6,(#14117,#14118,#14119,#14120,
    #14121,#14122,#14123,#14124,#14125,#14126,#14127,#14128,#14129,
    #14130,#14131,#14132,#14133,#14134,#14135,#14136,#14137,#14138,
    #14139,#14140,#14141,#14142,#14143,#14144,#14145,#14146,#14147,
    #14148,#14149,#14150,#14151,#14152,#14153,#14154,#14155,#14156,
    #14157,#14158,#14159,#14160,#14161,#14162,#14163,#14164,#14165,
    #14166,#14167,#14168,#14169,#14170,#14171,#14172,#14173,#14174,
    #14175,#14176,#14177,#14178,#14179,#14180,#14181,#14182,#14183,
    #14184,#14185,#14186,#14187,#14188,#14189,#14190,#14191,#14192,
    #14193,#14194,#14195,#14196,#14197,#14198,#14199,#14200,#14201,
    #14202,#14203,#14204,#14205,#14206,#14207,#14208,#14209,#14210,
    #14211,#14212,#14213,#14214,#14215,#14216,#14217,#14218,#14219,
    #14220,#14221,#14222,#14223,#14224,#14225,#14226,#14227,#14228,
    #14229,#14230,#14231,#14232,#14233,#14234,#14235,#14236,#14237,
    #14238,#14239,#14240,#14241,#14242,#14243),.UNSPECIFIED.,.F.,.F.,(7,
    5,5,5,5,5,5,5,5,5,5,5,5,5,5,5,5,5,5,5,5,5,5,5,5,7),(0.,
    5.832691264029E-02,9.232119046881E-02,0.134509808278,0.16572922668,
    0.247258520025,0.306454809872,0.329866655137,0.361043500563,
    0.402658971496,0.436127362849,0.454255175655,0.465831143546,
    0.491759510238,0.528817303979,0.546930077321,0.58129934153,
    0.62436451418,0.657090976088,0.681570664184,0.745220563618,
    0.833391883291,0.866680748731,0.910785839981,0.945651615782,1.),
  .UNSPECIFIED.);
#14117 = CARTESIAN_POINT('',(0.,0.931421480842));
#14118 = CARTESIAN_POINT('',(7.004903492775E-02,0.96524436335));
#14119 = CARTESIAN_POINT('',(0.14018085839,0.998842573568));
#14120 = CARTESIAN_POINT('',(0.209883462562,1.031668970336));
#14121 = CARTESIAN_POINT('',(0.278855245022,1.063325948601));
#14122 = CARTESIAN_POINT('',(0.346843212014,1.093537617097));
#14123 = CARTESIAN_POINT('',(0.452533871492,1.138775214266));
#14124 = CARTESIAN_POINT('',(0.491058880419,1.154887118266));
#14125 = CARTESIAN_POINT('',(0.529168140402,1.170425662929));
#14126 = CARTESIAN_POINT('',(0.566851144764,1.185376605537));
#14127 = CARTESIAN_POINT('',(0.60410818515,1.199735877925));
#14128 = CARTESIAN_POINT('',(0.686668182787,1.230595452059));
#14129 = CARTESIAN_POINT('',(0.731742766133,1.246776362776));
#14130 = CARTESIAN_POINT('',(0.776194866266,1.262056204317));
#14131 = CARTESIAN_POINT('',(0.820055123524,1.276452742828));
#14132 = CARTESIAN_POINT('',(0.863362983829,1.289989851174));
#14133 = CARTESIAN_POINT('',(0.937843431221,1.312093815503));
#14134 = CARTESIAN_POINT('',(0.969242137729,1.321037414233));
#14135 = CARTESIAN_POINT('',(1.000383315957,1.329534402368));
#14136 = CARTESIAN_POINT('',(1.03128586428,1.337594784709));
#14137 = CARTESIAN_POINT('',(1.061969063276,1.34522807004));
#14138 = CARTESIAN_POINT('',(1.172062760965,1.371284992348));
#14139 = CARTESIAN_POINT('',(1.250287208066,1.387267538713));
#14140 = CARTESIAN_POINT('',(1.327535947704,1.400561871593));
#14141 = CARTESIAN_POINT('',(1.404117923545,1.411259522774));
#14142 = CARTESIAN_POINT('',(1.480343165505,1.419407592721));
#14143 = CARTESIAN_POINT('',(1.61194758742,1.429022757238));
#14144 = CARTESIAN_POINT('',(1.66730168202,1.431707392862));
#14145 = CARTESIAN_POINT('',(1.722785926103,1.433022192195));
#14146 = CARTESIAN_POINT('',(1.778522880033,1.432935443335));
#14147 = CARTESIAN_POINT('',(1.83463639843,1.431397752001));
#14148 = CARTESIAN_POINT('',(1.913668804668,1.427124890664));
#14149 = CARTESIAN_POINT('',(1.936147919884,1.425675556602));
#14150 = CARTESIAN_POINT('',(1.958715986503,1.423983375801));
#14151 = CARTESIAN_POINT('',(1.981381352871,1.422043358339));
#14152 = CARTESIAN_POINT('',(2.004152426079,1.419850002141));
#14153 = CARTESIAN_POINT('',(2.057513260943,1.414131094474));
#14154 = CARTESIAN_POINT('',(2.088190900757,1.410405025523));
#14155 = CARTESIAN_POINT('',(2.119091270636,1.406204846086));
#14156 = CARTESIAN_POINT('',(2.150233910465,1.401514863595));
#14157 = CARTESIAN_POINT('',(2.181637987901,1.396318126052));
#14158 = CARTESIAN_POINT('',(2.255616934792,1.382959428992));
#14159 = CARTESIAN_POINT('',(2.298408930718,1.374387663326));
#14160 = CARTESIAN_POINT('',(2.341747455819,1.364838414431));
#14161 = CARTESIAN_POINT('',(2.385671084078,1.354266751176));
#14162 = CARTESIAN_POINT('',(2.430209688428,1.342630237422));
#14163 = CARTESIAN_POINT('',(2.511717345643,1.319650157275));
#14164 = CARTESIAN_POINT('',(2.548459383979,1.308695761966));
#14165 = CARTESIAN_POINT('',(2.585620102104,1.297013000443));
#14166 = CARTESIAN_POINT('',(2.623199557349,1.284589238106));
#14167 = CARTESIAN_POINT('',(2.661187181439,1.27142070722));
#14168 = CARTESIAN_POINT('',(2.720343500244,1.249985798404));
#14169 = CARTESIAN_POINT('',(2.741240148205,1.242239207678));
#14170 = CARTESIAN_POINT('',(2.762245460365,1.234278465525));
#14171 = CARTESIAN_POINT('',(2.783354191179,1.22610644393));
#14172 = CARTESIAN_POINT('',(2.804559849475,1.217727389426));
#14173 = CARTESIAN_POINT('',(2.839453056441,1.203667651908));
#14174 = CARTESIAN_POINT('',(2.853087782727,1.198106264532));
#14175 = CARTESIAN_POINT('',(2.866756832495,1.19246425443));
#14176 = CARTESIAN_POINT('',(2.88045796708,1.186743373839));
#14177 = CARTESIAN_POINT('',(2.894188753967,1.180945633782));
#14178 = CARTESIAN_POINT('',(2.938761926606,1.161920199335));
#14179 = CARTESIAN_POINT('',(2.969714248792,1.148392311722));
#14180 = CARTESIAN_POINT('',(3.000771359758,1.134516264901));
#14181 = CARTESIAN_POINT('',(3.031900653992,1.120323740381));
#14182 = CARTESIAN_POINT('',(3.063067219012,1.105851878459));
#14183 = CARTESIAN_POINT('',(3.138773776974,1.070122169334));
#14184 = CARTESIAN_POINT('',(3.183320026836,1.048613969955));
#14185 = CARTESIAN_POINT('',(3.22775058273,1.026747298911));
#14186 = CARTESIAN_POINT('',(3.271970007057,1.004654287341));
#14187 = CARTESIAN_POINT('',(3.315896665819,0.982467660085));
#14188 = CARTESIAN_POINT('',(3.380740348122,0.94949102017));
#14189 = CARTESIAN_POINT('',(3.401941849642,0.938672410201));
#14190 = CARTESIAN_POINT('',(3.423048896604,0.927875997972));
#14191 = CARTESIAN_POINT('',(3.444055253115,0.917115358941));
#14192 = CARTESIAN_POINT('',(3.464955897977,0.906403232273));
#14193 = CARTESIAN_POINT('',(3.525198505343,0.87553973562));
#14194 = CARTESIAN_POINT('',(3.564254875968,0.855545723205));
#14195 = CARTESIAN_POINT('',(3.602891947111,0.835849529362));
#14196 = CARTESIAN_POINT('',(3.641099273133,0.816518882024));
#14197 = CARTESIAN_POINT('',(3.678877503144,0.797609867051));
#14198 = CARTESIAN_POINT('',(3.763046119349,0.756059188336));
#14199 = CARTESIAN_POINT('',(3.80919387494,0.7336851898));
#14200 = CARTESIAN_POINT('',(3.854703694422,0.712131633353));
#14201 = CARTESIAN_POINT('',(3.899607642601,0.691465083023));
#14202 = CARTESIAN_POINT('',(3.943946377308,0.671735409534));
#14203 = CARTESIAN_POINT('',(4.021073486955,0.638724687577));
#14204 = CARTESIAN_POINT('',(4.054077767336,0.625033317132));
#14205 = CARTESIAN_POINT('',(4.086804512092,0.611920652288));
#14206 = CARTESIAN_POINT('',(4.119274352171,0.599400052696));
#14207 = CARTESIAN_POINT('',(4.151508151317,0.587482392035));
#14208 = CARTESIAN_POINT('',(4.207478969915,0.56771944777));
#14209 = CARTESIAN_POINT('',(4.231310013191,0.559604843482));
#14210 = CARTESIAN_POINT('',(4.255029913821,0.551836312833));
#14211 = CARTESIAN_POINT('',(4.278647446326,0.544417170705));
#14212 = CARTESIAN_POINT('',(4.302171281287,0.537350339231));
#14213 = CARTESIAN_POINT('',(4.386553211022,0.513186426922));
#14214 = CARTESIAN_POINT('',(4.44691521603,0.498135205098));
#14215 = CARTESIAN_POINT('',(4.506858565946,0.485525971932));
#14216 = CARTESIAN_POINT('',(4.566520080359,0.475395667757));
#14217 = CARTESIAN_POINT('',(4.626034425572,0.467770979475));
#14218 = CARTESIAN_POINT('',(4.767997218284,0.455620228707));
#14219 = CARTESIAN_POINT('',(4.85041212911,0.453422735859));
#14220 = CARTESIAN_POINT('',(4.93322047258,0.456140000679));
#14221 = CARTESIAN_POINT('',(5.016766135685,0.463845700765));
#14222 = CARTESIAN_POINT('',(5.101392753749,0.476564174236));
#14223 = CARTESIAN_POINT('',(5.220112348574,0.501011866358));
#14224 = CARTESIAN_POINT('',(5.252866818897,0.508428086406));
#14225 = CARTESIAN_POINT('',(5.285860512869,0.516559976307));
#14226 = CARTESIAN_POINT('',(5.319114727903,0.525405966604));
#14227 = CARTESIAN_POINT('',(5.352650495106,0.534962578015));
#14228 = CARTESIAN_POINT('',(5.431323516079,0.558819483548));
#14229 = CARTESIAN_POINT('',(5.476687020369,0.573651275165));
#14230 = CARTESIAN_POINT('',(5.522632520907,0.589706409768));
#14231 = CARTESIAN_POINT('',(5.569202171872,0.606960822213));
#14232 = CARTESIAN_POINT('',(5.616429133119,0.625375137626));
#14233 = CARTESIAN_POINT('',(5.702212359438,0.660317698857));
#14234 = CARTESIAN_POINT('',(5.740510402165,0.676432104471));
#14235 = CARTESIAN_POINT('',(5.779242020608,0.693203342106));
#14236 = CARTESIAN_POINT('',(5.818407737161,0.710590803297));
#14237 = CARTESIAN_POINT('',(5.857996906353,0.728541812805));
#14238 = CARTESIAN_POINT('',(5.960318001307,0.775746313932));
#14239 = CARTESIAN_POINT('',(6.023658387995,0.805728081336));
#14240 = CARTESIAN_POINT('',(6.087840821787,0.836651763302));
#14241 = CARTESIAN_POINT('',(6.152674518365,0.868174995804));
#14242 = CARTESIAN_POINT('',(6.21792183944,0.899909289364));
#14243 = CARTESIAN_POINT('',(6.28318530718,0.931421480842));
#14244 = ( GEOMETRIC_REPRESENTATION_CONTEXT(2) 
PARAMETRIC_REPRESENTATION_CONTEXT() REPRESENTATION_CONTEXT('2D SPACE',''
  ) );
#14245 = ADVANCED_FACE('',(#14246),#6845,.F.);
#14246 = FACE_BOUND('',#14247,.F.);
#14247 = EDGE_LOOP('',(#14248,#14249,#14250,#14251));
#14248 = ORIENTED_EDGE('',*,*,#6959,.F.);
#14249 = ORIENTED_EDGE('',*,*,#6908,.T.);
#14250 = ORIENTED_EDGE('',*,*,#6829,.T.);
#14251 = ORIENTED_EDGE('',*,*,#13416,.T.);
#14252 = ADVANCED_FACE('',(#14253),#7446,.F.);
#14253 = FACE_BOUND('',#14254,.F.);
#14254 = EDGE_LOOP('',(#14255,#14256,#14257,#14258));
#14255 = ORIENTED_EDGE('',*,*,#7430,.F.);
#14256 = ORIENTED_EDGE('',*,*,#13386,.T.);
#14257 = ORIENTED_EDGE('',*,*,#7577,.T.);
#14258 = ORIENTED_EDGE('',*,*,#7482,.F.);
#14259 = ADVANCED_FACE('',(#14260),#8364,.T.);
#14260 = FACE_BOUND('',#14261,.T.);
#14261 = EDGE_LOOP('',(#14262,#14291,#14312,#14313));
#14262 = ORIENTED_EDGE('',*,*,#14263,.F.);
#14263 = EDGE_CURVE('',#14264,#14264,#14266,.T.);
#14264 = VERTEX_POINT('',#14265);
#14265 = CARTESIAN_POINT('',(-77.175,-26.25,54.3));
#14266 = SURFACE_CURVE('',#14267,(#14272,#14279),.PCURVE_S1.);
#14267 = CIRCLE('',#14268,3.5);
#14268 = AXIS2_PLACEMENT_3D('',#14269,#14270,#14271);
#14269 = CARTESIAN_POINT('',(-80.675,-26.25,54.3));
#14270 = DIRECTION('',(0.,0.,1.));
#14271 = DIRECTION('',(1.,0.,0.));
#14272 = PCURVE('',#8364,#14273);
#14273 = DEFINITIONAL_REPRESENTATION('',(#14274),#14278);
#14274 = LINE('',#14275,#14276);
#14275 = CARTESIAN_POINT('',(0.,6.3));
#14276 = VECTOR('',#14277,1.);
#14277 = DIRECTION('',(1.,0.));
#14278 = ( GEOMETRIC_REPRESENTATION_CONTEXT(2) 
PARAMETRIC_REPRESENTATION_CONTEXT() REPRESENTATION_CONTEXT('2D SPACE',''
  ) );
#14279 = PCURVE('',#14280,#14285);
#14280 = PLANE('',#14281);
#14281 = AXIS2_PLACEMENT_3D('',#14282,#14283,#14284);
#14282 = CARTESIAN_POINT('',(-80.675,-26.25,54.3));
#14283 = DIRECTION('',(0.,0.,1.));
#14284 = DIRECTION('',(1.,0.,0.));
#14285 = DEFINITIONAL_REPRESENTATION('',(#14286),#14290);
#14286 = CIRCLE('',#14287,3.5);
#14287 = AXIS2_PLACEMENT_2D('',#14288,#14289);
#14288 = CARTESIAN_POINT('',(0.,0.));
#14289 = DIRECTION('',(1.,0.));
#14290 = ( GEOMETRIC_REPRESENTATION_CONTEXT(2) 
PARAMETRIC_REPRESENTATION_CONTEXT() REPRESENTATION_CONTEXT('2D SPACE',''
  ) );
#14291 = ORIENTED_EDGE('',*,*,#14292,.F.);
#14292 = EDGE_CURVE('',#8348,#14264,#14293,.T.);
#14293 = SEAM_CURVE('',#14294,(#14298,#14305),.PCURVE_S1.);
#14294 = LINE('',#14295,#14296);
#14295 = CARTESIAN_POINT('',(-77.175,-26.25,48.));
#14296 = VECTOR('',#14297,1.);
#14297 = DIRECTION('',(0.,0.,1.));
#14298 = PCURVE('',#8364,#14299);
#14299 = DEFINITIONAL_REPRESENTATION('',(#14300),#14304);
#14300 = LINE('',#14301,#14302);
#14301 = CARTESIAN_POINT('',(6.28318530718,-0.));
#14302 = VECTOR('',#14303,1.);
#14303 = DIRECTION('',(0.,1.));
#14304 = ( GEOMETRIC_REPRESENTATION_CONTEXT(2) 
PARAMETRIC_REPRESENTATION_CONTEXT() REPRESENTATION_CONTEXT('2D SPACE',''
  ) );
#14305 = PCURVE('',#8364,#14306);
#14306 = DEFINITIONAL_REPRESENTATION('',(#14307),#14311);
#14307 = LINE('',#14308,#14309);
#14308 = CARTESIAN_POINT('',(0.,-0.));
#14309 = VECTOR('',#14310,1.);
#14310 = DIRECTION('',(0.,1.));
#14311 = ( GEOMETRIC_REPRESENTATION_CONTEXT(2) 
PARAMETRIC_REPRESENTATION_CONTEXT() REPRESENTATION_CONTEXT('2D SPACE',''
  ) );
#14312 = ORIENTED_EDGE('',*,*,#8347,.T.);
#14313 = ORIENTED_EDGE('',*,*,#14292,.T.);
#14314 = ADVANCED_FACE('',(#14315),#8395,.T.);
#14315 = FACE_BOUND('',#14316,.T.);
#14316 = EDGE_LOOP('',(#14317,#14346,#14367,#14368));
#14317 = ORIENTED_EDGE('',*,*,#14318,.F.);
#14318 = EDGE_CURVE('',#14319,#14319,#14321,.T.);
#14319 = VERTEX_POINT('',#14320);
#14320 = CARTESIAN_POINT('',(-77.175,26.25,54.3));
#14321 = SURFACE_CURVE('',#14322,(#14327,#14334),.PCURVE_S1.);
#14322 = CIRCLE('',#14323,3.5);
#14323 = AXIS2_PLACEMENT_3D('',#14324,#14325,#14326);
#14324 = CARTESIAN_POINT('',(-80.675,26.25,54.3));
#14325 = DIRECTION('',(0.,0.,1.));
#14326 = DIRECTION('',(1.,0.,0.));
#14327 = PCURVE('',#8395,#14328);
#14328 = DEFINITIONAL_REPRESENTATION('',(#14329),#14333);
#14329 = LINE('',#14330,#14331);
#14330 = CARTESIAN_POINT('',(0.,6.3));
#14331 = VECTOR('',#14332,1.);
#14332 = DIRECTION('',(1.,0.));
#14333 = ( GEOMETRIC_REPRESENTATION_CONTEXT(2) 
PARAMETRIC_REPRESENTATION_CONTEXT() REPRESENTATION_CONTEXT('2D SPACE',''
  ) );
#14334 = PCURVE('',#14335,#14340);
#14335 = PLANE('',#14336);
#14336 = AXIS2_PLACEMENT_3D('',#14337,#14338,#14339);
#14337 = CARTESIAN_POINT('',(-80.675,26.25,54.3));
#14338 = DIRECTION('',(0.,0.,1.));
#14339 = DIRECTION('',(1.,0.,0.));
#14340 = DEFINITIONAL_REPRESENTATION('',(#14341),#14345);
#14341 = CIRCLE('',#14342,3.5);
#14342 = AXIS2_PLACEMENT_2D('',#14343,#14344);
#14343 = CARTESIAN_POINT('',(0.,0.));
#14344 = DIRECTION('',(1.,0.));
#14345 = ( GEOMETRIC_REPRESENTATION_CONTEXT(2) 
PARAMETRIC_REPRESENTATION_CONTEXT() REPRESENTATION_CONTEXT('2D SPACE',''
  ) );
#14346 = ORIENTED_EDGE('',*,*,#14347,.F.);
#14347 = EDGE_CURVE('',#8379,#14319,#14348,.T.);
#14348 = SEAM_CURVE('',#14349,(#14353,#14360),.PCURVE_S1.);
#14349 = LINE('',#14350,#14351);
#14350 = CARTESIAN_POINT('',(-77.175,26.25,48.));
#14351 = VECTOR('',#14352,1.);
#14352 = DIRECTION('',(0.,0.,1.));
#14353 = PCURVE('',#8395,#14354);
#14354 = DEFINITIONAL_REPRESENTATION('',(#14355),#14359);
#14355 = LINE('',#14356,#14357);
#14356 = CARTESIAN_POINT('',(6.28318530718,-0.));
#14357 = VECTOR('',#14358,1.);
#14358 = DIRECTION('',(0.,1.));
#14359 = ( GEOMETRIC_REPRESENTATION_CONTEXT(2) 
PARAMETRIC_REPRESENTATION_CONTEXT() REPRESENTATION_CONTEXT('2D SPACE',''
  ) );
#14360 = PCURVE('',#8395,#14361);
#14361 = DEFINITIONAL_REPRESENTATION('',(#14362),#14366);
#14362 = LINE('',#14363,#14364);
#14363 = CARTESIAN_POINT('',(0.,-0.));
#14364 = VECTOR('',#14365,1.);
#14365 = DIRECTION('',(0.,1.));
#14366 = ( GEOMETRIC_REPRESENTATION_CONTEXT(2) 
PARAMETRIC_REPRESENTATION_CONTEXT() REPRESENTATION_CONTEXT('2D SPACE',''
  ) );
#14367 = ORIENTED_EDGE('',*,*,#8378,.T.);
#14368 = ORIENTED_EDGE('',*,*,#14347,.T.);
#14369 = ADVANCED_FACE('',(#14370),#8471,.T.);
#14370 = FACE_BOUND('',#14371,.T.);
#14371 = EDGE_LOOP('',(#14372,#14373,#14374,#14375));
#14372 = ORIENTED_EDGE('',*,*,#8591,.F.);
#14373 = ORIENTED_EDGE('',*,*,#8643,.T.);
#14374 = ORIENTED_EDGE('',*,*,#8457,.T.);
#14375 = ORIENTED_EDGE('',*,*,#8541,.F.);
#14376 = ADVANCED_FACE('',(#14377),#8502,.F.);
#14377 = FACE_BOUND('',#14378,.F.);
#14378 = EDGE_LOOP('',(#14379,#14380,#14401,#14402));
#14379 = ORIENTED_EDGE('',*,*,#8485,.F.);
#14380 = ORIENTED_EDGE('',*,*,#14381,.F.);
#14381 = EDGE_CURVE('',#8615,#8486,#14382,.T.);
#14382 = SEAM_CURVE('',#14383,(#14387,#14394),.PCURVE_S1.);
#14383 = LINE('',#14384,#14385);
#14384 = CARTESIAN_POINT('',(-84.425,-26.25,67.4));
#14385 = VECTOR('',#14386,1.);
#14386 = DIRECTION('',(0.,0.,1.));
#14387 = PCURVE('',#8502,#14388);
#14388 = DEFINITIONAL_REPRESENTATION('',(#14389),#14393);
#14389 = LINE('',#14390,#14391);
#14390 = CARTESIAN_POINT('',(6.28318530718,-0.));
#14391 = VECTOR('',#14392,1.);
#14392 = DIRECTION('',(0.,1.));
#14393 = ( GEOMETRIC_REPRESENTATION_CONTEXT(2) 
PARAMETRIC_REPRESENTATION_CONTEXT() REPRESENTATION_CONTEXT('2D SPACE',''
  ) );
#14394 = PCURVE('',#8502,#14395);
#14395 = DEFINITIONAL_REPRESENTATION('',(#14396),#14400);
#14396 = LINE('',#14397,#14398);
#14397 = CARTESIAN_POINT('',(0.,-0.));
#14398 = VECTOR('',#14399,1.);
#14399 = DIRECTION('',(0.,1.));
#14400 = ( GEOMETRIC_REPRESENTATION_CONTEXT(2) 
PARAMETRIC_REPRESENTATION_CONTEXT() REPRESENTATION_CONTEXT('2D SPACE',''
  ) );
#14401 = ORIENTED_EDGE('',*,*,#8614,.T.);
#14402 = ORIENTED_EDGE('',*,*,#14381,.T.);
#14403 = ADVANCED_FACE('',(#14404,#14407),#8707,.T.);
#14404 = FACE_BOUND('',#14405,.T.);
#14405 = EDGE_LOOP('',(#14406));
#14406 = ORIENTED_EDGE('',*,*,#8692,.T.);
#14407 = FACE_BOUND('',#14408,.T.);
#14408 = EDGE_LOOP('',(#14409));
#14409 = ORIENTED_EDGE('',*,*,#11544,.F.);
#14410 = ADVANCED_FACE('',(#14411,#14414),#8789,.T.);
#14411 = FACE_BOUND('',#14412,.T.);
#14412 = EDGE_LOOP('',(#14413));
#14413 = ORIENTED_EDGE('',*,*,#8774,.T.);
#14414 = FACE_BOUND('',#14415,.T.);
#14415 = EDGE_LOOP('',(#14416));
#14416 = ORIENTED_EDGE('',*,*,#11594,.F.);
#14417 = ADVANCED_FACE('',(#14418,#14421),#8844,.T.);
#14418 = FACE_BOUND('',#14419,.T.);
#14419 = EDGE_LOOP('',(#14420));
#14420 = ORIENTED_EDGE('',*,*,#8829,.T.);
#14421 = FACE_BOUND('',#14422,.T.);
#14422 = EDGE_LOOP('',(#14423));
#14423 = ORIENTED_EDGE('',*,*,#11644,.F.);
#14424 = ADVANCED_FACE('',(#14425,#14428),#8926,.T.);
#14425 = FACE_BOUND('',#14426,.T.);
#14426 = EDGE_LOOP('',(#14427));
#14427 = ORIENTED_EDGE('',*,*,#8911,.T.);
#14428 = FACE_BOUND('',#14429,.T.);
#14429 = EDGE_LOOP('',(#14430));
#14430 = ORIENTED_EDGE('',*,*,#11694,.F.);
#14431 = ADVANCED_FACE('',(#14432),#8981,.F.);
#14432 = FACE_BOUND('',#14433,.F.);
#14433 = EDGE_LOOP('',(#14434,#14435,#14436,#14437));
#14434 = ORIENTED_EDGE('',*,*,#9121,.F.);
#14435 = ORIENTED_EDGE('',*,*,#9173,.T.);
#14436 = ORIENTED_EDGE('',*,*,#8965,.T.);
#14437 = ORIENTED_EDGE('',*,*,#9049,.F.);
#14438 = ADVANCED_FACE('',(#14439),#9034,.F.);
#14439 = FACE_BOUND('',#14440,.F.);
#14440 = EDGE_LOOP('',(#14441,#14442,#14463,#14464));
#14441 = ORIENTED_EDGE('',*,*,#9017,.F.);
#14442 = ORIENTED_EDGE('',*,*,#14443,.F.);
#14443 = EDGE_CURVE('',#9147,#9018,#14444,.T.);
#14444 = SEAM_CURVE('',#14445,(#14449,#14456),.PCURVE_S1.);
#14445 = LINE('',#14446,#14447);
#14446 = CARTESIAN_POINT('',(-84.425,26.25,67.4));
#14447 = VECTOR('',#14448,1.);
#14448 = DIRECTION('',(0.,0.,1.));
#14449 = PCURVE('',#9034,#14450);
#14450 = DEFINITIONAL_REPRESENTATION('',(#14451),#14455);
#14451 = LINE('',#14452,#14453);
#14452 = CARTESIAN_POINT('',(6.28318530718,-0.));
#14453 = VECTOR('',#14454,1.);
#14454 = DIRECTION('',(0.,1.));
#14455 = ( GEOMETRIC_REPRESENTATION_CONTEXT(2) 
PARAMETRIC_REPRESENTATION_CONTEXT() REPRESENTATION_CONTEXT('2D SPACE',''
  ) );
#14456 = PCURVE('',#9034,#14457);
#14457 = DEFINITIONAL_REPRESENTATION('',(#14458),#14462);
#14458 = LINE('',#14459,#14460);
#14459 = CARTESIAN_POINT('',(0.,-0.));
#14460 = VECTOR('',#14461,1.);
#14461 = DIRECTION('',(0.,1.));
#14462 = ( GEOMETRIC_REPRESENTATION_CONTEXT(2) 
PARAMETRIC_REPRESENTATION_CONTEXT() REPRESENTATION_CONTEXT('2D SPACE',''
  ) );
#14463 = ORIENTED_EDGE('',*,*,#9146,.T.);
#14464 = ORIENTED_EDGE('',*,*,#14443,.T.);
#14465 = ADVANCED_FACE('',(#14466),#9365,.F.);
#14466 = FACE_BOUND('',#14467,.F.);
#14467 = EDGE_LOOP('',(#14468,#14489,#14490,#14491));
#14468 = ORIENTED_EDGE('',*,*,#14469,.T.);
#14469 = EDGE_CURVE('',#10697,#11111,#14470,.T.);
#14470 = SURFACE_CURVE('',#14471,(#14475,#14482),.PCURVE_S1.);
#14471 = LINE('',#14472,#14473);
#14472 = CARTESIAN_POINT('',(-163.8,23.25,50.));
#14473 = VECTOR('',#14474,1.);
#14474 = DIRECTION('',(1.,0.,0.));
#14475 = PCURVE('',#9365,#14476);
#14476 = DEFINITIONAL_REPRESENTATION('',(#14477),#14481);
#14477 = LINE('',#14478,#14479);
#14478 = CARTESIAN_POINT('',(2.1,0.));
#14479 = VECTOR('',#14480,1.);
#14480 = DIRECTION('',(0.,1.));
#14481 = ( GEOMETRIC_REPRESENTATION_CONTEXT(2) 
PARAMETRIC_REPRESENTATION_CONTEXT() REPRESENTATION_CONTEXT('2D SPACE',''
  ) );
#14482 = PCURVE('',#10711,#14483);
#14483 = DEFINITIONAL_REPRESENTATION('',(#14484),#14488);
#14484 = LINE('',#14485,#14486);
#14485 = CARTESIAN_POINT('',(0.,1.5));
#14486 = VECTOR('',#14487,1.);
#14487 = DIRECTION('',(1.,0.));
#14488 = ( GEOMETRIC_REPRESENTATION_CONTEXT(2) 
PARAMETRIC_REPRESENTATION_CONTEXT() REPRESENTATION_CONTEXT('2D SPACE',''
  ) );
#14489 = ORIENTED_EDGE('',*,*,#11131,.F.);
#14490 = ORIENTED_EDGE('',*,*,#9349,.T.);
#14491 = ORIENTED_EDGE('',*,*,#10722,.T.);
#14492 = ADVANCED_FACE('',(#14493),#9289,.T.);
#14493 = FACE_BOUND('',#14494,.T.);
#14494 = EDGE_LOOP('',(#14495,#14516,#14517,#14518));
#14495 = ORIENTED_EDGE('',*,*,#14496,.T.);
#14496 = EDGE_CURVE('',#10475,#10904,#14497,.T.);
#14497 = SURFACE_CURVE('',#14498,(#14502,#14509),.PCURVE_S1.);
#14498 = LINE('',#14499,#14500);
#14499 = CARTESIAN_POINT('',(-163.8,-23.25,50.));
#14500 = VECTOR('',#14501,1.);
#14501 = DIRECTION('',(1.,0.,0.));
#14502 = PCURVE('',#9289,#14503);
#14503 = DEFINITIONAL_REPRESENTATION('',(#14504),#14508);
#14504 = LINE('',#14505,#14506);
#14505 = CARTESIAN_POINT('',(2.1,0.));
#14506 = VECTOR('',#14507,1.);
#14507 = DIRECTION('',(0.,1.));
#14508 = ( GEOMETRIC_REPRESENTATION_CONTEXT(2) 
PARAMETRIC_REPRESENTATION_CONTEXT() REPRESENTATION_CONTEXT('2D SPACE',''
  ) );
#14509 = PCURVE('',#10510,#14510);
#14510 = DEFINITIONAL_REPRESENTATION('',(#14511),#14515);
#14511 = LINE('',#14512,#14513);
#14512 = CARTESIAN_POINT('',(0.,0.));
#14513 = VECTOR('',#14514,1.);
#14514 = DIRECTION('',(1.,0.));
#14515 = ( GEOMETRIC_REPRESENTATION_CONTEXT(2) 
PARAMETRIC_REPRESENTATION_CONTEXT() REPRESENTATION_CONTEXT('2D SPACE',''
  ) );
#14516 = ORIENTED_EDGE('',*,*,#10903,.F.);
#14517 = ORIENTED_EDGE('',*,*,#9273,.T.);
#14518 = ORIENTED_EDGE('',*,*,#10474,.T.);
#14519 = ADVANCED_FACE('',(#14520),#9464,.F.);
#14520 = FACE_BOUND('',#14521,.F.);
#14521 = EDGE_LOOP('',(#14522,#14545,#14546,#14569));
#14522 = ORIENTED_EDGE('',*,*,#14523,.F.);
#14523 = EDGE_CURVE('',#9447,#14524,#14526,.T.);
#14524 = VERTEX_POINT('',#14525);
#14525 = CARTESIAN_POINT('',(-233.8,-24.,52.23007537736));
#14526 = SURFACE_CURVE('',#14527,(#14531,#14538),.PCURVE_S1.);
#14527 = LINE('',#14528,#14529);
#14528 = CARTESIAN_POINT('',(-233.8,-24.,48.));
#14529 = VECTOR('',#14530,1.);
#14530 = DIRECTION('',(0.,0.,1.));
#14531 = PCURVE('',#9464,#14532);
#14532 = DEFINITIONAL_REPRESENTATION('',(#14533),#14537);
#14533 = LINE('',#14534,#14535);
#14534 = CARTESIAN_POINT('',(0.,0.));
#14535 = VECTOR('',#14536,1.);
#14536 = DIRECTION('',(1.,0.));
#14537 = ( GEOMETRIC_REPRESENTATION_CONTEXT(2) 
PARAMETRIC_REPRESENTATION_CONTEXT() REPRESENTATION_CONTEXT('2D SPACE',''
  ) );
#14538 = PCURVE('',#9546,#14539);
#14539 = DEFINITIONAL_REPRESENTATION('',(#14540),#14544);
#14540 = LINE('',#14541,#14542);
#14541 = CARTESIAN_POINT('',(0.,0.));
#14542 = VECTOR('',#14543,1.);
#14543 = DIRECTION('',(1.,0.));
#14544 = ( GEOMETRIC_REPRESENTATION_CONTEXT(2) 
PARAMETRIC_REPRESENTATION_CONTEXT() REPRESENTATION_CONTEXT('2D SPACE',''
  ) );
#14545 = ORIENTED_EDGE('',*,*,#9446,.T.);
#14546 = ORIENTED_EDGE('',*,*,#14547,.T.);
#14547 = EDGE_CURVE('',#9449,#14548,#14550,.T.);
#14548 = VERTEX_POINT('',#14549);
#14549 = CARTESIAN_POINT('',(-233.8,-16.,52.23007537736));
#14550 = SURFACE_CURVE('',#14551,(#14555,#14562),.PCURVE_S1.);
#14551 = LINE('',#14552,#14553);
#14552 = CARTESIAN_POINT('',(-233.8,-16.,48.));
#14553 = VECTOR('',#14554,1.);
#14554 = DIRECTION('',(0.,0.,1.));
#14555 = PCURVE('',#9464,#14556);
#14556 = DEFINITIONAL_REPRESENTATION('',(#14557),#14561);
#14557 = LINE('',#14558,#14559);
#14558 = CARTESIAN_POINT('',(0.,-8.));
#14559 = VECTOR('',#14560,1.);
#14560 = DIRECTION('',(1.,0.));
#14561 = ( GEOMETRIC_REPRESENTATION_CONTEXT(2) 
PARAMETRIC_REPRESENTATION_CONTEXT() REPRESENTATION_CONTEXT('2D SPACE',''
  ) );
#14562 = PCURVE('',#9492,#14563);
#14563 = DEFINITIONAL_REPRESENTATION('',(#14564),#14568);
#14564 = LINE('',#14565,#14566);
#14565 = CARTESIAN_POINT('',(0.,0.));
#14566 = VECTOR('',#14567,1.);
#14567 = DIRECTION('',(1.,0.));
#14568 = ( GEOMETRIC_REPRESENTATION_CONTEXT(2) 
PARAMETRIC_REPRESENTATION_CONTEXT() REPRESENTATION_CONTEXT('2D SPACE',''
  ) );
#14569 = ORIENTED_EDGE('',*,*,#14570,.T.);
#14570 = EDGE_CURVE('',#14548,#14524,#14571,.T.);
#14571 = SURFACE_CURVE('',#14572,(#14576,#14582),.PCURVE_S1.);
#14572 = LINE('',#14573,#14574);
#14573 = CARTESIAN_POINT('',(-233.8,-15.,52.23007537736));
#14574 = VECTOR('',#14575,1.);
#14575 = DIRECTION('',(0.,-1.,2.22044604925E-16));
#14576 = PCURVE('',#9464,#14577);
#14577 = DEFINITIONAL_REPRESENTATION('',(#14578),#14581);
#14578 = B_SPLINE_CURVE_WITH_KNOTS('',1,(#14579,#14580),.UNSPECIFIED.,
  .F.,.F.,(2,2),(0.2,9.8),.PIECEWISE_BEZIER_KNOTS.);
#14579 = CARTESIAN_POINT('',(4.23007537736,-8.8));
#14580 = CARTESIAN_POINT('',(4.23007537736,0.8));
#14581 = ( GEOMETRIC_REPRESENTATION_CONTEXT(2) 
PARAMETRIC_REPRESENTATION_CONTEXT() REPRESENTATION_CONTEXT('2D SPACE',''
  ) );
#14582 = PCURVE('',#14583,#14588);
#14583 = CYLINDRICAL_SURFACE('',#14584,9.2);
#14584 = AXIS2_PLACEMENT_3D('',#14585,#14586,#14587);
#14585 = CARTESIAN_POINT('',(-226.8,-15.,58.2));
#14586 = DIRECTION('',(0.,-1.,2.22044604925E-16));
#14587 = DIRECTION('',(1.,0.,0.));
#14588 = DEFINITIONAL_REPRESENTATION('',(#14589),#14592);
#14589 = B_SPLINE_CURVE_WITH_KNOTS('',1,(#14590,#14591),.UNSPECIFIED.,
  .F.,.F.,(2,2),(0.2,9.8),.PIECEWISE_BEZIER_KNOTS.);
#14590 = CARTESIAN_POINT('',(3.847736865687,0.2));
#14591 = CARTESIAN_POINT('',(3.847736865687,9.8));
#14592 = ( GEOMETRIC_REPRESENTATION_CONTEXT(2) 
PARAMETRIC_REPRESENTATION_CONTEXT() REPRESENTATION_CONTEXT('2D SPACE',''
  ) );
#14593 = ADVANCED_FACE('',(#14594),#9492,.T.);
#14594 = FACE_BOUND('',#14595,.T.);
#14595 = EDGE_LOOP('',(#14596,#14619,#14620,#14621));
#14596 = ORIENTED_EDGE('',*,*,#14597,.F.);
#14597 = EDGE_CURVE('',#9477,#14598,#14600,.T.);
#14598 = VERTEX_POINT('',#14599);
#14599 = CARTESIAN_POINT('',(-219.8,-16.,52.23007537736));
#14600 = SURFACE_CURVE('',#14601,(#14605,#14612),.PCURVE_S1.);
#14601 = LINE('',#14602,#14603);
#14602 = CARTESIAN_POINT('',(-219.8,-16.,48.));
#14603 = VECTOR('',#14604,1.);
#14604 = DIRECTION('',(0.,0.,1.));
#14605 = PCURVE('',#9492,#14606);
#14606 = DEFINITIONAL_REPRESENTATION('',(#14607),#14611);
#14607 = LINE('',#14608,#14609);
#14608 = CARTESIAN_POINT('',(0.,14.));
#14609 = VECTOR('',#14610,1.);
#14610 = DIRECTION('',(1.,0.));
#14611 = ( GEOMETRIC_REPRESENTATION_CONTEXT(2) 
PARAMETRIC_REPRESENTATION_CONTEXT() REPRESENTATION_CONTEXT('2D SPACE',''
  ) );
#14612 = PCURVE('',#9520,#14613);
#14613 = DEFINITIONAL_REPRESENTATION('',(#14614),#14618);
#14614 = LINE('',#14615,#14616);
#14615 = CARTESIAN_POINT('',(0.,-8.));
#14616 = VECTOR('',#14617,1.);
#14617 = DIRECTION('',(1.,0.));
#14618 = ( GEOMETRIC_REPRESENTATION_CONTEXT(2) 
PARAMETRIC_REPRESENTATION_CONTEXT() REPRESENTATION_CONTEXT('2D SPACE',''
  ) );
#14619 = ORIENTED_EDGE('',*,*,#9476,.F.);
#14620 = ORIENTED_EDGE('',*,*,#14547,.T.);
#14621 = ORIENTED_EDGE('',*,*,#14622,.T.);
#14622 = EDGE_CURVE('',#14548,#14598,#14623,.T.);
#14623 = SURFACE_CURVE('',#14624,(#14629,#14640),.PCURVE_S1.);
#14624 = CIRCLE('',#14625,9.2);
#14625 = AXIS2_PLACEMENT_3D('',#14626,#14627,#14628);
#14626 = CARTESIAN_POINT('',(-226.8,-16.,58.2));
#14627 = DIRECTION('',(0.,-1.,2.22044604925E-16));
#14628 = DIRECTION('',(1.,0.,0.));
#14629 = PCURVE('',#9492,#14630);
#14630 = DEFINITIONAL_REPRESENTATION('',(#14631),#14639);
#14631 = ( BOUNDED_CURVE() B_SPLINE_CURVE(2,(#14632,#14633,#14634,#14635
    ,#14636,#14637,#14638),.UNSPECIFIED.,.T.,.F.) 
B_SPLINE_CURVE_WITH_KNOTS((1,2,2,2,2,1),(-2.094395102393,0.,
    2.094395102393,4.188790204786,6.28318530718,8.377580409573),
.UNSPECIFIED.) CURVE() GEOMETRIC_REPRESENTATION_ITEM() 
RATIONAL_B_SPLINE_CURVE((1.,0.5,1.,0.5,1.,0.5,1.)) REPRESENTATION_ITEM(
  '') );
#14632 = CARTESIAN_POINT('',(10.2,16.2));
#14633 = CARTESIAN_POINT('',(26.134867429634,16.2));
#14634 = CARTESIAN_POINT('',(18.167433714817,2.4));
#14635 = CARTESIAN_POINT('',(10.2,-11.4));
#14636 = CARTESIAN_POINT('',(2.232566285183,2.4));
#14637 = CARTESIAN_POINT('',(-5.734867429634,16.2));
#14638 = CARTESIAN_POINT('',(10.2,16.2));
#14639 = ( GEOMETRIC_REPRESENTATION_CONTEXT(2) 
PARAMETRIC_REPRESENTATION_CONTEXT() REPRESENTATION_CONTEXT('2D SPACE',''
  ) );
#14640 = PCURVE('',#14583,#14641);
#14641 = DEFINITIONAL_REPRESENTATION('',(#14642),#14646);
#14642 = LINE('',#14643,#14644);
#14643 = CARTESIAN_POINT('',(0.,1.));
#14644 = VECTOR('',#14645,1.);
#14645 = DIRECTION('',(1.,0.));
#14646 = ( GEOMETRIC_REPRESENTATION_CONTEXT(2) 
PARAMETRIC_REPRESENTATION_CONTEXT() REPRESENTATION_CONTEXT('2D SPACE',''
  ) );
#14647 = ADVANCED_FACE('',(#14648),#9546,.F.);
#14648 = FACE_BOUND('',#14649,.F.);
#14649 = EDGE_LOOP('',(#14650,#14673,#14674,#14675));
#14650 = ORIENTED_EDGE('',*,*,#14651,.F.);
#14651 = EDGE_CURVE('',#9505,#14652,#14654,.T.);
#14652 = VERTEX_POINT('',#14653);
#14653 = CARTESIAN_POINT('',(-219.8,-24.,52.23007537736));
#14654 = SURFACE_CURVE('',#14655,(#14659,#14666),.PCURVE_S1.);
#14655 = LINE('',#14656,#14657);
#14656 = CARTESIAN_POINT('',(-219.8,-24.,48.));
#14657 = VECTOR('',#14658,1.);
#14658 = DIRECTION('',(0.,0.,1.));
#14659 = PCURVE('',#9546,#14660);
#14660 = DEFINITIONAL_REPRESENTATION('',(#14661),#14665);
#14661 = LINE('',#14662,#14663);
#14662 = CARTESIAN_POINT('',(0.,14.));
#14663 = VECTOR('',#14664,1.);
#14664 = DIRECTION('',(1.,0.));
#14665 = ( GEOMETRIC_REPRESENTATION_CONTEXT(2) 
PARAMETRIC_REPRESENTATION_CONTEXT() REPRESENTATION_CONTEXT('2D SPACE',''
  ) );
#14666 = PCURVE('',#9520,#14667);
#14667 = DEFINITIONAL_REPRESENTATION('',(#14668),#14672);
#14668 = LINE('',#14669,#14670);
#14669 = CARTESIAN_POINT('',(0.,0.));
#14670 = VECTOR('',#14671,1.);
#14671 = DIRECTION('',(1.,0.));
#14672 = ( GEOMETRIC_REPRESENTATION_CONTEXT(2) 
PARAMETRIC_REPRESENTATION_CONTEXT() REPRESENTATION_CONTEXT('2D SPACE',''
  ) );
#14673 = ORIENTED_EDGE('',*,*,#9532,.F.);
#14674 = ORIENTED_EDGE('',*,*,#14523,.T.);
#14675 = ORIENTED_EDGE('',*,*,#14676,.T.);
#14676 = EDGE_CURVE('',#14524,#14652,#14677,.T.);
#14677 = SURFACE_CURVE('',#14678,(#14683,#14694),.PCURVE_S1.);
#14678 = CIRCLE('',#14679,9.2);
#14679 = AXIS2_PLACEMENT_3D('',#14680,#14681,#14682);
#14680 = CARTESIAN_POINT('',(-226.8,-24.,58.2));
#14681 = DIRECTION('',(0.,-1.,2.22044604925E-16));
#14682 = DIRECTION('',(1.,0.,0.));
#14683 = PCURVE('',#9546,#14684);
#14684 = DEFINITIONAL_REPRESENTATION('',(#14685),#14693);
#14685 = ( BOUNDED_CURVE() B_SPLINE_CURVE(2,(#14686,#14687,#14688,#14689
    ,#14690,#14691,#14692),.UNSPECIFIED.,.T.,.F.) 
B_SPLINE_CURVE_WITH_KNOTS((1,2,2,2,2,1),(-2.094395102393,0.,
    2.094395102393,4.188790204786,6.28318530718,8.377580409573),
.UNSPECIFIED.) CURVE() GEOMETRIC_REPRESENTATION_ITEM() 
RATIONAL_B_SPLINE_CURVE((1.,0.5,1.,0.5,1.,0.5,1.)) REPRESENTATION_ITEM(
  '') );
#14686 = CARTESIAN_POINT('',(10.2,16.2));
#14687 = CARTESIAN_POINT('',(26.134867429634,16.2));
#14688 = CARTESIAN_POINT('',(18.167433714817,2.4));
#14689 = CARTESIAN_POINT('',(10.2,-11.4));
#14690 = CARTESIAN_POINT('',(2.232566285183,2.4));
#14691 = CARTESIAN_POINT('',(-5.734867429634,16.2));
#14692 = CARTESIAN_POINT('',(10.2,16.2));
#14693 = ( GEOMETRIC_REPRESENTATION_CONTEXT(2) 
PARAMETRIC_REPRESENTATION_CONTEXT() REPRESENTATION_CONTEXT('2D SPACE',''
  ) );
#14694 = PCURVE('',#14583,#14695);
#14695 = DEFINITIONAL_REPRESENTATION('',(#14696),#14700);
#14696 = LINE('',#14697,#14698);
#14697 = CARTESIAN_POINT('',(0.,9.));
#14698 = VECTOR('',#14699,1.);
#14699 = DIRECTION('',(1.,0.));
#14700 = ( GEOMETRIC_REPRESENTATION_CONTEXT(2) 
PARAMETRIC_REPRESENTATION_CONTEXT() REPRESENTATION_CONTEXT('2D SPACE',''
  ) );
#14701 = ADVANCED_FACE('',(#14702),#9520,.T.);
#14702 = FACE_BOUND('',#14703,.T.);
#14703 = EDGE_LOOP('',(#14704,#14705,#14706,#14707));
#14704 = ORIENTED_EDGE('',*,*,#14651,.F.);
#14705 = ORIENTED_EDGE('',*,*,#9504,.T.);
#14706 = ORIENTED_EDGE('',*,*,#14597,.T.);
#14707 = ORIENTED_EDGE('',*,*,#14708,.T.);
#14708 = EDGE_CURVE('',#14598,#14652,#14709,.T.);
#14709 = SURFACE_CURVE('',#14710,(#14714,#14720),.PCURVE_S1.);
#14710 = LINE('',#14711,#14712);
#14711 = CARTESIAN_POINT('',(-219.8,-15.,52.23007537736));
#14712 = VECTOR('',#14713,1.);
#14713 = DIRECTION('',(0.,-1.,2.22044604925E-16));
#14714 = PCURVE('',#9520,#14715);
#14715 = DEFINITIONAL_REPRESENTATION('',(#14716),#14719);
#14716 = B_SPLINE_CURVE_WITH_KNOTS('',1,(#14717,#14718),.UNSPECIFIED.,
  .F.,.F.,(2,2),(0.2,9.8),.PIECEWISE_BEZIER_KNOTS.);
#14717 = CARTESIAN_POINT('',(4.23007537736,-8.8));
#14718 = CARTESIAN_POINT('',(4.23007537736,0.8));
#14719 = ( GEOMETRIC_REPRESENTATION_CONTEXT(2) 
PARAMETRIC_REPRESENTATION_CONTEXT() REPRESENTATION_CONTEXT('2D SPACE',''
  ) );
#14720 = PCURVE('',#14583,#14721);
#14721 = DEFINITIONAL_REPRESENTATION('',(#14722),#14725);
#14722 = B_SPLINE_CURVE_WITH_KNOTS('',1,(#14723,#14724),.UNSPECIFIED.,
  .F.,.F.,(2,2),(0.2,9.8),.PIECEWISE_BEZIER_KNOTS.);
#14723 = CARTESIAN_POINT('',(5.577041095082,0.2));
#14724 = CARTESIAN_POINT('',(5.577041095082,9.8));
#14725 = ( GEOMETRIC_REPRESENTATION_CONTEXT(2) 
PARAMETRIC_REPRESENTATION_CONTEXT() REPRESENTATION_CONTEXT('2D SPACE',''
  ) );
#14726 = ADVANCED_FACE('',(#14727),#9578,.F.);
#14727 = FACE_BOUND('',#14728,.F.);
#14728 = EDGE_LOOP('',(#14729,#14752,#14753,#14776));
#14729 = ORIENTED_EDGE('',*,*,#14730,.F.);
#14730 = EDGE_CURVE('',#9561,#14731,#14733,.T.);
#14731 = VERTEX_POINT('',#14732);
#14732 = CARTESIAN_POINT('',(-214.8,-24.,52.230075377361));
#14733 = SURFACE_CURVE('',#14734,(#14738,#14745),.PCURVE_S1.);
#14734 = LINE('',#14735,#14736);
#14735 = CARTESIAN_POINT('',(-214.8,-24.,48.));
#14736 = VECTOR('',#14737,1.);
#14737 = DIRECTION('',(0.,0.,1.));
#14738 = PCURVE('',#9578,#14739);
#14739 = DEFINITIONAL_REPRESENTATION('',(#14740),#14744);
#14740 = LINE('',#14741,#14742);
#14741 = CARTESIAN_POINT('',(0.,0.));
#14742 = VECTOR('',#14743,1.);
#14743 = DIRECTION('',(1.,0.));
#14744 = ( GEOMETRIC_REPRESENTATION_CONTEXT(2) 
PARAMETRIC_REPRESENTATION_CONTEXT() REPRESENTATION_CONTEXT('2D SPACE',''
  ) );
#14745 = PCURVE('',#9660,#14746);
#14746 = DEFINITIONAL_REPRESENTATION('',(#14747),#14751);
#14747 = LINE('',#14748,#14749);
#14748 = CARTESIAN_POINT('',(0.,0.));
#14749 = VECTOR('',#14750,1.);
#14750 = DIRECTION('',(1.,0.));
#14751 = ( GEOMETRIC_REPRESENTATION_CONTEXT(2) 
PARAMETRIC_REPRESENTATION_CONTEXT() REPRESENTATION_CONTEXT('2D SPACE',''
  ) );
#14752 = ORIENTED_EDGE('',*,*,#9560,.T.);
#14753 = ORIENTED_EDGE('',*,*,#14754,.T.);
#14754 = EDGE_CURVE('',#9563,#14755,#14757,.T.);
#14755 = VERTEX_POINT('',#14756);
#14756 = CARTESIAN_POINT('',(-214.8,-16.,52.230075377361));
#14757 = SURFACE_CURVE('',#14758,(#14762,#14769),.PCURVE_S1.);
#14758 = LINE('',#14759,#14760);
#14759 = CARTESIAN_POINT('',(-214.8,-16.,48.));
#14760 = VECTOR('',#14761,1.);
#14761 = DIRECTION('',(0.,0.,1.));
#14762 = PCURVE('',#9578,#14763);
#14763 = DEFINITIONAL_REPRESENTATION('',(#14764),#14768);
#14764 = LINE('',#14765,#14766);
#14765 = CARTESIAN_POINT('',(0.,-8.));
#14766 = VECTOR('',#14767,1.);
#14767 = DIRECTION('',(1.,0.));
#14768 = ( GEOMETRIC_REPRESENTATION_CONTEXT(2) 
PARAMETRIC_REPRESENTATION_CONTEXT() REPRESENTATION_CONTEXT('2D SPACE',''
  ) );
#14769 = PCURVE('',#9606,#14770);
#14770 = DEFINITIONAL_REPRESENTATION('',(#14771),#14775);
#14771 = LINE('',#14772,#14773);
#14772 = CARTESIAN_POINT('',(0.,0.));
#14773 = VECTOR('',#14774,1.);
#14774 = DIRECTION('',(1.,0.));
#14775 = ( GEOMETRIC_REPRESENTATION_CONTEXT(2) 
PARAMETRIC_REPRESENTATION_CONTEXT() REPRESENTATION_CONTEXT('2D SPACE',''
  ) );
#14776 = ORIENTED_EDGE('',*,*,#14777,.T.);
#14777 = EDGE_CURVE('',#14755,#14731,#14778,.T.);
#14778 = SURFACE_CURVE('',#14779,(#14783,#14789),.PCURVE_S1.);
#14779 = LINE('',#14780,#14781);
#14780 = CARTESIAN_POINT('',(-214.8,-15.,52.23007537736));
#14781 = VECTOR('',#14782,1.);
#14782 = DIRECTION('',(0.,-1.,2.22044604925E-16));
#14783 = PCURVE('',#9578,#14784);
#14784 = DEFINITIONAL_REPRESENTATION('',(#14785),#14788);
#14785 = B_SPLINE_CURVE_WITH_KNOTS('',1,(#14786,#14787),.UNSPECIFIED.,
  .F.,.F.,(2,2),(0.2,9.8),.PIECEWISE_BEZIER_KNOTS.);
#14786 = CARTESIAN_POINT('',(4.23007537736,-8.8));
#14787 = CARTESIAN_POINT('',(4.23007537736,0.8));
#14788 = ( GEOMETRIC_REPRESENTATION_CONTEXT(2) 
PARAMETRIC_REPRESENTATION_CONTEXT() REPRESENTATION_CONTEXT('2D SPACE',''
  ) );
#14789 = PCURVE('',#14790,#14795);
#14790 = CYLINDRICAL_SURFACE('',#14791,9.2);
#14791 = AXIS2_PLACEMENT_3D('',#14792,#14793,#14794);
#14792 = CARTESIAN_POINT('',(-207.8,-15.,58.2));
#14793 = DIRECTION('',(0.,-1.,2.22044604925E-16));
#14794 = DIRECTION('',(1.,0.,0.));
#14795 = DEFINITIONAL_REPRESENTATION('',(#14796),#14799);
#14796 = B_SPLINE_CURVE_WITH_KNOTS('',1,(#14797,#14798),.UNSPECIFIED.,
  .F.,.F.,(2,2),(0.2,9.8),.PIECEWISE_BEZIER_KNOTS.);
#14797 = CARTESIAN_POINT('',(3.847736865687,0.2));
#14798 = CARTESIAN_POINT('',(3.847736865687,9.8));
#14799 = ( GEOMETRIC_REPRESENTATION_CONTEXT(2) 
PARAMETRIC_REPRESENTATION_CONTEXT() REPRESENTATION_CONTEXT('2D SPACE',''
  ) );
#14800 = ADVANCED_FACE('',(#14801),#9606,.T.);
#14801 = FACE_BOUND('',#14802,.T.);
#14802 = EDGE_LOOP('',(#14803,#14826,#14827,#14828));
#14803 = ORIENTED_EDGE('',*,*,#14804,.F.);
#14804 = EDGE_CURVE('',#9591,#14805,#14807,.T.);
#14805 = VERTEX_POINT('',#14806);
#14806 = CARTESIAN_POINT('',(-200.8,-16.,52.230075377361));
#14807 = SURFACE_CURVE('',#14808,(#14812,#14819),.PCURVE_S1.);
#14808 = LINE('',#14809,#14810);
#14809 = CARTESIAN_POINT('',(-200.8,-16.,48.));
#14810 = VECTOR('',#14811,1.);
#14811 = DIRECTION('',(0.,0.,1.));
#14812 = PCURVE('',#9606,#14813);
#14813 = DEFINITIONAL_REPRESENTATION('',(#14814),#14818);
#14814 = LINE('',#14815,#14816);
#14815 = CARTESIAN_POINT('',(0.,14.));
#14816 = VECTOR('',#14817,1.);
#14817 = DIRECTION('',(1.,0.));
#14818 = ( GEOMETRIC_REPRESENTATION_CONTEXT(2) 
PARAMETRIC_REPRESENTATION_CONTEXT() REPRESENTATION_CONTEXT('2D SPACE',''
  ) );
#14819 = PCURVE('',#9634,#14820);
#14820 = DEFINITIONAL_REPRESENTATION('',(#14821),#14825);
#14821 = LINE('',#14822,#14823);
#14822 = CARTESIAN_POINT('',(0.,-8.));
#14823 = VECTOR('',#14824,1.);
#14824 = DIRECTION('',(1.,0.));
#14825 = ( GEOMETRIC_REPRESENTATION_CONTEXT(2) 
PARAMETRIC_REPRESENTATION_CONTEXT() REPRESENTATION_CONTEXT('2D SPACE',''
  ) );
#14826 = ORIENTED_EDGE('',*,*,#9590,.F.);
#14827 = ORIENTED_EDGE('',*,*,#14754,.T.);
#14828 = ORIENTED_EDGE('',*,*,#14829,.T.);
#14829 = EDGE_CURVE('',#14755,#14805,#14830,.T.);
#14830 = SURFACE_CURVE('',#14831,(#14836,#14847),.PCURVE_S1.);
#14831 = CIRCLE('',#14832,9.2);
#14832 = AXIS2_PLACEMENT_3D('',#14833,#14834,#14835);
#14833 = CARTESIAN_POINT('',(-207.8,-16.,58.2));
#14834 = DIRECTION('',(0.,-1.,2.22044604925E-16));
#14835 = DIRECTION('',(1.,0.,0.));
#14836 = PCURVE('',#9606,#14837);
#14837 = DEFINITIONAL_REPRESENTATION('',(#14838),#14846);
#14838 = ( BOUNDED_CURVE() B_SPLINE_CURVE(2,(#14839,#14840,#14841,#14842
    ,#14843,#14844,#14845),.UNSPECIFIED.,.T.,.F.) 
B_SPLINE_CURVE_WITH_KNOTS((1,2,2,2,2,1),(-2.094395102393,0.,
    2.094395102393,4.188790204786,6.28318530718,8.377580409573),
.UNSPECIFIED.) CURVE() GEOMETRIC_REPRESENTATION_ITEM() 
RATIONAL_B_SPLINE_CURVE((1.,0.5,1.,0.5,1.,0.5,1.)) REPRESENTATION_ITEM(
  '') );
#14839 = CARTESIAN_POINT('',(10.2,16.2));
#14840 = CARTESIAN_POINT('',(26.134867429634,16.2));
#14841 = CARTESIAN_POINT('',(18.167433714817,2.4));
#14842 = CARTESIAN_POINT('',(10.2,-11.4));
#14843 = CARTESIAN_POINT('',(2.232566285183,2.4));
#14844 = CARTESIAN_POINT('',(-5.734867429634,16.2));
#14845 = CARTESIAN_POINT('',(10.2,16.2));
#14846 = ( GEOMETRIC_REPRESENTATION_CONTEXT(2) 
PARAMETRIC_REPRESENTATION_CONTEXT() REPRESENTATION_CONTEXT('2D SPACE',''
  ) );
#14847 = PCURVE('',#14790,#14848);
#14848 = DEFINITIONAL_REPRESENTATION('',(#14849),#14853);
#14849 = LINE('',#14850,#14851);
#14850 = CARTESIAN_POINT('',(0.,1.));
#14851 = VECTOR('',#14852,1.);
#14852 = DIRECTION('',(1.,0.));
#14853 = ( GEOMETRIC_REPRESENTATION_CONTEXT(2) 
PARAMETRIC_REPRESENTATION_CONTEXT() REPRESENTATION_CONTEXT('2D SPACE',''
  ) );
#14854 = ADVANCED_FACE('',(#14855),#9660,.F.);
#14855 = FACE_BOUND('',#14856,.F.);
#14856 = EDGE_LOOP('',(#14857,#14880,#14881,#14882));
#14857 = ORIENTED_EDGE('',*,*,#14858,.F.);
#14858 = EDGE_CURVE('',#9619,#14859,#14861,.T.);
#14859 = VERTEX_POINT('',#14860);
#14860 = CARTESIAN_POINT('',(-200.8,-24.,52.230075377361));
#14861 = SURFACE_CURVE('',#14862,(#14866,#14873),.PCURVE_S1.);
#14862 = LINE('',#14863,#14864);
#14863 = CARTESIAN_POINT('',(-200.8,-24.,48.));
#14864 = VECTOR('',#14865,1.);
#14865 = DIRECTION('',(0.,0.,1.));
#14866 = PCURVE('',#9660,#14867);
#14867 = DEFINITIONAL_REPRESENTATION('',(#14868),#14872);
#14868 = LINE('',#14869,#14870);
#14869 = CARTESIAN_POINT('',(0.,14.));
#14870 = VECTOR('',#14871,1.);
#14871 = DIRECTION('',(1.,0.));
#14872 = ( GEOMETRIC_REPRESENTATION_CONTEXT(2) 
PARAMETRIC_REPRESENTATION_CONTEXT() REPRESENTATION_CONTEXT('2D SPACE',''
  ) );
#14873 = PCURVE('',#9634,#14874);
#14874 = DEFINITIONAL_REPRESENTATION('',(#14875),#14879);
#14875 = LINE('',#14876,#14877);
#14876 = CARTESIAN_POINT('',(0.,0.));
#14877 = VECTOR('',#14878,1.);
#14878 = DIRECTION('',(1.,0.));
#14879 = ( GEOMETRIC_REPRESENTATION_CONTEXT(2) 
PARAMETRIC_REPRESENTATION_CONTEXT() REPRESENTATION_CONTEXT('2D SPACE',''
  ) );
#14880 = ORIENTED_EDGE('',*,*,#9646,.F.);
#14881 = ORIENTED_EDGE('',*,*,#14730,.T.);
#14882 = ORIENTED_EDGE('',*,*,#14883,.T.);
#14883 = EDGE_CURVE('',#14731,#14859,#14884,.T.);
#14884 = SURFACE_CURVE('',#14885,(#14890,#14901),.PCURVE_S1.);
#14885 = CIRCLE('',#14886,9.2);
#14886 = AXIS2_PLACEMENT_3D('',#14887,#14888,#14889);
#14887 = CARTESIAN_POINT('',(-207.8,-24.,58.2));
#14888 = DIRECTION('',(0.,-1.,2.22044604925E-16));
#14889 = DIRECTION('',(1.,0.,0.));
#14890 = PCURVE('',#9660,#14891);
#14891 = DEFINITIONAL_REPRESENTATION('',(#14892),#14900);
#14892 = ( BOUNDED_CURVE() B_SPLINE_CURVE(2,(#14893,#14894,#14895,#14896
    ,#14897,#14898,#14899),.UNSPECIFIED.,.T.,.F.) 
B_SPLINE_CURVE_WITH_KNOTS((1,2,2,2,2,1),(-2.094395102393,0.,
    2.094395102393,4.188790204786,6.28318530718,8.377580409573),
.UNSPECIFIED.) CURVE() GEOMETRIC_REPRESENTATION_ITEM() 
RATIONAL_B_SPLINE_CURVE((1.,0.5,1.,0.5,1.,0.5,1.)) REPRESENTATION_ITEM(
  '') );
#14893 = CARTESIAN_POINT('',(10.2,16.2));
#14894 = CARTESIAN_POINT('',(26.134867429634,16.2));
#14895 = CARTESIAN_POINT('',(18.167433714817,2.4));
#14896 = CARTESIAN_POINT('',(10.2,-11.4));
#14897 = CARTESIAN_POINT('',(2.232566285183,2.4));
#14898 = CARTESIAN_POINT('',(-5.734867429634,16.2));
#14899 = CARTESIAN_POINT('',(10.2,16.2));
#14900 = ( GEOMETRIC_REPRESENTATION_CONTEXT(2) 
PARAMETRIC_REPRESENTATION_CONTEXT() REPRESENTATION_CONTEXT('2D SPACE',''
  ) );
#14901 = PCURVE('',#14790,#14902);
#14902 = DEFINITIONAL_REPRESENTATION('',(#14903),#14907);
#14903 = LINE('',#14904,#14905);
#14904 = CARTESIAN_POINT('',(0.,9.));
#14905 = VECTOR('',#14906,1.);
#14906 = DIRECTION('',(1.,0.));
#14907 = ( GEOMETRIC_REPRESENTATION_CONTEXT(2) 
PARAMETRIC_REPRESENTATION_CONTEXT() REPRESENTATION_CONTEXT('2D SPACE',''
  ) );
#14908 = ADVANCED_FACE('',(#14909),#9634,.T.);
#14909 = FACE_BOUND('',#14910,.T.);
#14910 = EDGE_LOOP('',(#14911,#14912,#14913,#14914));
#14911 = ORIENTED_EDGE('',*,*,#14858,.F.);
#14912 = ORIENTED_EDGE('',*,*,#9618,.T.);
#14913 = ORIENTED_EDGE('',*,*,#14804,.T.);
#14914 = ORIENTED_EDGE('',*,*,#14915,.T.);
#14915 = EDGE_CURVE('',#14805,#14859,#14916,.T.);
#14916 = SURFACE_CURVE('',#14917,(#14921,#14927),.PCURVE_S1.);
#14917 = LINE('',#14918,#14919);
#14918 = CARTESIAN_POINT('',(-200.8,-15.,52.23007537736));
#14919 = VECTOR('',#14920,1.);
#14920 = DIRECTION('',(0.,-1.,2.22044604925E-16));
#14921 = PCURVE('',#9634,#14922);
#14922 = DEFINITIONAL_REPRESENTATION('',(#14923),#14926);
#14923 = B_SPLINE_CURVE_WITH_KNOTS('',1,(#14924,#14925),.UNSPECIFIED.,
  .F.,.F.,(2,2),(0.2,9.8),.PIECEWISE_BEZIER_KNOTS.);
#14924 = CARTESIAN_POINT('',(4.23007537736,-8.8));
#14925 = CARTESIAN_POINT('',(4.23007537736,0.8));
#14926 = ( GEOMETRIC_REPRESENTATION_CONTEXT(2) 
PARAMETRIC_REPRESENTATION_CONTEXT() REPRESENTATION_CONTEXT('2D SPACE',''
  ) );
#14927 = PCURVE('',#14790,#14928);
#14928 = DEFINITIONAL_REPRESENTATION('',(#14929),#14932);
#14929 = B_SPLINE_CURVE_WITH_KNOTS('',1,(#14930,#14931),.UNSPECIFIED.,
  .F.,.F.,(2,2),(0.2,9.8),.PIECEWISE_BEZIER_KNOTS.);
#14930 = CARTESIAN_POINT('',(5.577041095082,0.2));
#14931 = CARTESIAN_POINT('',(5.577041095082,9.8));
#14932 = ( GEOMETRIC_REPRESENTATION_CONTEXT(2) 
PARAMETRIC_REPRESENTATION_CONTEXT() REPRESENTATION_CONTEXT('2D SPACE',''
  ) );
#14933 = ADVANCED_FACE('',(#14934),#9693,.T.);
#14934 = FACE_BOUND('',#14935,.T.);
#14935 = EDGE_LOOP('',(#14936,#14959,#14990,#14991));
#14936 = ORIENTED_EDGE('',*,*,#14937,.T.);
#14937 = EDGE_CURVE('',#9677,#14938,#14940,.T.);
#14938 = VERTEX_POINT('',#14939);
#14939 = CARTESIAN_POINT('',(-184.5,-32.5,76.5));
#14940 = SURFACE_CURVE('',#14941,(#14945,#14952),.PCURVE_S1.);
#14941 = LINE('',#14942,#14943);
#14942 = CARTESIAN_POINT('',(-184.5,-32.5,48.));
#14943 = VECTOR('',#14944,1.);
#14944 = DIRECTION('',(0.,0.,1.));
#14945 = PCURVE('',#9693,#14946);
#14946 = DEFINITIONAL_REPRESENTATION('',(#14947),#14951);
#14947 = LINE('',#14948,#14949);
#14948 = CARTESIAN_POINT('',(6.28318530718,-0.));
#14949 = VECTOR('',#14950,1.);
#14950 = DIRECTION('',(0.,1.));
#14951 = ( GEOMETRIC_REPRESENTATION_CONTEXT(2) 
PARAMETRIC_REPRESENTATION_CONTEXT() REPRESENTATION_CONTEXT('2D SPACE',''
  ) );
#14952 = PCURVE('',#9720,#14953);
#14953 = DEFINITIONAL_REPRESENTATION('',(#14954),#14958);
#14954 = LINE('',#14955,#14956);
#14955 = CARTESIAN_POINT('',(0.,-0.));
#14956 = VECTOR('',#14957,1.);
#14957 = DIRECTION('',(0.,1.));
#14958 = ( GEOMETRIC_REPRESENTATION_CONTEXT(2) 
PARAMETRIC_REPRESENTATION_CONTEXT() REPRESENTATION_CONTEXT('2D SPACE',''
  ) );
#14959 = ORIENTED_EDGE('',*,*,#14960,.T.);
#14960 = EDGE_CURVE('',#14938,#512,#14961,.T.);
#14961 = SURFACE_CURVE('',#14962,(#14967,#14974),.PCURVE_S1.);
#14962 = CIRCLE('',#14963,3.5);
#14963 = AXIS2_PLACEMENT_3D('',#14964,#14965,#14966);
#14964 = CARTESIAN_POINT('',(-188.,-32.5,76.5));
#14965 = DIRECTION('',(0.,0.,-1.));
#14966 = DIRECTION('',(1.,-8.120488408687E-15,0.));
#14967 = PCURVE('',#9693,#14968);
#14968 = DEFINITIONAL_REPRESENTATION('',(#14969),#14973);
#14969 = LINE('',#14970,#14971);
#14970 = CARTESIAN_POINT('',(6.28318530718,28.5));
#14971 = VECTOR('',#14972,1.);
#14972 = DIRECTION('',(-1.,-0.));
#14973 = ( GEOMETRIC_REPRESENTATION_CONTEXT(2) 
PARAMETRIC_REPRESENTATION_CONTEXT() REPRESENTATION_CONTEXT('2D SPACE',''
  ) );
#14974 = PCURVE('',#14975,#14980);
#14975 = PLANE('',#14976);
#14976 = AXIS2_PLACEMENT_3D('',#14977,#14978,#14979);
#14977 = CARTESIAN_POINT('',(-188.,-32.5,76.5));
#14978 = DIRECTION('',(0.,0.,1.));
#14979 = DIRECTION('',(1.,0.,0.));
#14980 = DEFINITIONAL_REPRESENTATION('',(#14981),#14989);
#14981 = ( BOUNDED_CURVE() B_SPLINE_CURVE(2,(#14982,#14983,#14984,#14985
    ,#14986,#14987,#14988),.UNSPECIFIED.,.T.,.F.) 
B_SPLINE_CURVE_WITH_KNOTS((1,2,2,2,2,1),(-2.094395102393,0.,
    2.094395102393,4.188790204786,6.28318530718,8.377580409573),
.UNSPECIFIED.) CURVE() GEOMETRIC_REPRESENTATION_ITEM() 
RATIONAL_B_SPLINE_CURVE((1.,0.5,1.,0.5,1.,0.5,1.)) REPRESENTATION_ITEM(
  '') );
#14982 = CARTESIAN_POINT('',(3.5,-1.262177448354E-29));
#14983 = CARTESIAN_POINT('',(3.5,-6.062177826491));
#14984 = CARTESIAN_POINT('',(-1.75,-3.031088913246));
#14985 = CARTESIAN_POINT('',(-7.,8.440787553181E-14));
#14986 = CARTESIAN_POINT('',(-1.75,3.031088913246));
#14987 = CARTESIAN_POINT('',(3.5,6.062177826491));
#14988 = CARTESIAN_POINT('',(3.5,-1.262177448354E-29));
#14989 = ( GEOMETRIC_REPRESENTATION_CONTEXT(2) 
PARAMETRIC_REPRESENTATION_CONTEXT() REPRESENTATION_CONTEXT('2D SPACE',''
  ) );
#14990 = ORIENTED_EDGE('',*,*,#3276,.F.);
#14991 = ORIENTED_EDGE('',*,*,#9674,.T.);
#14992 = ADVANCED_FACE('',(#14993),#9720,.T.);
#14993 = FACE_BOUND('',#14994,.T.);
#14994 = EDGE_LOOP('',(#14995,#15021,#15022,#15023));
#14995 = ORIENTED_EDGE('',*,*,#14996,.T.);
#14996 = EDGE_CURVE('',#512,#14938,#14997,.T.);
#14997 = SURFACE_CURVE('',#14998,(#15003,#15010),.PCURVE_S1.);
#14998 = CIRCLE('',#14999,3.5);
#14999 = AXIS2_PLACEMENT_3D('',#15000,#15001,#15002);
#15000 = CARTESIAN_POINT('',(-188.,-32.5,76.5));
#15001 = DIRECTION('',(0.,0.,-1.));
#15002 = DIRECTION('',(1.,-8.120488408687E-15,0.));
#15003 = PCURVE('',#9720,#15004);
#15004 = DEFINITIONAL_REPRESENTATION('',(#15005),#15009);
#15005 = LINE('',#15006,#15007);
#15006 = CARTESIAN_POINT('',(6.28318530718,28.5));
#15007 = VECTOR('',#15008,1.);
#15008 = DIRECTION('',(-1.,-0.));
#15009 = ( GEOMETRIC_REPRESENTATION_CONTEXT(2) 
PARAMETRIC_REPRESENTATION_CONTEXT() REPRESENTATION_CONTEXT('2D SPACE',''
  ) );
#15010 = PCURVE('',#14975,#15011);
#15011 = DEFINITIONAL_REPRESENTATION('',(#15012),#15020);
#15012 = ( BOUNDED_CURVE() B_SPLINE_CURVE(2,(#15013,#15014,#15015,#15016
    ,#15017,#15018,#15019),.UNSPECIFIED.,.T.,.F.) 
B_SPLINE_CURVE_WITH_KNOTS((1,2,2,2,2,1),(-2.094395102393,0.,
    2.094395102393,4.188790204786,6.28318530718,8.377580409573),
.UNSPECIFIED.) CURVE() GEOMETRIC_REPRESENTATION_ITEM() 
RATIONAL_B_SPLINE_CURVE((1.,0.5,1.,0.5,1.,0.5,1.)) REPRESENTATION_ITEM(
  '') );
#15013 = CARTESIAN_POINT('',(3.5,-1.262177448354E-29));
#15014 = CARTESIAN_POINT('',(3.5,-6.062177826491));
#15015 = CARTESIAN_POINT('',(-1.75,-3.031088913246));
#15016 = CARTESIAN_POINT('',(-7.,8.440787553181E-14));
#15017 = CARTESIAN_POINT('',(-1.75,3.031088913246));
#15018 = CARTESIAN_POINT('',(3.5,6.062177826491));
#15019 = CARTESIAN_POINT('',(3.5,-1.262177448354E-29));
#15020 = ( GEOMETRIC_REPRESENTATION_CONTEXT(2) 
PARAMETRIC_REPRESENTATION_CONTEXT() REPRESENTATION_CONTEXT('2D SPACE',''
  ) );
#15021 = ORIENTED_EDGE('',*,*,#14937,.F.);
#15022 = ORIENTED_EDGE('',*,*,#9705,.T.);
#15023 = ORIENTED_EDGE('',*,*,#3276,.T.);
#15024 = ADVANCED_FACE('',(#15025),#9753,.T.);
#15025 = FACE_BOUND('',#15026,.T.);
#15026 = EDGE_LOOP('',(#15027,#15050,#15081,#15082));
#15027 = ORIENTED_EDGE('',*,*,#15028,.T.);
#15028 = EDGE_CURVE('',#9737,#15029,#15031,.T.);
#15029 = VERTEX_POINT('',#15030);
#15030 = CARTESIAN_POINT('',(-116.5,-32.5,76.5));
#15031 = SURFACE_CURVE('',#15032,(#15036,#15043),.PCURVE_S1.);
#15032 = LINE('',#15033,#15034);
#15033 = CARTESIAN_POINT('',(-116.5,-32.5,48.));
#15034 = VECTOR('',#15035,1.);
#15035 = DIRECTION('',(0.,0.,1.));
#15036 = PCURVE('',#9753,#15037);
#15037 = DEFINITIONAL_REPRESENTATION('',(#15038),#15042);
#15038 = LINE('',#15039,#15040);
#15039 = CARTESIAN_POINT('',(6.28318530718,-0.));
#15040 = VECTOR('',#15041,1.);
#15041 = DIRECTION('',(0.,1.));
#15042 = ( GEOMETRIC_REPRESENTATION_CONTEXT(2) 
PARAMETRIC_REPRESENTATION_CONTEXT() REPRESENTATION_CONTEXT('2D SPACE',''
  ) );
#15043 = PCURVE('',#9780,#15044);
#15044 = DEFINITIONAL_REPRESENTATION('',(#15045),#15049);
#15045 = LINE('',#15046,#15047);
#15046 = CARTESIAN_POINT('',(0.,-0.));
#15047 = VECTOR('',#15048,1.);
#15048 = DIRECTION('',(0.,1.));
#15049 = ( GEOMETRIC_REPRESENTATION_CONTEXT(2) 
PARAMETRIC_REPRESENTATION_CONTEXT() REPRESENTATION_CONTEXT('2D SPACE',''
  ) );
#15050 = ORIENTED_EDGE('',*,*,#15051,.T.);
#15051 = EDGE_CURVE('',#15029,#485,#15052,.T.);
#15052 = SURFACE_CURVE('',#15053,(#15058,#15065),.PCURVE_S1.);
#15053 = CIRCLE('',#15054,3.5);
#15054 = AXIS2_PLACEMENT_3D('',#15055,#15056,#15057);
#15055 = CARTESIAN_POINT('',(-120.,-32.5,76.5));
#15056 = DIRECTION('',(0.,0.,-1.));
#15057 = DIRECTION('',(1.,4.060244204343E-15,0.));
#15058 = PCURVE('',#9753,#15059);
#15059 = DEFINITIONAL_REPRESENTATION('',(#15060),#15064);
#15060 = LINE('',#15061,#15062);
#15061 = CARTESIAN_POINT('',(6.28318530718,28.5));
#15062 = VECTOR('',#15063,1.);
#15063 = DIRECTION('',(-1.,-0.));
#15064 = ( GEOMETRIC_REPRESENTATION_CONTEXT(2) 
PARAMETRIC_REPRESENTATION_CONTEXT() REPRESENTATION_CONTEXT('2D SPACE',''
  ) );
#15065 = PCURVE('',#15066,#15071);
#15066 = PLANE('',#15067);
#15067 = AXIS2_PLACEMENT_3D('',#15068,#15069,#15070);
#15068 = CARTESIAN_POINT('',(-120.,-32.5,76.5));
#15069 = DIRECTION('',(0.,0.,1.));
#15070 = DIRECTION('',(1.,0.,0.));
#15071 = DEFINITIONAL_REPRESENTATION('',(#15072),#15080);
#15072 = ( BOUNDED_CURVE() B_SPLINE_CURVE(2,(#15073,#15074,#15075,#15076
    ,#15077,#15078,#15079),.UNSPECIFIED.,.T.,.F.) 
B_SPLINE_CURVE_WITH_KNOTS((1,2,2,2,2,1),(-2.094395102393,0.,
    2.094395102393,4.188790204786,6.28318530718,8.377580409573),
.UNSPECIFIED.) CURVE() GEOMETRIC_REPRESENTATION_ITEM() 
RATIONAL_B_SPLINE_CURVE((1.,0.5,1.,0.5,1.,0.5,1.)) REPRESENTATION_ITEM(
  '') );
#15073 = CARTESIAN_POINT('',(3.5,-6.310887241768E-30));
#15074 = CARTESIAN_POINT('',(3.5,-6.062177826491));
#15075 = CARTESIAN_POINT('',(-1.75,-3.031088913246));
#15076 = CARTESIAN_POINT('',(-7.,-4.348981690501E-14));
#15077 = CARTESIAN_POINT('',(-1.75,3.031088913245));
#15078 = CARTESIAN_POINT('',(3.5,6.062177826491));
#15079 = CARTESIAN_POINT('',(3.5,-6.310887241768E-30));
#15080 = ( GEOMETRIC_REPRESENTATION_CONTEXT(2) 
PARAMETRIC_REPRESENTATION_CONTEXT() REPRESENTATION_CONTEXT('2D SPACE',''
  ) );
#15081 = ORIENTED_EDGE('',*,*,#3122,.F.);
#15082 = ORIENTED_EDGE('',*,*,#9734,.T.);
#15083 = ADVANCED_FACE('',(#15084),#9780,.T.);
#15084 = FACE_BOUND('',#15085,.T.);
#15085 = EDGE_LOOP('',(#15086,#15112,#15113,#15114));
#15086 = ORIENTED_EDGE('',*,*,#15087,.T.);
#15087 = EDGE_CURVE('',#485,#15029,#15088,.T.);
#15088 = SURFACE_CURVE('',#15089,(#15094,#15101),.PCURVE_S1.);
#15089 = CIRCLE('',#15090,3.5);
#15090 = AXIS2_PLACEMENT_3D('',#15091,#15092,#15093);
#15091 = CARTESIAN_POINT('',(-120.,-32.5,76.5));
#15092 = DIRECTION('',(0.,0.,-1.));
#15093 = DIRECTION('',(1.,4.060244204343E-15,0.));
#15094 = PCURVE('',#9780,#15095);
#15095 = DEFINITIONAL_REPRESENTATION('',(#15096),#15100);
#15096 = LINE('',#15097,#15098);
#15097 = CARTESIAN_POINT('',(6.28318530718,28.5));
#15098 = VECTOR('',#15099,1.);
#15099 = DIRECTION('',(-1.,-0.));
#15100 = ( GEOMETRIC_REPRESENTATION_CONTEXT(2) 
PARAMETRIC_REPRESENTATION_CONTEXT() REPRESENTATION_CONTEXT('2D SPACE',''
  ) );
#15101 = PCURVE('',#15066,#15102);
#15102 = DEFINITIONAL_REPRESENTATION('',(#15103),#15111);
#15103 = ( BOUNDED_CURVE() B_SPLINE_CURVE(2,(#15104,#15105,#15106,#15107
    ,#15108,#15109,#15110),.UNSPECIFIED.,.T.,.F.) 
B_SPLINE_CURVE_WITH_KNOTS((1,2,2,2,2,1),(-2.094395102393,0.,
    2.094395102393,4.188790204786,6.28318530718,8.377580409573),
.UNSPECIFIED.) CURVE() GEOMETRIC_REPRESENTATION_ITEM() 
RATIONAL_B_SPLINE_CURVE((1.,0.5,1.,0.5,1.,0.5,1.)) REPRESENTATION_ITEM(
  '') );
#15104 = CARTESIAN_POINT('',(3.5,-6.310887241768E-30));
#15105 = CARTESIAN_POINT('',(3.5,-6.062177826491));
#15106 = CARTESIAN_POINT('',(-1.75,-3.031088913246));
#15107 = CARTESIAN_POINT('',(-7.,-4.348981690501E-14));
#15108 = CARTESIAN_POINT('',(-1.75,3.031088913245));
#15109 = CARTESIAN_POINT('',(3.5,6.062177826491));
#15110 = CARTESIAN_POINT('',(3.5,-6.310887241768E-30));
#15111 = ( GEOMETRIC_REPRESENTATION_CONTEXT(2) 
PARAMETRIC_REPRESENTATION_CONTEXT() REPRESENTATION_CONTEXT('2D SPACE',''
  ) );
#15112 = ORIENTED_EDGE('',*,*,#15028,.F.);
#15113 = ORIENTED_EDGE('',*,*,#9765,.T.);
#15114 = ORIENTED_EDGE('',*,*,#3122,.T.);
#15115 = ADVANCED_FACE('',(#15116),#9812,.F.);
#15116 = FACE_BOUND('',#15117,.F.);
#15117 = EDGE_LOOP('',(#15118,#15139,#15140,#15141));
#15118 = ORIENTED_EDGE('',*,*,#15119,.T.);
#15119 = EDGE_CURVE('',#10496,#10925,#15120,.T.);
#15120 = SURFACE_CURVE('',#15121,(#15125,#15132),.PCURVE_S1.);
#15121 = LINE('',#15122,#15123);
#15122 = CARTESIAN_POINT('',(-163.8,-21.75,50.));
#15123 = VECTOR('',#15124,1.);
#15124 = DIRECTION('',(1.,0.,0.));
#15125 = PCURVE('',#9812,#15126);
#15126 = DEFINITIONAL_REPRESENTATION('',(#15127),#15131);
#15127 = LINE('',#15128,#15129);
#15128 = CARTESIAN_POINT('',(2.1,0.));
#15129 = VECTOR('',#15130,1.);
#15130 = DIRECTION('',(0.,1.));
#15131 = ( GEOMETRIC_REPRESENTATION_CONTEXT(2) 
PARAMETRIC_REPRESENTATION_CONTEXT() REPRESENTATION_CONTEXT('2D SPACE',''
  ) );
#15132 = PCURVE('',#10510,#15133);
#15133 = DEFINITIONAL_REPRESENTATION('',(#15134),#15138);
#15134 = LINE('',#15135,#15136);
#15135 = CARTESIAN_POINT('',(0.,1.5));
#15136 = VECTOR('',#15137,1.);
#15137 = DIRECTION('',(1.,0.));
#15138 = ( GEOMETRIC_REPRESENTATION_CONTEXT(2) 
PARAMETRIC_REPRESENTATION_CONTEXT() REPRESENTATION_CONTEXT('2D SPACE',''
  ) );
#15139 = ORIENTED_EDGE('',*,*,#10945,.F.);
#15140 = ORIENTED_EDGE('',*,*,#9794,.T.);
#15141 = ORIENTED_EDGE('',*,*,#10521,.T.);
#15142 = ADVANCED_FACE('',(#15143),#9862,.T.);
#15143 = FACE_BOUND('',#15144,.T.);
#15144 = EDGE_LOOP('',(#15145,#15166,#15167,#15168));
#15145 = ORIENTED_EDGE('',*,*,#15146,.T.);
#15146 = EDGE_CURVE('',#10542,#10966,#15147,.T.);
#15147 = SURFACE_CURVE('',#15148,(#15152,#15159),.PCURVE_S1.);
#15148 = LINE('',#15149,#15150);
#15149 = CARTESIAN_POINT('',(-163.8,-5.25,50.));
#15150 = VECTOR('',#15151,1.);
#15151 = DIRECTION('',(1.,0.,0.));
#15152 = PCURVE('',#9862,#15153);
#15153 = DEFINITIONAL_REPRESENTATION('',(#15154),#15158);
#15154 = LINE('',#15155,#15156);
#15155 = CARTESIAN_POINT('',(2.1,0.));
#15156 = VECTOR('',#15157,1.);
#15157 = DIRECTION('',(0.,1.));
#15158 = ( GEOMETRIC_REPRESENTATION_CONTEXT(2) 
PARAMETRIC_REPRESENTATION_CONTEXT() REPRESENTATION_CONTEXT('2D SPACE',''
  ) );
#15159 = PCURVE('',#10577,#15160);
#15160 = DEFINITIONAL_REPRESENTATION('',(#15161),#15165);
#15161 = LINE('',#15162,#15163);
#15162 = CARTESIAN_POINT('',(0.,0.));
#15163 = VECTOR('',#15164,1.);
#15164 = DIRECTION('',(1.,0.));
#15165 = ( GEOMETRIC_REPRESENTATION_CONTEXT(2) 
PARAMETRIC_REPRESENTATION_CONTEXT() REPRESENTATION_CONTEXT('2D SPACE',''
  ) );
#15166 = ORIENTED_EDGE('',*,*,#10965,.F.);
#15167 = ORIENTED_EDGE('',*,*,#9846,.T.);
#15168 = ORIENTED_EDGE('',*,*,#10541,.T.);
#15169 = ADVANCED_FACE('',(#15170),#9914,.F.);
#15170 = FACE_BOUND('',#15171,.F.);
#15171 = EDGE_LOOP('',(#15172,#15195,#15196,#15219));
#15172 = ORIENTED_EDGE('',*,*,#15173,.F.);
#15173 = EDGE_CURVE('',#9897,#15174,#15176,.T.);
#15174 = VERTEX_POINT('',#15175);
#15175 = CARTESIAN_POINT('',(-233.8,16.,52.23007537736));
#15176 = SURFACE_CURVE('',#15177,(#15181,#15188),.PCURVE_S1.);
#15177 = LINE('',#15178,#15179);
#15178 = CARTESIAN_POINT('',(-233.8,16.,48.));
#15179 = VECTOR('',#15180,1.);
#15180 = DIRECTION('',(0.,0.,1.));
#15181 = PCURVE('',#9914,#15182);
#15182 = DEFINITIONAL_REPRESENTATION('',(#15183),#15187);
#15183 = LINE('',#15184,#15185);
#15184 = CARTESIAN_POINT('',(0.,0.));
#15185 = VECTOR('',#15186,1.);
#15186 = DIRECTION('',(1.,0.));
#15187 = ( GEOMETRIC_REPRESENTATION_CONTEXT(2) 
PARAMETRIC_REPRESENTATION_CONTEXT() REPRESENTATION_CONTEXT('2D SPACE',''
  ) );
#15188 = PCURVE('',#9996,#15189);
#15189 = DEFINITIONAL_REPRESENTATION('',(#15190),#15194);
#15190 = LINE('',#15191,#15192);
#15191 = CARTESIAN_POINT('',(0.,0.));
#15192 = VECTOR('',#15193,1.);
#15193 = DIRECTION('',(1.,0.));
#15194 = ( GEOMETRIC_REPRESENTATION_CONTEXT(2) 
PARAMETRIC_REPRESENTATION_CONTEXT() REPRESENTATION_CONTEXT('2D SPACE',''
  ) );
#15195 = ORIENTED_EDGE('',*,*,#9896,.T.);
#15196 = ORIENTED_EDGE('',*,*,#15197,.T.);
#15197 = EDGE_CURVE('',#9899,#15198,#15200,.T.);
#15198 = VERTEX_POINT('',#15199);
#15199 = CARTESIAN_POINT('',(-233.8,24.,52.23007537736));
#15200 = SURFACE_CURVE('',#15201,(#15205,#15212),.PCURVE_S1.);
#15201 = LINE('',#15202,#15203);
#15202 = CARTESIAN_POINT('',(-233.8,24.,48.));
#15203 = VECTOR('',#15204,1.);
#15204 = DIRECTION('',(0.,0.,1.));
#15205 = PCURVE('',#9914,#15206);
#15206 = DEFINITIONAL_REPRESENTATION('',(#15207),#15211);
#15207 = LINE('',#15208,#15209);
#15208 = CARTESIAN_POINT('',(0.,-8.));
#15209 = VECTOR('',#15210,1.);
#15210 = DIRECTION('',(1.,0.));
#15211 = ( GEOMETRIC_REPRESENTATION_CONTEXT(2) 
PARAMETRIC_REPRESENTATION_CONTEXT() REPRESENTATION_CONTEXT('2D SPACE',''
  ) );
#15212 = PCURVE('',#9942,#15213);
#15213 = DEFINITIONAL_REPRESENTATION('',(#15214),#15218);
#15214 = LINE('',#15215,#15216);
#15215 = CARTESIAN_POINT('',(0.,0.));
#15216 = VECTOR('',#15217,1.);
#15217 = DIRECTION('',(1.,0.));
#15218 = ( GEOMETRIC_REPRESENTATION_CONTEXT(2) 
PARAMETRIC_REPRESENTATION_CONTEXT() REPRESENTATION_CONTEXT('2D SPACE',''
  ) );
#15219 = ORIENTED_EDGE('',*,*,#15220,.T.);
#15220 = EDGE_CURVE('',#15198,#15174,#15221,.T.);
#15221 = SURFACE_CURVE('',#15222,(#15226,#15232),.PCURVE_S1.);
#15222 = LINE('',#15223,#15224);
#15223 = CARTESIAN_POINT('',(-233.8,25.,52.23007537736));
#15224 = VECTOR('',#15225,1.);
#15225 = DIRECTION('',(0.,-1.,2.22044604925E-16));
#15226 = PCURVE('',#9914,#15227);
#15227 = DEFINITIONAL_REPRESENTATION('',(#15228),#15231);
#15228 = B_SPLINE_CURVE_WITH_KNOTS('',1,(#15229,#15230),.UNSPECIFIED.,
  .F.,.F.,(2,2),(0.2,9.8),.PIECEWISE_BEZIER_KNOTS.);
#15229 = CARTESIAN_POINT('',(4.23007537736,-8.8));
#15230 = CARTESIAN_POINT('',(4.23007537736,0.8));
#15231 = ( GEOMETRIC_REPRESENTATION_CONTEXT(2) 
PARAMETRIC_REPRESENTATION_CONTEXT() REPRESENTATION_CONTEXT('2D SPACE',''
  ) );
#15232 = PCURVE('',#15233,#15238);
#15233 = CYLINDRICAL_SURFACE('',#15234,9.2);
#15234 = AXIS2_PLACEMENT_3D('',#15235,#15236,#15237);
#15235 = CARTESIAN_POINT('',(-226.8,25.,58.2));
#15236 = DIRECTION('',(0.,-1.,2.22044604925E-16));
#15237 = DIRECTION('',(1.,0.,0.));
#15238 = DEFINITIONAL_REPRESENTATION('',(#15239),#15242);
#15239 = B_SPLINE_CURVE_WITH_KNOTS('',1,(#15240,#15241),.UNSPECIFIED.,
  .F.,.F.,(2,2),(0.2,9.8),.PIECEWISE_BEZIER_KNOTS.);
#15240 = CARTESIAN_POINT('',(3.847736865687,0.2));
#15241 = CARTESIAN_POINT('',(3.847736865687,9.8));
#15242 = ( GEOMETRIC_REPRESENTATION_CONTEXT(2) 
PARAMETRIC_REPRESENTATION_CONTEXT() REPRESENTATION_CONTEXT('2D SPACE',''
  ) );
#15243 = ADVANCED_FACE('',(#15244),#9942,.T.);
#15244 = FACE_BOUND('',#15245,.T.);
#15245 = EDGE_LOOP('',(#15246,#15269,#15270,#15271));
#15246 = ORIENTED_EDGE('',*,*,#15247,.F.);
#15247 = EDGE_CURVE('',#9927,#15248,#15250,.T.);
#15248 = VERTEX_POINT('',#15249);
#15249 = CARTESIAN_POINT('',(-219.8,24.,52.23007537736));
#15250 = SURFACE_CURVE('',#15251,(#15255,#15262),.PCURVE_S1.);
#15251 = LINE('',#15252,#15253);
#15252 = CARTESIAN_POINT('',(-219.8,24.,48.));
#15253 = VECTOR('',#15254,1.);
#15254 = DIRECTION('',(0.,0.,1.));
#15255 = PCURVE('',#9942,#15256);
#15256 = DEFINITIONAL_REPRESENTATION('',(#15257),#15261);
#15257 = LINE('',#15258,#15259);
#15258 = CARTESIAN_POINT('',(0.,14.));
#15259 = VECTOR('',#15260,1.);
#15260 = DIRECTION('',(1.,0.));
#15261 = ( GEOMETRIC_REPRESENTATION_CONTEXT(2) 
PARAMETRIC_REPRESENTATION_CONTEXT() REPRESENTATION_CONTEXT('2D SPACE',''
  ) );
#15262 = PCURVE('',#9970,#15263);
#15263 = DEFINITIONAL_REPRESENTATION('',(#15264),#15268);
#15264 = LINE('',#15265,#15266);
#15265 = CARTESIAN_POINT('',(0.,-8.));
#15266 = VECTOR('',#15267,1.);
#15267 = DIRECTION('',(1.,0.));
#15268 = ( GEOMETRIC_REPRESENTATION_CONTEXT(2) 
PARAMETRIC_REPRESENTATION_CONTEXT() REPRESENTATION_CONTEXT('2D SPACE',''
  ) );
#15269 = ORIENTED_EDGE('',*,*,#9926,.F.);
#15270 = ORIENTED_EDGE('',*,*,#15197,.T.);
#15271 = ORIENTED_EDGE('',*,*,#15272,.T.);
#15272 = EDGE_CURVE('',#15198,#15248,#15273,.T.);
#15273 = SURFACE_CURVE('',#15274,(#15279,#15290),.PCURVE_S1.);
#15274 = CIRCLE('',#15275,9.2);
#15275 = AXIS2_PLACEMENT_3D('',#15276,#15277,#15278);
#15276 = CARTESIAN_POINT('',(-226.8,24.,58.2));
#15277 = DIRECTION('',(0.,-1.,2.22044604925E-16));
#15278 = DIRECTION('',(1.,0.,0.));
#15279 = PCURVE('',#9942,#15280);
#15280 = DEFINITIONAL_REPRESENTATION('',(#15281),#15289);
#15281 = ( BOUNDED_CURVE() B_SPLINE_CURVE(2,(#15282,#15283,#15284,#15285
    ,#15286,#15287,#15288),.UNSPECIFIED.,.T.,.F.) 
B_SPLINE_CURVE_WITH_KNOTS((1,2,2,2,2,1),(-2.094395102393,0.,
    2.094395102393,4.188790204786,6.28318530718,8.377580409573),
.UNSPECIFIED.) CURVE() GEOMETRIC_REPRESENTATION_ITEM() 
RATIONAL_B_SPLINE_CURVE((1.,0.5,1.,0.5,1.,0.5,1.)) REPRESENTATION_ITEM(
  '') );
#15282 = CARTESIAN_POINT('',(10.2,16.2));
#15283 = CARTESIAN_POINT('',(26.134867429634,16.2));
#15284 = CARTESIAN_POINT('',(18.167433714817,2.4));
#15285 = CARTESIAN_POINT('',(10.2,-11.4));
#15286 = CARTESIAN_POINT('',(2.232566285183,2.4));
#15287 = CARTESIAN_POINT('',(-5.734867429634,16.2));
#15288 = CARTESIAN_POINT('',(10.2,16.2));
#15289 = ( GEOMETRIC_REPRESENTATION_CONTEXT(2) 
PARAMETRIC_REPRESENTATION_CONTEXT() REPRESENTATION_CONTEXT('2D SPACE',''
  ) );
#15290 = PCURVE('',#15233,#15291);
#15291 = DEFINITIONAL_REPRESENTATION('',(#15292),#15296);
#15292 = LINE('',#15293,#15294);
#15293 = CARTESIAN_POINT('',(0.,1.));
#15294 = VECTOR('',#15295,1.);
#15295 = DIRECTION('',(1.,0.));
#15296 = ( GEOMETRIC_REPRESENTATION_CONTEXT(2) 
PARAMETRIC_REPRESENTATION_CONTEXT() REPRESENTATION_CONTEXT('2D SPACE',''
  ) );
#15297 = ADVANCED_FACE('',(#15298),#9996,.F.);
#15298 = FACE_BOUND('',#15299,.F.);
#15299 = EDGE_LOOP('',(#15300,#15323,#15324,#15325));
#15300 = ORIENTED_EDGE('',*,*,#15301,.F.);
#15301 = EDGE_CURVE('',#9955,#15302,#15304,.T.);
#15302 = VERTEX_POINT('',#15303);
#15303 = CARTESIAN_POINT('',(-219.8,16.,52.23007537736));
#15304 = SURFACE_CURVE('',#15305,(#15309,#15316),.PCURVE_S1.);
#15305 = LINE('',#15306,#15307);
#15306 = CARTESIAN_POINT('',(-219.8,16.,48.));
#15307 = VECTOR('',#15308,1.);
#15308 = DIRECTION('',(0.,0.,1.));
#15309 = PCURVE('',#9996,#15310);
#15310 = DEFINITIONAL_REPRESENTATION('',(#15311),#15315);
#15311 = LINE('',#15312,#15313);
#15312 = CARTESIAN_POINT('',(0.,14.));
#15313 = VECTOR('',#15314,1.);
#15314 = DIRECTION('',(1.,0.));
#15315 = ( GEOMETRIC_REPRESENTATION_CONTEXT(2) 
PARAMETRIC_REPRESENTATION_CONTEXT() REPRESENTATION_CONTEXT('2D SPACE',''
  ) );
#15316 = PCURVE('',#9970,#15317);
#15317 = DEFINITIONAL_REPRESENTATION('',(#15318),#15322);
#15318 = LINE('',#15319,#15320);
#15319 = CARTESIAN_POINT('',(0.,0.));
#15320 = VECTOR('',#15321,1.);
#15321 = DIRECTION('',(1.,0.));
#15322 = ( GEOMETRIC_REPRESENTATION_CONTEXT(2) 
PARAMETRIC_REPRESENTATION_CONTEXT() REPRESENTATION_CONTEXT('2D SPACE',''
  ) );
#15323 = ORIENTED_EDGE('',*,*,#9982,.F.);
#15324 = ORIENTED_EDGE('',*,*,#15173,.T.);
#15325 = ORIENTED_EDGE('',*,*,#15326,.T.);
#15326 = EDGE_CURVE('',#15174,#15302,#15327,.T.);
#15327 = SURFACE_CURVE('',#15328,(#15333,#15344),.PCURVE_S1.);
#15328 = CIRCLE('',#15329,9.2);
#15329 = AXIS2_PLACEMENT_3D('',#15330,#15331,#15332);
#15330 = CARTESIAN_POINT('',(-226.8,16.,58.2));
#15331 = DIRECTION('',(0.,-1.,2.22044604925E-16));
#15332 = DIRECTION('',(1.,0.,0.));
#15333 = PCURVE('',#9996,#15334);
#15334 = DEFINITIONAL_REPRESENTATION('',(#15335),#15343);
#15335 = ( BOUNDED_CURVE() B_SPLINE_CURVE(2,(#15336,#15337,#15338,#15339
    ,#15340,#15341,#15342),.UNSPECIFIED.,.T.,.F.) 
B_SPLINE_CURVE_WITH_KNOTS((1,2,2,2,2,1),(-2.094395102393,0.,
    2.094395102393,4.188790204786,6.28318530718,8.377580409573),
.UNSPECIFIED.) CURVE() GEOMETRIC_REPRESENTATION_ITEM() 
RATIONAL_B_SPLINE_CURVE((1.,0.5,1.,0.5,1.,0.5,1.)) REPRESENTATION_ITEM(
  '') );
#15336 = CARTESIAN_POINT('',(10.2,16.2));
#15337 = CARTESIAN_POINT('',(26.134867429634,16.2));
#15338 = CARTESIAN_POINT('',(18.167433714817,2.4));
#15339 = CARTESIAN_POINT('',(10.2,-11.4));
#15340 = CARTESIAN_POINT('',(2.232566285183,2.4));
#15341 = CARTESIAN_POINT('',(-5.734867429634,16.2));
#15342 = CARTESIAN_POINT('',(10.2,16.2));
#15343 = ( GEOMETRIC_REPRESENTATION_CONTEXT(2) 
PARAMETRIC_REPRESENTATION_CONTEXT() REPRESENTATION_CONTEXT('2D SPACE',''
  ) );
#15344 = PCURVE('',#15233,#15345);
#15345 = DEFINITIONAL_REPRESENTATION('',(#15346),#15350);
#15346 = LINE('',#15347,#15348);
#15347 = CARTESIAN_POINT('',(0.,9.));
#15348 = VECTOR('',#15349,1.);
#15349 = DIRECTION('',(1.,0.));
#15350 = ( GEOMETRIC_REPRESENTATION_CONTEXT(2) 
PARAMETRIC_REPRESENTATION_CONTEXT() REPRESENTATION_CONTEXT('2D SPACE',''
  ) );
#15351 = ADVANCED_FACE('',(#15352),#9970,.T.);
#15352 = FACE_BOUND('',#15353,.T.);
#15353 = EDGE_LOOP('',(#15354,#15355,#15356,#15357));
#15354 = ORIENTED_EDGE('',*,*,#15301,.F.);
#15355 = ORIENTED_EDGE('',*,*,#9954,.T.);
#15356 = ORIENTED_EDGE('',*,*,#15247,.T.);
#15357 = ORIENTED_EDGE('',*,*,#15358,.T.);
#15358 = EDGE_CURVE('',#15248,#15302,#15359,.T.);
#15359 = SURFACE_CURVE('',#15360,(#15364,#15370),.PCURVE_S1.);
#15360 = LINE('',#15361,#15362);
#15361 = CARTESIAN_POINT('',(-219.8,25.,52.23007537736));
#15362 = VECTOR('',#15363,1.);
#15363 = DIRECTION('',(0.,-1.,2.22044604925E-16));
#15364 = PCURVE('',#9970,#15365);
#15365 = DEFINITIONAL_REPRESENTATION('',(#15366),#15369);
#15366 = B_SPLINE_CURVE_WITH_KNOTS('',1,(#15367,#15368),.UNSPECIFIED.,
  .F.,.F.,(2,2),(0.2,9.8),.PIECEWISE_BEZIER_KNOTS.);
#15367 = CARTESIAN_POINT('',(4.23007537736,-8.8));
#15368 = CARTESIAN_POINT('',(4.23007537736,0.8));
#15369 = ( GEOMETRIC_REPRESENTATION_CONTEXT(2) 
PARAMETRIC_REPRESENTATION_CONTEXT() REPRESENTATION_CONTEXT('2D SPACE',''
  ) );
#15370 = PCURVE('',#15233,#15371);
#15371 = DEFINITIONAL_REPRESENTATION('',(#15372),#15375);
#15372 = B_SPLINE_CURVE_WITH_KNOTS('',1,(#15373,#15374),.UNSPECIFIED.,
  .F.,.F.,(2,2),(0.2,9.8),.PIECEWISE_BEZIER_KNOTS.);
#15373 = CARTESIAN_POINT('',(5.577041095082,0.2));
#15374 = CARTESIAN_POINT('',(5.577041095082,9.8));
#15375 = ( GEOMETRIC_REPRESENTATION_CONTEXT(2) 
PARAMETRIC_REPRESENTATION_CONTEXT() REPRESENTATION_CONTEXT('2D SPACE',''
  ) );
#15376 = ADVANCED_FACE('',(#15377),#10028,.F.);
#15377 = FACE_BOUND('',#15378,.F.);
#15378 = EDGE_LOOP('',(#15379,#15402,#15403,#15426));
#15379 = ORIENTED_EDGE('',*,*,#15380,.F.);
#15380 = EDGE_CURVE('',#10011,#15381,#15383,.T.);
#15381 = VERTEX_POINT('',#15382);
#15382 = CARTESIAN_POINT('',(-214.8,16.,52.230075377361));
#15383 = SURFACE_CURVE('',#15384,(#15388,#15395),.PCURVE_S1.);
#15384 = LINE('',#15385,#15386);
#15385 = CARTESIAN_POINT('',(-214.8,16.,48.));
#15386 = VECTOR('',#15387,1.);
#15387 = DIRECTION('',(0.,0.,1.));
#15388 = PCURVE('',#10028,#15389);
#15389 = DEFINITIONAL_REPRESENTATION('',(#15390),#15394);
#15390 = LINE('',#15391,#15392);
#15391 = CARTESIAN_POINT('',(0.,0.));
#15392 = VECTOR('',#15393,1.);
#15393 = DIRECTION('',(1.,0.));
#15394 = ( GEOMETRIC_REPRESENTATION_CONTEXT(2) 
PARAMETRIC_REPRESENTATION_CONTEXT() REPRESENTATION_CONTEXT('2D SPACE',''
  ) );
#15395 = PCURVE('',#10110,#15396);
#15396 = DEFINITIONAL_REPRESENTATION('',(#15397),#15401);
#15397 = LINE('',#15398,#15399);
#15398 = CARTESIAN_POINT('',(0.,0.));
#15399 = VECTOR('',#15400,1.);
#15400 = DIRECTION('',(1.,0.));
#15401 = ( GEOMETRIC_REPRESENTATION_CONTEXT(2) 
PARAMETRIC_REPRESENTATION_CONTEXT() REPRESENTATION_CONTEXT('2D SPACE',''
  ) );
#15402 = ORIENTED_EDGE('',*,*,#10010,.T.);
#15403 = ORIENTED_EDGE('',*,*,#15404,.T.);
#15404 = EDGE_CURVE('',#10013,#15405,#15407,.T.);
#15405 = VERTEX_POINT('',#15406);
#15406 = CARTESIAN_POINT('',(-214.8,24.,52.230075377361));
#15407 = SURFACE_CURVE('',#15408,(#15412,#15419),.PCURVE_S1.);
#15408 = LINE('',#15409,#15410);
#15409 = CARTESIAN_POINT('',(-214.8,24.,48.));
#15410 = VECTOR('',#15411,1.);
#15411 = DIRECTION('',(0.,0.,1.));
#15412 = PCURVE('',#10028,#15413);
#15413 = DEFINITIONAL_REPRESENTATION('',(#15414),#15418);
#15414 = LINE('',#15415,#15416);
#15415 = CARTESIAN_POINT('',(0.,-8.));
#15416 = VECTOR('',#15417,1.);
#15417 = DIRECTION('',(1.,0.));
#15418 = ( GEOMETRIC_REPRESENTATION_CONTEXT(2) 
PARAMETRIC_REPRESENTATION_CONTEXT() REPRESENTATION_CONTEXT('2D SPACE',''
  ) );
#15419 = PCURVE('',#10056,#15420);
#15420 = DEFINITIONAL_REPRESENTATION('',(#15421),#15425);
#15421 = LINE('',#15422,#15423);
#15422 = CARTESIAN_POINT('',(0.,0.));
#15423 = VECTOR('',#15424,1.);
#15424 = DIRECTION('',(1.,0.));
#15425 = ( GEOMETRIC_REPRESENTATION_CONTEXT(2) 
PARAMETRIC_REPRESENTATION_CONTEXT() REPRESENTATION_CONTEXT('2D SPACE',''
  ) );
#15426 = ORIENTED_EDGE('',*,*,#15427,.T.);
#15427 = EDGE_CURVE('',#15405,#15381,#15428,.T.);
#15428 = SURFACE_CURVE('',#15429,(#15433,#15439),.PCURVE_S1.);
#15429 = LINE('',#15430,#15431);
#15430 = CARTESIAN_POINT('',(-214.8,25.,52.23007537736));
#15431 = VECTOR('',#15432,1.);
#15432 = DIRECTION('',(0.,-1.,2.22044604925E-16));
#15433 = PCURVE('',#10028,#15434);
#15434 = DEFINITIONAL_REPRESENTATION('',(#15435),#15438);
#15435 = B_SPLINE_CURVE_WITH_KNOTS('',1,(#15436,#15437),.UNSPECIFIED.,
  .F.,.F.,(2,2),(0.2,9.8),.PIECEWISE_BEZIER_KNOTS.);
#15436 = CARTESIAN_POINT('',(4.23007537736,-8.8));
#15437 = CARTESIAN_POINT('',(4.23007537736,0.8));
#15438 = ( GEOMETRIC_REPRESENTATION_CONTEXT(2) 
PARAMETRIC_REPRESENTATION_CONTEXT() REPRESENTATION_CONTEXT('2D SPACE',''
  ) );
#15439 = PCURVE('',#15440,#15445);
#15440 = CYLINDRICAL_SURFACE('',#15441,9.2);
#15441 = AXIS2_PLACEMENT_3D('',#15442,#15443,#15444);
#15442 = CARTESIAN_POINT('',(-207.8,25.,58.2));
#15443 = DIRECTION('',(0.,-1.,2.22044604925E-16));
#15444 = DIRECTION('',(1.,0.,0.));
#15445 = DEFINITIONAL_REPRESENTATION('',(#15446),#15449);
#15446 = B_SPLINE_CURVE_WITH_KNOTS('',1,(#15447,#15448),.UNSPECIFIED.,
  .F.,.F.,(2,2),(0.2,9.8),.PIECEWISE_BEZIER_KNOTS.);
#15447 = CARTESIAN_POINT('',(3.847736865687,0.2));
#15448 = CARTESIAN_POINT('',(3.847736865687,9.8));
#15449 = ( GEOMETRIC_REPRESENTATION_CONTEXT(2) 
PARAMETRIC_REPRESENTATION_CONTEXT() REPRESENTATION_CONTEXT('2D SPACE',''
  ) );
#15450 = ADVANCED_FACE('',(#15451),#10056,.T.);
#15451 = FACE_BOUND('',#15452,.T.);
#15452 = EDGE_LOOP('',(#15453,#15476,#15477,#15478));
#15453 = ORIENTED_EDGE('',*,*,#15454,.F.);
#15454 = EDGE_CURVE('',#10041,#15455,#15457,.T.);
#15455 = VERTEX_POINT('',#15456);
#15456 = CARTESIAN_POINT('',(-200.8,24.,52.230075377361));
#15457 = SURFACE_CURVE('',#15458,(#15462,#15469),.PCURVE_S1.);
#15458 = LINE('',#15459,#15460);
#15459 = CARTESIAN_POINT('',(-200.8,24.,48.));
#15460 = VECTOR('',#15461,1.);
#15461 = DIRECTION('',(0.,0.,1.));
#15462 = PCURVE('',#10056,#15463);
#15463 = DEFINITIONAL_REPRESENTATION('',(#15464),#15468);
#15464 = LINE('',#15465,#15466);
#15465 = CARTESIAN_POINT('',(0.,14.));
#15466 = VECTOR('',#15467,1.);
#15467 = DIRECTION('',(1.,0.));
#15468 = ( GEOMETRIC_REPRESENTATION_CONTEXT(2) 
PARAMETRIC_REPRESENTATION_CONTEXT() REPRESENTATION_CONTEXT('2D SPACE',''
  ) );
#15469 = PCURVE('',#10084,#15470);
#15470 = DEFINITIONAL_REPRESENTATION('',(#15471),#15475);
#15471 = LINE('',#15472,#15473);
#15472 = CARTESIAN_POINT('',(0.,-8.));
#15473 = VECTOR('',#15474,1.);
#15474 = DIRECTION('',(1.,0.));
#15475 = ( GEOMETRIC_REPRESENTATION_CONTEXT(2) 
PARAMETRIC_REPRESENTATION_CONTEXT() REPRESENTATION_CONTEXT('2D SPACE',''
  ) );
#15476 = ORIENTED_EDGE('',*,*,#10040,.F.);
#15477 = ORIENTED_EDGE('',*,*,#15404,.T.);
#15478 = ORIENTED_EDGE('',*,*,#15479,.T.);
#15479 = EDGE_CURVE('',#15405,#15455,#15480,.T.);
#15480 = SURFACE_CURVE('',#15481,(#15486,#15497),.PCURVE_S1.);
#15481 = CIRCLE('',#15482,9.2);
#15482 = AXIS2_PLACEMENT_3D('',#15483,#15484,#15485);
#15483 = CARTESIAN_POINT('',(-207.8,24.,58.2));
#15484 = DIRECTION('',(0.,-1.,2.22044604925E-16));
#15485 = DIRECTION('',(1.,0.,0.));
#15486 = PCURVE('',#10056,#15487);
#15487 = DEFINITIONAL_REPRESENTATION('',(#15488),#15496);
#15488 = ( BOUNDED_CURVE() B_SPLINE_CURVE(2,(#15489,#15490,#15491,#15492
    ,#15493,#15494,#15495),.UNSPECIFIED.,.T.,.F.) 
B_SPLINE_CURVE_WITH_KNOTS((1,2,2,2,2,1),(-2.094395102393,0.,
    2.094395102393,4.188790204786,6.28318530718,8.377580409573),
.UNSPECIFIED.) CURVE() GEOMETRIC_REPRESENTATION_ITEM() 
RATIONAL_B_SPLINE_CURVE((1.,0.5,1.,0.5,1.,0.5,1.)) REPRESENTATION_ITEM(
  '') );
#15489 = CARTESIAN_POINT('',(10.2,16.2));
#15490 = CARTESIAN_POINT('',(26.134867429634,16.2));
#15491 = CARTESIAN_POINT('',(18.167433714817,2.4));
#15492 = CARTESIAN_POINT('',(10.2,-11.4));
#15493 = CARTESIAN_POINT('',(2.232566285183,2.4));
#15494 = CARTESIAN_POINT('',(-5.734867429634,16.2));
#15495 = CARTESIAN_POINT('',(10.2,16.2));
#15496 = ( GEOMETRIC_REPRESENTATION_CONTEXT(2) 
PARAMETRIC_REPRESENTATION_CONTEXT() REPRESENTATION_CONTEXT('2D SPACE',''
  ) );
#15497 = PCURVE('',#15440,#15498);
#15498 = DEFINITIONAL_REPRESENTATION('',(#15499),#15503);
#15499 = LINE('',#15500,#15501);
#15500 = CARTESIAN_POINT('',(0.,1.));
#15501 = VECTOR('',#15502,1.);
#15502 = DIRECTION('',(1.,0.));
#15503 = ( GEOMETRIC_REPRESENTATION_CONTEXT(2) 
PARAMETRIC_REPRESENTATION_CONTEXT() REPRESENTATION_CONTEXT('2D SPACE',''
  ) );
#15504 = ADVANCED_FACE('',(#15505),#10110,.F.);
#15505 = FACE_BOUND('',#15506,.F.);
#15506 = EDGE_LOOP('',(#15507,#15530,#15531,#15532));
#15507 = ORIENTED_EDGE('',*,*,#15508,.F.);
#15508 = EDGE_CURVE('',#10069,#15509,#15511,.T.);
#15509 = VERTEX_POINT('',#15510);
#15510 = CARTESIAN_POINT('',(-200.8,16.,52.230075377361));
#15511 = SURFACE_CURVE('',#15512,(#15516,#15523),.PCURVE_S1.);
#15512 = LINE('',#15513,#15514);
#15513 = CARTESIAN_POINT('',(-200.8,16.,48.));
#15514 = VECTOR('',#15515,1.);
#15515 = DIRECTION('',(0.,0.,1.));
#15516 = PCURVE('',#10110,#15517);
#15517 = DEFINITIONAL_REPRESENTATION('',(#15518),#15522);
#15518 = LINE('',#15519,#15520);
#15519 = CARTESIAN_POINT('',(0.,14.));
#15520 = VECTOR('',#15521,1.);
#15521 = DIRECTION('',(1.,0.));
#15522 = ( GEOMETRIC_REPRESENTATION_CONTEXT(2) 
PARAMETRIC_REPRESENTATION_CONTEXT() REPRESENTATION_CONTEXT('2D SPACE',''
  ) );
#15523 = PCURVE('',#10084,#15524);
#15524 = DEFINITIONAL_REPRESENTATION('',(#15525),#15529);
#15525 = LINE('',#15526,#15527);
#15526 = CARTESIAN_POINT('',(0.,0.));
#15527 = VECTOR('',#15528,1.);
#15528 = DIRECTION('',(1.,0.));
#15529 = ( GEOMETRIC_REPRESENTATION_CONTEXT(2) 
PARAMETRIC_REPRESENTATION_CONTEXT() REPRESENTATION_CONTEXT('2D SPACE',''
  ) );
#15530 = ORIENTED_EDGE('',*,*,#10096,.F.);
#15531 = ORIENTED_EDGE('',*,*,#15380,.T.);
#15532 = ORIENTED_EDGE('',*,*,#15533,.T.);
#15533 = EDGE_CURVE('',#15381,#15509,#15534,.T.);
#15534 = SURFACE_CURVE('',#15535,(#15540,#15551),.PCURVE_S1.);
#15535 = CIRCLE('',#15536,9.2);
#15536 = AXIS2_PLACEMENT_3D('',#15537,#15538,#15539);
#15537 = CARTESIAN_POINT('',(-207.8,16.,58.2));
#15538 = DIRECTION('',(0.,-1.,2.22044604925E-16));
#15539 = DIRECTION('',(1.,0.,0.));
#15540 = PCURVE('',#10110,#15541);
#15541 = DEFINITIONAL_REPRESENTATION('',(#15542),#15550);
#15542 = ( BOUNDED_CURVE() B_SPLINE_CURVE(2,(#15543,#15544,#15545,#15546
    ,#15547,#15548,#15549),.UNSPECIFIED.,.T.,.F.) 
B_SPLINE_CURVE_WITH_KNOTS((1,2,2,2,2,1),(-2.094395102393,0.,
    2.094395102393,4.188790204786,6.28318530718,8.377580409573),
.UNSPECIFIED.) CURVE() GEOMETRIC_REPRESENTATION_ITEM() 
RATIONAL_B_SPLINE_CURVE((1.,0.5,1.,0.5,1.,0.5,1.)) REPRESENTATION_ITEM(
  '') );
#15543 = CARTESIAN_POINT('',(10.2,16.2));
#15544 = CARTESIAN_POINT('',(26.134867429634,16.2));
#15545 = CARTESIAN_POINT('',(18.167433714817,2.4));
#15546 = CARTESIAN_POINT('',(10.2,-11.4));
#15547 = CARTESIAN_POINT('',(2.232566285183,2.4));
#15548 = CARTESIAN_POINT('',(-5.734867429634,16.2));
#15549 = CARTESIAN_POINT('',(10.2,16.2));
#15550 = ( GEOMETRIC_REPRESENTATION_CONTEXT(2) 
PARAMETRIC_REPRESENTATION_CONTEXT() REPRESENTATION_CONTEXT('2D SPACE',''
  ) );
#15551 = PCURVE('',#15440,#15552);
#15552 = DEFINITIONAL_REPRESENTATION('',(#15553),#15557);
#15553 = LINE('',#15554,#15555);
#15554 = CARTESIAN_POINT('',(0.,9.));
#15555 = VECTOR('',#15556,1.);
#15556 = DIRECTION('',(1.,0.));
#15557 = ( GEOMETRIC_REPRESENTATION_CONTEXT(2) 
PARAMETRIC_REPRESENTATION_CONTEXT() REPRESENTATION_CONTEXT('2D SPACE',''
  ) );
#15558 = ADVANCED_FACE('',(#15559),#10084,.T.);
#15559 = FACE_BOUND('',#15560,.T.);
#15560 = EDGE_LOOP('',(#15561,#15562,#15563,#15564));
#15561 = ORIENTED_EDGE('',*,*,#15508,.F.);
#15562 = ORIENTED_EDGE('',*,*,#10068,.T.);
#15563 = ORIENTED_EDGE('',*,*,#15454,.T.);
#15564 = ORIENTED_EDGE('',*,*,#15565,.T.);
#15565 = EDGE_CURVE('',#15455,#15509,#15566,.T.);
#15566 = SURFACE_CURVE('',#15567,(#15571,#15577),.PCURVE_S1.);
#15567 = LINE('',#15568,#15569);
#15568 = CARTESIAN_POINT('',(-200.8,25.,52.23007537736));
#15569 = VECTOR('',#15570,1.);
#15570 = DIRECTION('',(0.,-1.,2.22044604925E-16));
#15571 = PCURVE('',#10084,#15572);
#15572 = DEFINITIONAL_REPRESENTATION('',(#15573),#15576);
#15573 = B_SPLINE_CURVE_WITH_KNOTS('',1,(#15574,#15575),.UNSPECIFIED.,
  .F.,.F.,(2,2),(0.2,9.8),.PIECEWISE_BEZIER_KNOTS.);
#15574 = CARTESIAN_POINT('',(4.23007537736,-8.8));
#15575 = CARTESIAN_POINT('',(4.23007537736,0.8));
#15576 = ( GEOMETRIC_REPRESENTATION_CONTEXT(2) 
PARAMETRIC_REPRESENTATION_CONTEXT() REPRESENTATION_CONTEXT('2D SPACE',''
  ) );
#15577 = PCURVE('',#15440,#15578);
#15578 = DEFINITIONAL_REPRESENTATION('',(#15579),#15582);
#15579 = B_SPLINE_CURVE_WITH_KNOTS('',1,(#15580,#15581),.UNSPECIFIED.,
  .F.,.F.,(2,2),(0.2,9.8),.PIECEWISE_BEZIER_KNOTS.);
#15580 = CARTESIAN_POINT('',(5.577041095082,0.2));
#15581 = CARTESIAN_POINT('',(5.577041095082,9.8));
#15582 = ( GEOMETRIC_REPRESENTATION_CONTEXT(2) 
PARAMETRIC_REPRESENTATION_CONTEXT() REPRESENTATION_CONTEXT('2D SPACE',''
  ) );
#15583 = ADVANCED_FACE('',(#15584),#10143,.T.);
#15584 = FACE_BOUND('',#15585,.T.);
#15585 = EDGE_LOOP('',(#15586,#15609,#15640,#15641));
#15586 = ORIENTED_EDGE('',*,*,#15587,.T.);
#15587 = EDGE_CURVE('',#10127,#15588,#15590,.T.);
#15588 = VERTEX_POINT('',#15589);
#15589 = CARTESIAN_POINT('',(-184.5,32.5,76.5));
#15590 = SURFACE_CURVE('',#15591,(#15595,#15602),.PCURVE_S1.);
#15591 = LINE('',#15592,#15593);
#15592 = CARTESIAN_POINT('',(-184.5,32.5,48.));
#15593 = VECTOR('',#15594,1.);
#15594 = DIRECTION('',(0.,0.,1.));
#15595 = PCURVE('',#10143,#15596);
#15596 = DEFINITIONAL_REPRESENTATION('',(#15597),#15601);
#15597 = LINE('',#15598,#15599);
#15598 = CARTESIAN_POINT('',(6.28318530718,-0.));
#15599 = VECTOR('',#15600,1.);
#15600 = DIRECTION('',(0.,1.));
#15601 = ( GEOMETRIC_REPRESENTATION_CONTEXT(2) 
PARAMETRIC_REPRESENTATION_CONTEXT() REPRESENTATION_CONTEXT('2D SPACE',''
  ) );
#15602 = PCURVE('',#10170,#15603);
#15603 = DEFINITIONAL_REPRESENTATION('',(#15604),#15608);
#15604 = LINE('',#15605,#15606);
#15605 = CARTESIAN_POINT('',(0.,-0.));
#15606 = VECTOR('',#15607,1.);
#15607 = DIRECTION('',(0.,1.));
#15608 = ( GEOMETRIC_REPRESENTATION_CONTEXT(2) 
PARAMETRIC_REPRESENTATION_CONTEXT() REPRESENTATION_CONTEXT('2D SPACE',''
  ) );
#15609 = ORIENTED_EDGE('',*,*,#15610,.T.);
#15610 = EDGE_CURVE('',#15588,#593,#15611,.T.);
#15611 = SURFACE_CURVE('',#15612,(#15617,#15624),.PCURVE_S1.);
#15612 = CIRCLE('',#15613,3.5);
#15613 = AXIS2_PLACEMENT_3D('',#15614,#15615,#15616);
#15614 = CARTESIAN_POINT('',(-188.,32.5,76.5));
#15615 = DIRECTION('',(0.,0.,-1.));
#15616 = DIRECTION('',(1.,0.,0.));
#15617 = PCURVE('',#10143,#15618);
#15618 = DEFINITIONAL_REPRESENTATION('',(#15619),#15623);
#15619 = LINE('',#15620,#15621);
#15620 = CARTESIAN_POINT('',(6.28318530718,28.5));
#15621 = VECTOR('',#15622,1.);
#15622 = DIRECTION('',(-1.,-0.));
#15623 = ( GEOMETRIC_REPRESENTATION_CONTEXT(2) 
PARAMETRIC_REPRESENTATION_CONTEXT() REPRESENTATION_CONTEXT('2D SPACE',''
  ) );
#15624 = PCURVE('',#15625,#15630);
#15625 = PLANE('',#15626);
#15626 = AXIS2_PLACEMENT_3D('',#15627,#15628,#15629);
#15627 = CARTESIAN_POINT('',(-188.,32.5,76.5));
#15628 = DIRECTION('',(0.,0.,1.));
#15629 = DIRECTION('',(1.,0.,0.));
#15630 = DEFINITIONAL_REPRESENTATION('',(#15631),#15639);
#15631 = ( BOUNDED_CURVE() B_SPLINE_CURVE(2,(#15632,#15633,#15634,#15635
    ,#15636,#15637,#15638),.UNSPECIFIED.,.T.,.F.) 
B_SPLINE_CURVE_WITH_KNOTS((1,2,2,2,2,1),(-2.094395102393,0.,
    2.094395102393,4.188790204786,6.28318530718,8.377580409573),
.UNSPECIFIED.) CURVE() GEOMETRIC_REPRESENTATION_ITEM() 
RATIONAL_B_SPLINE_CURVE((1.,0.5,1.,0.5,1.,0.5,1.)) REPRESENTATION_ITEM(
  '') );
#15632 = CARTESIAN_POINT('',(3.5,0.));
#15633 = CARTESIAN_POINT('',(3.5,-6.062177826491));
#15634 = CARTESIAN_POINT('',(-1.75,-3.031088913246));
#15635 = CARTESIAN_POINT('',(-7.,-8.572527594031E-16));
#15636 = CARTESIAN_POINT('',(-1.75,3.031088913246));
#15637 = CARTESIAN_POINT('',(3.5,6.062177826491));
#15638 = CARTESIAN_POINT('',(3.5,0.));
#15639 = ( GEOMETRIC_REPRESENTATION_CONTEXT(2) 
PARAMETRIC_REPRESENTATION_CONTEXT() REPRESENTATION_CONTEXT('2D SPACE',''
  ) );
#15640 = ORIENTED_EDGE('',*,*,#3793,.F.);
#15641 = ORIENTED_EDGE('',*,*,#10124,.T.);
#15642 = ADVANCED_FACE('',(#15643),#10170,.T.);
#15643 = FACE_BOUND('',#15644,.T.);
#15644 = EDGE_LOOP('',(#15645,#15671,#15672,#15673));
#15645 = ORIENTED_EDGE('',*,*,#15646,.T.);
#15646 = EDGE_CURVE('',#593,#15588,#15647,.T.);
#15647 = SURFACE_CURVE('',#15648,(#15653,#15660),.PCURVE_S1.);
#15648 = CIRCLE('',#15649,3.5);
#15649 = AXIS2_PLACEMENT_3D('',#15650,#15651,#15652);
#15650 = CARTESIAN_POINT('',(-188.,32.5,76.5));
#15651 = DIRECTION('',(0.,0.,-1.));
#15652 = DIRECTION('',(1.,0.,0.));
#15653 = PCURVE('',#10170,#15654);
#15654 = DEFINITIONAL_REPRESENTATION('',(#15655),#15659);
#15655 = LINE('',#15656,#15657);
#15656 = CARTESIAN_POINT('',(6.28318530718,28.5));
#15657 = VECTOR('',#15658,1.);
#15658 = DIRECTION('',(-1.,-0.));
#15659 = ( GEOMETRIC_REPRESENTATION_CONTEXT(2) 
PARAMETRIC_REPRESENTATION_CONTEXT() REPRESENTATION_CONTEXT('2D SPACE',''
  ) );
#15660 = PCURVE('',#15625,#15661);
#15661 = DEFINITIONAL_REPRESENTATION('',(#15662),#15670);
#15662 = ( BOUNDED_CURVE() B_SPLINE_CURVE(2,(#15663,#15664,#15665,#15666
    ,#15667,#15668,#15669),.UNSPECIFIED.,.T.,.F.) 
B_SPLINE_CURVE_WITH_KNOTS((1,2,2,2,2,1),(-2.094395102393,0.,
    2.094395102393,4.188790204786,6.28318530718,8.377580409573),
.UNSPECIFIED.) CURVE() GEOMETRIC_REPRESENTATION_ITEM() 
RATIONAL_B_SPLINE_CURVE((1.,0.5,1.,0.5,1.,0.5,1.)) REPRESENTATION_ITEM(
  '') );
#15663 = CARTESIAN_POINT('',(3.5,0.));
#15664 = CARTESIAN_POINT('',(3.5,-6.062177826491));
#15665 = CARTESIAN_POINT('',(-1.75,-3.031088913246));
#15666 = CARTESIAN_POINT('',(-7.,-8.572527594031E-16));
#15667 = CARTESIAN_POINT('',(-1.75,3.031088913246));
#15668 = CARTESIAN_POINT('',(3.5,6.062177826491));
#15669 = CARTESIAN_POINT('',(3.5,0.));
#15670 = ( GEOMETRIC_REPRESENTATION_CONTEXT(2) 
PARAMETRIC_REPRESENTATION_CONTEXT() REPRESENTATION_CONTEXT('2D SPACE',''
  ) );
#15671 = ORIENTED_EDGE('',*,*,#15587,.F.);
#15672 = ORIENTED_EDGE('',*,*,#10155,.T.);
#15673 = ORIENTED_EDGE('',*,*,#3793,.T.);
#15674 = ADVANCED_FACE('',(#15675),#10202,.F.);
#15675 = FACE_BOUND('',#15676,.F.);
#15676 = EDGE_LOOP('',(#15677,#15698,#15699,#15700));
#15677 = ORIENTED_EDGE('',*,*,#15678,.T.);
#15678 = EDGE_CURVE('',#10563,#10987,#15679,.T.);
#15679 = SURFACE_CURVE('',#15680,(#15684,#15691),.PCURVE_S1.);
#15680 = LINE('',#15681,#15682);
#15681 = CARTESIAN_POINT('',(-163.8,-3.75,50.));
#15682 = VECTOR('',#15683,1.);
#15683 = DIRECTION('',(1.,0.,0.));
#15684 = PCURVE('',#10202,#15685);
#15685 = DEFINITIONAL_REPRESENTATION('',(#15686),#15690);
#15686 = LINE('',#15687,#15688);
#15687 = CARTESIAN_POINT('',(2.1,0.));
#15688 = VECTOR('',#15689,1.);
#15689 = DIRECTION('',(0.,1.));
#15690 = ( GEOMETRIC_REPRESENTATION_CONTEXT(2) 
PARAMETRIC_REPRESENTATION_CONTEXT() REPRESENTATION_CONTEXT('2D SPACE',''
  ) );
#15691 = PCURVE('',#10577,#15692);
#15692 = DEFINITIONAL_REPRESENTATION('',(#15693),#15697);
#15693 = LINE('',#15694,#15695);
#15694 = CARTESIAN_POINT('',(0.,1.5));
#15695 = VECTOR('',#15696,1.);
#15696 = DIRECTION('',(1.,0.));
#15697 = ( GEOMETRIC_REPRESENTATION_CONTEXT(2) 
PARAMETRIC_REPRESENTATION_CONTEXT() REPRESENTATION_CONTEXT('2D SPACE',''
  ) );
#15698 = ORIENTED_EDGE('',*,*,#11007,.F.);
#15699 = ORIENTED_EDGE('',*,*,#10184,.T.);
#15700 = ORIENTED_EDGE('',*,*,#10588,.T.);
#15701 = ADVANCED_FACE('',(#15702),#10252,.T.);
#15702 = FACE_BOUND('',#15703,.T.);
#15703 = EDGE_LOOP('',(#15704,#15725,#15726,#15727));
#15704 = ORIENTED_EDGE('',*,*,#15705,.T.);
#15705 = EDGE_CURVE('',#10609,#11028,#15706,.T.);
#15706 = SURFACE_CURVE('',#15707,(#15711,#15718),.PCURVE_S1.);
#15707 = LINE('',#15708,#15709);
#15708 = CARTESIAN_POINT('',(-163.8,3.75,50.));
#15709 = VECTOR('',#15710,1.);
#15710 = DIRECTION('',(1.,0.,0.));
#15711 = PCURVE('',#10252,#15712);
#15712 = DEFINITIONAL_REPRESENTATION('',(#15713),#15717);
#15713 = LINE('',#15714,#15715);
#15714 = CARTESIAN_POINT('',(2.1,0.));
#15715 = VECTOR('',#15716,1.);
#15716 = DIRECTION('',(0.,1.));
#15717 = ( GEOMETRIC_REPRESENTATION_CONTEXT(2) 
PARAMETRIC_REPRESENTATION_CONTEXT() REPRESENTATION_CONTEXT('2D SPACE',''
  ) );
#15718 = PCURVE('',#10644,#15719);
#15719 = DEFINITIONAL_REPRESENTATION('',(#15720),#15724);
#15720 = LINE('',#15721,#15722);
#15721 = CARTESIAN_POINT('',(0.,0.));
#15722 = VECTOR('',#15723,1.);
#15723 = DIRECTION('',(1.,0.));
#15724 = ( GEOMETRIC_REPRESENTATION_CONTEXT(2) 
PARAMETRIC_REPRESENTATION_CONTEXT() REPRESENTATION_CONTEXT('2D SPACE',''
  ) );
#15725 = ORIENTED_EDGE('',*,*,#11027,.F.);
#15726 = ORIENTED_EDGE('',*,*,#10236,.T.);
#15727 = ORIENTED_EDGE('',*,*,#10608,.T.);
#15728 = ADVANCED_FACE('',(#15729),#10304,.F.);
#15729 = FACE_BOUND('',#15730,.F.);
#15730 = EDGE_LOOP('',(#15731,#15752,#15753,#15754));
#15731 = ORIENTED_EDGE('',*,*,#15732,.T.);
#15732 = EDGE_CURVE('',#10630,#11049,#15733,.T.);
#15733 = SURFACE_CURVE('',#15734,(#15738,#15745),.PCURVE_S1.);
#15734 = LINE('',#15735,#15736);
#15735 = CARTESIAN_POINT('',(-163.8,5.25,50.));
#15736 = VECTOR('',#15737,1.);
#15737 = DIRECTION('',(1.,0.,0.));
#15738 = PCURVE('',#10304,#15739);
#15739 = DEFINITIONAL_REPRESENTATION('',(#15740),#15744);
#15740 = LINE('',#15741,#15742);
#15741 = CARTESIAN_POINT('',(2.1,0.));
#15742 = VECTOR('',#15743,1.);
#15743 = DIRECTION('',(0.,1.));
#15744 = ( GEOMETRIC_REPRESENTATION_CONTEXT(2) 
PARAMETRIC_REPRESENTATION_CONTEXT() REPRESENTATION_CONTEXT('2D SPACE',''
  ) );
#15745 = PCURVE('',#10644,#15746);
#15746 = DEFINITIONAL_REPRESENTATION('',(#15747),#15751);
#15747 = LINE('',#15748,#15749);
#15748 = CARTESIAN_POINT('',(0.,1.5));
#15749 = VECTOR('',#15750,1.);
#15750 = DIRECTION('',(1.,0.));
#15751 = ( GEOMETRIC_REPRESENTATION_CONTEXT(2) 
PARAMETRIC_REPRESENTATION_CONTEXT() REPRESENTATION_CONTEXT('2D SPACE',''
  ) );
#15752 = ORIENTED_EDGE('',*,*,#11069,.F.);
#15753 = ORIENTED_EDGE('',*,*,#10286,.T.);
#15754 = ORIENTED_EDGE('',*,*,#10655,.T.);
#15755 = ADVANCED_FACE('',(#15756),#10354,.T.);
#15756 = FACE_BOUND('',#15757,.T.);
#15757 = EDGE_LOOP('',(#15758,#15779,#15780,#15781));
#15758 = ORIENTED_EDGE('',*,*,#15759,.T.);
#15759 = EDGE_CURVE('',#10676,#11090,#15760,.T.);
#15760 = SURFACE_CURVE('',#15761,(#15765,#15772),.PCURVE_S1.);
#15761 = LINE('',#15762,#15763);
#15762 = CARTESIAN_POINT('',(-163.8,21.75,50.));
#15763 = VECTOR('',#15764,1.);
#15764 = DIRECTION('',(1.,0.,0.));
#15765 = PCURVE('',#10354,#15766);
#15766 = DEFINITIONAL_REPRESENTATION('',(#15767),#15771);
#15767 = LINE('',#15768,#15769);
#15768 = CARTESIAN_POINT('',(2.1,0.));
#15769 = VECTOR('',#15770,1.);
#15770 = DIRECTION('',(0.,1.));
#15771 = ( GEOMETRIC_REPRESENTATION_CONTEXT(2) 
PARAMETRIC_REPRESENTATION_CONTEXT() REPRESENTATION_CONTEXT('2D SPACE',''
  ) );
#15772 = PCURVE('',#10711,#15773);
#15773 = DEFINITIONAL_REPRESENTATION('',(#15774),#15778);
#15774 = LINE('',#15775,#15776);
#15775 = CARTESIAN_POINT('',(0.,0.));
#15776 = VECTOR('',#15777,1.);
#15777 = DIRECTION('',(1.,0.));
#15778 = ( GEOMETRIC_REPRESENTATION_CONTEXT(2) 
PARAMETRIC_REPRESENTATION_CONTEXT() REPRESENTATION_CONTEXT('2D SPACE',''
  ) );
#15779 = ORIENTED_EDGE('',*,*,#11089,.F.);
#15780 = ORIENTED_EDGE('',*,*,#10338,.T.);
#15781 = ORIENTED_EDGE('',*,*,#10675,.T.);
#15782 = ADVANCED_FACE('',(#15783),#10407,.T.);
#15783 = FACE_BOUND('',#15784,.T.);
#15784 = EDGE_LOOP('',(#15785,#15808,#15839,#15840));
#15785 = ORIENTED_EDGE('',*,*,#15786,.T.);
#15786 = EDGE_CURVE('',#10391,#15787,#15789,.T.);
#15787 = VERTEX_POINT('',#15788);
#15788 = CARTESIAN_POINT('',(-116.5,32.5,76.5));
#15789 = SURFACE_CURVE('',#15790,(#15794,#15801),.PCURVE_S1.);
#15790 = LINE('',#15791,#15792);
#15791 = CARTESIAN_POINT('',(-116.5,32.5,48.));
#15792 = VECTOR('',#15793,1.);
#15793 = DIRECTION('',(0.,0.,1.));
#15794 = PCURVE('',#10407,#15795);
#15795 = DEFINITIONAL_REPRESENTATION('',(#15796),#15800);
#15796 = LINE('',#15797,#15798);
#15797 = CARTESIAN_POINT('',(6.28318530718,-0.));
#15798 = VECTOR('',#15799,1.);
#15799 = DIRECTION('',(0.,1.));
#15800 = ( GEOMETRIC_REPRESENTATION_CONTEXT(2) 
PARAMETRIC_REPRESENTATION_CONTEXT() REPRESENTATION_CONTEXT('2D SPACE',''
  ) );
#15801 = PCURVE('',#10434,#15802);
#15802 = DEFINITIONAL_REPRESENTATION('',(#15803),#15807);
#15803 = LINE('',#15804,#15805);
#15804 = CARTESIAN_POINT('',(0.,-0.));
#15805 = VECTOR('',#15806,1.);
#15806 = DIRECTION('',(0.,1.));
#15807 = ( GEOMETRIC_REPRESENTATION_CONTEXT(2) 
PARAMETRIC_REPRESENTATION_CONTEXT() REPRESENTATION_CONTEXT('2D SPACE',''
  ) );
#15808 = ORIENTED_EDGE('',*,*,#15809,.T.);
#15809 = EDGE_CURVE('',#15787,#620,#15810,.T.);
#15810 = SURFACE_CURVE('',#15811,(#15816,#15823),.PCURVE_S1.);
#15811 = CIRCLE('',#15812,3.5);
#15812 = AXIS2_PLACEMENT_3D('',#15813,#15814,#15815);
#15813 = CARTESIAN_POINT('',(-120.,32.5,76.5));
#15814 = DIRECTION('',(0.,0.,-1.));
#15815 = DIRECTION('',(1.,0.,0.));
#15816 = PCURVE('',#10407,#15817);
#15817 = DEFINITIONAL_REPRESENTATION('',(#15818),#15822);
#15818 = LINE('',#15819,#15820);
#15819 = CARTESIAN_POINT('',(6.28318530718,28.5));
#15820 = VECTOR('',#15821,1.);
#15821 = DIRECTION('',(-1.,-0.));
#15822 = ( GEOMETRIC_REPRESENTATION_CONTEXT(2) 
PARAMETRIC_REPRESENTATION_CONTEXT() REPRESENTATION_CONTEXT('2D SPACE',''
  ) );
#15823 = PCURVE('',#15824,#15829);
#15824 = PLANE('',#15825);
#15825 = AXIS2_PLACEMENT_3D('',#15826,#15827,#15828);
#15826 = CARTESIAN_POINT('',(-120.,32.5,76.5));
#15827 = DIRECTION('',(0.,0.,1.));
#15828 = DIRECTION('',(1.,0.,0.));
#15829 = DEFINITIONAL_REPRESENTATION('',(#15830),#15838);
#15830 = ( BOUNDED_CURVE() B_SPLINE_CURVE(2,(#15831,#15832,#15833,#15834
    ,#15835,#15836,#15837),.UNSPECIFIED.,.T.,.F.) 
B_SPLINE_CURVE_WITH_KNOTS((1,2,2,2,2,1),(-2.094395102393,0.,
    2.094395102393,4.188790204786,6.28318530718,8.377580409573),
.UNSPECIFIED.) CURVE() GEOMETRIC_REPRESENTATION_ITEM() 
RATIONAL_B_SPLINE_CURVE((1.,0.5,1.,0.5,1.,0.5,1.)) REPRESENTATION_ITEM(
  '') );
#15831 = CARTESIAN_POINT('',(3.5,0.));
#15832 = CARTESIAN_POINT('',(3.5,-6.062177826491));
#15833 = CARTESIAN_POINT('',(-1.75,-3.031088913246));
#15834 = CARTESIAN_POINT('',(-7.,-8.572527594031E-16));
#15835 = CARTESIAN_POINT('',(-1.75,3.031088913246));
#15836 = CARTESIAN_POINT('',(3.5,6.062177826491));
#15837 = CARTESIAN_POINT('',(3.5,0.));
#15838 = ( GEOMETRIC_REPRESENTATION_CONTEXT(2) 
PARAMETRIC_REPRESENTATION_CONTEXT() REPRESENTATION_CONTEXT('2D SPACE',''
  ) );
#15839 = ORIENTED_EDGE('',*,*,#3649,.F.);
#15840 = ORIENTED_EDGE('',*,*,#10388,.T.);
#15841 = ADVANCED_FACE('',(#15842),#10434,.T.);
#15842 = FACE_BOUND('',#15843,.T.);
#15843 = EDGE_LOOP('',(#15844,#15870,#15871,#15872));
#15844 = ORIENTED_EDGE('',*,*,#15845,.T.);
#15845 = EDGE_CURVE('',#620,#15787,#15846,.T.);
#15846 = SURFACE_CURVE('',#15847,(#15852,#15859),.PCURVE_S1.);
#15847 = CIRCLE('',#15848,3.5);
#15848 = AXIS2_PLACEMENT_3D('',#15849,#15850,#15851);
#15849 = CARTESIAN_POINT('',(-120.,32.5,76.5));
#15850 = DIRECTION('',(0.,0.,-1.));
#15851 = DIRECTION('',(1.,0.,0.));
#15852 = PCURVE('',#10434,#15853);
#15853 = DEFINITIONAL_REPRESENTATION('',(#15854),#15858);
#15854 = LINE('',#15855,#15856);
#15855 = CARTESIAN_POINT('',(6.28318530718,28.5));
#15856 = VECTOR('',#15857,1.);
#15857 = DIRECTION('',(-1.,-0.));
#15858 = ( GEOMETRIC_REPRESENTATION_CONTEXT(2) 
PARAMETRIC_REPRESENTATION_CONTEXT() REPRESENTATION_CONTEXT('2D SPACE',''
  ) );
#15859 = PCURVE('',#15824,#15860);
#15860 = DEFINITIONAL_REPRESENTATION('',(#15861),#15869);
#15861 = ( BOUNDED_CURVE() B_SPLINE_CURVE(2,(#15862,#15863,#15864,#15865
    ,#15866,#15867,#15868),.UNSPECIFIED.,.T.,.F.) 
B_SPLINE_CURVE_WITH_KNOTS((1,2,2,2,2,1),(-2.094395102393,0.,
    2.094395102393,4.188790204786,6.28318530718,8.377580409573),
.UNSPECIFIED.) CURVE() GEOMETRIC_REPRESENTATION_ITEM() 
RATIONAL_B_SPLINE_CURVE((1.,0.5,1.,0.5,1.,0.5,1.)) REPRESENTATION_ITEM(
  '') );
#15862 = CARTESIAN_POINT('',(3.5,0.));
#15863 = CARTESIAN_POINT('',(3.5,-6.062177826491));
#15864 = CARTESIAN_POINT('',(-1.75,-3.031088913246));
#15865 = CARTESIAN_POINT('',(-7.,-8.572527594031E-16));
#15866 = CARTESIAN_POINT('',(-1.75,3.031088913246));
#15867 = CARTESIAN_POINT('',(3.5,6.062177826491));
#15868 = CARTESIAN_POINT('',(3.5,0.));
#15869 = ( GEOMETRIC_REPRESENTATION_CONTEXT(2) 
PARAMETRIC_REPRESENTATION_CONTEXT() REPRESENTATION_CONTEXT('2D SPACE',''
  ) );
#15870 = ORIENTED_EDGE('',*,*,#15786,.F.);
#15871 = ORIENTED_EDGE('',*,*,#10419,.T.);
#15872 = ORIENTED_EDGE('',*,*,#3649,.T.);
#15873 = ADVANCED_FACE('',(#15874),#10838,.F.);
#15874 = FACE_BOUND('',#15875,.F.);
#15875 = EDGE_LOOP('',(#15876,#15877,#15896,#15897));
#15876 = ORIENTED_EDGE('',*,*,#10823,.T.);
#15877 = ORIENTED_EDGE('',*,*,#15878,.T.);
#15878 = EDGE_CURVE('',#10796,#11200,#15879,.T.);
#15879 = SURFACE_CURVE('',#15880,(#15884,#15890),.PCURVE_S1.);
#15880 = LINE('',#15881,#15882);
#15881 = CARTESIAN_POINT('',(-163.8,-1.,62.));
#15882 = VECTOR('',#15883,1.);
#15883 = DIRECTION('',(1.,0.,2.22044604925E-16));
#15884 = PCURVE('',#10838,#15885);
#15885 = DEFINITIONAL_REPRESENTATION('',(#15886),#15889);
#15886 = B_SPLINE_CURVE_WITH_KNOTS('',1,(#15887,#15888),.UNSPECIFIED.,
  .F.,.F.,(2,2),(1.,5.),.PIECEWISE_BEZIER_KNOTS.);
#15887 = CARTESIAN_POINT('',(7.853981633974,1.));
#15888 = CARTESIAN_POINT('',(7.853981633974,5.));
#15889 = ( GEOMETRIC_REPRESENTATION_CONTEXT(2) 
PARAMETRIC_REPRESENTATION_CONTEXT() REPRESENTATION_CONTEXT('2D SPACE',''
  ) );
#15890 = PCURVE('',#10811,#15891);
#15891 = DEFINITIONAL_REPRESENTATION('',(#15892),#15895);
#15892 = B_SPLINE_CURVE_WITH_KNOTS('',1,(#15893,#15894),.UNSPECIFIED.,
  .F.,.F.,(2,2),(0.6,5.4),.PIECEWISE_BEZIER_KNOTS.);
#15893 = CARTESIAN_POINT('',(-0.4,35.));
#15894 = CARTESIAN_POINT('',(4.4,35.));
#15895 = ( GEOMETRIC_REPRESENTATION_CONTEXT(2) 
PARAMETRIC_REPRESENTATION_CONTEXT() REPRESENTATION_CONTEXT('2D SPACE',''
  ) );
#15896 = ORIENTED_EDGE('',*,*,#11222,.F.);
#15897 = ORIENTED_EDGE('',*,*,#10878,.F.);
#15898 = ADVANCED_FACE('',(#15899),#10811,.T.);
#15899 = FACE_BOUND('',#15900,.T.);
#15900 = EDGE_LOOP('',(#15901,#15902,#15903,#15904));
#15901 = ORIENTED_EDGE('',*,*,#10795,.F.);
#15902 = ORIENTED_EDGE('',*,*,#15878,.T.);
#15903 = ORIENTED_EDGE('',*,*,#11199,.T.);
#15904 = ORIENTED_EDGE('',*,*,#15905,.F.);
#15905 = EDGE_CURVE('',#10767,#11176,#15906,.T.);
#15906 = SURFACE_CURVE('',#15907,(#15911,#15917),.PCURVE_S1.);
#15907 = LINE('',#15908,#15909);
#15908 = CARTESIAN_POINT('',(-163.8,1.,62.));
#15909 = VECTOR('',#15910,1.);
#15910 = DIRECTION('',(1.,0.,2.22044604925E-16));
#15911 = PCURVE('',#10811,#15912);
#15912 = DEFINITIONAL_REPRESENTATION('',(#15913),#15916);
#15913 = B_SPLINE_CURVE_WITH_KNOTS('',1,(#15914,#15915),.UNSPECIFIED.,
  .F.,.F.,(2,2),(0.6,5.4),.PIECEWISE_BEZIER_KNOTS.);
#15914 = CARTESIAN_POINT('',(-0.4,37.));
#15915 = CARTESIAN_POINT('',(4.4,37.));
#15916 = ( GEOMETRIC_REPRESENTATION_CONTEXT(2) 
PARAMETRIC_REPRESENTATION_CONTEXT() REPRESENTATION_CONTEXT('2D SPACE',''
  ) );
#15917 = PCURVE('',#10783,#15918);
#15918 = DEFINITIONAL_REPRESENTATION('',(#15919),#15922);
#15919 = B_SPLINE_CURVE_WITH_KNOTS('',1,(#15920,#15921),.UNSPECIFIED.,
  .F.,.F.,(2,2),(1.,5.),.PIECEWISE_BEZIER_KNOTS.);
#15920 = CARTESIAN_POINT('',(4.712388980385,1.));
#15921 = CARTESIAN_POINT('',(4.712388980385,5.));
#15922 = ( GEOMETRIC_REPRESENTATION_CONTEXT(2) 
PARAMETRIC_REPRESENTATION_CONTEXT() REPRESENTATION_CONTEXT('2D SPACE',''
  ) );
#15923 = ADVANCED_FACE('',(#15924),#10783,.F.);
#15924 = FACE_BOUND('',#15925,.F.);
#15925 = EDGE_LOOP('',(#15926,#15927,#15928,#15929));
#15926 = ORIENTED_EDGE('',*,*,#10766,.T.);
#15927 = ORIENTED_EDGE('',*,*,#11384,.T.);
#15928 = ORIENTED_EDGE('',*,*,#11175,.F.);
#15929 = ORIENTED_EDGE('',*,*,#15905,.F.);
#15930 = ADVANCED_FACE('',(#15931),#10711,.F.);
#15931 = FACE_BOUND('',#15932,.F.);
#15932 = EDGE_LOOP('',(#15933,#15934,#15935,#15936));
#15933 = ORIENTED_EDGE('',*,*,#14469,.F.);
#15934 = ORIENTED_EDGE('',*,*,#10696,.T.);
#15935 = ORIENTED_EDGE('',*,*,#15759,.T.);
#15936 = ORIENTED_EDGE('',*,*,#11110,.F.);
#15937 = ADVANCED_FACE('',(#15938),#10644,.F.);
#15938 = FACE_BOUND('',#15939,.F.);
#15939 = EDGE_LOOP('',(#15940,#15941,#15942,#15943));
#15940 = ORIENTED_EDGE('',*,*,#15732,.F.);
#15941 = ORIENTED_EDGE('',*,*,#10629,.T.);
#15942 = ORIENTED_EDGE('',*,*,#15705,.T.);
#15943 = ORIENTED_EDGE('',*,*,#11048,.F.);
#15944 = ADVANCED_FACE('',(#15945),#10577,.F.);
#15945 = FACE_BOUND('',#15946,.F.);
#15946 = EDGE_LOOP('',(#15947,#15948,#15949,#15950));
#15947 = ORIENTED_EDGE('',*,*,#15678,.F.);
#15948 = ORIENTED_EDGE('',*,*,#10562,.T.);
#15949 = ORIENTED_EDGE('',*,*,#15146,.T.);
#15950 = ORIENTED_EDGE('',*,*,#10986,.F.);
#15951 = ADVANCED_FACE('',(#15952),#10510,.F.);
#15952 = FACE_BOUND('',#15953,.F.);
#15953 = EDGE_LOOP('',(#15954,#15955,#15956,#15957));
#15954 = ORIENTED_EDGE('',*,*,#15119,.F.);
#15955 = ORIENTED_EDGE('',*,*,#10495,.T.);
#15956 = ORIENTED_EDGE('',*,*,#14496,.T.);
#15957 = ORIENTED_EDGE('',*,*,#10924,.F.);
#15958 = ADVANCED_FACE('',(#15959),#11300,.F.);
#15959 = FACE_BOUND('',#15960,.F.);
#15960 = EDGE_LOOP('',(#15961,#15962,#15985,#16012));
#15961 = ORIENTED_EDGE('',*,*,#11283,.F.);
#15962 = ORIENTED_EDGE('',*,*,#15963,.F.);
#15963 = EDGE_CURVE('',#15964,#11284,#15966,.T.);
#15964 = VERTEX_POINT('',#15965);
#15965 = CARTESIAN_POINT('',(-232.2,-34.5,60.4));
#15966 = SEAM_CURVE('',#15967,(#15971,#15978),.PCURVE_S1.);
#15967 = LINE('',#15968,#15969);
#15968 = CARTESIAN_POINT('',(-232.2,-34.5,60.4));
#15969 = VECTOR('',#15970,1.);
#15970 = DIRECTION('',(0.,0.,1.));
#15971 = PCURVE('',#11300,#15972);
#15972 = DEFINITIONAL_REPRESENTATION('',(#15973),#15977);
#15973 = LINE('',#15974,#15975);
#15974 = CARTESIAN_POINT('',(6.28318530718,-0.));
#15975 = VECTOR('',#15976,1.);
#15976 = DIRECTION('',(0.,1.));
#15977 = ( GEOMETRIC_REPRESENTATION_CONTEXT(2) 
PARAMETRIC_REPRESENTATION_CONTEXT() REPRESENTATION_CONTEXT('2D SPACE',''
  ) );
#15978 = PCURVE('',#11300,#15979);
#15979 = DEFINITIONAL_REPRESENTATION('',(#15980),#15984);
#15980 = LINE('',#15981,#15982);
#15981 = CARTESIAN_POINT('',(0.,-0.));
#15982 = VECTOR('',#15983,1.);
#15983 = DIRECTION('',(0.,1.));
#15984 = ( GEOMETRIC_REPRESENTATION_CONTEXT(2) 
PARAMETRIC_REPRESENTATION_CONTEXT() REPRESENTATION_CONTEXT('2D SPACE',''
  ) );
#15985 = ORIENTED_EDGE('',*,*,#15986,.T.);
#15986 = EDGE_CURVE('',#15964,#15964,#15987,.T.);
#15987 = SURFACE_CURVE('',#15988,(#15993,#16000),.PCURVE_S1.);
#15988 = CIRCLE('',#15989,0.8);
#15989 = AXIS2_PLACEMENT_3D('',#15990,#15991,#15992);
#15990 = CARTESIAN_POINT('',(-233.,-34.5,60.4));
#15991 = DIRECTION('',(0.,0.,1.));
#15992 = DIRECTION('',(1.,0.,0.));
#15993 = PCURVE('',#11300,#15994);
#15994 = DEFINITIONAL_REPRESENTATION('',(#15995),#15999);
#15995 = LINE('',#15996,#15997);
#15996 = CARTESIAN_POINT('',(0.,0.));
#15997 = VECTOR('',#15998,1.);
#15998 = DIRECTION('',(1.,0.));
#15999 = ( GEOMETRIC_REPRESENTATION_CONTEXT(2) 
PARAMETRIC_REPRESENTATION_CONTEXT() REPRESENTATION_CONTEXT('2D SPACE',''
  ) );
#16000 = PCURVE('',#16001,#16006);
#16001 = PLANE('',#16002);
#16002 = AXIS2_PLACEMENT_3D('',#16003,#16004,#16005);
#16003 = CARTESIAN_POINT('',(-233.,-34.5,60.4));
#16004 = DIRECTION('',(0.,0.,1.));
#16005 = DIRECTION('',(1.,0.,0.));
#16006 = DEFINITIONAL_REPRESENTATION('',(#16007),#16011);
#16007 = CIRCLE('',#16008,0.8);
#16008 = AXIS2_PLACEMENT_2D('',#16009,#16010);
#16009 = CARTESIAN_POINT('',(0.,0.));
#16010 = DIRECTION('',(1.,0.));
#16011 = ( GEOMETRIC_REPRESENTATION_CONTEXT(2) 
PARAMETRIC_REPRESENTATION_CONTEXT() REPRESENTATION_CONTEXT('2D SPACE',''
  ) );
#16012 = ORIENTED_EDGE('',*,*,#15963,.T.);
#16013 = ADVANCED_FACE('',(#16014),#11368,.F.);
#16014 = FACE_BOUND('',#16015,.F.);
#16015 = EDGE_LOOP('',(#16016,#16017,#16040,#16067));
#16016 = ORIENTED_EDGE('',*,*,#11351,.F.);
#16017 = ORIENTED_EDGE('',*,*,#16018,.F.);
#16018 = EDGE_CURVE('',#16019,#11352,#16021,.T.);
#16019 = VERTEX_POINT('',#16020);
#16020 = CARTESIAN_POINT('',(-202.7,-34.5,60.4));
#16021 = SEAM_CURVE('',#16022,(#16026,#16033),.PCURVE_S1.);
#16022 = LINE('',#16023,#16024);
#16023 = CARTESIAN_POINT('',(-202.7,-34.5,60.4));
#16024 = VECTOR('',#16025,1.);
#16025 = DIRECTION('',(0.,0.,1.));
#16026 = PCURVE('',#11368,#16027);
#16027 = DEFINITIONAL_REPRESENTATION('',(#16028),#16032);
#16028 = LINE('',#16029,#16030);
#16029 = CARTESIAN_POINT('',(6.28318530718,-0.));
#16030 = VECTOR('',#16031,1.);
#16031 = DIRECTION('',(0.,1.));
#16032 = ( GEOMETRIC_REPRESENTATION_CONTEXT(2) 
PARAMETRIC_REPRESENTATION_CONTEXT() REPRESENTATION_CONTEXT('2D SPACE',''
  ) );
#16033 = PCURVE('',#11368,#16034);
#16034 = DEFINITIONAL_REPRESENTATION('',(#16035),#16039);
#16035 = LINE('',#16036,#16037);
#16036 = CARTESIAN_POINT('',(0.,-0.));
#16037 = VECTOR('',#16038,1.);
#16038 = DIRECTION('',(0.,1.));
#16039 = ( GEOMETRIC_REPRESENTATION_CONTEXT(2) 
PARAMETRIC_REPRESENTATION_CONTEXT() REPRESENTATION_CONTEXT('2D SPACE',''
  ) );
#16040 = ORIENTED_EDGE('',*,*,#16041,.T.);
#16041 = EDGE_CURVE('',#16019,#16019,#16042,.T.);
#16042 = SURFACE_CURVE('',#16043,(#16048,#16055),.PCURVE_S1.);
#16043 = CIRCLE('',#16044,0.8);
#16044 = AXIS2_PLACEMENT_3D('',#16045,#16046,#16047);
#16045 = CARTESIAN_POINT('',(-203.5,-34.5,60.4));
#16046 = DIRECTION('',(0.,0.,1.));
#16047 = DIRECTION('',(1.,0.,0.));
#16048 = PCURVE('',#11368,#16049);
#16049 = DEFINITIONAL_REPRESENTATION('',(#16050),#16054);
#16050 = LINE('',#16051,#16052);
#16051 = CARTESIAN_POINT('',(0.,0.));
#16052 = VECTOR('',#16053,1.);
#16053 = DIRECTION('',(1.,0.));
#16054 = ( GEOMETRIC_REPRESENTATION_CONTEXT(2) 
PARAMETRIC_REPRESENTATION_CONTEXT() REPRESENTATION_CONTEXT('2D SPACE',''
  ) );
#16055 = PCURVE('',#16056,#16061);
#16056 = PLANE('',#16057);
#16057 = AXIS2_PLACEMENT_3D('',#16058,#16059,#16060);
#16058 = CARTESIAN_POINT('',(-203.5,-34.5,60.4));
#16059 = DIRECTION('',(0.,0.,1.));
#16060 = DIRECTION('',(1.,0.,0.));
#16061 = DEFINITIONAL_REPRESENTATION('',(#16062),#16066);
#16062 = CIRCLE('',#16063,0.8);
#16063 = AXIS2_PLACEMENT_2D('',#16064,#16065);
#16064 = CARTESIAN_POINT('',(0.,0.));
#16065 = DIRECTION('',(1.,0.));
#16066 = ( GEOMETRIC_REPRESENTATION_CONTEXT(2) 
PARAMETRIC_REPRESENTATION_CONTEXT() REPRESENTATION_CONTEXT('2D SPACE',''
  ) );
#16067 = ORIENTED_EDGE('',*,*,#16018,.T.);
#16068 = ADVANCED_FACE('',(#16069),#11461,.F.);
#16069 = FACE_BOUND('',#16070,.F.);
#16070 = EDGE_LOOP('',(#16071,#16072,#16095,#16122));
#16071 = ORIENTED_EDGE('',*,*,#11444,.F.);
#16072 = ORIENTED_EDGE('',*,*,#16073,.F.);
#16073 = EDGE_CURVE('',#16074,#11445,#16076,.T.);
#16074 = VERTEX_POINT('',#16075);
#16075 = CARTESIAN_POINT('',(-232.2,34.5,60.4));
#16076 = SEAM_CURVE('',#16077,(#16081,#16088),.PCURVE_S1.);
#16077 = LINE('',#16078,#16079);
#16078 = CARTESIAN_POINT('',(-232.2,34.5,60.4));
#16079 = VECTOR('',#16080,1.);
#16080 = DIRECTION('',(0.,0.,1.));
#16081 = PCURVE('',#11461,#16082);
#16082 = DEFINITIONAL_REPRESENTATION('',(#16083),#16087);
#16083 = LINE('',#16084,#16085);
#16084 = CARTESIAN_POINT('',(6.28318530718,-0.));
#16085 = VECTOR('',#16086,1.);
#16086 = DIRECTION('',(0.,1.));
#16087 = ( GEOMETRIC_REPRESENTATION_CONTEXT(2) 
PARAMETRIC_REPRESENTATION_CONTEXT() REPRESENTATION_CONTEXT('2D SPACE',''
  ) );
#16088 = PCURVE('',#11461,#16089);
#16089 = DEFINITIONAL_REPRESENTATION('',(#16090),#16094);
#16090 = LINE('',#16091,#16092);
#16091 = CARTESIAN_POINT('',(0.,-0.));
#16092 = VECTOR('',#16093,1.);
#16093 = DIRECTION('',(0.,1.));
#16094 = ( GEOMETRIC_REPRESENTATION_CONTEXT(2) 
PARAMETRIC_REPRESENTATION_CONTEXT() REPRESENTATION_CONTEXT('2D SPACE',''
  ) );
#16095 = ORIENTED_EDGE('',*,*,#16096,.T.);
#16096 = EDGE_CURVE('',#16074,#16074,#16097,.T.);
#16097 = SURFACE_CURVE('',#16098,(#16103,#16110),.PCURVE_S1.);
#16098 = CIRCLE('',#16099,0.8);
#16099 = AXIS2_PLACEMENT_3D('',#16100,#16101,#16102);
#16100 = CARTESIAN_POINT('',(-233.,34.5,60.4));
#16101 = DIRECTION('',(0.,0.,1.));
#16102 = DIRECTION('',(1.,0.,0.));
#16103 = PCURVE('',#11461,#16104);
#16104 = DEFINITIONAL_REPRESENTATION('',(#16105),#16109);
#16105 = LINE('',#16106,#16107);
#16106 = CARTESIAN_POINT('',(0.,0.));
#16107 = VECTOR('',#16108,1.);
#16108 = DIRECTION('',(1.,0.));
#16109 = ( GEOMETRIC_REPRESENTATION_CONTEXT(2) 
PARAMETRIC_REPRESENTATION_CONTEXT() REPRESENTATION_CONTEXT('2D SPACE',''
  ) );
#16110 = PCURVE('',#16111,#16116);
#16111 = PLANE('',#16112);
#16112 = AXIS2_PLACEMENT_3D('',#16113,#16114,#16115);
#16113 = CARTESIAN_POINT('',(-233.,34.5,60.4));
#16114 = DIRECTION('',(0.,0.,1.));
#16115 = DIRECTION('',(1.,0.,0.));
#16116 = DEFINITIONAL_REPRESENTATION('',(#16117),#16121);
#16117 = CIRCLE('',#16118,0.8);
#16118 = AXIS2_PLACEMENT_2D('',#16119,#16120);
#16119 = CARTESIAN_POINT('',(0.,0.));
#16120 = DIRECTION('',(1.,0.));
#16121 = ( GEOMETRIC_REPRESENTATION_CONTEXT(2) 
PARAMETRIC_REPRESENTATION_CONTEXT() REPRESENTATION_CONTEXT('2D SPACE',''
  ) );
#16122 = ORIENTED_EDGE('',*,*,#16073,.T.);
#16123 = ADVANCED_FACE('',(#16124),#11529,.F.);
#16124 = FACE_BOUND('',#16125,.F.);
#16125 = EDGE_LOOP('',(#16126,#16127,#16150,#16177));
#16126 = ORIENTED_EDGE('',*,*,#11512,.F.);
#16127 = ORIENTED_EDGE('',*,*,#16128,.F.);
#16128 = EDGE_CURVE('',#16129,#11513,#16131,.T.);
#16129 = VERTEX_POINT('',#16130);
#16130 = CARTESIAN_POINT('',(-202.7,34.5,60.4));
#16131 = SEAM_CURVE('',#16132,(#16136,#16143),.PCURVE_S1.);
#16132 = LINE('',#16133,#16134);
#16133 = CARTESIAN_POINT('',(-202.7,34.5,60.4));
#16134 = VECTOR('',#16135,1.);
#16135 = DIRECTION('',(0.,0.,1.));
#16136 = PCURVE('',#11529,#16137);
#16137 = DEFINITIONAL_REPRESENTATION('',(#16138),#16142);
#16138 = LINE('',#16139,#16140);
#16139 = CARTESIAN_POINT('',(6.28318530718,-0.));
#16140 = VECTOR('',#16141,1.);
#16141 = DIRECTION('',(0.,1.));
#16142 = ( GEOMETRIC_REPRESENTATION_CONTEXT(2) 
PARAMETRIC_REPRESENTATION_CONTEXT() REPRESENTATION_CONTEXT('2D SPACE',''
  ) );
#16143 = PCURVE('',#11529,#16144);
#16144 = DEFINITIONAL_REPRESENTATION('',(#16145),#16149);
#16145 = LINE('',#16146,#16147);
#16146 = CARTESIAN_POINT('',(0.,-0.));
#16147 = VECTOR('',#16148,1.);
#16148 = DIRECTION('',(0.,1.));
#16149 = ( GEOMETRIC_REPRESENTATION_CONTEXT(2) 
PARAMETRIC_REPRESENTATION_CONTEXT() REPRESENTATION_CONTEXT('2D SPACE',''
  ) );
#16150 = ORIENTED_EDGE('',*,*,#16151,.T.);
#16151 = EDGE_CURVE('',#16129,#16129,#16152,.T.);
#16152 = SURFACE_CURVE('',#16153,(#16158,#16165),.PCURVE_S1.);
#16153 = CIRCLE('',#16154,0.8);
#16154 = AXIS2_PLACEMENT_3D('',#16155,#16156,#16157);
#16155 = CARTESIAN_POINT('',(-203.5,34.5,60.4));
#16156 = DIRECTION('',(0.,0.,1.));
#16157 = DIRECTION('',(1.,0.,0.));
#16158 = PCURVE('',#11529,#16159);
#16159 = DEFINITIONAL_REPRESENTATION('',(#16160),#16164);
#16160 = LINE('',#16161,#16162);
#16161 = CARTESIAN_POINT('',(0.,0.));
#16162 = VECTOR('',#16163,1.);
#16163 = DIRECTION('',(1.,0.));
#16164 = ( GEOMETRIC_REPRESENTATION_CONTEXT(2) 
PARAMETRIC_REPRESENTATION_CONTEXT() REPRESENTATION_CONTEXT('2D SPACE',''
  ) );
#16165 = PCURVE('',#16166,#16171);
#16166 = PLANE('',#16167);
#16167 = AXIS2_PLACEMENT_3D('',#16168,#16169,#16170);
#16168 = CARTESIAN_POINT('',(-203.5,34.5,60.4));
#16169 = DIRECTION('',(0.,0.,1.));
#16170 = DIRECTION('',(1.,0.,0.));
#16171 = DEFINITIONAL_REPRESENTATION('',(#16172),#16176);
#16172 = CIRCLE('',#16173,0.8);
#16173 = AXIS2_PLACEMENT_2D('',#16174,#16175);
#16174 = CARTESIAN_POINT('',(0.,0.));
#16175 = DIRECTION('',(1.,0.));
#16176 = ( GEOMETRIC_REPRESENTATION_CONTEXT(2) 
PARAMETRIC_REPRESENTATION_CONTEXT() REPRESENTATION_CONTEXT('2D SPACE',''
  ) );
#16177 = ORIENTED_EDGE('',*,*,#16128,.T.);
#16178 = ADVANCED_FACE('',(#16179),#12022,.F.);
#16179 = FACE_BOUND('',#16180,.F.);
#16180 = EDGE_LOOP('',(#16181,#16204,#16231,#16232));
#16181 = ORIENTED_EDGE('',*,*,#16182,.T.);
#16182 = EDGE_CURVE('',#11759,#16183,#16185,.T.);
#16183 = VERTEX_POINT('',#16184);
#16184 = CARTESIAN_POINT('',(-221.5,9.,47.496458183994));
#16185 = SEAM_CURVE('',#16186,(#16190,#16197),.PCURVE_S1.);
#16186 = LINE('',#16187,#16188);
#16187 = CARTESIAN_POINT('',(-221.5,9.,40.996458183994));
#16188 = VECTOR('',#16189,1.);
#16189 = DIRECTION('',(0.,0.,1.));
#16190 = PCURVE('',#12022,#16191);
#16191 = DEFINITIONAL_REPRESENTATION('',(#16192),#16196);
#16192 = LINE('',#16193,#16194);
#16193 = CARTESIAN_POINT('',(6.28318530718,-0.));
#16194 = VECTOR('',#16195,1.);
#16195 = DIRECTION('',(0.,1.));
#16196 = ( GEOMETRIC_REPRESENTATION_CONTEXT(2) 
PARAMETRIC_REPRESENTATION_CONTEXT() REPRESENTATION_CONTEXT('2D SPACE',''
  ) );
#16197 = PCURVE('',#12022,#16198);
#16198 = DEFINITIONAL_REPRESENTATION('',(#16199),#16203);
#16199 = LINE('',#16200,#16201);
#16200 = CARTESIAN_POINT('',(0.,-0.));
#16201 = VECTOR('',#16202,1.);
#16202 = DIRECTION('',(0.,1.));
#16203 = ( GEOMETRIC_REPRESENTATION_CONTEXT(2) 
PARAMETRIC_REPRESENTATION_CONTEXT() REPRESENTATION_CONTEXT('2D SPACE',''
  ) );
#16204 = ORIENTED_EDGE('',*,*,#16205,.F.);
#16205 = EDGE_CURVE('',#16183,#16183,#16206,.T.);
#16206 = SURFACE_CURVE('',#16207,(#16212,#16219),.PCURVE_S1.);
#16207 = CIRCLE('',#16208,2.);
#16208 = AXIS2_PLACEMENT_3D('',#16209,#16210,#16211);
#16209 = CARTESIAN_POINT('',(-223.5,9.,47.496458183994));
#16210 = DIRECTION('',(0.,0.,1.));
#16211 = DIRECTION('',(1.,0.,0.));
#16212 = PCURVE('',#12022,#16213);
#16213 = DEFINITIONAL_REPRESENTATION('',(#16214),#16218);
#16214 = LINE('',#16215,#16216);
#16215 = CARTESIAN_POINT('',(0.,6.5));
#16216 = VECTOR('',#16217,1.);
#16217 = DIRECTION('',(1.,0.));
#16218 = ( GEOMETRIC_REPRESENTATION_CONTEXT(2) 
PARAMETRIC_REPRESENTATION_CONTEXT() REPRESENTATION_CONTEXT('2D SPACE',''
  ) );
#16219 = PCURVE('',#16220,#16225);
#16220 = PLANE('',#16221);
#16221 = AXIS2_PLACEMENT_3D('',#16222,#16223,#16224);
#16222 = CARTESIAN_POINT('',(-223.5,9.,47.496458183994));
#16223 = DIRECTION('',(0.,0.,1.));
#16224 = DIRECTION('',(1.,0.,0.));
#16225 = DEFINITIONAL_REPRESENTATION('',(#16226),#16230);
#16226 = CIRCLE('',#16227,2.);
#16227 = AXIS2_PLACEMENT_2D('',#16228,#16229);
#16228 = CARTESIAN_POINT('',(0.,0.));
#16229 = DIRECTION('',(1.,0.));
#16230 = ( GEOMETRIC_REPRESENTATION_CONTEXT(2) 
PARAMETRIC_REPRESENTATION_CONTEXT() REPRESENTATION_CONTEXT('2D SPACE',''
  ) );
#16231 = ORIENTED_EDGE('',*,*,#16182,.F.);
#16232 = ORIENTED_EDGE('',*,*,#11758,.T.);
#16233 = ADVANCED_FACE('',(#16234),#12424,.F.);
#16234 = FACE_BOUND('',#16235,.F.);
#16235 = EDGE_LOOP('',(#16236,#16259,#16286,#16287));
#16236 = ORIENTED_EDGE('',*,*,#16237,.T.);
#16237 = EDGE_CURVE('',#12161,#16238,#16240,.T.);
#16238 = VERTEX_POINT('',#16239);
#16239 = CARTESIAN_POINT('',(-221.5,-9.,47.496458183994));
#16240 = SEAM_CURVE('',#16241,(#16245,#16252),.PCURVE_S1.);
#16241 = LINE('',#16242,#16243);
#16242 = CARTESIAN_POINT('',(-221.5,-9.,40.996458183994));
#16243 = VECTOR('',#16244,1.);
#16244 = DIRECTION('',(0.,0.,1.));
#16245 = PCURVE('',#12424,#16246);
#16246 = DEFINITIONAL_REPRESENTATION('',(#16247),#16251);
#16247 = LINE('',#16248,#16249);
#16248 = CARTESIAN_POINT('',(6.28318530718,-0.));
#16249 = VECTOR('',#16250,1.);
#16250 = DIRECTION('',(0.,1.));
#16251 = ( GEOMETRIC_REPRESENTATION_CONTEXT(2) 
PARAMETRIC_REPRESENTATION_CONTEXT() REPRESENTATION_CONTEXT('2D SPACE',''
  ) );
#16252 = PCURVE('',#12424,#16253);
#16253 = DEFINITIONAL_REPRESENTATION('',(#16254),#16258);
#16254 = LINE('',#16255,#16256);
#16255 = CARTESIAN_POINT('',(0.,-0.));
#16256 = VECTOR('',#16257,1.);
#16257 = DIRECTION('',(0.,1.));
#16258 = ( GEOMETRIC_REPRESENTATION_CONTEXT(2) 
PARAMETRIC_REPRESENTATION_CONTEXT() REPRESENTATION_CONTEXT('2D SPACE',''
  ) );
#16259 = ORIENTED_EDGE('',*,*,#16260,.F.);
#16260 = EDGE_CURVE('',#16238,#16238,#16261,.T.);
#16261 = SURFACE_CURVE('',#16262,(#16267,#16274),.PCURVE_S1.);
#16262 = CIRCLE('',#16263,2.);
#16263 = AXIS2_PLACEMENT_3D('',#16264,#16265,#16266);
#16264 = CARTESIAN_POINT('',(-223.5,-9.,47.496458183994));
#16265 = DIRECTION('',(0.,0.,1.));
#16266 = DIRECTION('',(1.,0.,0.));
#16267 = PCURVE('',#12424,#16268);
#16268 = DEFINITIONAL_REPRESENTATION('',(#16269),#16273);
#16269 = LINE('',#16270,#16271);
#16270 = CARTESIAN_POINT('',(0.,6.5));
#16271 = VECTOR('',#16272,1.);
#16272 = DIRECTION('',(1.,0.));
#16273 = ( GEOMETRIC_REPRESENTATION_CONTEXT(2) 
PARAMETRIC_REPRESENTATION_CONTEXT() REPRESENTATION_CONTEXT('2D SPACE',''
  ) );
#16274 = PCURVE('',#16275,#16280);
#16275 = PLANE('',#16276);
#16276 = AXIS2_PLACEMENT_3D('',#16277,#16278,#16279);
#16277 = CARTESIAN_POINT('',(-223.5,-9.,47.496458183994));
#16278 = DIRECTION('',(0.,0.,1.));
#16279 = DIRECTION('',(1.,0.,0.));
#16280 = DEFINITIONAL_REPRESENTATION('',(#16281),#16285);
#16281 = CIRCLE('',#16282,2.);
#16282 = AXIS2_PLACEMENT_2D('',#16283,#16284);
#16283 = CARTESIAN_POINT('',(0.,0.));
#16284 = DIRECTION('',(1.,0.));
#16285 = ( GEOMETRIC_REPRESENTATION_CONTEXT(2) 
PARAMETRIC_REPRESENTATION_CONTEXT() REPRESENTATION_CONTEXT('2D SPACE',''
  ) );
#16286 = ORIENTED_EDGE('',*,*,#16237,.F.);
#16287 = ORIENTED_EDGE('',*,*,#12160,.T.);
#16288 = ADVANCED_FACE('',(#16289),#12841,.F.);
#16289 = FACE_BOUND('',#16290,.F.);
#16290 = EDGE_LOOP('',(#16291,#16314,#16341,#16342));
#16291 = ORIENTED_EDGE('',*,*,#16292,.T.);
#16292 = EDGE_CURVE('',#12578,#16293,#16295,.T.);
#16293 = VERTEX_POINT('',#16294);
#16294 = CARTESIAN_POINT('',(-153.5,9.,45.175352690444));
#16295 = SEAM_CURVE('',#16296,(#16300,#16307),.PCURVE_S1.);
#16296 = LINE('',#16297,#16298);
#16297 = CARTESIAN_POINT('',(-153.5,9.,38.675352690444));
#16298 = VECTOR('',#16299,1.);
#16299 = DIRECTION('',(0.,0.,1.));
#16300 = PCURVE('',#12841,#16301);
#16301 = DEFINITIONAL_REPRESENTATION('',(#16302),#16306);
#16302 = LINE('',#16303,#16304);
#16303 = CARTESIAN_POINT('',(6.28318530718,-0.));
#16304 = VECTOR('',#16305,1.);
#16305 = DIRECTION('',(0.,1.));
#16306 = ( GEOMETRIC_REPRESENTATION_CONTEXT(2) 
PARAMETRIC_REPRESENTATION_CONTEXT() REPRESENTATION_CONTEXT('2D SPACE',''
  ) );
#16307 = PCURVE('',#12841,#16308);
#16308 = DEFINITIONAL_REPRESENTATION('',(#16309),#16313);
#16309 = LINE('',#16310,#16311);
#16310 = CARTESIAN_POINT('',(0.,-0.));
#16311 = VECTOR('',#16312,1.);
#16312 = DIRECTION('',(0.,1.));
#16313 = ( GEOMETRIC_REPRESENTATION_CONTEXT(2) 
PARAMETRIC_REPRESENTATION_CONTEXT() REPRESENTATION_CONTEXT('2D SPACE',''
  ) );
#16314 = ORIENTED_EDGE('',*,*,#16315,.F.);
#16315 = EDGE_CURVE('',#16293,#16293,#16316,.T.);
#16316 = SURFACE_CURVE('',#16317,(#16322,#16329),.PCURVE_S1.);
#16317 = CIRCLE('',#16318,2.);
#16318 = AXIS2_PLACEMENT_3D('',#16319,#16320,#16321);
#16319 = CARTESIAN_POINT('',(-155.5,9.,45.175352690444));
#16320 = DIRECTION('',(0.,0.,1.));
#16321 = DIRECTION('',(1.,0.,0.));
#16322 = PCURVE('',#12841,#16323);
#16323 = DEFINITIONAL_REPRESENTATION('',(#16324),#16328);
#16324 = LINE('',#16325,#16326);
#16325 = CARTESIAN_POINT('',(0.,6.5));
#16326 = VECTOR('',#16327,1.);
#16327 = DIRECTION('',(1.,0.));
#16328 = ( GEOMETRIC_REPRESENTATION_CONTEXT(2) 
PARAMETRIC_REPRESENTATION_CONTEXT() REPRESENTATION_CONTEXT('2D SPACE',''
  ) );
#16329 = PCURVE('',#16330,#16335);
#16330 = PLANE('',#16331);
#16331 = AXIS2_PLACEMENT_3D('',#16332,#16333,#16334);
#16332 = CARTESIAN_POINT('',(-155.5,9.,45.175352690444));
#16333 = DIRECTION('',(0.,0.,1.));
#16334 = DIRECTION('',(1.,0.,0.));
#16335 = DEFINITIONAL_REPRESENTATION('',(#16336),#16340);
#16336 = CIRCLE('',#16337,2.);
#16337 = AXIS2_PLACEMENT_2D('',#16338,#16339);
#16338 = CARTESIAN_POINT('',(0.,0.));
#16339 = DIRECTION('',(1.,0.));
#16340 = ( GEOMETRIC_REPRESENTATION_CONTEXT(2) 
PARAMETRIC_REPRESENTATION_CONTEXT() REPRESENTATION_CONTEXT('2D SPACE',''
  ) );
#16341 = ORIENTED_EDGE('',*,*,#16292,.F.);
#16342 = ORIENTED_EDGE('',*,*,#12577,.T.);
#16343 = ADVANCED_FACE('',(#16344),#13243,.F.);
#16344 = FACE_BOUND('',#16345,.F.);
#16345 = EDGE_LOOP('',(#16346,#16369,#16396,#16397));
#16346 = ORIENTED_EDGE('',*,*,#16347,.T.);
#16347 = EDGE_CURVE('',#12980,#16348,#16350,.T.);
#16348 = VERTEX_POINT('',#16349);
#16349 = CARTESIAN_POINT('',(-153.5,-9.,45.175352690444));
#16350 = SEAM_CURVE('',#16351,(#16355,#16362),.PCURVE_S1.);
#16351 = LINE('',#16352,#16353);
#16352 = CARTESIAN_POINT('',(-153.5,-9.,38.675352690444));
#16353 = VECTOR('',#16354,1.);
#16354 = DIRECTION('',(0.,0.,1.));
#16355 = PCURVE('',#13243,#16356);
#16356 = DEFINITIONAL_REPRESENTATION('',(#16357),#16361);
#16357 = LINE('',#16358,#16359);
#16358 = CARTESIAN_POINT('',(6.28318530718,-0.));
#16359 = VECTOR('',#16360,1.);
#16360 = DIRECTION('',(0.,1.));
#16361 = ( GEOMETRIC_REPRESENTATION_CONTEXT(2) 
PARAMETRIC_REPRESENTATION_CONTEXT() REPRESENTATION_CONTEXT('2D SPACE',''
  ) );
#16362 = PCURVE('',#13243,#16363);
#16363 = DEFINITIONAL_REPRESENTATION('',(#16364),#16368);
#16364 = LINE('',#16365,#16366);
#16365 = CARTESIAN_POINT('',(0.,-0.));
#16366 = VECTOR('',#16367,1.);
#16367 = DIRECTION('',(0.,1.));
#16368 = ( GEOMETRIC_REPRESENTATION_CONTEXT(2) 
PARAMETRIC_REPRESENTATION_CONTEXT() REPRESENTATION_CONTEXT('2D SPACE',''
  ) );
#16369 = ORIENTED_EDGE('',*,*,#16370,.F.);
#16370 = EDGE_CURVE('',#16348,#16348,#16371,.T.);
#16371 = SURFACE_CURVE('',#16372,(#16377,#16384),.PCURVE_S1.);
#16372 = CIRCLE('',#16373,2.);
#16373 = AXIS2_PLACEMENT_3D('',#16374,#16375,#16376);
#16374 = CARTESIAN_POINT('',(-155.5,-9.,45.175352690444));
#16375 = DIRECTION('',(0.,0.,1.));
#16376 = DIRECTION('',(1.,0.,0.));
#16377 = PCURVE('',#13243,#16378);
#16378 = DEFINITIONAL_REPRESENTATION('',(#16379),#16383);
#16379 = LINE('',#16380,#16381);
#16380 = CARTESIAN_POINT('',(0.,6.5));
#16381 = VECTOR('',#16382,1.);
#16382 = DIRECTION('',(1.,0.));
#16383 = ( GEOMETRIC_REPRESENTATION_CONTEXT(2) 
PARAMETRIC_REPRESENTATION_CONTEXT() REPRESENTATION_CONTEXT('2D SPACE',''
  ) );
#16384 = PCURVE('',#16385,#16390);
#16385 = PLANE('',#16386);
#16386 = AXIS2_PLACEMENT_3D('',#16387,#16388,#16389);
#16387 = CARTESIAN_POINT('',(-155.5,-9.,45.175352690444));
#16388 = DIRECTION('',(0.,0.,1.));
#16389 = DIRECTION('',(1.,0.,0.));
#16390 = DEFINITIONAL_REPRESENTATION('',(#16391),#16395);
#16391 = CIRCLE('',#16392,2.);
#16392 = AXIS2_PLACEMENT_2D('',#16393,#16394);
#16393 = CARTESIAN_POINT('',(0.,0.));
#16394 = DIRECTION('',(1.,0.));
#16395 = ( GEOMETRIC_REPRESENTATION_CONTEXT(2) 
PARAMETRIC_REPRESENTATION_CONTEXT() REPRESENTATION_CONTEXT('2D SPACE',''
  ) );
#16396 = ORIENTED_EDGE('',*,*,#16347,.F.);
#16397 = ORIENTED_EDGE('',*,*,#12979,.T.);
#16398 = ADVANCED_FACE('',(#16399),#13708,.F.);
#16399 = FACE_BOUND('',#16400,.F.);
#16400 = EDGE_LOOP('',(#16401,#16424,#16451,#16452));
#16401 = ORIENTED_EDGE('',*,*,#16402,.T.);
#16402 = EDGE_CURVE('',#13445,#16403,#16405,.T.);
#16403 = VERTEX_POINT('',#16404);
#16404 = CARTESIAN_POINT('',(-85.5,9.,42.847560533156));
#16405 = SEAM_CURVE('',#16406,(#16410,#16417),.PCURVE_S1.);
#16406 = LINE('',#16407,#16408);
#16407 = CARTESIAN_POINT('',(-85.5,9.,36.347560533156));
#16408 = VECTOR('',#16409,1.);
#16409 = DIRECTION('',(0.,0.,1.));
#16410 = PCURVE('',#13708,#16411);
#16411 = DEFINITIONAL_REPRESENTATION('',(#16412),#16416);
#16412 = LINE('',#16413,#16414);
#16413 = CARTESIAN_POINT('',(6.28318530718,-0.));
#16414 = VECTOR('',#16415,1.);
#16415 = DIRECTION('',(0.,1.));
#16416 = ( GEOMETRIC_REPRESENTATION_CONTEXT(2) 
PARAMETRIC_REPRESENTATION_CONTEXT() REPRESENTATION_CONTEXT('2D SPACE',''
  ) );
#16417 = PCURVE('',#13708,#16418);
#16418 = DEFINITIONAL_REPRESENTATION('',(#16419),#16423);
#16419 = LINE('',#16420,#16421);
#16420 = CARTESIAN_POINT('',(0.,-0.));
#16421 = VECTOR('',#16422,1.);
#16422 = DIRECTION('',(0.,1.));
#16423 = ( GEOMETRIC_REPRESENTATION_CONTEXT(2) 
PARAMETRIC_REPRESENTATION_CONTEXT() REPRESENTATION_CONTEXT('2D SPACE',''
  ) );
#16424 = ORIENTED_EDGE('',*,*,#16425,.F.);
#16425 = EDGE_CURVE('',#16403,#16403,#16426,.T.);
#16426 = SURFACE_CURVE('',#16427,(#16432,#16439),.PCURVE_S1.);
#16427 = CIRCLE('',#16428,2.);
#16428 = AXIS2_PLACEMENT_3D('',#16429,#16430,#16431);
#16429 = CARTESIAN_POINT('',(-87.5,9.,42.847560533156));
#16430 = DIRECTION('',(0.,0.,1.));
#16431 = DIRECTION('',(1.,0.,0.));
#16432 = PCURVE('',#13708,#16433);
#16433 = DEFINITIONAL_REPRESENTATION('',(#16434),#16438);
#16434 = LINE('',#16435,#16436);
#16435 = CARTESIAN_POINT('',(0.,6.5));
#16436 = VECTOR('',#16437,1.);
#16437 = DIRECTION('',(1.,0.));
#16438 = ( GEOMETRIC_REPRESENTATION_CONTEXT(2) 
PARAMETRIC_REPRESENTATION_CONTEXT() REPRESENTATION_CONTEXT('2D SPACE',''
  ) );
#16439 = PCURVE('',#16440,#16445);
#16440 = PLANE('',#16441);
#16441 = AXIS2_PLACEMENT_3D('',#16442,#16443,#16444);
#16442 = CARTESIAN_POINT('',(-87.5,9.,42.847560533156));
#16443 = DIRECTION('',(0.,0.,1.));
#16444 = DIRECTION('',(1.,0.,0.));
#16445 = DEFINITIONAL_REPRESENTATION('',(#16446),#16450);
#16446 = CIRCLE('',#16447,2.);
#16447 = AXIS2_PLACEMENT_2D('',#16448,#16449);
#16448 = CARTESIAN_POINT('',(0.,0.));
#16449 = DIRECTION('',(1.,0.));
#16450 = ( GEOMETRIC_REPRESENTATION_CONTEXT(2) 
PARAMETRIC_REPRESENTATION_CONTEXT() REPRESENTATION_CONTEXT('2D SPACE',''
  ) );
#16451 = ORIENTED_EDGE('',*,*,#16402,.F.);
#16452 = ORIENTED_EDGE('',*,*,#13444,.T.);
#16453 = ADVANCED_FACE('',(#16454),#14110,.F.);
#16454 = FACE_BOUND('',#16455,.F.);
#16455 = EDGE_LOOP('',(#16456,#16479,#16506,#16507));
#16456 = ORIENTED_EDGE('',*,*,#16457,.T.);
#16457 = EDGE_CURVE('',#13847,#16458,#16460,.T.);
#16458 = VERTEX_POINT('',#16459);
#16459 = CARTESIAN_POINT('',(-85.5,-9.,42.847560533156));
#16460 = SEAM_CURVE('',#16461,(#16465,#16472),.PCURVE_S1.);
#16461 = LINE('',#16462,#16463);
#16462 = CARTESIAN_POINT('',(-85.5,-9.,36.347560533156));
#16463 = VECTOR('',#16464,1.);
#16464 = DIRECTION('',(0.,0.,1.));
#16465 = PCURVE('',#14110,#16466);
#16466 = DEFINITIONAL_REPRESENTATION('',(#16467),#16471);
#16467 = LINE('',#16468,#16469);
#16468 = CARTESIAN_POINT('',(6.28318530718,-0.));
#16469 = VECTOR('',#16470,1.);
#16470 = DIRECTION('',(0.,1.));
#16471 = ( GEOMETRIC_REPRESENTATION_CONTEXT(2) 
PARAMETRIC_REPRESENTATION_CONTEXT() REPRESENTATION_CONTEXT('2D SPACE',''
  ) );
#16472 = PCURVE('',#14110,#16473);
#16473 = DEFINITIONAL_REPRESENTATION('',(#16474),#16478);
#16474 = LINE('',#16475,#16476);
#16475 = CARTESIAN_POINT('',(0.,-0.));
#16476 = VECTOR('',#16477,1.);
#16477 = DIRECTION('',(0.,1.));
#16478 = ( GEOMETRIC_REPRESENTATION_CONTEXT(2) 
PARAMETRIC_REPRESENTATION_CONTEXT() REPRESENTATION_CONTEXT('2D SPACE',''
  ) );
#16479 = ORIENTED_EDGE('',*,*,#16480,.F.);
#16480 = EDGE_CURVE('',#16458,#16458,#16481,.T.);
#16481 = SURFACE_CURVE('',#16482,(#16487,#16494),.PCURVE_S1.);
#16482 = CIRCLE('',#16483,2.);
#16483 = AXIS2_PLACEMENT_3D('',#16484,#16485,#16486);
#16484 = CARTESIAN_POINT('',(-87.5,-9.,42.847560533156));
#16485 = DIRECTION('',(0.,0.,1.));
#16486 = DIRECTION('',(1.,0.,0.));
#16487 = PCURVE('',#14110,#16488);
#16488 = DEFINITIONAL_REPRESENTATION('',(#16489),#16493);
#16489 = LINE('',#16490,#16491);
#16490 = CARTESIAN_POINT('',(0.,6.5));
#16491 = VECTOR('',#16492,1.);
#16492 = DIRECTION('',(1.,0.));
#16493 = ( GEOMETRIC_REPRESENTATION_CONTEXT(2) 
PARAMETRIC_REPRESENTATION_CONTEXT() REPRESENTATION_CONTEXT('2D SPACE',''
  ) );
#16494 = PCURVE('',#16495,#16500);
#16495 = PLANE('',#16496);
#16496 = AXIS2_PLACEMENT_3D('',#16497,#16498,#16499);
#16497 = CARTESIAN_POINT('',(-87.5,-9.,42.847560533156));
#16498 = DIRECTION('',(0.,0.,1.));
#16499 = DIRECTION('',(1.,0.,0.));
#16500 = DEFINITIONAL_REPRESENTATION('',(#16501),#16505);
#16501 = CIRCLE('',#16502,2.);
#16502 = AXIS2_PLACEMENT_2D('',#16503,#16504);
#16503 = CARTESIAN_POINT('',(0.,0.));
#16504 = DIRECTION('',(1.,0.));
#16505 = ( GEOMETRIC_REPRESENTATION_CONTEXT(2) 
PARAMETRIC_REPRESENTATION_CONTEXT() REPRESENTATION_CONTEXT('2D SPACE',''
  ) );
#16506 = ORIENTED_EDGE('',*,*,#16457,.F.);
#16507 = ORIENTED_EDGE('',*,*,#13846,.T.);
#16508 = ADVANCED_FACE('',(#16509,#16512),#14280,.T.);
#16509 = FACE_BOUND('',#16510,.T.);
#16510 = EDGE_LOOP('',(#16511));
#16511 = ORIENTED_EDGE('',*,*,#14263,.T.);
#16512 = FACE_BOUND('',#16513,.T.);
#16513 = EDGE_LOOP('',(#16514));
#16514 = ORIENTED_EDGE('',*,*,#16515,.F.);
#16515 = EDGE_CURVE('',#16516,#16516,#16518,.T.);
#16516 = VERTEX_POINT('',#16517);
#16517 = CARTESIAN_POINT('',(-79.175,-26.25,54.3));
#16518 = SURFACE_CURVE('',#16519,(#16524,#16531),.PCURVE_S1.);
#16519 = CIRCLE('',#16520,1.5);
#16520 = AXIS2_PLACEMENT_3D('',#16521,#16522,#16523);
#16521 = CARTESIAN_POINT('',(-80.675,-26.25,54.3));
#16522 = DIRECTION('',(0.,0.,1.));
#16523 = DIRECTION('',(1.,0.,-0.));
#16524 = PCURVE('',#14280,#16525);
#16525 = DEFINITIONAL_REPRESENTATION('',(#16526),#16530);
#16526 = CIRCLE('',#16527,1.5);
#16527 = AXIS2_PLACEMENT_2D('',#16528,#16529);
#16528 = CARTESIAN_POINT('',(0.,0.));
#16529 = DIRECTION('',(1.,0.));
#16530 = ( GEOMETRIC_REPRESENTATION_CONTEXT(2) 
PARAMETRIC_REPRESENTATION_CONTEXT() REPRESENTATION_CONTEXT('2D SPACE',''
  ) );
#16531 = PCURVE('',#16532,#16537);
#16532 = CYLINDRICAL_SURFACE('',#16533,1.5);
#16533 = AXIS2_PLACEMENT_3D('',#16534,#16535,#16536);
#16534 = CARTESIAN_POINT('',(-80.675,-26.25,50.));
#16535 = DIRECTION('',(0.,0.,1.));
#16536 = DIRECTION('',(1.,0.,0.));
#16537 = DEFINITIONAL_REPRESENTATION('',(#16538),#16542);
#16538 = LINE('',#16539,#16540);
#16539 = CARTESIAN_POINT('',(0.,4.3));
#16540 = VECTOR('',#16541,1.);
#16541 = DIRECTION('',(1.,0.));
#16542 = ( GEOMETRIC_REPRESENTATION_CONTEXT(2) 
PARAMETRIC_REPRESENTATION_CONTEXT() REPRESENTATION_CONTEXT('2D SPACE',''
  ) );
#16543 = ADVANCED_FACE('',(#16544,#16547),#14335,.T.);
#16544 = FACE_BOUND('',#16545,.T.);
#16545 = EDGE_LOOP('',(#16546));
#16546 = ORIENTED_EDGE('',*,*,#14318,.T.);
#16547 = FACE_BOUND('',#16548,.T.);
#16548 = EDGE_LOOP('',(#16549));
#16549 = ORIENTED_EDGE('',*,*,#16550,.F.);
#16550 = EDGE_CURVE('',#16551,#16551,#16553,.T.);
#16551 = VERTEX_POINT('',#16552);
#16552 = CARTESIAN_POINT('',(-79.175,26.25,54.3));
#16553 = SURFACE_CURVE('',#16554,(#16559,#16566),.PCURVE_S1.);
#16554 = CIRCLE('',#16555,1.5);
#16555 = AXIS2_PLACEMENT_3D('',#16556,#16557,#16558);
#16556 = CARTESIAN_POINT('',(-80.675,26.25,54.3));
#16557 = DIRECTION('',(0.,0.,1.));
#16558 = DIRECTION('',(1.,0.,-0.));
#16559 = PCURVE('',#14335,#16560);
#16560 = DEFINITIONAL_REPRESENTATION('',(#16561),#16565);
#16561 = CIRCLE('',#16562,1.5);
#16562 = AXIS2_PLACEMENT_2D('',#16563,#16564);
#16563 = CARTESIAN_POINT('',(0.,0.));
#16564 = DIRECTION('',(1.,0.));
#16565 = ( GEOMETRIC_REPRESENTATION_CONTEXT(2) 
PARAMETRIC_REPRESENTATION_CONTEXT() REPRESENTATION_CONTEXT('2D SPACE',''
  ) );
#16566 = PCURVE('',#16567,#16572);
#16567 = CYLINDRICAL_SURFACE('',#16568,1.5);
#16568 = AXIS2_PLACEMENT_3D('',#16569,#16570,#16571);
#16569 = CARTESIAN_POINT('',(-80.675,26.25,50.));
#16570 = DIRECTION('',(0.,0.,1.));
#16571 = DIRECTION('',(1.,0.,0.));
#16572 = DEFINITIONAL_REPRESENTATION('',(#16573),#16577);
#16573 = LINE('',#16574,#16575);
#16574 = CARTESIAN_POINT('',(0.,4.3));
#16575 = VECTOR('',#16576,1.);
#16576 = DIRECTION('',(1.,0.));
#16577 = ( GEOMETRIC_REPRESENTATION_CONTEXT(2) 
PARAMETRIC_REPRESENTATION_CONTEXT() REPRESENTATION_CONTEXT('2D SPACE',''
  ) );
#16578 = ADVANCED_FACE('',(#16579),#14583,.F.);
#16579 = FACE_BOUND('',#16580,.F.);
#16580 = EDGE_LOOP('',(#16581,#16582,#16583,#16584));
#16581 = ORIENTED_EDGE('',*,*,#14570,.F.);
#16582 = ORIENTED_EDGE('',*,*,#14622,.T.);
#16583 = ORIENTED_EDGE('',*,*,#14708,.T.);
#16584 = ORIENTED_EDGE('',*,*,#14676,.F.);
#16585 = ADVANCED_FACE('',(#16586),#14790,.F.);
#16586 = FACE_BOUND('',#16587,.F.);
#16587 = EDGE_LOOP('',(#16588,#16589,#16590,#16591));
#16588 = ORIENTED_EDGE('',*,*,#14777,.F.);
#16589 = ORIENTED_EDGE('',*,*,#14829,.T.);
#16590 = ORIENTED_EDGE('',*,*,#14915,.T.);
#16591 = ORIENTED_EDGE('',*,*,#14883,.F.);
#16592 = ADVANCED_FACE('',(#16593,#16597),#14975,.T.);
#16593 = FACE_BOUND('',#16594,.T.);
#16594 = EDGE_LOOP('',(#16595,#16596));
#16595 = ORIENTED_EDGE('',*,*,#14960,.F.);
#16596 = ORIENTED_EDGE('',*,*,#14996,.F.);
#16597 = FACE_BOUND('',#16598,.T.);
#16598 = EDGE_LOOP('',(#16599));
#16599 = ORIENTED_EDGE('',*,*,#16600,.F.);
#16600 = EDGE_CURVE('',#16601,#16601,#16603,.T.);
#16601 = VERTEX_POINT('',#16602);
#16602 = CARTESIAN_POINT('',(-186.,-32.5,76.5));
#16603 = SURFACE_CURVE('',#16604,(#16609,#16616),.PCURVE_S1.);
#16604 = CIRCLE('',#16605,2.);
#16605 = AXIS2_PLACEMENT_3D('',#16606,#16607,#16608);
#16606 = CARTESIAN_POINT('',(-188.,-32.5,76.5));
#16607 = DIRECTION('',(0.,0.,1.));
#16608 = DIRECTION('',(1.,0.,-0.));
#16609 = PCURVE('',#14975,#16610);
#16610 = DEFINITIONAL_REPRESENTATION('',(#16611),#16615);
#16611 = CIRCLE('',#16612,2.);
#16612 = AXIS2_PLACEMENT_2D('',#16613,#16614);
#16613 = CARTESIAN_POINT('',(0.,0.));
#16614 = DIRECTION('',(1.,0.));
#16615 = ( GEOMETRIC_REPRESENTATION_CONTEXT(2) 
PARAMETRIC_REPRESENTATION_CONTEXT() REPRESENTATION_CONTEXT('2D SPACE',''
  ) );
#16616 = PCURVE('',#16617,#16622);
#16617 = CYLINDRICAL_SURFACE('',#16618,2.);
#16618 = AXIS2_PLACEMENT_3D('',#16619,#16620,#16621);
#16619 = CARTESIAN_POINT('',(-188.,-32.5,70.5));
#16620 = DIRECTION('',(0.,0.,1.));
#16621 = DIRECTION('',(1.,0.,0.));
#16622 = DEFINITIONAL_REPRESENTATION('',(#16623),#16627);
#16623 = LINE('',#16624,#16625);
#16624 = CARTESIAN_POINT('',(0.,6.));
#16625 = VECTOR('',#16626,1.);
#16626 = DIRECTION('',(1.,0.));
#16627 = ( GEOMETRIC_REPRESENTATION_CONTEXT(2) 
PARAMETRIC_REPRESENTATION_CONTEXT() REPRESENTATION_CONTEXT('2D SPACE',''
  ) );
#16628 = ADVANCED_FACE('',(#16629,#16633),#15066,.T.);
#16629 = FACE_BOUND('',#16630,.T.);
#16630 = EDGE_LOOP('',(#16631,#16632));
#16631 = ORIENTED_EDGE('',*,*,#15051,.F.);
#16632 = ORIENTED_EDGE('',*,*,#15087,.F.);
#16633 = FACE_BOUND('',#16634,.T.);
#16634 = EDGE_LOOP('',(#16635));
#16635 = ORIENTED_EDGE('',*,*,#16636,.F.);
#16636 = EDGE_CURVE('',#16637,#16637,#16639,.T.);
#16637 = VERTEX_POINT('',#16638);
#16638 = CARTESIAN_POINT('',(-118.,-32.5,76.5));
#16639 = SURFACE_CURVE('',#16640,(#16645,#16652),.PCURVE_S1.);
#16640 = CIRCLE('',#16641,2.);
#16641 = AXIS2_PLACEMENT_3D('',#16642,#16643,#16644);
#16642 = CARTESIAN_POINT('',(-120.,-32.5,76.5));
#16643 = DIRECTION('',(0.,0.,1.));
#16644 = DIRECTION('',(1.,0.,-0.));
#16645 = PCURVE('',#15066,#16646);
#16646 = DEFINITIONAL_REPRESENTATION('',(#16647),#16651);
#16647 = CIRCLE('',#16648,2.);
#16648 = AXIS2_PLACEMENT_2D('',#16649,#16650);
#16649 = CARTESIAN_POINT('',(0.,0.));
#16650 = DIRECTION('',(1.,0.));
#16651 = ( GEOMETRIC_REPRESENTATION_CONTEXT(2) 
PARAMETRIC_REPRESENTATION_CONTEXT() REPRESENTATION_CONTEXT('2D SPACE',''
  ) );
#16652 = PCURVE('',#16653,#16658);
#16653 = CYLINDRICAL_SURFACE('',#16654,2.);
#16654 = AXIS2_PLACEMENT_3D('',#16655,#16656,#16657);
#16655 = CARTESIAN_POINT('',(-120.,-32.5,70.5));
#16656 = DIRECTION('',(0.,0.,1.));
#16657 = DIRECTION('',(1.,0.,0.));
#16658 = DEFINITIONAL_REPRESENTATION('',(#16659),#16663);
#16659 = LINE('',#16660,#16661);
#16660 = CARTESIAN_POINT('',(0.,6.));
#16661 = VECTOR('',#16662,1.);
#16662 = DIRECTION('',(1.,0.));
#16663 = ( GEOMETRIC_REPRESENTATION_CONTEXT(2) 
PARAMETRIC_REPRESENTATION_CONTEXT() REPRESENTATION_CONTEXT('2D SPACE',''
  ) );
#16664 = ADVANCED_FACE('',(#16665),#15233,.F.);
#16665 = FACE_BOUND('',#16666,.F.);
#16666 = EDGE_LOOP('',(#16667,#16668,#16669,#16670));
#16667 = ORIENTED_EDGE('',*,*,#15220,.F.);
#16668 = ORIENTED_EDGE('',*,*,#15272,.T.);
#16669 = ORIENTED_EDGE('',*,*,#15358,.T.);
#16670 = ORIENTED_EDGE('',*,*,#15326,.F.);
#16671 = ADVANCED_FACE('',(#16672),#15440,.F.);
#16672 = FACE_BOUND('',#16673,.F.);
#16673 = EDGE_LOOP('',(#16674,#16675,#16676,#16677));
#16674 = ORIENTED_EDGE('',*,*,#15427,.F.);
#16675 = ORIENTED_EDGE('',*,*,#15479,.T.);
#16676 = ORIENTED_EDGE('',*,*,#15565,.T.);
#16677 = ORIENTED_EDGE('',*,*,#15533,.F.);
#16678 = ADVANCED_FACE('',(#16679,#16683),#15625,.T.);
#16679 = FACE_BOUND('',#16680,.T.);
#16680 = EDGE_LOOP('',(#16681,#16682));
#16681 = ORIENTED_EDGE('',*,*,#15610,.F.);
#16682 = ORIENTED_EDGE('',*,*,#15646,.F.);
#16683 = FACE_BOUND('',#16684,.T.);
#16684 = EDGE_LOOP('',(#16685));
#16685 = ORIENTED_EDGE('',*,*,#16686,.F.);
#16686 = EDGE_CURVE('',#16687,#16687,#16689,.T.);
#16687 = VERTEX_POINT('',#16688);
#16688 = CARTESIAN_POINT('',(-186.,32.5,76.5));
#16689 = SURFACE_CURVE('',#16690,(#16695,#16702),.PCURVE_S1.);
#16690 = CIRCLE('',#16691,2.);
#16691 = AXIS2_PLACEMENT_3D('',#16692,#16693,#16694);
#16692 = CARTESIAN_POINT('',(-188.,32.5,76.5));
#16693 = DIRECTION('',(0.,0.,1.));
#16694 = DIRECTION('',(1.,0.,-0.));
#16695 = PCURVE('',#15625,#16696);
#16696 = DEFINITIONAL_REPRESENTATION('',(#16697),#16701);
#16697 = CIRCLE('',#16698,2.);
#16698 = AXIS2_PLACEMENT_2D('',#16699,#16700);
#16699 = CARTESIAN_POINT('',(0.,0.));
#16700 = DIRECTION('',(1.,0.));
#16701 = ( GEOMETRIC_REPRESENTATION_CONTEXT(2) 
PARAMETRIC_REPRESENTATION_CONTEXT() REPRESENTATION_CONTEXT('2D SPACE',''
  ) );
#16702 = PCURVE('',#16703,#16708);
#16703 = CYLINDRICAL_SURFACE('',#16704,2.);
#16704 = AXIS2_PLACEMENT_3D('',#16705,#16706,#16707);
#16705 = CARTESIAN_POINT('',(-188.,32.5,70.5));
#16706 = DIRECTION('',(0.,0.,1.));
#16707 = DIRECTION('',(1.,0.,0.));
#16708 = DEFINITIONAL_REPRESENTATION('',(#16709),#16713);
#16709 = LINE('',#16710,#16711);
#16710 = CARTESIAN_POINT('',(0.,6.));
#16711 = VECTOR('',#16712,1.);
#16712 = DIRECTION('',(1.,0.));
#16713 = ( GEOMETRIC_REPRESENTATION_CONTEXT(2) 
PARAMETRIC_REPRESENTATION_CONTEXT() REPRESENTATION_CONTEXT('2D SPACE',''
  ) );
#16714 = ADVANCED_FACE('',(#16715,#16719),#15824,.T.);
#16715 = FACE_BOUND('',#16716,.T.);
#16716 = EDGE_LOOP('',(#16717,#16718));
#16717 = ORIENTED_EDGE('',*,*,#15809,.F.);
#16718 = ORIENTED_EDGE('',*,*,#15845,.F.);
#16719 = FACE_BOUND('',#16720,.T.);
#16720 = EDGE_LOOP('',(#16721));
#16721 = ORIENTED_EDGE('',*,*,#16722,.F.);
#16722 = EDGE_CURVE('',#16723,#16723,#16725,.T.);
#16723 = VERTEX_POINT('',#16724);
#16724 = CARTESIAN_POINT('',(-118.,32.5,76.5));
#16725 = SURFACE_CURVE('',#16726,(#16731,#16738),.PCURVE_S1.);
#16726 = CIRCLE('',#16727,2.);
#16727 = AXIS2_PLACEMENT_3D('',#16728,#16729,#16730);
#16728 = CARTESIAN_POINT('',(-120.,32.5,76.5));
#16729 = DIRECTION('',(0.,0.,1.));
#16730 = DIRECTION('',(1.,0.,-0.));
#16731 = PCURVE('',#15824,#16732);
#16732 = DEFINITIONAL_REPRESENTATION('',(#16733),#16737);
#16733 = CIRCLE('',#16734,2.);
#16734 = AXIS2_PLACEMENT_2D('',#16735,#16736);
#16735 = CARTESIAN_POINT('',(0.,0.));
#16736 = DIRECTION('',(1.,0.));
#16737 = ( GEOMETRIC_REPRESENTATION_CONTEXT(2) 
PARAMETRIC_REPRESENTATION_CONTEXT() REPRESENTATION_CONTEXT('2D SPACE',''
  ) );
#16738 = PCURVE('',#16739,#16744);
#16739 = CYLINDRICAL_SURFACE('',#16740,2.);
#16740 = AXIS2_PLACEMENT_3D('',#16741,#16742,#16743);
#16741 = CARTESIAN_POINT('',(-120.,32.5,70.5));
#16742 = DIRECTION('',(0.,0.,1.));
#16743 = DIRECTION('',(1.,0.,0.));
#16744 = DEFINITIONAL_REPRESENTATION('',(#16745),#16749);
#16745 = LINE('',#16746,#16747);
#16746 = CARTESIAN_POINT('',(0.,6.));
#16747 = VECTOR('',#16748,1.);
#16748 = DIRECTION('',(1.,0.));
#16749 = ( GEOMETRIC_REPRESENTATION_CONTEXT(2) 
PARAMETRIC_REPRESENTATION_CONTEXT() REPRESENTATION_CONTEXT('2D SPACE',''
  ) );
#16750 = ADVANCED_FACE('',(#16751),#16001,.T.);
#16751 = FACE_BOUND('',#16752,.F.);
#16752 = EDGE_LOOP('',(#16753));
#16753 = ORIENTED_EDGE('',*,*,#15986,.F.);
#16754 = ADVANCED_FACE('',(#16755),#16056,.T.);
#16755 = FACE_BOUND('',#16756,.F.);
#16756 = EDGE_LOOP('',(#16757));
#16757 = ORIENTED_EDGE('',*,*,#16041,.F.);
#16758 = ADVANCED_FACE('',(#16759),#16111,.T.);
#16759 = FACE_BOUND('',#16760,.F.);
#16760 = EDGE_LOOP('',(#16761));
#16761 = ORIENTED_EDGE('',*,*,#16096,.F.);
#16762 = ADVANCED_FACE('',(#16763),#16166,.T.);
#16763 = FACE_BOUND('',#16764,.F.);
#16764 = EDGE_LOOP('',(#16765));
#16765 = ORIENTED_EDGE('',*,*,#16151,.F.);
#16766 = ADVANCED_FACE('',(#16767),#16220,.F.);
#16767 = FACE_BOUND('',#16768,.F.);
#16768 = EDGE_LOOP('',(#16769));
#16769 = ORIENTED_EDGE('',*,*,#16205,.T.);
#16770 = ADVANCED_FACE('',(#16771),#16275,.F.);
#16771 = FACE_BOUND('',#16772,.F.);
#16772 = EDGE_LOOP('',(#16773));
#16773 = ORIENTED_EDGE('',*,*,#16260,.T.);
#16774 = ADVANCED_FACE('',(#16775),#16330,.F.);
#16775 = FACE_BOUND('',#16776,.F.);
#16776 = EDGE_LOOP('',(#16777));
#16777 = ORIENTED_EDGE('',*,*,#16315,.T.);
#16778 = ADVANCED_FACE('',(#16779),#16385,.F.);
#16779 = FACE_BOUND('',#16780,.F.);
#16780 = EDGE_LOOP('',(#16781));
#16781 = ORIENTED_EDGE('',*,*,#16370,.T.);
#16782 = ADVANCED_FACE('',(#16783),#16440,.F.);
#16783 = FACE_BOUND('',#16784,.F.);
#16784 = EDGE_LOOP('',(#16785));
#16785 = ORIENTED_EDGE('',*,*,#16425,.T.);
#16786 = ADVANCED_FACE('',(#16787),#16495,.F.);
#16787 = FACE_BOUND('',#16788,.F.);
#16788 = EDGE_LOOP('',(#16789));
#16789 = ORIENTED_EDGE('',*,*,#16480,.T.);
#16790 = ADVANCED_FACE('',(#16791),#16532,.F.);
#16791 = FACE_BOUND('',#16792,.F.);
#16792 = EDGE_LOOP('',(#16793,#16794,#16817,#16844));
#16793 = ORIENTED_EDGE('',*,*,#16515,.F.);
#16794 = ORIENTED_EDGE('',*,*,#16795,.F.);
#16795 = EDGE_CURVE('',#16796,#16516,#16798,.T.);
#16796 = VERTEX_POINT('',#16797);
#16797 = CARTESIAN_POINT('',(-79.175,-26.25,50.));
#16798 = SEAM_CURVE('',#16799,(#16803,#16810),.PCURVE_S1.);
#16799 = LINE('',#16800,#16801);
#16800 = CARTESIAN_POINT('',(-79.175,-26.25,50.));
#16801 = VECTOR('',#16802,1.);
#16802 = DIRECTION('',(0.,0.,1.));
#16803 = PCURVE('',#16532,#16804);
#16804 = DEFINITIONAL_REPRESENTATION('',(#16805),#16809);
#16805 = LINE('',#16806,#16807);
#16806 = CARTESIAN_POINT('',(6.28318530718,-0.));
#16807 = VECTOR('',#16808,1.);
#16808 = DIRECTION('',(0.,1.));
#16809 = ( GEOMETRIC_REPRESENTATION_CONTEXT(2) 
PARAMETRIC_REPRESENTATION_CONTEXT() REPRESENTATION_CONTEXT('2D SPACE',''
  ) );
#16810 = PCURVE('',#16532,#16811);
#16811 = DEFINITIONAL_REPRESENTATION('',(#16812),#16816);
#16812 = LINE('',#16813,#16814);
#16813 = CARTESIAN_POINT('',(0.,-0.));
#16814 = VECTOR('',#16815,1.);
#16815 = DIRECTION('',(0.,1.));
#16816 = ( GEOMETRIC_REPRESENTATION_CONTEXT(2) 
PARAMETRIC_REPRESENTATION_CONTEXT() REPRESENTATION_CONTEXT('2D SPACE',''
  ) );
#16817 = ORIENTED_EDGE('',*,*,#16818,.T.);
#16818 = EDGE_CURVE('',#16796,#16796,#16819,.T.);
#16819 = SURFACE_CURVE('',#16820,(#16825,#16832),.PCURVE_S1.);
#16820 = CIRCLE('',#16821,1.5);
#16821 = AXIS2_PLACEMENT_3D('',#16822,#16823,#16824);
#16822 = CARTESIAN_POINT('',(-80.675,-26.25,50.));
#16823 = DIRECTION('',(0.,0.,1.));
#16824 = DIRECTION('',(1.,0.,0.));
#16825 = PCURVE('',#16532,#16826);
#16826 = DEFINITIONAL_REPRESENTATION('',(#16827),#16831);
#16827 = LINE('',#16828,#16829);
#16828 = CARTESIAN_POINT('',(0.,0.));
#16829 = VECTOR('',#16830,1.);
#16830 = DIRECTION('',(1.,0.));
#16831 = ( GEOMETRIC_REPRESENTATION_CONTEXT(2) 
PARAMETRIC_REPRESENTATION_CONTEXT() REPRESENTATION_CONTEXT('2D SPACE',''
  ) );
#16832 = PCURVE('',#16833,#16838);
#16833 = PLANE('',#16834);
#16834 = AXIS2_PLACEMENT_3D('',#16835,#16836,#16837);
#16835 = CARTESIAN_POINT('',(-80.675,-26.25,50.));
#16836 = DIRECTION('',(0.,0.,1.));
#16837 = DIRECTION('',(1.,0.,0.));
#16838 = DEFINITIONAL_REPRESENTATION('',(#16839),#16843);
#16839 = CIRCLE('',#16840,1.5);
#16840 = AXIS2_PLACEMENT_2D('',#16841,#16842);
#16841 = CARTESIAN_POINT('',(0.,0.));
#16842 = DIRECTION('',(1.,0.));
#16843 = ( GEOMETRIC_REPRESENTATION_CONTEXT(2) 
PARAMETRIC_REPRESENTATION_CONTEXT() REPRESENTATION_CONTEXT('2D SPACE',''
  ) );
#16844 = ORIENTED_EDGE('',*,*,#16795,.T.);
#16845 = ADVANCED_FACE('',(#16846),#16567,.F.);
#16846 = FACE_BOUND('',#16847,.F.);
#16847 = EDGE_LOOP('',(#16848,#16849,#16872,#16899));
#16848 = ORIENTED_EDGE('',*,*,#16550,.F.);
#16849 = ORIENTED_EDGE('',*,*,#16850,.F.);
#16850 = EDGE_CURVE('',#16851,#16551,#16853,.T.);
#16851 = VERTEX_POINT('',#16852);
#16852 = CARTESIAN_POINT('',(-79.175,26.25,50.));
#16853 = SEAM_CURVE('',#16854,(#16858,#16865),.PCURVE_S1.);
#16854 = LINE('',#16855,#16856);
#16855 = CARTESIAN_POINT('',(-79.175,26.25,50.));
#16856 = VECTOR('',#16857,1.);
#16857 = DIRECTION('',(0.,0.,1.));
#16858 = PCURVE('',#16567,#16859);
#16859 = DEFINITIONAL_REPRESENTATION('',(#16860),#16864);
#16860 = LINE('',#16861,#16862);
#16861 = CARTESIAN_POINT('',(6.28318530718,-0.));
#16862 = VECTOR('',#16863,1.);
#16863 = DIRECTION('',(0.,1.));
#16864 = ( GEOMETRIC_REPRESENTATION_CONTEXT(2) 
PARAMETRIC_REPRESENTATION_CONTEXT() REPRESENTATION_CONTEXT('2D SPACE',''
  ) );
#16865 = PCURVE('',#16567,#16866);
#16866 = DEFINITIONAL_REPRESENTATION('',(#16867),#16871);
#16867 = LINE('',#16868,#16869);
#16868 = CARTESIAN_POINT('',(0.,-0.));
#16869 = VECTOR('',#16870,1.);
#16870 = DIRECTION('',(0.,1.));
#16871 = ( GEOMETRIC_REPRESENTATION_CONTEXT(2) 
PARAMETRIC_REPRESENTATION_CONTEXT() REPRESENTATION_CONTEXT('2D SPACE',''
  ) );
#16872 = ORIENTED_EDGE('',*,*,#16873,.T.);
#16873 = EDGE_CURVE('',#16851,#16851,#16874,.T.);
#16874 = SURFACE_CURVE('',#16875,(#16880,#16887),.PCURVE_S1.);
#16875 = CIRCLE('',#16876,1.5);
#16876 = AXIS2_PLACEMENT_3D('',#16877,#16878,#16879);
#16877 = CARTESIAN_POINT('',(-80.675,26.25,50.));
#16878 = DIRECTION('',(0.,0.,1.));
#16879 = DIRECTION('',(1.,0.,0.));
#16880 = PCURVE('',#16567,#16881);
#16881 = DEFINITIONAL_REPRESENTATION('',(#16882),#16886);
#16882 = LINE('',#16883,#16884);
#16883 = CARTESIAN_POINT('',(0.,0.));
#16884 = VECTOR('',#16885,1.);
#16885 = DIRECTION('',(1.,0.));
#16886 = ( GEOMETRIC_REPRESENTATION_CONTEXT(2) 
PARAMETRIC_REPRESENTATION_CONTEXT() REPRESENTATION_CONTEXT('2D SPACE',''
  ) );
#16887 = PCURVE('',#16888,#16893);
#16888 = PLANE('',#16889);
#16889 = AXIS2_PLACEMENT_3D('',#16890,#16891,#16892);
#16890 = CARTESIAN_POINT('',(-80.675,26.25,50.));
#16891 = DIRECTION('',(0.,0.,1.));
#16892 = DIRECTION('',(1.,0.,0.));
#16893 = DEFINITIONAL_REPRESENTATION('',(#16894),#16898);
#16894 = CIRCLE('',#16895,1.5);
#16895 = AXIS2_PLACEMENT_2D('',#16896,#16897);
#16896 = CARTESIAN_POINT('',(0.,0.));
#16897 = DIRECTION('',(1.,0.));
#16898 = ( GEOMETRIC_REPRESENTATION_CONTEXT(2) 
PARAMETRIC_REPRESENTATION_CONTEXT() REPRESENTATION_CONTEXT('2D SPACE',''
  ) );
#16899 = ORIENTED_EDGE('',*,*,#16850,.T.);
#16900 = ADVANCED_FACE('',(#16901),#16617,.F.);
#16901 = FACE_BOUND('',#16902,.F.);
#16902 = EDGE_LOOP('',(#16903,#16904,#16927,#16954));
#16903 = ORIENTED_EDGE('',*,*,#16600,.F.);
#16904 = ORIENTED_EDGE('',*,*,#16905,.F.);
#16905 = EDGE_CURVE('',#16906,#16601,#16908,.T.);
#16906 = VERTEX_POINT('',#16907);
#16907 = CARTESIAN_POINT('',(-186.,-32.5,70.5));
#16908 = SEAM_CURVE('',#16909,(#16913,#16920),.PCURVE_S1.);
#16909 = LINE('',#16910,#16911);
#16910 = CARTESIAN_POINT('',(-186.,-32.5,70.5));
#16911 = VECTOR('',#16912,1.);
#16912 = DIRECTION('',(0.,0.,1.));
#16913 = PCURVE('',#16617,#16914);
#16914 = DEFINITIONAL_REPRESENTATION('',(#16915),#16919);
#16915 = LINE('',#16916,#16917);
#16916 = CARTESIAN_POINT('',(6.28318530718,-0.));
#16917 = VECTOR('',#16918,1.);
#16918 = DIRECTION('',(0.,1.));
#16919 = ( GEOMETRIC_REPRESENTATION_CONTEXT(2) 
PARAMETRIC_REPRESENTATION_CONTEXT() REPRESENTATION_CONTEXT('2D SPACE',''
  ) );
#16920 = PCURVE('',#16617,#16921);
#16921 = DEFINITIONAL_REPRESENTATION('',(#16922),#16926);
#16922 = LINE('',#16923,#16924);
#16923 = CARTESIAN_POINT('',(0.,-0.));
#16924 = VECTOR('',#16925,1.);
#16925 = DIRECTION('',(0.,1.));
#16926 = ( GEOMETRIC_REPRESENTATION_CONTEXT(2) 
PARAMETRIC_REPRESENTATION_CONTEXT() REPRESENTATION_CONTEXT('2D SPACE',''
  ) );
#16927 = ORIENTED_EDGE('',*,*,#16928,.T.);
#16928 = EDGE_CURVE('',#16906,#16906,#16929,.T.);
#16929 = SURFACE_CURVE('',#16930,(#16935,#16942),.PCURVE_S1.);
#16930 = CIRCLE('',#16931,2.);
#16931 = AXIS2_PLACEMENT_3D('',#16932,#16933,#16934);
#16932 = CARTESIAN_POINT('',(-188.,-32.5,70.5));
#16933 = DIRECTION('',(0.,0.,1.));
#16934 = DIRECTION('',(1.,0.,0.));
#16935 = PCURVE('',#16617,#16936);
#16936 = DEFINITIONAL_REPRESENTATION('',(#16937),#16941);
#16937 = LINE('',#16938,#16939);
#16938 = CARTESIAN_POINT('',(0.,0.));
#16939 = VECTOR('',#16940,1.);
#16940 = DIRECTION('',(1.,0.));
#16941 = ( GEOMETRIC_REPRESENTATION_CONTEXT(2) 
PARAMETRIC_REPRESENTATION_CONTEXT() REPRESENTATION_CONTEXT('2D SPACE',''
  ) );
#16942 = PCURVE('',#16943,#16948);
#16943 = PLANE('',#16944);
#16944 = AXIS2_PLACEMENT_3D('',#16945,#16946,#16947);
#16945 = CARTESIAN_POINT('',(-188.,-32.5,70.5));
#16946 = DIRECTION('',(0.,0.,1.));
#16947 = DIRECTION('',(1.,0.,0.));
#16948 = DEFINITIONAL_REPRESENTATION('',(#16949),#16953);
#16949 = CIRCLE('',#16950,2.);
#16950 = AXIS2_PLACEMENT_2D('',#16951,#16952);
#16951 = CARTESIAN_POINT('',(0.,0.));
#16952 = DIRECTION('',(1.,0.));
#16953 = ( GEOMETRIC_REPRESENTATION_CONTEXT(2) 
PARAMETRIC_REPRESENTATION_CONTEXT() REPRESENTATION_CONTEXT('2D SPACE',''
  ) );
#16954 = ORIENTED_EDGE('',*,*,#16905,.T.);
#16955 = ADVANCED_FACE('',(#16956),#16653,.F.);
#16956 = FACE_BOUND('',#16957,.F.);
#16957 = EDGE_LOOP('',(#16958,#16959,#16982,#17009));
#16958 = ORIENTED_EDGE('',*,*,#16636,.F.);
#16959 = ORIENTED_EDGE('',*,*,#16960,.F.);
#16960 = EDGE_CURVE('',#16961,#16637,#16963,.T.);
#16961 = VERTEX_POINT('',#16962);
#16962 = CARTESIAN_POINT('',(-118.,-32.5,70.5));
#16963 = SEAM_CURVE('',#16964,(#16968,#16975),.PCURVE_S1.);
#16964 = LINE('',#16965,#16966);
#16965 = CARTESIAN_POINT('',(-118.,-32.5,70.5));
#16966 = VECTOR('',#16967,1.);
#16967 = DIRECTION('',(0.,0.,1.));
#16968 = PCURVE('',#16653,#16969);
#16969 = DEFINITIONAL_REPRESENTATION('',(#16970),#16974);
#16970 = LINE('',#16971,#16972);
#16971 = CARTESIAN_POINT('',(6.28318530718,-0.));
#16972 = VECTOR('',#16973,1.);
#16973 = DIRECTION('',(0.,1.));
#16974 = ( GEOMETRIC_REPRESENTATION_CONTEXT(2) 
PARAMETRIC_REPRESENTATION_CONTEXT() REPRESENTATION_CONTEXT('2D SPACE',''
  ) );
#16975 = PCURVE('',#16653,#16976);
#16976 = DEFINITIONAL_REPRESENTATION('',(#16977),#16981);
#16977 = LINE('',#16978,#16979);
#16978 = CARTESIAN_POINT('',(0.,-0.));
#16979 = VECTOR('',#16980,1.);
#16980 = DIRECTION('',(0.,1.));
#16981 = ( GEOMETRIC_REPRESENTATION_CONTEXT(2) 
PARAMETRIC_REPRESENTATION_CONTEXT() REPRESENTATION_CONTEXT('2D SPACE',''
  ) );
#16982 = ORIENTED_EDGE('',*,*,#16983,.T.);
#16983 = EDGE_CURVE('',#16961,#16961,#16984,.T.);
#16984 = SURFACE_CURVE('',#16985,(#16990,#16997),.PCURVE_S1.);
#16985 = CIRCLE('',#16986,2.);
#16986 = AXIS2_PLACEMENT_3D('',#16987,#16988,#16989);
#16987 = CARTESIAN_POINT('',(-120.,-32.5,70.5));
#16988 = DIRECTION('',(0.,0.,1.));
#16989 = DIRECTION('',(1.,0.,0.));
#16990 = PCURVE('',#16653,#16991);
#16991 = DEFINITIONAL_REPRESENTATION('',(#16992),#16996);
#16992 = LINE('',#16993,#16994);
#16993 = CARTESIAN_POINT('',(0.,0.));
#16994 = VECTOR('',#16995,1.);
#16995 = DIRECTION('',(1.,0.));
#16996 = ( GEOMETRIC_REPRESENTATION_CONTEXT(2) 
PARAMETRIC_REPRESENTATION_CONTEXT() REPRESENTATION_CONTEXT('2D SPACE',''
  ) );
#16997 = PCURVE('',#16998,#17003);
#16998 = PLANE('',#16999);
#16999 = AXIS2_PLACEMENT_3D('',#17000,#17001,#17002);
#17000 = CARTESIAN_POINT('',(-120.,-32.5,70.5));
#17001 = DIRECTION('',(0.,0.,1.));
#17002 = DIRECTION('',(1.,0.,0.));
#17003 = DEFINITIONAL_REPRESENTATION('',(#17004),#17008);
#17004 = CIRCLE('',#17005,2.);
#17005 = AXIS2_PLACEMENT_2D('',#17006,#17007);
#17006 = CARTESIAN_POINT('',(0.,0.));
#17007 = DIRECTION('',(1.,0.));
#17008 = ( GEOMETRIC_REPRESENTATION_CONTEXT(2) 
PARAMETRIC_REPRESENTATION_CONTEXT() REPRESENTATION_CONTEXT('2D SPACE',''
  ) );
#17009 = ORIENTED_EDGE('',*,*,#16960,.T.);
#17010 = ADVANCED_FACE('',(#17011),#16703,.F.);
#17011 = FACE_BOUND('',#17012,.F.);
#17012 = EDGE_LOOP('',(#17013,#17014,#17037,#17064));
#17013 = ORIENTED_EDGE('',*,*,#16686,.F.);
#17014 = ORIENTED_EDGE('',*,*,#17015,.F.);
#17015 = EDGE_CURVE('',#17016,#16687,#17018,.T.);
#17016 = VERTEX_POINT('',#17017);
#17017 = CARTESIAN_POINT('',(-186.,32.5,70.5));
#17018 = SEAM_CURVE('',#17019,(#17023,#17030),.PCURVE_S1.);
#17019 = LINE('',#17020,#17021);
#17020 = CARTESIAN_POINT('',(-186.,32.5,70.5));
#17021 = VECTOR('',#17022,1.);
#17022 = DIRECTION('',(0.,0.,1.));
#17023 = PCURVE('',#16703,#17024);
#17024 = DEFINITIONAL_REPRESENTATION('',(#17025),#17029);
#17025 = LINE('',#17026,#17027);
#17026 = CARTESIAN_POINT('',(6.28318530718,-0.));
#17027 = VECTOR('',#17028,1.);
#17028 = DIRECTION('',(0.,1.));
#17029 = ( GEOMETRIC_REPRESENTATION_CONTEXT(2) 
PARAMETRIC_REPRESENTATION_CONTEXT() REPRESENTATION_CONTEXT('2D SPACE',''
  ) );
#17030 = PCURVE('',#16703,#17031);
#17031 = DEFINITIONAL_REPRESENTATION('',(#17032),#17036);
#17032 = LINE('',#17033,#17034);
#17033 = CARTESIAN_POINT('',(0.,-0.));
#17034 = VECTOR('',#17035,1.);
#17035 = DIRECTION('',(0.,1.));
#17036 = ( GEOMETRIC_REPRESENTATION_CONTEXT(2) 
PARAMETRIC_REPRESENTATION_CONTEXT() REPRESENTATION_CONTEXT('2D SPACE',''
  ) );
#17037 = ORIENTED_EDGE('',*,*,#17038,.T.);
#17038 = EDGE_CURVE('',#17016,#17016,#17039,.T.);
#17039 = SURFACE_CURVE('',#17040,(#17045,#17052),.PCURVE_S1.);
#17040 = CIRCLE('',#17041,2.);
#17041 = AXIS2_PLACEMENT_3D('',#17042,#17043,#17044);
#17042 = CARTESIAN_POINT('',(-188.,32.5,70.5));
#17043 = DIRECTION('',(0.,0.,1.));
#17044 = DIRECTION('',(1.,0.,0.));
#17045 = PCURVE('',#16703,#17046);
#17046 = DEFINITIONAL_REPRESENTATION('',(#17047),#17051);
#17047 = LINE('',#17048,#17049);
#17048 = CARTESIAN_POINT('',(0.,0.));
#17049 = VECTOR('',#17050,1.);
#17050 = DIRECTION('',(1.,0.));
#17051 = ( GEOMETRIC_REPRESENTATION_CONTEXT(2) 
PARAMETRIC_REPRESENTATION_CONTEXT() REPRESENTATION_CONTEXT('2D SPACE',''
  ) );
#17052 = PCURVE('',#17053,#17058);
#17053 = PLANE('',#17054);
#17054 = AXIS2_PLACEMENT_3D('',#17055,#17056,#17057);
#17055 = CARTESIAN_POINT('',(-188.,32.5,70.5));
#17056 = DIRECTION('',(0.,0.,1.));
#17057 = DIRECTION('',(1.,0.,0.));
#17058 = DEFINITIONAL_REPRESENTATION('',(#17059),#17063);
#17059 = CIRCLE('',#17060,2.);
#17060 = AXIS2_PLACEMENT_2D('',#17061,#17062);
#17061 = CARTESIAN_POINT('',(0.,0.));
#17062 = DIRECTION('',(1.,0.));
#17063 = ( GEOMETRIC_REPRESENTATION_CONTEXT(2) 
PARAMETRIC_REPRESENTATION_CONTEXT() REPRESENTATION_CONTEXT('2D SPACE',''
  ) );
#17064 = ORIENTED_EDGE('',*,*,#17015,.T.);
#17065 = ADVANCED_FACE('',(#17066),#16739,.F.);
#17066 = FACE_BOUND('',#17067,.F.);
#17067 = EDGE_LOOP('',(#17068,#17069,#17092,#17119));
#17068 = ORIENTED_EDGE('',*,*,#16722,.F.);
#17069 = ORIENTED_EDGE('',*,*,#17070,.F.);
#17070 = EDGE_CURVE('',#17071,#16723,#17073,.T.);
#17071 = VERTEX_POINT('',#17072);
#17072 = CARTESIAN_POINT('',(-118.,32.5,70.5));
#17073 = SEAM_CURVE('',#17074,(#17078,#17085),.PCURVE_S1.);
#17074 = LINE('',#17075,#17076);
#17075 = CARTESIAN_POINT('',(-118.,32.5,70.5));
#17076 = VECTOR('',#17077,1.);
#17077 = DIRECTION('',(0.,0.,1.));
#17078 = PCURVE('',#16739,#17079);
#17079 = DEFINITIONAL_REPRESENTATION('',(#17080),#17084);
#17080 = LINE('',#17081,#17082);
#17081 = CARTESIAN_POINT('',(6.28318530718,-0.));
#17082 = VECTOR('',#17083,1.);
#17083 = DIRECTION('',(0.,1.));
#17084 = ( GEOMETRIC_REPRESENTATION_CONTEXT(2) 
PARAMETRIC_REPRESENTATION_CONTEXT() REPRESENTATION_CONTEXT('2D SPACE',''
  ) );
#17085 = PCURVE('',#16739,#17086);
#17086 = DEFINITIONAL_REPRESENTATION('',(#17087),#17091);
#17087 = LINE('',#17088,#17089);
#17088 = CARTESIAN_POINT('',(0.,-0.));
#17089 = VECTOR('',#17090,1.);
#17090 = DIRECTION('',(0.,1.));
#17091 = ( GEOMETRIC_REPRESENTATION_CONTEXT(2) 
PARAMETRIC_REPRESENTATION_CONTEXT() REPRESENTATION_CONTEXT('2D SPACE',''
  ) );
#17092 = ORIENTED_EDGE('',*,*,#17093,.T.);
#17093 = EDGE_CURVE('',#17071,#17071,#17094,.T.);
#17094 = SURFACE_CURVE('',#17095,(#17100,#17107),.PCURVE_S1.);
#17095 = CIRCLE('',#17096,2.);
#17096 = AXIS2_PLACEMENT_3D('',#17097,#17098,#17099);
#17097 = CARTESIAN_POINT('',(-120.,32.5,70.5));
#17098 = DIRECTION('',(0.,0.,1.));
#17099 = DIRECTION('',(1.,0.,0.));
#17100 = PCURVE('',#16739,#17101);
#17101 = DEFINITIONAL_REPRESENTATION('',(#17102),#17106);
#17102 = LINE('',#17103,#17104);
#17103 = CARTESIAN_POINT('',(0.,0.));
#17104 = VECTOR('',#17105,1.);
#17105 = DIRECTION('',(1.,0.));
#17106 = ( GEOMETRIC_REPRESENTATION_CONTEXT(2) 
PARAMETRIC_REPRESENTATION_CONTEXT() REPRESENTATION_CONTEXT('2D SPACE',''
  ) );
#17107 = PCURVE('',#17108,#17113);
#17108 = PLANE('',#17109);
#17109 = AXIS2_PLACEMENT_3D('',#17110,#17111,#17112);
#17110 = CARTESIAN_POINT('',(-120.,32.5,70.5));
#17111 = DIRECTION('',(0.,0.,1.));
#17112 = DIRECTION('',(1.,0.,0.));
#17113 = DEFINITIONAL_REPRESENTATION('',(#17114),#17118);
#17114 = CIRCLE('',#17115,2.);
#17115 = AXIS2_PLACEMENT_2D('',#17116,#17117);
#17116 = CARTESIAN_POINT('',(0.,0.));
#17117 = DIRECTION('',(1.,0.));
#17118 = ( GEOMETRIC_REPRESENTATION_CONTEXT(2) 
PARAMETRIC_REPRESENTATION_CONTEXT() REPRESENTATION_CONTEXT('2D SPACE',''
  ) );
#17119 = ORIENTED_EDGE('',*,*,#17070,.T.);
#17120 = ADVANCED_FACE('',(#17121),#16833,.T.);
#17121 = FACE_BOUND('',#17122,.F.);
#17122 = EDGE_LOOP('',(#17123));
#17123 = ORIENTED_EDGE('',*,*,#16818,.F.);
#17124 = ADVANCED_FACE('',(#17125),#16888,.T.);
#17125 = FACE_BOUND('',#17126,.F.);
#17126 = EDGE_LOOP('',(#17127));
#17127 = ORIENTED_EDGE('',*,*,#16873,.F.);
#17128 = ADVANCED_FACE('',(#17129),#16943,.T.);
#17129 = FACE_BOUND('',#17130,.F.);
#17130 = EDGE_LOOP('',(#17131));
#17131 = ORIENTED_EDGE('',*,*,#16928,.F.);
#17132 = ADVANCED_FACE('',(#17133),#16998,.T.);
#17133 = FACE_BOUND('',#17134,.F.);
#17134 = EDGE_LOOP('',(#17135));
#17135 = ORIENTED_EDGE('',*,*,#16983,.F.);
#17136 = ADVANCED_FACE('',(#17137),#17053,.T.);
#17137 = FACE_BOUND('',#17138,.F.);
#17138 = EDGE_LOOP('',(#17139));
#17139 = ORIENTED_EDGE('',*,*,#17038,.F.);
#17140 = ADVANCED_FACE('',(#17141),#17108,.T.);
#17141 = FACE_BOUND('',#17142,.F.);
#17142 = EDGE_LOOP('',(#17143));
#17143 = ORIENTED_EDGE('',*,*,#17093,.F.);
#17144 = ( GEOMETRIC_REPRESENTATION_CONTEXT(3) 
GLOBAL_UNCERTAINTY_ASSIGNED_CONTEXT((#17148)) 
GLOBAL_UNIT_ASSIGNED_CONTEXT((#17145,#17146,#17147)) 
REPRESENTATION_CONTEXT('Context #1',
  '3D Context with UNIT and UNCERTAINTY') );
#17145 = ( LENGTH_UNIT() NAMED_UNIT(*) SI_UNIT(.MILLI.,.METRE.) );
#17146 = ( NAMED_UNIT(*) PLANE_ANGLE_UNIT() SI_UNIT($,.RADIAN.) );
#17147 = ( NAMED_UNIT(*) SI_UNIT($,.STERADIAN.) SOLID_ANGLE_UNIT() );
#17148 = UNCERTAINTY_MEASURE_WITH_UNIT(LENGTH_MEASURE(1.E-07),#17145,
  'distance_accuracy_value','confusion accuracy');
#17149 = PRODUCT_RELATED_PRODUCT_CATEGORY('part',$,(#7));
ENDSEC;
END-ISO-10303-21;
