ISO-10303-21;
HEADER;
FILE_DESCRIPTION(('Open CASCADE Model'),'2;1');
FILE_NAME('Open CASCADE Shape Model','2026-10-02T19:11:49',('Author'),(
    'Open CASCADE'),'Open CASCADE STEP processor 8.0','build123d',
  'Unknown');
FILE_SCHEMA(('AUTOMOTIVE_DESIGN { 1 0 10303 214 1 1 1 1 }'));
ENDSEC;
DATA;
#1 = APPLICATION_PROTOCOL_DEFINITION('international standard',
  'automotive_design',2000,#2);
#2 = APPLICATION_CONTEXT(
  'core data for automotive mechanical design processes');
#3 = SHAPE_DEFINITION_REPRESENTATION(#4,#10);
#4 = PRODUCT_DEFINITION_SHAPE('','',#5);
#5 = PRODUCT_DEFINITION('design','',#6,#9);
#6 = PRODUCT_DEFINITION_FORMATION('','',#7);
#7 = PRODUCT('COMPOUND','COMPOUND','',(#8));
#8 = PRODUCT_CONTEXT('',#2,'mechanical');
#9 = PRODUCT_DEFINITION_CONTEXT('part definition',#2,'design');
#10 = SHAPE_REPRESENTATION('',(#11,#15,#1701,#3387,#5073),#6759);
#11 = AXIS2_PLACEMENT_3D('',#12,#13,#14);
#12 = CARTESIAN_POINT('',(0.,0.,0.));
#13 = DIRECTION('',(0.,0.,1.));
#14 = DIRECTION('',(1.,0.,-0.));
#15 = MANIFOLD_SOLID_BREP('',#16);
#16 = CLOSED_SHELL('',(#17,#139,#214,#624,#672,#984,#1010,#1035,#1172,
    #1198,#1205,#1249,#1275,#1300,#1325,#1351,#1377,#1402,#1409,#1516,
    #1565,#1640,#1667,#1674));
#17 = ADVANCED_FACE('',(#18),#32,.T.);
#18 = FACE_BOUND('',#19,.T.);
#19 = EDGE_LOOP('',(#20,#53,#86,#112));
#20 = ORIENTED_EDGE('',*,*,#21,.T.);
#21 = EDGE_CURVE('',#22,#24,#26,.T.);
#22 = VERTEX_POINT('',#23);
#23 = CARTESIAN_POINT('',(154.,47.235572425398,-6.539259306193));
#24 = VERTEX_POINT('',#25);
#25 = CARTESIAN_POINT('',(171.,47.235572425398,-6.539259306193));
#26 = SURFACE_CURVE('',#27,(#31,#42),.PCURVE_S1.);
#27 = LINE('',#28,#29);
#28 = CARTESIAN_POINT('',(154.,47.235572425398,-6.539259306193));
#29 = VECTOR('',#30,1.);
#30 = DIRECTION('',(1.,0.,2.22044604925E-16));
#31 = PCURVE('',#32,#37);
#32 = CYLINDRICAL_SURFACE('',#33,13.);
#33 = AXIS2_PLACEMENT_3D('',#34,#35,#36);
#34 = CARTESIAN_POINT('',(154.,36.,-1.887379141863E-15));
#35 = DIRECTION('',(1.,0.,2.22044604925E-16));
#36 = DIRECTION('',(2.22044604925E-16,0.,-1.));
#37 = DEFINITIONAL_REPRESENTATION('',(#38),#41);
#38 = B_SPLINE_CURVE_WITH_KNOTS('',1,(#39,#40),.UNSPECIFIED.,.F.,.F.,(2,
    2),(9.663546088957E-29,17.),.PIECEWISE_BEZIER_KNOTS.);
#39 = CARTESIAN_POINT('',(7.326892199872,-1.452007249146E-15));
#40 = CARTESIAN_POINT('',(7.326892199872,17.));
#41 = ( GEOMETRIC_REPRESENTATION_CONTEXT(2) 
PARAMETRIC_REPRESENTATION_CONTEXT() REPRESENTATION_CONTEXT('2D SPACE',''
  ) );
#42 = PCURVE('',#43,#48);
#43 = PLANE('',#44);
#44 = AXIS2_PLACEMENT_3D('',#45,#46,#47);
#45 = CARTESIAN_POINT('',(154.,36.,0.));
#46 = DIRECTION('',(0.,0.50301994663,0.864274801954));
#47 = DIRECTION('',(0.,0.864274801954,-0.50301994663));
#48 = DEFINITIONAL_REPRESENTATION('',(#49),#52);
#49 = B_SPLINE_CURVE_WITH_KNOTS('',1,(#50,#51),.UNSPECIFIED.,.F.,.F.,(2,
    2),(-5.999999928008E-07,17.0000006),.PIECEWISE_BEZIER_KNOTS.);
#50 = CARTESIAN_POINT('',(13.,5.999999928008E-07));
#51 = CARTESIAN_POINT('',(13.,-17.0000006));
#52 = ( GEOMETRIC_REPRESENTATION_CONTEXT(2) 
PARAMETRIC_REPRESENTATION_CONTEXT() REPRESENTATION_CONTEXT('2D SPACE',''
  ) );
#53 = ORIENTED_EDGE('',*,*,#54,.T.);
#54 = EDGE_CURVE('',#24,#55,#57,.T.);
#55 = VERTEX_POINT('',#56);
#56 = CARTESIAN_POINT('',(171.,24.764427574602,-6.539259306193));
#57 = SURFACE_CURVE('',#58,(#63,#70),.PCURVE_S1.);
#58 = CIRCLE('',#59,13.);
#59 = AXIS2_PLACEMENT_3D('',#60,#61,#62);
#60 = CARTESIAN_POINT('',(171.,36.,1.887379141863E-15));
#61 = DIRECTION('',(-1.,0.,-0.));
#62 = DIRECTION('',(0.,0.864274801954,-0.50301994663));
#63 = PCURVE('',#32,#64);
#64 = DEFINITIONAL_REPRESENTATION('',(#65),#69);
#65 = LINE('',#66,#67);
#66 = CARTESIAN_POINT('',(7.326892199872,17.));
#67 = VECTOR('',#68,1.);
#68 = DIRECTION('',(-1.,-0.));
#69 = ( GEOMETRIC_REPRESENTATION_CONTEXT(2) 
PARAMETRIC_REPRESENTATION_CONTEXT() REPRESENTATION_CONTEXT('2D SPACE',''
  ) );
#70 = PCURVE('',#71,#76);
#71 = PLANE('',#72);
#72 = AXIS2_PLACEMENT_3D('',#73,#74,#75);
#73 = CARTESIAN_POINT('',(171.,36.,1.887379141863E-15));
#74 = DIRECTION('',(1.,0.,2.22044604925E-16));
#75 = DIRECTION('',(2.22044604925E-16,0.,-1.));
#76 = DEFINITIONAL_REPRESENTATION('',(#77),#85);
#77 = ( BOUNDED_CURVE() B_SPLINE_CURVE(2,(#78,#79,#80,#81,#82,#83,#84),
.UNSPECIFIED.,.T.,.F.) B_SPLINE_CURVE_WITH_KNOTS((1,2,2,2,2,1),(
    -2.094395102393,0.,2.094395102393,4.188790204786,6.28318530718,
8.377580409573),.UNSPECIFIED.) CURVE() GEOMETRIC_REPRESENTATION_ITEM() 
RATIONAL_B_SPLINE_CURVE((1.,0.5,1.,0.5,1.,0.5,1.)) REPRESENTATION_ITEM(
  '') );
#78 = CARTESIAN_POINT('',(6.539259306193,11.235572425398));
#79 = CARTESIAN_POINT('',(25.999841599103,-9.075693679481E-02));
#80 = CARTESIAN_POINT('',(6.460661493359,-11.28095089379));
#81 = CARTESIAN_POINT('',(-13.07851861238,-22.47114485079));
#82 = CARTESIAN_POINT('',(-12.99992079955,4.53784683974E-02));
#83 = CARTESIAN_POINT('',(-12.92132298671,22.561901787592));
#84 = CARTESIAN_POINT('',(6.539259306193,11.235572425398));
#85 = ( GEOMETRIC_REPRESENTATION_CONTEXT(2) 
PARAMETRIC_REPRESENTATION_CONTEXT() REPRESENTATION_CONTEXT('2D SPACE',''
  ) );
#86 = ORIENTED_EDGE('',*,*,#87,.F.);
#87 = EDGE_CURVE('',#88,#55,#90,.T.);
#88 = VERTEX_POINT('',#89);
#89 = CARTESIAN_POINT('',(154.,24.764427574602,-6.539259306193));
#90 = SURFACE_CURVE('',#91,(#95,#101),.PCURVE_S1.);
#91 = LINE('',#92,#93);
#92 = CARTESIAN_POINT('',(154.,24.764427574602,-6.539259306193));
#93 = VECTOR('',#94,1.);
#94 = DIRECTION('',(1.,0.,2.22044604925E-16));
#95 = PCURVE('',#32,#96);
#96 = DEFINITIONAL_REPRESENTATION('',(#97),#100);
#97 = B_SPLINE_CURVE_WITH_KNOTS('',1,(#98,#99),.UNSPECIFIED.,.F.,.F.,(2,
    2),(-5.999999928008E-07,17.0000006),.PIECEWISE_BEZIER_KNOTS.);
#98 = CARTESIAN_POINT('',(5.239478414487,-5.999999942528E-07));
#99 = CARTESIAN_POINT('',(5.239478414487,17.0000006));
#100 = ( GEOMETRIC_REPRESENTATION_CONTEXT(2) 
PARAMETRIC_REPRESENTATION_CONTEXT() REPRESENTATION_CONTEXT('2D SPACE',''
  ) );
#101 = PCURVE('',#102,#107);
#102 = PLANE('',#103);
#103 = AXIS2_PLACEMENT_3D('',#104,#105,#106);
#104 = CARTESIAN_POINT('',(154.,20.440683805614,-9.055738272146));
#105 = DIRECTION('',(0.,-0.50301994663,0.864274801954));
#106 = DIRECTION('',(0.,0.864274801954,0.50301994663));
#107 = DEFINITIONAL_REPRESENTATION('',(#108),#111);
#108 = B_SPLINE_CURVE_WITH_KNOTS('',1,(#109,#110),.UNSPECIFIED.,.F.,.F.,
  (2,2),(-5.999999928008E-07,17.0000006),.PIECEWISE_BEZIER_KNOTS.);
#109 = CARTESIAN_POINT('',(5.00274190479,5.999999928008E-07));
#110 = CARTESIAN_POINT('',(5.00274190479,-17.0000006));
#111 = ( GEOMETRIC_REPRESENTATION_CONTEXT(2) 
PARAMETRIC_REPRESENTATION_CONTEXT() REPRESENTATION_CONTEXT('2D SPACE',''
  ) );
#112 = ORIENTED_EDGE('',*,*,#113,.T.);
#113 = EDGE_CURVE('',#88,#22,#114,.T.);
#114 = SURFACE_CURVE('',#115,(#120,#127),.PCURVE_S1.);
#115 = CIRCLE('',#116,13.);
#116 = AXIS2_PLACEMENT_3D('',#117,#118,#119);
#117 = CARTESIAN_POINT('',(154.,36.,-1.887379141863E-15));
#118 = DIRECTION('',(1.,0.,0.));
#119 = DIRECTION('',(0.,-0.864274801954,-0.50301994663));
#120 = PCURVE('',#32,#121);
#121 = DEFINITIONAL_REPRESENTATION('',(#122),#126);
#122 = LINE('',#123,#124);
#123 = CARTESIAN_POINT('',(5.239478414487,0.));
#124 = VECTOR('',#125,1.);
#125 = DIRECTION('',(1.,0.));
#126 = ( GEOMETRIC_REPRESENTATION_CONTEXT(2) 
PARAMETRIC_REPRESENTATION_CONTEXT() REPRESENTATION_CONTEXT('2D SPACE',''
  ) );
#127 = PCURVE('',#128,#133);
#128 = PLANE('',#129);
#129 = AXIS2_PLACEMENT_3D('',#130,#131,#132);
#130 = CARTESIAN_POINT('',(154.,36.,-1.887379141863E-15));
#131 = DIRECTION('',(1.,0.,2.22044604925E-16));
#132 = DIRECTION('',(2.22044604925E-16,0.,-1.));
#133 = DEFINITIONAL_REPRESENTATION('',(#134),#138);
#134 = CIRCLE('',#135,13.);
#135 = AXIS2_PLACEMENT_2D('',#136,#137);
#136 = CARTESIAN_POINT('',(0.,0.));
#137 = DIRECTION('',(0.50301994663,-0.864274801954));
#138 = ( GEOMETRIC_REPRESENTATION_CONTEXT(2) 
PARAMETRIC_REPRESENTATION_CONTEXT() REPRESENTATION_CONTEXT('2D SPACE',''
  ) );
#139 = ADVANCED_FACE('',(#140),#43,.T.);
#140 = FACE_BOUND('',#141,.T.);
#141 = EDGE_LOOP('',(#142,#165,#192,#213));
#142 = ORIENTED_EDGE('',*,*,#143,.F.);
#143 = EDGE_CURVE('',#144,#22,#146,.T.);
#144 = VERTEX_POINT('',#145);
#145 = CARTESIAN_POINT('',(154.,44.642748019537,-5.030199466302));
#146 = SURFACE_CURVE('',#147,(#151,#158),.PCURVE_S1.);
#147 = LINE('',#148,#149);
#148 = CARTESIAN_POINT('',(154.,36.,0.));
#149 = VECTOR('',#150,1.);
#150 = DIRECTION('',(0.,0.864274801954,-0.50301994663));
#151 = PCURVE('',#43,#152);
#152 = DEFINITIONAL_REPRESENTATION('',(#153),#157);
#153 = LINE('',#154,#155);
#154 = CARTESIAN_POINT('',(0.,0.));
#155 = VECTOR('',#156,1.);
#156 = DIRECTION('',(1.,0.));
#157 = ( GEOMETRIC_REPRESENTATION_CONTEXT(2) 
PARAMETRIC_REPRESENTATION_CONTEXT() REPRESENTATION_CONTEXT('2D SPACE',''
  ) );
#158 = PCURVE('',#128,#159);
#159 = DEFINITIONAL_REPRESENTATION('',(#160),#164);
#160 = LINE('',#161,#162);
#161 = CARTESIAN_POINT('',(-1.887379141863E-15,0.));
#162 = VECTOR('',#163,1.);
#163 = DIRECTION('',(0.50301994663,0.864274801954));
#164 = ( GEOMETRIC_REPRESENTATION_CONTEXT(2) 
PARAMETRIC_REPRESENTATION_CONTEXT() REPRESENTATION_CONTEXT('2D SPACE',''
  ) );
#165 = ORIENTED_EDGE('',*,*,#166,.T.);
#166 = EDGE_CURVE('',#144,#167,#169,.T.);
#167 = VERTEX_POINT('',#168);
#168 = CARTESIAN_POINT('',(171.,44.642748019537,-5.030199466302));
#169 = SURFACE_CURVE('',#170,(#174,#181),.PCURVE_S1.);
#170 = LINE('',#171,#172);
#171 = CARTESIAN_POINT('',(154.,44.642748019537,-5.030199466302));
#172 = VECTOR('',#173,1.);
#173 = DIRECTION('',(1.,0.,2.22044604925E-16));
#174 = PCURVE('',#43,#175);
#175 = DEFINITIONAL_REPRESENTATION('',(#176),#180);
#176 = LINE('',#177,#178);
#177 = CARTESIAN_POINT('',(10.,0.));
#178 = VECTOR('',#179,1.);
#179 = DIRECTION('',(-1.116928653189E-16,-1.));
#180 = ( GEOMETRIC_REPRESENTATION_CONTEXT(2) 
PARAMETRIC_REPRESENTATION_CONTEXT() REPRESENTATION_CONTEXT('2D SPACE',''
  ) );
#181 = PCURVE('',#182,#187);
#182 = CYLINDRICAL_SURFACE('',#183,10.);
#183 = AXIS2_PLACEMENT_3D('',#184,#185,#186);
#184 = CARTESIAN_POINT('',(154.,36.,-1.887379141863E-15));
#185 = DIRECTION('',(1.,0.,2.22044604925E-16));
#186 = DIRECTION('',(2.22044604925E-16,0.,-1.));
#187 = DEFINITIONAL_REPRESENTATION('',(#188),#191);
#188 = B_SPLINE_CURVE_WITH_KNOTS('',1,(#189,#190),.UNSPECIFIED.,.F.,.F.,
  (2,2),(-5.999999928008E-07,17.0000006),.PIECEWISE_BEZIER_KNOTS.);
#189 = CARTESIAN_POINT('',(1.043706892693,-5.999999939177E-07));
#190 = CARTESIAN_POINT('',(1.043706892693,17.0000006));
#191 = ( GEOMETRIC_REPRESENTATION_CONTEXT(2) 
PARAMETRIC_REPRESENTATION_CONTEXT() REPRESENTATION_CONTEXT('2D SPACE',''
  ) );
#192 = ORIENTED_EDGE('',*,*,#193,.T.);
#193 = EDGE_CURVE('',#167,#24,#194,.T.);
#194 = SURFACE_CURVE('',#195,(#199,#206),.PCURVE_S1.);
#195 = LINE('',#196,#197);
#196 = CARTESIAN_POINT('',(171.,36.,0.));
#197 = VECTOR('',#198,1.);
#198 = DIRECTION('',(0.,0.864274801954,-0.50301994663));
#199 = PCURVE('',#43,#200);
#200 = DEFINITIONAL_REPRESENTATION('',(#201),#205);
#201 = LINE('',#202,#203);
#202 = CARTESIAN_POINT('',(0.,-17.));
#203 = VECTOR('',#204,1.);
#204 = DIRECTION('',(1.,0.));
#205 = ( GEOMETRIC_REPRESENTATION_CONTEXT(2) 
PARAMETRIC_REPRESENTATION_CONTEXT() REPRESENTATION_CONTEXT('2D SPACE',''
  ) );
#206 = PCURVE('',#71,#207);
#207 = DEFINITIONAL_REPRESENTATION('',(#208),#212);
#208 = LINE('',#209,#210);
#209 = CARTESIAN_POINT('',(1.887379141863E-15,0.));
#210 = VECTOR('',#211,1.);
#211 = DIRECTION('',(0.50301994663,0.864274801954));
#212 = ( GEOMETRIC_REPRESENTATION_CONTEXT(2) 
PARAMETRIC_REPRESENTATION_CONTEXT() REPRESENTATION_CONTEXT('2D SPACE',''
  ) );
#213 = ORIENTED_EDGE('',*,*,#21,.F.);
#214 = ADVANCED_FACE('',(#215,#382),#71,.T.);
#215 = FACE_BOUND('',#216,.T.);
#216 = EDGE_LOOP('',(#217,#218,#219,#243,#271,#304,#332,#361));
#217 = ORIENTED_EDGE('',*,*,#54,.F.);
#218 = ORIENTED_EDGE('',*,*,#193,.F.);
#219 = ORIENTED_EDGE('',*,*,#220,.T.);
#220 = EDGE_CURVE('',#167,#221,#223,.T.);
#221 = VERTEX_POINT('',#222);
#222 = CARTESIAN_POINT('',(171.,44.642748019537,5.030199466302));
#223 = SURFACE_CURVE('',#224,(#229,#236),.PCURVE_S1.);
#224 = CIRCLE('',#225,10.);
#225 = AXIS2_PLACEMENT_3D('',#226,#227,#228);
#226 = CARTESIAN_POINT('',(171.,36.,1.887379141863E-15));
#227 = DIRECTION('',(1.,-0.,2.22044604925E-16));
#228 = DIRECTION('',(2.22044604925E-16,0.,-1.));
#229 = PCURVE('',#71,#230);
#230 = DEFINITIONAL_REPRESENTATION('',(#231),#235);
#231 = CIRCLE('',#232,10.);
#232 = AXIS2_PLACEMENT_2D('',#233,#234);
#233 = CARTESIAN_POINT('',(0.,0.));
#234 = DIRECTION('',(1.,0.));
#235 = ( GEOMETRIC_REPRESENTATION_CONTEXT(2) 
PARAMETRIC_REPRESENTATION_CONTEXT() REPRESENTATION_CONTEXT('2D SPACE',''
  ) );
#236 = PCURVE('',#182,#237);
#237 = DEFINITIONAL_REPRESENTATION('',(#238),#242);
#238 = LINE('',#239,#240);
#239 = CARTESIAN_POINT('',(0.,17.));
#240 = VECTOR('',#241,1.);
#241 = DIRECTION('',(1.,0.));
#242 = ( GEOMETRIC_REPRESENTATION_CONTEXT(2) 
PARAMETRIC_REPRESENTATION_CONTEXT() REPRESENTATION_CONTEXT('2D SPACE',''
  ) );
#243 = ORIENTED_EDGE('',*,*,#244,.F.);
#244 = EDGE_CURVE('',#245,#221,#247,.T.);
#245 = VERTEX_POINT('',#246);
#246 = CARTESIAN_POINT('',(171.,47.235572425398,6.539259306193));
#247 = SURFACE_CURVE('',#248,(#252,#259),.PCURVE_S1.);
#248 = LINE('',#249,#250);
#249 = CARTESIAN_POINT('',(171.,51.559316194386,9.055738272146));
#250 = VECTOR('',#251,1.);
#251 = DIRECTION('',(0.,-0.864274801954,-0.50301994663));
#252 = PCURVE('',#71,#253);
#253 = DEFINITIONAL_REPRESENTATION('',(#254),#258);
#254 = LINE('',#255,#256);
#255 = CARTESIAN_POINT('',(-9.055738272146,15.559316194386));
#256 = VECTOR('',#257,1.);
#257 = DIRECTION('',(0.50301994663,-0.864274801954));
#258 = ( GEOMETRIC_REPRESENTATION_CONTEXT(2) 
PARAMETRIC_REPRESENTATION_CONTEXT() REPRESENTATION_CONTEXT('2D SPACE',''
  ) );
#259 = PCURVE('',#260,#265);
#260 = PLANE('',#261);
#261 = AXIS2_PLACEMENT_3D('',#262,#263,#264);
#262 = CARTESIAN_POINT('',(154.,51.559316194386,9.055738272146));
#263 = DIRECTION('',(0.,0.50301994663,-0.864274801954));
#264 = DIRECTION('',(0.,-0.864274801954,-0.50301994663));
#265 = DEFINITIONAL_REPRESENTATION('',(#266),#270);
#266 = LINE('',#267,#268);
#267 = CARTESIAN_POINT('',(0.,-17.));
#268 = VECTOR('',#269,1.);
#269 = DIRECTION('',(1.,0.));
#270 = ( GEOMETRIC_REPRESENTATION_CONTEXT(2) 
PARAMETRIC_REPRESENTATION_CONTEXT() REPRESENTATION_CONTEXT('2D SPACE',''
  ) );
#271 = ORIENTED_EDGE('',*,*,#272,.F.);
#272 = EDGE_CURVE('',#273,#245,#275,.T.);
#273 = VERTEX_POINT('',#274);
#274 = CARTESIAN_POINT('',(171.,24.764427574602,6.539259306193));
#275 = SURFACE_CURVE('',#276,(#281,#292),.PCURVE_S1.);
#276 = CIRCLE('',#277,13.);
#277 = AXIS2_PLACEMENT_3D('',#278,#279,#280);
#278 = CARTESIAN_POINT('',(171.,36.,1.887379141863E-15));
#279 = DIRECTION('',(-1.,0.,0.));
#280 = DIRECTION('',(0.,-0.864274801954,0.50301994663));
#281 = PCURVE('',#71,#282);
#282 = DEFINITIONAL_REPRESENTATION('',(#283),#291);
#283 = ( BOUNDED_CURVE() B_SPLINE_CURVE(2,(#284,#285,#286,#287,#288,#289
,#290),.UNSPECIFIED.,.T.,.F.) B_SPLINE_CURVE_WITH_KNOTS((1,2,2,2,2,1),(
    -2.094395102393,0.,2.094395102393,4.188790204786,6.28318530718,
8.377580409573),.UNSPECIFIED.) CURVE() GEOMETRIC_REPRESENTATION_ITEM() 
RATIONAL_B_SPLINE_CURVE((1.,0.5,1.,0.5,1.,0.5,1.)) REPRESENTATION_ITEM(
  '') );
#284 = CARTESIAN_POINT('',(-6.539259306193,-11.23557242539));
#285 = CARTESIAN_POINT('',(-25.9998415991,9.075693679483E-02));
#286 = CARTESIAN_POINT('',(-6.460661493359,11.280950893796));
#287 = CARTESIAN_POINT('',(13.078518612385,22.471144850797));
#288 = CARTESIAN_POINT('',(12.999920799551,-4.537846839741E-02));
#289 = CARTESIAN_POINT('',(12.921322986717,-22.56190178759));
#290 = CARTESIAN_POINT('',(-6.539259306193,-11.23557242539));
#291 = ( GEOMETRIC_REPRESENTATION_CONTEXT(2) 
PARAMETRIC_REPRESENTATION_CONTEXT() REPRESENTATION_CONTEXT('2D SPACE',''
  ) );
#292 = PCURVE('',#293,#298);
#293 = CYLINDRICAL_SURFACE('',#294,13.);
#294 = AXIS2_PLACEMENT_3D('',#295,#296,#297);
#295 = CARTESIAN_POINT('',(154.,36.,-1.887379141863E-15));
#296 = DIRECTION('',(1.,0.,2.22044604925E-16));
#297 = DIRECTION('',(2.22044604925E-16,0.,-1.));
#298 = DEFINITIONAL_REPRESENTATION('',(#299),#303);
#299 = LINE('',#300,#301);
#300 = CARTESIAN_POINT('',(4.185299546282,17.));
#301 = VECTOR('',#302,1.);
#302 = DIRECTION('',(-1.,-0.));
#303 = ( GEOMETRIC_REPRESENTATION_CONTEXT(2) 
PARAMETRIC_REPRESENTATION_CONTEXT() REPRESENTATION_CONTEXT('2D SPACE',''
  ) );
#304 = ORIENTED_EDGE('',*,*,#305,.F.);
#305 = EDGE_CURVE('',#306,#273,#308,.T.);
#306 = VERTEX_POINT('',#307);
#307 = CARTESIAN_POINT('',(171.,27.357251980463,5.030199466302));
#308 = SURFACE_CURVE('',#309,(#313,#320),.PCURVE_S1.);
#309 = LINE('',#310,#311);
#310 = CARTESIAN_POINT('',(171.,36.,0.));
#311 = VECTOR('',#312,1.);
#312 = DIRECTION('',(0.,-0.864274801954,0.50301994663));
#313 = PCURVE('',#71,#314);
#314 = DEFINITIONAL_REPRESENTATION('',(#315),#319);
#315 = LINE('',#316,#317);
#316 = CARTESIAN_POINT('',(1.887379141863E-15,0.));
#317 = VECTOR('',#318,1.);
#318 = DIRECTION('',(-0.50301994663,-0.864274801954));
#319 = ( GEOMETRIC_REPRESENTATION_CONTEXT(2) 
PARAMETRIC_REPRESENTATION_CONTEXT() REPRESENTATION_CONTEXT('2D SPACE',''
  ) );
#320 = PCURVE('',#321,#326);
#321 = PLANE('',#322);
#322 = AXIS2_PLACEMENT_3D('',#323,#324,#325);
#323 = CARTESIAN_POINT('',(154.,36.,0.));
#324 = DIRECTION('',(-0.,-0.50301994663,-0.864274801954));
#325 = DIRECTION('',(0.,-0.864274801954,0.50301994663));
#326 = DEFINITIONAL_REPRESENTATION('',(#327),#331);
#327 = LINE('',#328,#329);
#328 = CARTESIAN_POINT('',(0.,-17.));
#329 = VECTOR('',#330,1.);
#330 = DIRECTION('',(1.,0.));
#331 = ( GEOMETRIC_REPRESENTATION_CONTEXT(2) 
PARAMETRIC_REPRESENTATION_CONTEXT() REPRESENTATION_CONTEXT('2D SPACE',''
  ) );
#332 = ORIENTED_EDGE('',*,*,#333,.T.);
#333 = EDGE_CURVE('',#306,#334,#336,.T.);
#334 = VERTEX_POINT('',#335);
#335 = CARTESIAN_POINT('',(171.,27.357251980463,-5.030199466302));
#336 = SURFACE_CURVE('',#337,(#342,#349),.PCURVE_S1.);
#337 = CIRCLE('',#338,10.);
#338 = AXIS2_PLACEMENT_3D('',#339,#340,#341);
#339 = CARTESIAN_POINT('',(171.,36.,1.887379141863E-15));
#340 = DIRECTION('',(1.,-0.,2.22044604925E-16));
#341 = DIRECTION('',(2.22044604925E-16,0.,-1.));
#342 = PCURVE('',#71,#343);
#343 = DEFINITIONAL_REPRESENTATION('',(#344),#348);
#344 = CIRCLE('',#345,10.);
#345 = AXIS2_PLACEMENT_2D('',#346,#347);
#346 = CARTESIAN_POINT('',(0.,0.));
#347 = DIRECTION('',(1.,0.));
#348 = ( GEOMETRIC_REPRESENTATION_CONTEXT(2) 
PARAMETRIC_REPRESENTATION_CONTEXT() REPRESENTATION_CONTEXT('2D SPACE',''
  ) );
#349 = PCURVE('',#350,#355);
#350 = CYLINDRICAL_SURFACE('',#351,10.);
#351 = AXIS2_PLACEMENT_3D('',#352,#353,#354);
#352 = CARTESIAN_POINT('',(154.,36.,-1.887379141863E-15));
#353 = DIRECTION('',(1.,0.,2.22044604925E-16));
#354 = DIRECTION('',(2.22044604925E-16,0.,-1.));
#355 = DEFINITIONAL_REPRESENTATION('',(#356),#360);
#356 = LINE('',#357,#358);
#357 = CARTESIAN_POINT('',(0.,17.));
#358 = VECTOR('',#359,1.);
#359 = DIRECTION('',(1.,0.));
#360 = ( GEOMETRIC_REPRESENTATION_CONTEXT(2) 
PARAMETRIC_REPRESENTATION_CONTEXT() REPRESENTATION_CONTEXT('2D SPACE',''
  ) );
#361 = ORIENTED_EDGE('',*,*,#362,.F.);
#362 = EDGE_CURVE('',#55,#334,#363,.T.);
#363 = SURFACE_CURVE('',#364,(#368,#375),.PCURVE_S1.);
#364 = LINE('',#365,#366);
#365 = CARTESIAN_POINT('',(171.,20.440683805614,-9.055738272146));
#366 = VECTOR('',#367,1.);
#367 = DIRECTION('',(0.,0.864274801954,0.50301994663));
#368 = PCURVE('',#71,#369);
#369 = DEFINITIONAL_REPRESENTATION('',(#370),#374);
#370 = LINE('',#371,#372);
#371 = CARTESIAN_POINT('',(9.055738272146,-15.55931619438));
#372 = VECTOR('',#373,1.);
#373 = DIRECTION('',(-0.50301994663,0.864274801954));
#374 = ( GEOMETRIC_REPRESENTATION_CONTEXT(2) 
PARAMETRIC_REPRESENTATION_CONTEXT() REPRESENTATION_CONTEXT('2D SPACE',''
  ) );
#375 = PCURVE('',#102,#376);
#376 = DEFINITIONAL_REPRESENTATION('',(#377),#381);
#377 = LINE('',#378,#379);
#378 = CARTESIAN_POINT('',(0.,-17.));
#379 = VECTOR('',#380,1.);
#380 = DIRECTION('',(1.,0.));
#381 = ( GEOMETRIC_REPRESENTATION_CONTEXT(2) 
PARAMETRIC_REPRESENTATION_CONTEXT() REPRESENTATION_CONTEXT('2D SPACE',''
  ) );
#382 = FACE_BOUND('',#383,.T.);
#383 = EDGE_LOOP('',(#384,#414,#443,#471,#504,#532,#565,#593));
#384 = ORIENTED_EDGE('',*,*,#385,.F.);
#385 = EDGE_CURVE('',#386,#388,#390,.T.);
#386 = VERTEX_POINT('',#387);
#387 = CARTESIAN_POINT('',(171.,26.90211368298,6.182917156374));
#388 = VERTEX_POINT('',#389);
#389 = CARTESIAN_POINT('',(171.,28.556274831529,5.058750400669));
#390 = SURFACE_CURVE('',#391,(#395,#402),.PCURVE_S1.);
#391 = LINE('',#392,#393);
#392 = CARTESIAN_POINT('',(171.,21.110281886869,10.119041980445));
#393 = VECTOR('',#394,1.);
#394 = DIRECTION('',(0.,0.827080574275,-0.562083377852));
#395 = PCURVE('',#71,#396);
#396 = DEFINITIONAL_REPRESENTATION('',(#397),#401);
#397 = LINE('',#398,#399);
#398 = CARTESIAN_POINT('',(-10.11904198044,-14.88971811313));
#399 = VECTOR('',#400,1.);
#400 = DIRECTION('',(0.562083377852,0.827080574275));
#401 = ( GEOMETRIC_REPRESENTATION_CONTEXT(2) 
PARAMETRIC_REPRESENTATION_CONTEXT() REPRESENTATION_CONTEXT('2D SPACE',''
  ) );
#402 = PCURVE('',#403,#408);
#403 = PLANE('',#404);
#404 = AXIS2_PLACEMENT_3D('',#405,#406,#407);
#405 = CARTESIAN_POINT('',(154.,21.110281886869,10.119041980445));
#406 = DIRECTION('',(0.,0.562083377852,0.827080574275));
#407 = DIRECTION('',(0.,0.827080574275,-0.562083377852));
#408 = DEFINITIONAL_REPRESENTATION('',(#409),#413);
#409 = LINE('',#410,#411);
#410 = CARTESIAN_POINT('',(0.,-17.));
#411 = VECTOR('',#412,1.);
#412 = DIRECTION('',(1.,0.));
#413 = ( GEOMETRIC_REPRESENTATION_CONTEXT(2) 
PARAMETRIC_REPRESENTATION_CONTEXT() REPRESENTATION_CONTEXT('2D SPACE',''
  ) );
#414 = ORIENTED_EDGE('',*,*,#415,.F.);
#415 = EDGE_CURVE('',#416,#386,#418,.T.);
#416 = VERTEX_POINT('',#417);
#417 = CARTESIAN_POINT('',(171.,45.09788631702,6.182917156374));
#418 = SURFACE_CURVE('',#419,(#424,#431),.PCURVE_S1.);
#419 = CIRCLE('',#420,11.);
#420 = AXIS2_PLACEMENT_3D('',#421,#422,#423);
#421 = CARTESIAN_POINT('',(171.,36.,1.887379141863E-15));
#422 = DIRECTION('',(1.,0.,2.22044604925E-16));
#423 = DIRECTION('',(2.22044604925E-16,0.,-1.));
#424 = PCURVE('',#71,#425);
#425 = DEFINITIONAL_REPRESENTATION('',(#426),#430);
#426 = CIRCLE('',#427,11.);
#427 = AXIS2_PLACEMENT_2D('',#428,#429);
#428 = CARTESIAN_POINT('',(0.,0.));
#429 = DIRECTION('',(1.,0.));
#430 = ( GEOMETRIC_REPRESENTATION_CONTEXT(2) 
PARAMETRIC_REPRESENTATION_CONTEXT() REPRESENTATION_CONTEXT('2D SPACE',''
  ) );
#431 = PCURVE('',#432,#437);
#432 = CYLINDRICAL_SURFACE('',#433,11.);
#433 = AXIS2_PLACEMENT_3D('',#434,#435,#436);
#434 = CARTESIAN_POINT('',(153.,36.,-2.109423746788E-15));
#435 = DIRECTION('',(1.,0.,2.22044604925E-16));
#436 = DIRECTION('',(2.22044604925E-16,0.,-1.));
#437 = DEFINITIONAL_REPRESENTATION('',(#438),#442);
#438 = LINE('',#439,#440);
#439 = CARTESIAN_POINT('',(0.,18.));
#440 = VECTOR('',#441,1.);
#441 = DIRECTION('',(1.,0.));
#442 = ( GEOMETRIC_REPRESENTATION_CONTEXT(2) 
PARAMETRIC_REPRESENTATION_CONTEXT() REPRESENTATION_CONTEXT('2D SPACE',''
  ) );
#443 = ORIENTED_EDGE('',*,*,#444,.F.);
#444 = EDGE_CURVE('',#445,#416,#447,.T.);
#445 = VERTEX_POINT('',#446);
#446 = CARTESIAN_POINT('',(171.,43.443725168471,5.058750400669));
#447 = SURFACE_CURVE('',#448,(#452,#459),.PCURVE_S1.);
#448 = LINE('',#449,#450);
#449 = CARTESIAN_POINT('',(171.,36.,0.));
#450 = VECTOR('',#451,1.);
#451 = DIRECTION('',(0.,0.827080574275,0.562083377852));
#452 = PCURVE('',#71,#453);
#453 = DEFINITIONAL_REPRESENTATION('',(#454),#458);
#454 = LINE('',#455,#456);
#455 = CARTESIAN_POINT('',(1.887379141863E-15,0.));
#456 = VECTOR('',#457,1.);
#457 = DIRECTION('',(-0.562083377852,0.827080574275));
#458 = ( GEOMETRIC_REPRESENTATION_CONTEXT(2) 
PARAMETRIC_REPRESENTATION_CONTEXT() REPRESENTATION_CONTEXT('2D SPACE',''
  ) );
#459 = PCURVE('',#460,#465);
#460 = PLANE('',#461);
#461 = AXIS2_PLACEMENT_3D('',#462,#463,#464);
#462 = CARTESIAN_POINT('',(154.,36.,0.));
#463 = DIRECTION('',(0.,-0.562083377852,0.827080574275));
#464 = DIRECTION('',(0.,0.827080574275,0.562083377852));
#465 = DEFINITIONAL_REPRESENTATION('',(#466),#470);
#466 = LINE('',#467,#468);
#467 = CARTESIAN_POINT('',(0.,-17.));
#468 = VECTOR('',#469,1.);
#469 = DIRECTION('',(1.,0.));
#470 = ( GEOMETRIC_REPRESENTATION_CONTEXT(2) 
PARAMETRIC_REPRESENTATION_CONTEXT() REPRESENTATION_CONTEXT('2D SPACE',''
  ) );
#471 = ORIENTED_EDGE('',*,*,#472,.T.);
#472 = EDGE_CURVE('',#445,#473,#475,.T.);
#473 = VERTEX_POINT('',#474);
#474 = CARTESIAN_POINT('',(171.,43.443725168471,-5.058750400669));
#475 = SURFACE_CURVE('',#476,(#481,#492),.PCURVE_S1.);
#476 = CIRCLE('',#477,9.);
#477 = AXIS2_PLACEMENT_3D('',#478,#479,#480);
#478 = CARTESIAN_POINT('',(171.,36.,1.887379141863E-15));
#479 = DIRECTION('',(-1.,0.,0.));
#480 = DIRECTION('',(0.,0.827080574275,0.562083377852));
#481 = PCURVE('',#71,#482);
#482 = DEFINITIONAL_REPRESENTATION('',(#483),#491);
#483 = ( BOUNDED_CURVE() B_SPLINE_CURVE(2,(#484,#485,#486,#487,#488,#489
,#490),.UNSPECIFIED.,.T.,.F.) B_SPLINE_CURVE_WITH_KNOTS((1,2,2,2,2,1),(
    -2.094395102393,0.,2.094395102393,4.188790204786,6.28318530718,
8.377580409573),.UNSPECIFIED.) CURVE() GEOMETRIC_REPRESENTATION_ITEM() 
RATIONAL_B_SPLINE_CURVE((1.,0.5,1.,0.5,1.,0.5,1.)) REPRESENTATION_ITEM(
  '') );
#484 = CARTESIAN_POINT('',(-5.058750400669,7.443725168471));
#485 = CARTESIAN_POINT('',(7.834159788702,16.205737885239));
#486 = CARTESIAN_POINT('',(8.97583029502,0.659143774149));
#487 = CARTESIAN_POINT('',(10.117500801338,-14.88745033694));
#488 = CARTESIAN_POINT('',(-3.917079894351,-8.10286894262));
#489 = CARTESIAN_POINT('',(-17.95166059004,-1.318287548297));
#490 = CARTESIAN_POINT('',(-5.058750400669,7.443725168471));
#491 = ( GEOMETRIC_REPRESENTATION_CONTEXT(2) 
PARAMETRIC_REPRESENTATION_CONTEXT() REPRESENTATION_CONTEXT('2D SPACE',''
  ) );
#492 = PCURVE('',#493,#498);
#493 = CYLINDRICAL_SURFACE('',#494,9.);
#494 = AXIS2_PLACEMENT_3D('',#495,#496,#497);
#495 = CARTESIAN_POINT('',(153.,36.,-2.109423746788E-15));
#496 = DIRECTION('',(1.,0.,2.22044604925E-16));
#497 = DIRECTION('',(2.22044604925E-16,0.,-1.));
#498 = DEFINITIONAL_REPRESENTATION('',(#499),#503);
#499 = LINE('',#500,#501);
#500 = CARTESIAN_POINT('',(2.167698930977,18.));
#501 = VECTOR('',#502,1.);
#502 = DIRECTION('',(-1.,-0.));
#503 = ( GEOMETRIC_REPRESENTATION_CONTEXT(2) 
PARAMETRIC_REPRESENTATION_CONTEXT() REPRESENTATION_CONTEXT('2D SPACE',''
  ) );
#504 = ORIENTED_EDGE('',*,*,#505,.F.);
#505 = EDGE_CURVE('',#506,#473,#508,.T.);
#506 = VERTEX_POINT('',#507);
#507 = CARTESIAN_POINT('',(171.,45.09788631702,-6.182917156374));
#508 = SURFACE_CURVE('',#509,(#513,#520),.PCURVE_S1.);
#509 = LINE('',#510,#511);
#510 = CARTESIAN_POINT('',(171.,50.889718113131,-10.11904198044));
#511 = VECTOR('',#512,1.);
#512 = DIRECTION('',(0.,-0.827080574275,0.562083377852));
#513 = PCURVE('',#71,#514);
#514 = DEFINITIONAL_REPRESENTATION('',(#515),#519);
#515 = LINE('',#516,#517);
#516 = CARTESIAN_POINT('',(10.119041980445,14.889718113131));
#517 = VECTOR('',#518,1.);
#518 = DIRECTION('',(-0.562083377852,-0.827080574275));
#519 = ( GEOMETRIC_REPRESENTATION_CONTEXT(2) 
PARAMETRIC_REPRESENTATION_CONTEXT() REPRESENTATION_CONTEXT('2D SPACE',''
  ) );
#520 = PCURVE('',#521,#526);
#521 = PLANE('',#522);
#522 = AXIS2_PLACEMENT_3D('',#523,#524,#525);
#523 = CARTESIAN_POINT('',(154.,50.889718113131,-10.11904198044));
#524 = DIRECTION('',(-0.,-0.562083377852,-0.827080574275));
#525 = DIRECTION('',(0.,-0.827080574275,0.562083377852));
#526 = DEFINITIONAL_REPRESENTATION('',(#527),#531);
#527 = LINE('',#528,#529);
#528 = CARTESIAN_POINT('',(0.,-17.));
#529 = VECTOR('',#530,1.);
#530 = DIRECTION('',(1.,0.));
#531 = ( GEOMETRIC_REPRESENTATION_CONTEXT(2) 
PARAMETRIC_REPRESENTATION_CONTEXT() REPRESENTATION_CONTEXT('2D SPACE',''
  ) );
#532 = ORIENTED_EDGE('',*,*,#533,.T.);
#533 = EDGE_CURVE('',#506,#534,#536,.T.);
#534 = VERTEX_POINT('',#535);
#535 = CARTESIAN_POINT('',(171.,26.90211368298,-6.182917156374));
#536 = SURFACE_CURVE('',#537,(#542,#553),.PCURVE_S1.);
#537 = CIRCLE('',#538,11.);
#538 = AXIS2_PLACEMENT_3D('',#539,#540,#541);
#539 = CARTESIAN_POINT('',(171.,36.,1.887379141863E-15));
#540 = DIRECTION('',(-1.,0.,0.));
#541 = DIRECTION('',(0.,0.827080574275,-0.562083377852));
#542 = PCURVE('',#71,#543);
#543 = DEFINITIONAL_REPRESENTATION('',(#544),#552);
#544 = ( BOUNDED_CURVE() B_SPLINE_CURVE(2,(#545,#546,#547,#548,#549,#550
,#551),.UNSPECIFIED.,.T.,.F.) B_SPLINE_CURVE_WITH_KNOTS((1,2,2,2,2,1),(
    -2.094395102393,0.,2.094395102393,4.188790204786,6.28318530718,
8.377580409573),.UNSPECIFIED.) CURVE() GEOMETRIC_REPRESENTATION_ITEM() 
RATIONAL_B_SPLINE_CURVE((1.,0.5,1.,0.5,1.,0.5,1.)) REPRESENTATION_ITEM(
  '') );
#545 = CARTESIAN_POINT('',(6.182917156374,9.09788631702));
#546 = CARTESIAN_POINT('',(21.940918498938,-1.611240336808));
#547 = CARTESIAN_POINT('',(4.787542093095,-9.903506485424));
#548 = CARTESIAN_POINT('',(-12.36583431274,-18.19577263404));
#549 = CARTESIAN_POINT('',(-10.97045924946,0.805620168404));
#550 = CARTESIAN_POINT('',(-9.575084186191,19.807012970848));
#551 = CARTESIAN_POINT('',(6.182917156374,9.09788631702));
#552 = ( GEOMETRIC_REPRESENTATION_CONTEXT(2) 
PARAMETRIC_REPRESENTATION_CONTEXT() REPRESENTATION_CONTEXT('2D SPACE',''
  ) );
#553 = PCURVE('',#554,#559);
#554 = CYLINDRICAL_SURFACE('',#555,11.);
#555 = AXIS2_PLACEMENT_3D('',#556,#557,#558);
#556 = CARTESIAN_POINT('',(153.,36.,-2.109423746788E-15));
#557 = DIRECTION('',(1.,0.,2.22044604925E-16));
#558 = DIRECTION('',(2.22044604925E-16,0.,-1.));
#559 = DEFINITIONAL_REPRESENTATION('',(#560),#564);
#560 = LINE('',#561,#562);
#561 = CARTESIAN_POINT('',(7.257079029792,18.));
#562 = VECTOR('',#563,1.);
#563 = DIRECTION('',(-1.,-0.));
#564 = ( GEOMETRIC_REPRESENTATION_CONTEXT(2) 
PARAMETRIC_REPRESENTATION_CONTEXT() REPRESENTATION_CONTEXT('2D SPACE',''
  ) );
#565 = ORIENTED_EDGE('',*,*,#566,.F.);
#566 = EDGE_CURVE('',#567,#534,#569,.T.);
#567 = VERTEX_POINT('',#568);
#568 = CARTESIAN_POINT('',(171.,28.556274831529,-5.058750400669));
#569 = SURFACE_CURVE('',#570,(#574,#581),.PCURVE_S1.);
#570 = LINE('',#571,#572);
#571 = CARTESIAN_POINT('',(171.,36.,0.));
#572 = VECTOR('',#573,1.);
#573 = DIRECTION('',(0.,-0.827080574275,-0.562083377852));
#574 = PCURVE('',#71,#575);
#575 = DEFINITIONAL_REPRESENTATION('',(#576),#580);
#576 = LINE('',#577,#578);
#577 = CARTESIAN_POINT('',(1.887379141863E-15,0.));
#578 = VECTOR('',#579,1.);
#579 = DIRECTION('',(0.562083377852,-0.827080574275));
#580 = ( GEOMETRIC_REPRESENTATION_CONTEXT(2) 
PARAMETRIC_REPRESENTATION_CONTEXT() REPRESENTATION_CONTEXT('2D SPACE',''
  ) );
#581 = PCURVE('',#582,#587);
#582 = PLANE('',#583);
#583 = AXIS2_PLACEMENT_3D('',#584,#585,#586);
#584 = CARTESIAN_POINT('',(154.,36.,0.));
#585 = DIRECTION('',(0.,0.562083377852,-0.827080574275));
#586 = DIRECTION('',(0.,-0.827080574275,-0.562083377852));
#587 = DEFINITIONAL_REPRESENTATION('',(#588),#592);
#588 = LINE('',#589,#590);
#589 = CARTESIAN_POINT('',(0.,-17.));
#590 = VECTOR('',#591,1.);
#591 = DIRECTION('',(1.,0.));
#592 = ( GEOMETRIC_REPRESENTATION_CONTEXT(2) 
PARAMETRIC_REPRESENTATION_CONTEXT() REPRESENTATION_CONTEXT('2D SPACE',''
  ) );
#593 = ORIENTED_EDGE('',*,*,#594,.T.);
#594 = EDGE_CURVE('',#567,#388,#595,.T.);
#595 = SURFACE_CURVE('',#596,(#601,#612),.PCURVE_S1.);
#596 = CIRCLE('',#597,9.);
#597 = AXIS2_PLACEMENT_3D('',#598,#599,#600);
#598 = CARTESIAN_POINT('',(171.,36.,1.887379141863E-15));
#599 = DIRECTION('',(-1.,0.,0.));
#600 = DIRECTION('',(-0.,-0.827080574275,-0.562083377852));
#601 = PCURVE('',#71,#602);
#602 = DEFINITIONAL_REPRESENTATION('',(#603),#611);
#603 = ( BOUNDED_CURVE() B_SPLINE_CURVE(2,(#604,#605,#606,#607,#608,#609
,#610),.UNSPECIFIED.,.T.,.F.) B_SPLINE_CURVE_WITH_KNOTS((1,2,2,2,2,1),(
    -2.094395102393,0.,2.094395102393,4.188790204786,6.28318530718,
8.377580409573),.UNSPECIFIED.) CURVE() GEOMETRIC_REPRESENTATION_ITEM() 
RATIONAL_B_SPLINE_CURVE((1.,0.5,1.,0.5,1.,0.5,1.)) REPRESENTATION_ITEM(
  '') );
#604 = CARTESIAN_POINT('',(5.058750400669,-7.443725168471));
#605 = CARTESIAN_POINT('',(-7.834159788702,-16.20573788523));
#606 = CARTESIAN_POINT('',(-8.97583029502,-0.659143774149));
#607 = CARTESIAN_POINT('',(-10.11750080133,14.887450336942));
#608 = CARTESIAN_POINT('',(3.917079894351,8.10286894262));
#609 = CARTESIAN_POINT('',(17.95166059004,1.318287548297));
#610 = CARTESIAN_POINT('',(5.058750400669,-7.443725168471));
#611 = ( GEOMETRIC_REPRESENTATION_CONTEXT(2) 
PARAMETRIC_REPRESENTATION_CONTEXT() REPRESENTATION_CONTEXT('2D SPACE',''
  ) );
#612 = PCURVE('',#613,#618);
#613 = CYLINDRICAL_SURFACE('',#614,9.);
#614 = AXIS2_PLACEMENT_3D('',#615,#616,#617);
#615 = CARTESIAN_POINT('',(153.,36.,-2.109423746788E-15));
#616 = DIRECTION('',(1.,0.,2.22044604925E-16));
#617 = DIRECTION('',(2.22044604925E-16,0.,-1.));
#618 = DEFINITIONAL_REPRESENTATION('',(#619),#623);
#619 = LINE('',#620,#621);
#620 = CARTESIAN_POINT('',(5.309291584567,18.));
#621 = VECTOR('',#622,1.);
#622 = DIRECTION('',(-1.,-0.));
#623 = ( GEOMETRIC_REPRESENTATION_CONTEXT(2) 
PARAMETRIC_REPRESENTATION_CONTEXT() REPRESENTATION_CONTEXT('2D SPACE',''
  ) );
#624 = ADVANCED_FACE('',(#625),#102,.T.);
#625 = FACE_BOUND('',#626,.T.);
#626 = EDGE_LOOP('',(#627,#650,#651,#652));
#627 = ORIENTED_EDGE('',*,*,#628,.F.);
#628 = EDGE_CURVE('',#88,#629,#631,.T.);
#629 = VERTEX_POINT('',#630);
#630 = CARTESIAN_POINT('',(154.,27.357251980463,-5.030199466302));
#631 = SURFACE_CURVE('',#632,(#636,#643),.PCURVE_S1.);
#632 = LINE('',#633,#634);
#633 = CARTESIAN_POINT('',(154.,20.440683805614,-9.055738272146));
#634 = VECTOR('',#635,1.);
#635 = DIRECTION('',(0.,0.864274801954,0.50301994663));
#636 = PCURVE('',#102,#637);
#637 = DEFINITIONAL_REPRESENTATION('',(#638),#642);
#638 = LINE('',#639,#640);
#639 = CARTESIAN_POINT('',(0.,0.));
#640 = VECTOR('',#641,1.);
#641 = DIRECTION('',(1.,0.));
#642 = ( GEOMETRIC_REPRESENTATION_CONTEXT(2) 
PARAMETRIC_REPRESENTATION_CONTEXT() REPRESENTATION_CONTEXT('2D SPACE',''
  ) );
#643 = PCURVE('',#128,#644);
#644 = DEFINITIONAL_REPRESENTATION('',(#645),#649);
#645 = LINE('',#646,#647);
#646 = CARTESIAN_POINT('',(9.055738272146,-15.55931619438));
#647 = VECTOR('',#648,1.);
#648 = DIRECTION('',(-0.50301994663,0.864274801954));
#649 = ( GEOMETRIC_REPRESENTATION_CONTEXT(2) 
PARAMETRIC_REPRESENTATION_CONTEXT() REPRESENTATION_CONTEXT('2D SPACE',''
  ) );
#650 = ORIENTED_EDGE('',*,*,#87,.T.);
#651 = ORIENTED_EDGE('',*,*,#362,.T.);
#652 = ORIENTED_EDGE('',*,*,#653,.F.);
#653 = EDGE_CURVE('',#629,#334,#654,.T.);
#654 = SURFACE_CURVE('',#655,(#659,#666),.PCURVE_S1.);
#655 = LINE('',#656,#657);
#656 = CARTESIAN_POINT('',(154.,27.357251980463,-5.030199466302));
#657 = VECTOR('',#658,1.);
#658 = DIRECTION('',(1.,0.,2.22044604925E-16));
#659 = PCURVE('',#102,#660);
#660 = DEFINITIONAL_REPRESENTATION('',(#661),#665);
#661 = LINE('',#662,#663);
#662 = CARTESIAN_POINT('',(8.00274190479,0.));
#663 = VECTOR('',#664,1.);
#664 = DIRECTION('',(1.116928653189E-16,-1.));
#665 = ( GEOMETRIC_REPRESENTATION_CONTEXT(2) 
PARAMETRIC_REPRESENTATION_CONTEXT() REPRESENTATION_CONTEXT('2D SPACE',''
  ) );
#666 = PCURVE('',#350,#667);
#667 = DEFINITIONAL_REPRESENTATION('',(#668),#671);
#668 = B_SPLINE_CURVE_WITH_KNOTS('',1,(#669,#670),.UNSPECIFIED.,.F.,.F.,
  (2,2),(-5.999999928008E-07,17.0000006),.PIECEWISE_BEZIER_KNOTS.);
#669 = CARTESIAN_POINT('',(5.239478414487,-5.999999939177E-07));
#670 = CARTESIAN_POINT('',(5.239478414487,17.0000006));
#671 = ( GEOMETRIC_REPRESENTATION_CONTEXT(2) 
PARAMETRIC_REPRESENTATION_CONTEXT() REPRESENTATION_CONTEXT('2D SPACE',''
  ) );
#672 = ADVANCED_FACE('',(#673,#794),#128,.F.);
#673 = FACE_BOUND('',#674,.F.);
#674 = EDGE_LOOP('',(#675,#676,#700,#723,#747,#770,#792,#793));
#675 = ORIENTED_EDGE('',*,*,#143,.F.);
#676 = ORIENTED_EDGE('',*,*,#677,.T.);
#677 = EDGE_CURVE('',#144,#678,#680,.T.);
#678 = VERTEX_POINT('',#679);
#679 = CARTESIAN_POINT('',(154.,44.642748019537,5.030199466302));
#680 = SURFACE_CURVE('',#681,(#686,#693),.PCURVE_S1.);
#681 = CIRCLE('',#682,10.);
#682 = AXIS2_PLACEMENT_3D('',#683,#684,#685);
#683 = CARTESIAN_POINT('',(154.,36.,-1.887379141863E-15));
#684 = DIRECTION('',(1.,-0.,2.22044604925E-16));
#685 = DIRECTION('',(2.22044604925E-16,0.,-1.));
#686 = PCURVE('',#128,#687);
#687 = DEFINITIONAL_REPRESENTATION('',(#688),#692);
#688 = CIRCLE('',#689,10.);
#689 = AXIS2_PLACEMENT_2D('',#690,#691);
#690 = CARTESIAN_POINT('',(0.,0.));
#691 = DIRECTION('',(1.,0.));
#692 = ( GEOMETRIC_REPRESENTATION_CONTEXT(2) 
PARAMETRIC_REPRESENTATION_CONTEXT() REPRESENTATION_CONTEXT('2D SPACE',''
  ) );
#693 = PCURVE('',#182,#694);
#694 = DEFINITIONAL_REPRESENTATION('',(#695),#699);
#695 = LINE('',#696,#697);
#696 = CARTESIAN_POINT('',(0.,0.));
#697 = VECTOR('',#698,1.);
#698 = DIRECTION('',(1.,0.));
#699 = ( GEOMETRIC_REPRESENTATION_CONTEXT(2) 
PARAMETRIC_REPRESENTATION_CONTEXT() REPRESENTATION_CONTEXT('2D SPACE',''
  ) );
#700 = ORIENTED_EDGE('',*,*,#701,.F.);
#701 = EDGE_CURVE('',#702,#678,#704,.T.);
#702 = VERTEX_POINT('',#703);
#703 = CARTESIAN_POINT('',(154.,47.235572425398,6.539259306193));
#704 = SURFACE_CURVE('',#705,(#709,#716),.PCURVE_S1.);
#705 = LINE('',#706,#707);
#706 = CARTESIAN_POINT('',(154.,51.559316194386,9.055738272146));
#707 = VECTOR('',#708,1.);
#708 = DIRECTION('',(0.,-0.864274801954,-0.50301994663));
#709 = PCURVE('',#128,#710);
#710 = DEFINITIONAL_REPRESENTATION('',(#711),#715);
#711 = LINE('',#712,#713);
#712 = CARTESIAN_POINT('',(-9.055738272146,15.559316194386));
#713 = VECTOR('',#714,1.);
#714 = DIRECTION('',(0.50301994663,-0.864274801954));
#715 = ( GEOMETRIC_REPRESENTATION_CONTEXT(2) 
PARAMETRIC_REPRESENTATION_CONTEXT() REPRESENTATION_CONTEXT('2D SPACE',''
  ) );
#716 = PCURVE('',#260,#717);
#717 = DEFINITIONAL_REPRESENTATION('',(#718),#722);
#718 = LINE('',#719,#720);
#719 = CARTESIAN_POINT('',(0.,0.));
#720 = VECTOR('',#721,1.);
#721 = DIRECTION('',(1.,0.));
#722 = ( GEOMETRIC_REPRESENTATION_CONTEXT(2) 
PARAMETRIC_REPRESENTATION_CONTEXT() REPRESENTATION_CONTEXT('2D SPACE',''
  ) );
#723 = ORIENTED_EDGE('',*,*,#724,.T.);
#724 = EDGE_CURVE('',#702,#725,#727,.T.);
#725 = VERTEX_POINT('',#726);
#726 = CARTESIAN_POINT('',(154.,24.764427574602,6.539259306193));
#727 = SURFACE_CURVE('',#728,(#733,#740),.PCURVE_S1.);
#728 = CIRCLE('',#729,13.);
#729 = AXIS2_PLACEMENT_3D('',#730,#731,#732);
#730 = CARTESIAN_POINT('',(154.,36.,-1.887379141863E-15));
#731 = DIRECTION('',(1.,0.,0.));
#732 = DIRECTION('',(-0.,0.864274801954,0.50301994663));
#733 = PCURVE('',#128,#734);
#734 = DEFINITIONAL_REPRESENTATION('',(#735),#739);
#735 = CIRCLE('',#736,13.);
#736 = AXIS2_PLACEMENT_2D('',#737,#738);
#737 = CARTESIAN_POINT('',(0.,0.));
#738 = DIRECTION('',(-0.50301994663,0.864274801954));
#739 = ( GEOMETRIC_REPRESENTATION_CONTEXT(2) 
PARAMETRIC_REPRESENTATION_CONTEXT() REPRESENTATION_CONTEXT('2D SPACE',''
  ) );
#740 = PCURVE('',#293,#741);
#741 = DEFINITIONAL_REPRESENTATION('',(#742),#746);
#742 = LINE('',#743,#744);
#743 = CARTESIAN_POINT('',(2.097885760897,0.));
#744 = VECTOR('',#745,1.);
#745 = DIRECTION('',(1.,0.));
#746 = ( GEOMETRIC_REPRESENTATION_CONTEXT(2) 
PARAMETRIC_REPRESENTATION_CONTEXT() REPRESENTATION_CONTEXT('2D SPACE',''
  ) );
#747 = ORIENTED_EDGE('',*,*,#748,.F.);
#748 = EDGE_CURVE('',#749,#725,#751,.T.);
#749 = VERTEX_POINT('',#750);
#750 = CARTESIAN_POINT('',(154.,27.357251980463,5.030199466302));
#751 = SURFACE_CURVE('',#752,(#756,#763),.PCURVE_S1.);
#752 = LINE('',#753,#754);
#753 = CARTESIAN_POINT('',(154.,36.,0.));
#754 = VECTOR('',#755,1.);
#755 = DIRECTION('',(0.,-0.864274801954,0.50301994663));
#756 = PCURVE('',#128,#757);
#757 = DEFINITIONAL_REPRESENTATION('',(#758),#762);
#758 = LINE('',#759,#760);
#759 = CARTESIAN_POINT('',(-1.887379141863E-15,0.));
#760 = VECTOR('',#761,1.);
#761 = DIRECTION('',(-0.50301994663,-0.864274801954));
#762 = ( GEOMETRIC_REPRESENTATION_CONTEXT(2) 
PARAMETRIC_REPRESENTATION_CONTEXT() REPRESENTATION_CONTEXT('2D SPACE',''
  ) );
#763 = PCURVE('',#321,#764);
#764 = DEFINITIONAL_REPRESENTATION('',(#765),#769);
#765 = LINE('',#766,#767);
#766 = CARTESIAN_POINT('',(0.,0.));
#767 = VECTOR('',#768,1.);
#768 = DIRECTION('',(1.,0.));
#769 = ( GEOMETRIC_REPRESENTATION_CONTEXT(2) 
PARAMETRIC_REPRESENTATION_CONTEXT() REPRESENTATION_CONTEXT('2D SPACE',''
  ) );
#770 = ORIENTED_EDGE('',*,*,#771,.T.);
#771 = EDGE_CURVE('',#749,#629,#772,.T.);
#772 = SURFACE_CURVE('',#773,(#778,#785),.PCURVE_S1.);
#773 = CIRCLE('',#774,10.);
#774 = AXIS2_PLACEMENT_3D('',#775,#776,#777);
#775 = CARTESIAN_POINT('',(154.,36.,-1.887379141863E-15));
#776 = DIRECTION('',(1.,-0.,2.22044604925E-16));
#777 = DIRECTION('',(2.22044604925E-16,0.,-1.));
#778 = PCURVE('',#128,#779);
#779 = DEFINITIONAL_REPRESENTATION('',(#780),#784);
#780 = CIRCLE('',#781,10.);
#781 = AXIS2_PLACEMENT_2D('',#782,#783);
#782 = CARTESIAN_POINT('',(0.,0.));
#783 = DIRECTION('',(1.,0.));
#784 = ( GEOMETRIC_REPRESENTATION_CONTEXT(2) 
PARAMETRIC_REPRESENTATION_CONTEXT() REPRESENTATION_CONTEXT('2D SPACE',''
  ) );
#785 = PCURVE('',#350,#786);
#786 = DEFINITIONAL_REPRESENTATION('',(#787),#791);
#787 = LINE('',#788,#789);
#788 = CARTESIAN_POINT('',(0.,0.));
#789 = VECTOR('',#790,1.);
#790 = DIRECTION('',(1.,0.));
#791 = ( GEOMETRIC_REPRESENTATION_CONTEXT(2) 
PARAMETRIC_REPRESENTATION_CONTEXT() REPRESENTATION_CONTEXT('2D SPACE',''
  ) );
#792 = ORIENTED_EDGE('',*,*,#628,.F.);
#793 = ORIENTED_EDGE('',*,*,#113,.T.);
#794 = FACE_BOUND('',#795,.F.);
#795 = EDGE_LOOP('',(#796,#822,#845,#869,#892,#916,#939,#963));
#796 = ORIENTED_EDGE('',*,*,#797,.F.);
#797 = EDGE_CURVE('',#798,#800,#802,.T.);
#798 = VERTEX_POINT('',#799);
#799 = CARTESIAN_POINT('',(154.,28.556274831529,5.058750400669));
#800 = VERTEX_POINT('',#801);
#801 = CARTESIAN_POINT('',(154.,28.556274831529,-5.058750400669));
#802 = SURFACE_CURVE('',#803,(#808,#815),.PCURVE_S1.);
#803 = CIRCLE('',#804,9.);
#804 = AXIS2_PLACEMENT_3D('',#805,#806,#807);
#805 = CARTESIAN_POINT('',(154.,36.,-1.887379141863E-15));
#806 = DIRECTION('',(1.,0.,0.));
#807 = DIRECTION('',(0.,-0.827080574275,0.562083377852));
#808 = PCURVE('',#128,#809);
#809 = DEFINITIONAL_REPRESENTATION('',(#810),#814);
#810 = CIRCLE('',#811,9.);
#811 = AXIS2_PLACEMENT_2D('',#812,#813);
#812 = CARTESIAN_POINT('',(0.,0.));
#813 = DIRECTION('',(-0.562083377852,-0.827080574275));
#814 = ( GEOMETRIC_REPRESENTATION_CONTEXT(2) 
PARAMETRIC_REPRESENTATION_CONTEXT() REPRESENTATION_CONTEXT('2D SPACE',''
  ) );
#815 = PCURVE('',#613,#816);
#816 = DEFINITIONAL_REPRESENTATION('',(#817),#821);
#817 = LINE('',#818,#819);
#818 = CARTESIAN_POINT('',(4.115486376203,1.));
#819 = VECTOR('',#820,1.);
#820 = DIRECTION('',(1.,0.));
#821 = ( GEOMETRIC_REPRESENTATION_CONTEXT(2) 
PARAMETRIC_REPRESENTATION_CONTEXT() REPRESENTATION_CONTEXT('2D SPACE',''
  ) );
#822 = ORIENTED_EDGE('',*,*,#823,.F.);
#823 = EDGE_CURVE('',#824,#798,#826,.T.);
#824 = VERTEX_POINT('',#825);
#825 = CARTESIAN_POINT('',(154.,26.90211368298,6.182917156374));
#826 = SURFACE_CURVE('',#827,(#831,#838),.PCURVE_S1.);
#827 = LINE('',#828,#829);
#828 = CARTESIAN_POINT('',(154.,21.110281886869,10.119041980445));
#829 = VECTOR('',#830,1.);
#830 = DIRECTION('',(0.,0.827080574275,-0.562083377852));
#831 = PCURVE('',#128,#832);
#832 = DEFINITIONAL_REPRESENTATION('',(#833),#837);
#833 = LINE('',#834,#835);
#834 = CARTESIAN_POINT('',(-10.11904198044,-14.88971811313));
#835 = VECTOR('',#836,1.);
#836 = DIRECTION('',(0.562083377852,0.827080574275));
#837 = ( GEOMETRIC_REPRESENTATION_CONTEXT(2) 
PARAMETRIC_REPRESENTATION_CONTEXT() REPRESENTATION_CONTEXT('2D SPACE',''
  ) );
#838 = PCURVE('',#403,#839);
#839 = DEFINITIONAL_REPRESENTATION('',(#840),#844);
#840 = LINE('',#841,#842);
#841 = CARTESIAN_POINT('',(0.,0.));
#842 = VECTOR('',#843,1.);
#843 = DIRECTION('',(1.,0.));
#844 = ( GEOMETRIC_REPRESENTATION_CONTEXT(2) 
PARAMETRIC_REPRESENTATION_CONTEXT() REPRESENTATION_CONTEXT('2D SPACE',''
  ) );
#845 = ORIENTED_EDGE('',*,*,#846,.F.);
#846 = EDGE_CURVE('',#847,#824,#849,.T.);
#847 = VERTEX_POINT('',#848);
#848 = CARTESIAN_POINT('',(154.,45.09788631702,6.182917156374));
#849 = SURFACE_CURVE('',#850,(#855,#862),.PCURVE_S1.);
#850 = CIRCLE('',#851,11.);
#851 = AXIS2_PLACEMENT_3D('',#852,#853,#854);
#852 = CARTESIAN_POINT('',(154.,36.,-1.887379141863E-15));
#853 = DIRECTION('',(1.,0.,2.22044604925E-16));
#854 = DIRECTION('',(2.22044604925E-16,0.,-1.));
#855 = PCURVE('',#128,#856);
#856 = DEFINITIONAL_REPRESENTATION('',(#857),#861);
#857 = CIRCLE('',#858,11.);
#858 = AXIS2_PLACEMENT_2D('',#859,#860);
#859 = CARTESIAN_POINT('',(0.,0.));
#860 = DIRECTION('',(1.,0.));
#861 = ( GEOMETRIC_REPRESENTATION_CONTEXT(2) 
PARAMETRIC_REPRESENTATION_CONTEXT() REPRESENTATION_CONTEXT('2D SPACE',''
  ) );
#862 = PCURVE('',#432,#863);
#863 = DEFINITIONAL_REPRESENTATION('',(#864),#868);
#864 = LINE('',#865,#866);
#865 = CARTESIAN_POINT('',(0.,1.));
#866 = VECTOR('',#867,1.);
#867 = DIRECTION('',(1.,0.));
#868 = ( GEOMETRIC_REPRESENTATION_CONTEXT(2) 
PARAMETRIC_REPRESENTATION_CONTEXT() REPRESENTATION_CONTEXT('2D SPACE',''
  ) );
#869 = ORIENTED_EDGE('',*,*,#870,.F.);
#870 = EDGE_CURVE('',#871,#847,#873,.T.);
#871 = VERTEX_POINT('',#872);
#872 = CARTESIAN_POINT('',(154.,43.443725168471,5.058750400669));
#873 = SURFACE_CURVE('',#874,(#878,#885),.PCURVE_S1.);
#874 = LINE('',#875,#876);
#875 = CARTESIAN_POINT('',(154.,36.,0.));
#876 = VECTOR('',#877,1.);
#877 = DIRECTION('',(0.,0.827080574275,0.562083377852));
#878 = PCURVE('',#128,#879);
#879 = DEFINITIONAL_REPRESENTATION('',(#880),#884);
#880 = LINE('',#881,#882);
#881 = CARTESIAN_POINT('',(-1.887379141863E-15,0.));
#882 = VECTOR('',#883,1.);
#883 = DIRECTION('',(-0.562083377852,0.827080574275));
#884 = ( GEOMETRIC_REPRESENTATION_CONTEXT(2) 
PARAMETRIC_REPRESENTATION_CONTEXT() REPRESENTATION_CONTEXT('2D SPACE',''
  ) );
#885 = PCURVE('',#460,#886);
#886 = DEFINITIONAL_REPRESENTATION('',(#887),#891);
#887 = LINE('',#888,#889);
#888 = CARTESIAN_POINT('',(0.,0.));
#889 = VECTOR('',#890,1.);
#890 = DIRECTION('',(1.,0.));
#891 = ( GEOMETRIC_REPRESENTATION_CONTEXT(2) 
PARAMETRIC_REPRESENTATION_CONTEXT() REPRESENTATION_CONTEXT('2D SPACE',''
  ) );
#892 = ORIENTED_EDGE('',*,*,#893,.F.);
#893 = EDGE_CURVE('',#894,#871,#896,.T.);
#894 = VERTEX_POINT('',#895);
#895 = CARTESIAN_POINT('',(154.,43.443725168471,-5.058750400669));
#896 = SURFACE_CURVE('',#897,(#902,#909),.PCURVE_S1.);
#897 = CIRCLE('',#898,9.);
#898 = AXIS2_PLACEMENT_3D('',#899,#900,#901);
#899 = CARTESIAN_POINT('',(154.,36.,-1.887379141863E-15));
#900 = DIRECTION('',(1.,0.,0.));
#901 = DIRECTION('',(0.,0.827080574275,-0.562083377852));
#902 = PCURVE('',#128,#903);
#903 = DEFINITIONAL_REPRESENTATION('',(#904),#908);
#904 = CIRCLE('',#905,9.);
#905 = AXIS2_PLACEMENT_2D('',#906,#907);
#906 = CARTESIAN_POINT('',(0.,0.));
#907 = DIRECTION('',(0.562083377852,0.827080574275));
#908 = ( GEOMETRIC_REPRESENTATION_CONTEXT(2) 
PARAMETRIC_REPRESENTATION_CONTEXT() REPRESENTATION_CONTEXT('2D SPACE',''
  ) );
#909 = PCURVE('',#493,#910);
#910 = DEFINITIONAL_REPRESENTATION('',(#911),#915);
#911 = LINE('',#912,#913);
#912 = CARTESIAN_POINT('',(0.973893722613,1.));
#913 = VECTOR('',#914,1.);
#914 = DIRECTION('',(1.,0.));
#915 = ( GEOMETRIC_REPRESENTATION_CONTEXT(2) 
PARAMETRIC_REPRESENTATION_CONTEXT() REPRESENTATION_CONTEXT('2D SPACE',''
  ) );
#916 = ORIENTED_EDGE('',*,*,#917,.F.);
#917 = EDGE_CURVE('',#918,#894,#920,.T.);
#918 = VERTEX_POINT('',#919);
#919 = CARTESIAN_POINT('',(154.,45.09788631702,-6.182917156374));
#920 = SURFACE_CURVE('',#921,(#925,#932),.PCURVE_S1.);
#921 = LINE('',#922,#923);
#922 = CARTESIAN_POINT('',(154.,50.889718113131,-10.11904198044));
#923 = VECTOR('',#924,1.);
#924 = DIRECTION('',(0.,-0.827080574275,0.562083377852));
#925 = PCURVE('',#128,#926);
#926 = DEFINITIONAL_REPRESENTATION('',(#927),#931);
#927 = LINE('',#928,#929);
#928 = CARTESIAN_POINT('',(10.119041980445,14.889718113131));
#929 = VECTOR('',#930,1.);
#930 = DIRECTION('',(-0.562083377852,-0.827080574275));
#931 = ( GEOMETRIC_REPRESENTATION_CONTEXT(2) 
PARAMETRIC_REPRESENTATION_CONTEXT() REPRESENTATION_CONTEXT('2D SPACE',''
  ) );
#932 = PCURVE('',#521,#933);
#933 = DEFINITIONAL_REPRESENTATION('',(#934),#938);
#934 = LINE('',#935,#936);
#935 = CARTESIAN_POINT('',(0.,0.));
#936 = VECTOR('',#937,1.);
#937 = DIRECTION('',(1.,0.));
#938 = ( GEOMETRIC_REPRESENTATION_CONTEXT(2) 
PARAMETRIC_REPRESENTATION_CONTEXT() REPRESENTATION_CONTEXT('2D SPACE',''
  ) );
#939 = ORIENTED_EDGE('',*,*,#940,.F.);
#940 = EDGE_CURVE('',#941,#918,#943,.T.);
#941 = VERTEX_POINT('',#942);
#942 = CARTESIAN_POINT('',(154.,26.90211368298,-6.182917156374));
#943 = SURFACE_CURVE('',#944,(#949,#956),.PCURVE_S1.);
#944 = CIRCLE('',#945,11.);
#945 = AXIS2_PLACEMENT_3D('',#946,#947,#948);
#946 = CARTESIAN_POINT('',(154.,36.,-1.887379141863E-15));
#947 = DIRECTION('',(1.,0.,0.));
#948 = DIRECTION('',(0.,-0.827080574275,-0.562083377852));
#949 = PCURVE('',#128,#950);
#950 = DEFINITIONAL_REPRESENTATION('',(#951),#955);
#951 = CIRCLE('',#952,11.);
#952 = AXIS2_PLACEMENT_2D('',#953,#954);
#953 = CARTESIAN_POINT('',(0.,0.));
#954 = DIRECTION('',(0.562083377852,-0.827080574275));
#955 = ( GEOMETRIC_REPRESENTATION_CONTEXT(2) 
PARAMETRIC_REPRESENTATION_CONTEXT() REPRESENTATION_CONTEXT('2D SPACE',''
  ) );
#956 = PCURVE('',#554,#957);
#957 = DEFINITIONAL_REPRESENTATION('',(#958),#962);
#958 = LINE('',#959,#960);
#959 = CARTESIAN_POINT('',(5.309291584567,1.));
#960 = VECTOR('',#961,1.);
#961 = DIRECTION('',(1.,0.));
#962 = ( GEOMETRIC_REPRESENTATION_CONTEXT(2) 
PARAMETRIC_REPRESENTATION_CONTEXT() REPRESENTATION_CONTEXT('2D SPACE',''
  ) );
#963 = ORIENTED_EDGE('',*,*,#964,.F.);
#964 = EDGE_CURVE('',#800,#941,#965,.T.);
#965 = SURFACE_CURVE('',#966,(#970,#977),.PCURVE_S1.);
#966 = LINE('',#967,#968);
#967 = CARTESIAN_POINT('',(154.,36.,0.));
#968 = VECTOR('',#969,1.);
#969 = DIRECTION('',(0.,-0.827080574275,-0.562083377852));
#970 = PCURVE('',#128,#971);
#971 = DEFINITIONAL_REPRESENTATION('',(#972),#976);
#972 = LINE('',#973,#974);
#973 = CARTESIAN_POINT('',(-1.887379141863E-15,0.));
#974 = VECTOR('',#975,1.);
#975 = DIRECTION('',(0.562083377852,-0.827080574275));
#976 = ( GEOMETRIC_REPRESENTATION_CONTEXT(2) 
PARAMETRIC_REPRESENTATION_CONTEXT() REPRESENTATION_CONTEXT('2D SPACE',''
  ) );
#977 = PCURVE('',#582,#978);
#978 = DEFINITIONAL_REPRESENTATION('',(#979),#983);
#979 = LINE('',#980,#981);
#980 = CARTESIAN_POINT('',(0.,0.));
#981 = VECTOR('',#982,1.);
#982 = DIRECTION('',(1.,0.));
#983 = ( GEOMETRIC_REPRESENTATION_CONTEXT(2) 
PARAMETRIC_REPRESENTATION_CONTEXT() REPRESENTATION_CONTEXT('2D SPACE',''
  ) );
#984 = ADVANCED_FACE('',(#985),#182,.T.);
#985 = FACE_BOUND('',#986,.T.);
#986 = EDGE_LOOP('',(#987,#988,#989,#990));
#987 = ORIENTED_EDGE('',*,*,#220,.F.);
#988 = ORIENTED_EDGE('',*,*,#166,.F.);
#989 = ORIENTED_EDGE('',*,*,#677,.T.);
#990 = ORIENTED_EDGE('',*,*,#991,.T.);
#991 = EDGE_CURVE('',#678,#221,#992,.T.);
#992 = SURFACE_CURVE('',#993,(#997,#1003),.PCURVE_S1.);
#993 = LINE('',#994,#995);
#994 = CARTESIAN_POINT('',(154.,44.642748019537,5.030199466302));
#995 = VECTOR('',#996,1.);
#996 = DIRECTION('',(1.,0.,2.22044604925E-16));
#997 = PCURVE('',#182,#998);
#998 = DEFINITIONAL_REPRESENTATION('',(#999),#1002);
#999 = B_SPLINE_CURVE_WITH_KNOTS('',1,(#1000,#1001),.UNSPECIFIED.,.F.,
  .F.,(2,2),(-5.999999928008E-07,17.0000006),.PIECEWISE_BEZIER_KNOTS.);
#1000 = CARTESIAN_POINT('',(2.097885760897,-5.999999916839E-07));
#1001 = CARTESIAN_POINT('',(2.097885760897,17.0000006));
#1002 = ( GEOMETRIC_REPRESENTATION_CONTEXT(2) 
PARAMETRIC_REPRESENTATION_CONTEXT() REPRESENTATION_CONTEXT('2D SPACE',''
  ) );
#1003 = PCURVE('',#260,#1004);
#1004 = DEFINITIONAL_REPRESENTATION('',(#1005),#1009);
#1005 = LINE('',#1006,#1007);
#1006 = CARTESIAN_POINT('',(8.00274190479,0.));
#1007 = VECTOR('',#1008,1.);
#1008 = DIRECTION('',(-1.116928653189E-16,-1.));
#1009 = ( GEOMETRIC_REPRESENTATION_CONTEXT(2) 
PARAMETRIC_REPRESENTATION_CONTEXT() REPRESENTATION_CONTEXT('2D SPACE',''
  ) );
#1010 = ADVANCED_FACE('',(#1011),#260,.T.);
#1011 = FACE_BOUND('',#1012,.T.);
#1012 = EDGE_LOOP('',(#1013,#1014,#1033,#1034));
#1013 = ORIENTED_EDGE('',*,*,#701,.F.);
#1014 = ORIENTED_EDGE('',*,*,#1015,.T.);
#1015 = EDGE_CURVE('',#702,#245,#1016,.T.);
#1016 = SURFACE_CURVE('',#1017,(#1021,#1027),.PCURVE_S1.);
#1017 = LINE('',#1018,#1019);
#1018 = CARTESIAN_POINT('',(154.,47.235572425398,6.539259306193));
#1019 = VECTOR('',#1020,1.);
#1020 = DIRECTION('',(1.,0.,2.22044604925E-16));
#1021 = PCURVE('',#260,#1022);
#1022 = DEFINITIONAL_REPRESENTATION('',(#1023),#1026);
#1023 = B_SPLINE_CURVE_WITH_KNOTS('',1,(#1024,#1025),.UNSPECIFIED.,.F.,
  .F.,(2,2),(-5.999999928008E-07,17.0000006),.PIECEWISE_BEZIER_KNOTS.);
#1024 = CARTESIAN_POINT('',(5.00274190479,5.999999928008E-07));
#1025 = CARTESIAN_POINT('',(5.00274190479,-17.0000006));
#1026 = ( GEOMETRIC_REPRESENTATION_CONTEXT(2) 
PARAMETRIC_REPRESENTATION_CONTEXT() REPRESENTATION_CONTEXT('2D SPACE',''
  ) );
#1027 = PCURVE('',#293,#1028);
#1028 = DEFINITIONAL_REPRESENTATION('',(#1029),#1032);
#1029 = B_SPLINE_CURVE_WITH_KNOTS('',1,(#1030,#1031),.UNSPECIFIED.,.F.,
  .F.,(2,2),(-5.999999928008E-07,17.0000006),.PIECEWISE_BEZIER_KNOTS.);
#1030 = CARTESIAN_POINT('',(2.097885760897,-5.999999913488E-07));
#1031 = CARTESIAN_POINT('',(2.097885760897,17.0000006));
#1032 = ( GEOMETRIC_REPRESENTATION_CONTEXT(2) 
PARAMETRIC_REPRESENTATION_CONTEXT() REPRESENTATION_CONTEXT('2D SPACE',''
  ) );
#1033 = ORIENTED_EDGE('',*,*,#244,.T.);
#1034 = ORIENTED_EDGE('',*,*,#991,.F.);
#1035 = ADVANCED_FACE('',(#1036,#1060),#293,.T.);
#1036 = FACE_BOUND('',#1037,.T.);
#1037 = EDGE_LOOP('',(#1038,#1057,#1058,#1059));
#1038 = ORIENTED_EDGE('',*,*,#1039,.T.);
#1039 = EDGE_CURVE('',#725,#273,#1040,.T.);
#1040 = SURFACE_CURVE('',#1041,(#1045,#1051),.PCURVE_S1.);
#1041 = LINE('',#1042,#1043);
#1042 = CARTESIAN_POINT('',(154.,24.764427574602,6.539259306193));
#1043 = VECTOR('',#1044,1.);
#1044 = DIRECTION('',(1.,0.,2.22044604925E-16));
#1045 = PCURVE('',#293,#1046);
#1046 = DEFINITIONAL_REPRESENTATION('',(#1047),#1050);
#1047 = B_SPLINE_CURVE_WITH_KNOTS('',1,(#1048,#1049),.UNSPECIFIED.,.F.,
  .F.,(2,2),(-5.999999928008E-07,17.0000006),.PIECEWISE_BEZIER_KNOTS.);
#1048 = CARTESIAN_POINT('',(4.185299546282,-5.999999913488E-07));
#1049 = CARTESIAN_POINT('',(4.185299546282,17.0000006));
#1050 = ( GEOMETRIC_REPRESENTATION_CONTEXT(2) 
PARAMETRIC_REPRESENTATION_CONTEXT() REPRESENTATION_CONTEXT('2D SPACE',''
  ) );
#1051 = PCURVE('',#321,#1052);
#1052 = DEFINITIONAL_REPRESENTATION('',(#1053),#1056);
#1053 = B_SPLINE_CURVE_WITH_KNOTS('',1,(#1054,#1055),.UNSPECIFIED.,.F.,
  .F.,(2,2),(-5.999999928008E-07,17.0000006),.PIECEWISE_BEZIER_KNOTS.);
#1054 = CARTESIAN_POINT('',(13.,5.999999928008E-07));
#1055 = CARTESIAN_POINT('',(13.,-17.0000006));
#1056 = ( GEOMETRIC_REPRESENTATION_CONTEXT(2) 
PARAMETRIC_REPRESENTATION_CONTEXT() REPRESENTATION_CONTEXT('2D SPACE',''
  ) );
#1057 = ORIENTED_EDGE('',*,*,#272,.T.);
#1058 = ORIENTED_EDGE('',*,*,#1015,.F.);
#1059 = ORIENTED_EDGE('',*,*,#724,.T.);
#1060 = FACE_BOUND('',#1061,.T.);
#1061 = EDGE_LOOP('',(#1062,#1093,#1119,#1148));
#1062 = ORIENTED_EDGE('',*,*,#1063,.F.);
#1063 = EDGE_CURVE('',#1064,#1066,#1068,.T.);
#1064 = VERTEX_POINT('',#1065);
#1065 = CARTESIAN_POINT('',(158.5,38.5,12.757350822173));
#1066 = VERTEX_POINT('',#1067);
#1067 = CARTESIAN_POINT('',(158.5,33.5,12.757350822173));
#1068 = SURFACE_CURVE('',#1069,(#1074,#1081),.PCURVE_S1.);
#1069 = CIRCLE('',#1070,13.);
#1070 = AXIS2_PLACEMENT_3D('',#1071,#1072,#1073);
#1071 = CARTESIAN_POINT('',(158.5,36.,-8.881784197001E-16));
#1072 = DIRECTION('',(1.,0.,2.22044604925E-16));
#1073 = DIRECTION('',(2.22044604925E-16,0.,-1.));
#1074 = PCURVE('',#293,#1075);
#1075 = DEFINITIONAL_REPRESENTATION('',(#1076),#1080);
#1076 = LINE('',#1077,#1078);
#1077 = CARTESIAN_POINT('',(0.,4.5));
#1078 = VECTOR('',#1079,1.);
#1079 = DIRECTION('',(1.,0.));
#1080 = ( GEOMETRIC_REPRESENTATION_CONTEXT(2) 
PARAMETRIC_REPRESENTATION_CONTEXT() REPRESENTATION_CONTEXT('2D SPACE',''
  ) );
#1081 = PCURVE('',#1082,#1087);
#1082 = PLANE('',#1083);
#1083 = AXIS2_PLACEMENT_3D('',#1084,#1085,#1086);
#1084 = CARTESIAN_POINT('',(158.5,33.5,12.5));
#1085 = DIRECTION('',(1.,0.,-0.));
#1086 = DIRECTION('',(0.,0.,1.));
#1087 = DEFINITIONAL_REPRESENTATION('',(#1088),#1092);
#1088 = CIRCLE('',#1089,13.);
#1089 = AXIS2_PLACEMENT_2D('',#1090,#1091);
#1090 = CARTESIAN_POINT('',(-12.5,-2.5));
#1091 = DIRECTION('',(-1.,0.));
#1092 = ( GEOMETRIC_REPRESENTATION_CONTEXT(2) 
PARAMETRIC_REPRESENTATION_CONTEXT() REPRESENTATION_CONTEXT('2D SPACE',''
  ) );
#1093 = ORIENTED_EDGE('',*,*,#1094,.T.);
#1094 = EDGE_CURVE('',#1064,#1095,#1097,.T.);
#1095 = VERTEX_POINT('',#1096);
#1096 = CARTESIAN_POINT('',(166.5,38.5,12.757350822173));
#1097 = SURFACE_CURVE('',#1098,(#1102,#1108),.PCURVE_S1.);
#1098 = LINE('',#1099,#1100);
#1099 = CARTESIAN_POINT('',(154.,38.5,12.757350822173));
#1100 = VECTOR('',#1101,1.);
#1101 = DIRECTION('',(1.,0.,2.22044604925E-16));
#1102 = PCURVE('',#293,#1103);
#1103 = DEFINITIONAL_REPRESENTATION('',(#1104),#1107);
#1104 = B_SPLINE_CURVE_WITH_KNOTS('',1,(#1105,#1106),.UNSPECIFIED.,.F.,
  .F.,(2,2),(3.7,13.3),.PIECEWISE_BEZIER_KNOTS.);
#1105 = CARTESIAN_POINT('',(2.948079461079,3.7));
#1106 = CARTESIAN_POINT('',(2.948079461079,13.3));
#1107 = ( GEOMETRIC_REPRESENTATION_CONTEXT(2) 
PARAMETRIC_REPRESENTATION_CONTEXT() REPRESENTATION_CONTEXT('2D SPACE',''
  ) );
#1108 = PCURVE('',#1109,#1114);
#1109 = PLANE('',#1110);
#1110 = AXIS2_PLACEMENT_3D('',#1111,#1112,#1113);
#1111 = CARTESIAN_POINT('',(158.5,38.5,12.5));
#1112 = DIRECTION('',(-0.,1.,0.));
#1113 = DIRECTION('',(0.,0.,1.));
#1114 = DEFINITIONAL_REPRESENTATION('',(#1115),#1118);
#1115 = B_SPLINE_CURVE_WITH_KNOTS('',1,(#1116,#1117),.UNSPECIFIED.,.F.,
  .F.,(2,2),(3.7,13.3),.PIECEWISE_BEZIER_KNOTS.);
#1116 = CARTESIAN_POINT('',(0.257350822173,-0.8));
#1117 = CARTESIAN_POINT('',(0.257350822173,8.8));
#1118 = ( GEOMETRIC_REPRESENTATION_CONTEXT(2) 
PARAMETRIC_REPRESENTATION_CONTEXT() REPRESENTATION_CONTEXT('2D SPACE',''
  ) );
#1119 = ORIENTED_EDGE('',*,*,#1120,.T.);
#1120 = EDGE_CURVE('',#1095,#1121,#1123,.T.);
#1121 = VERTEX_POINT('',#1122);
#1122 = CARTESIAN_POINT('',(166.5,33.5,12.757350822173));
#1123 = SURFACE_CURVE('',#1124,(#1129,#1136),.PCURVE_S1.);
#1124 = CIRCLE('',#1125,13.);
#1125 = AXIS2_PLACEMENT_3D('',#1126,#1127,#1128);
#1126 = CARTESIAN_POINT('',(166.5,36.,8.881784197001E-16));
#1127 = DIRECTION('',(1.,0.,2.22044604925E-16));
#1128 = DIRECTION('',(2.22044604925E-16,0.,-1.));
#1129 = PCURVE('',#293,#1130);
#1130 = DEFINITIONAL_REPRESENTATION('',(#1131),#1135);
#1131 = LINE('',#1132,#1133);
#1132 = CARTESIAN_POINT('',(0.,12.5));
#1133 = VECTOR('',#1134,1.);
#1134 = DIRECTION('',(1.,0.));
#1135 = ( GEOMETRIC_REPRESENTATION_CONTEXT(2) 
PARAMETRIC_REPRESENTATION_CONTEXT() REPRESENTATION_CONTEXT('2D SPACE',''
  ) );
#1136 = PCURVE('',#1137,#1142);
#1137 = PLANE('',#1138);
#1138 = AXIS2_PLACEMENT_3D('',#1139,#1140,#1141);
#1139 = CARTESIAN_POINT('',(166.5,33.5,12.5));
#1140 = DIRECTION('',(1.,0.,-0.));
#1141 = DIRECTION('',(0.,0.,1.));
#1142 = DEFINITIONAL_REPRESENTATION('',(#1143),#1147);
#1143 = CIRCLE('',#1144,13.);
#1144 = AXIS2_PLACEMENT_2D('',#1145,#1146);
#1145 = CARTESIAN_POINT('',(-12.5,-2.5));
#1146 = DIRECTION('',(-1.,0.));
#1147 = ( GEOMETRIC_REPRESENTATION_CONTEXT(2) 
PARAMETRIC_REPRESENTATION_CONTEXT() REPRESENTATION_CONTEXT('2D SPACE',''
  ) );
#1148 = ORIENTED_EDGE('',*,*,#1149,.F.);
#1149 = EDGE_CURVE('',#1066,#1121,#1150,.T.);
#1150 = SURFACE_CURVE('',#1151,(#1155,#1161),.PCURVE_S1.);
#1151 = LINE('',#1152,#1153);
#1152 = CARTESIAN_POINT('',(154.,33.5,12.757350822173));
#1153 = VECTOR('',#1154,1.);
#1154 = DIRECTION('',(1.,0.,2.22044604925E-16));
#1155 = PCURVE('',#293,#1156);
#1156 = DEFINITIONAL_REPRESENTATION('',(#1157),#1160);
#1157 = B_SPLINE_CURVE_WITH_KNOTS('',1,(#1158,#1159),.UNSPECIFIED.,.F.,
  .F.,(2,2),(3.7,13.3),.PIECEWISE_BEZIER_KNOTS.);
#1158 = CARTESIAN_POINT('',(3.335105846101,3.7));
#1159 = CARTESIAN_POINT('',(3.335105846101,13.3));
#1160 = ( GEOMETRIC_REPRESENTATION_CONTEXT(2) 
PARAMETRIC_REPRESENTATION_CONTEXT() REPRESENTATION_CONTEXT('2D SPACE',''
  ) );
#1161 = PCURVE('',#1162,#1167);
#1162 = PLANE('',#1163);
#1163 = AXIS2_PLACEMENT_3D('',#1164,#1165,#1166);
#1164 = CARTESIAN_POINT('',(158.5,33.5,12.5));
#1165 = DIRECTION('',(-0.,1.,0.));
#1166 = DIRECTION('',(0.,0.,1.));
#1167 = DEFINITIONAL_REPRESENTATION('',(#1168),#1171);
#1168 = B_SPLINE_CURVE_WITH_KNOTS('',1,(#1169,#1170),.UNSPECIFIED.,.F.,
  .F.,(2,2),(3.7,13.3),.PIECEWISE_BEZIER_KNOTS.);
#1169 = CARTESIAN_POINT('',(0.257350822173,-0.8));
#1170 = CARTESIAN_POINT('',(0.257350822173,8.8));
#1171 = ( GEOMETRIC_REPRESENTATION_CONTEXT(2) 
PARAMETRIC_REPRESENTATION_CONTEXT() REPRESENTATION_CONTEXT('2D SPACE',''
  ) );
#1172 = ADVANCED_FACE('',(#1173),#321,.T.);
#1173 = FACE_BOUND('',#1174,.T.);
#1174 = EDGE_LOOP('',(#1175,#1176,#1196,#1197));
#1175 = ORIENTED_EDGE('',*,*,#748,.F.);
#1176 = ORIENTED_EDGE('',*,*,#1177,.T.);
#1177 = EDGE_CURVE('',#749,#306,#1178,.T.);
#1178 = SURFACE_CURVE('',#1179,(#1183,#1190),.PCURVE_S1.);
#1179 = LINE('',#1180,#1181);
#1180 = CARTESIAN_POINT('',(154.,27.357251980463,5.030199466302));
#1181 = VECTOR('',#1182,1.);
#1182 = DIRECTION('',(1.,0.,2.22044604925E-16));
#1183 = PCURVE('',#321,#1184);
#1184 = DEFINITIONAL_REPRESENTATION('',(#1185),#1189);
#1185 = LINE('',#1186,#1187);
#1186 = CARTESIAN_POINT('',(10.,0.));
#1187 = VECTOR('',#1188,1.);
#1188 = DIRECTION('',(1.116928653189E-16,-1.));
#1189 = ( GEOMETRIC_REPRESENTATION_CONTEXT(2) 
PARAMETRIC_REPRESENTATION_CONTEXT() REPRESENTATION_CONTEXT('2D SPACE',''
  ) );
#1190 = PCURVE('',#350,#1191);
#1191 = DEFINITIONAL_REPRESENTATION('',(#1192),#1195);
#1192 = B_SPLINE_CURVE_WITH_KNOTS('',1,(#1193,#1194),.UNSPECIFIED.,.F.,
  .F.,(2,2),(-5.999999928008E-07,17.0000006),.PIECEWISE_BEZIER_KNOTS.);
#1193 = CARTESIAN_POINT('',(4.185299546282,-5.999999916839E-07));
#1194 = CARTESIAN_POINT('',(4.185299546282,17.0000006));
#1195 = ( GEOMETRIC_REPRESENTATION_CONTEXT(2) 
PARAMETRIC_REPRESENTATION_CONTEXT() REPRESENTATION_CONTEXT('2D SPACE',''
  ) );
#1196 = ORIENTED_EDGE('',*,*,#305,.T.);
#1197 = ORIENTED_EDGE('',*,*,#1039,.F.);
#1198 = ADVANCED_FACE('',(#1199),#350,.T.);
#1199 = FACE_BOUND('',#1200,.T.);
#1200 = EDGE_LOOP('',(#1201,#1202,#1203,#1204));
#1201 = ORIENTED_EDGE('',*,*,#333,.F.);
#1202 = ORIENTED_EDGE('',*,*,#1177,.F.);
#1203 = ORIENTED_EDGE('',*,*,#771,.T.);
#1204 = ORIENTED_EDGE('',*,*,#653,.T.);
#1205 = ADVANCED_FACE('',(#1206),#403,.T.);
#1206 = FACE_BOUND('',#1207,.T.);
#1207 = EDGE_LOOP('',(#1208,#1209,#1229,#1230));
#1208 = ORIENTED_EDGE('',*,*,#823,.F.);
#1209 = ORIENTED_EDGE('',*,*,#1210,.T.);
#1210 = EDGE_CURVE('',#824,#386,#1211,.T.);
#1211 = SURFACE_CURVE('',#1212,(#1216,#1223),.PCURVE_S1.);
#1212 = LINE('',#1213,#1214);
#1213 = CARTESIAN_POINT('',(153.,26.90211368298,6.182917156373));
#1214 = VECTOR('',#1215,1.);
#1215 = DIRECTION('',(1.,0.,2.22044604925E-16));
#1216 = PCURVE('',#403,#1217);
#1217 = DEFINITIONAL_REPRESENTATION('',(#1218),#1222);
#1218 = LINE('',#1219,#1220);
#1219 = CARTESIAN_POINT('',(7.00274190479,1.));
#1220 = VECTOR('',#1221,1.);
#1221 = DIRECTION('',(-1.248075815701E-16,-1.));
#1222 = ( GEOMETRIC_REPRESENTATION_CONTEXT(2) 
PARAMETRIC_REPRESENTATION_CONTEXT() REPRESENTATION_CONTEXT('2D SPACE',''
  ) );
#1223 = PCURVE('',#432,#1224);
#1224 = DEFINITIONAL_REPRESENTATION('',(#1225),#1228);
#1225 = B_SPLINE_CURVE_WITH_KNOTS('',1,(#1226,#1227),.UNSPECIFIED.,.F.,
  .F.,(2,2),(0.9999994,18.0000006),.PIECEWISE_BEZIER_KNOTS.);
#1226 = CARTESIAN_POINT('',(4.115486376203,0.9999994));
#1227 = CARTESIAN_POINT('',(4.115486376203,18.0000006));
#1228 = ( GEOMETRIC_REPRESENTATION_CONTEXT(2) 
PARAMETRIC_REPRESENTATION_CONTEXT() REPRESENTATION_CONTEXT('2D SPACE',''
  ) );
#1229 = ORIENTED_EDGE('',*,*,#385,.T.);
#1230 = ORIENTED_EDGE('',*,*,#1231,.F.);
#1231 = EDGE_CURVE('',#798,#388,#1232,.T.);
#1232 = SURFACE_CURVE('',#1233,(#1237,#1243),.PCURVE_S1.);
#1233 = LINE('',#1234,#1235);
#1234 = CARTESIAN_POINT('',(153.,28.556274831529,5.058750400669));
#1235 = VECTOR('',#1236,1.);
#1236 = DIRECTION('',(1.,0.,2.22044604925E-16));
#1237 = PCURVE('',#403,#1238);
#1238 = DEFINITIONAL_REPRESENTATION('',(#1239),#1242);
#1239 = B_SPLINE_CURVE_WITH_KNOTS('',1,(#1240,#1241),.UNSPECIFIED.,.F.,
  .F.,(2,2),(0.9999994,18.0000006),.PIECEWISE_BEZIER_KNOTS.);
#1240 = CARTESIAN_POINT('',(9.00274190479,5.999999928008E-07));
#1241 = CARTESIAN_POINT('',(9.00274190479,-17.0000006));
#1242 = ( GEOMETRIC_REPRESENTATION_CONTEXT(2) 
PARAMETRIC_REPRESENTATION_CONTEXT() REPRESENTATION_CONTEXT('2D SPACE',''
  ) );
#1243 = PCURVE('',#613,#1244);
#1244 = DEFINITIONAL_REPRESENTATION('',(#1245),#1248);
#1245 = B_SPLINE_CURVE_WITH_KNOTS('',1,(#1246,#1247),.UNSPECIFIED.,.F.,
  .F.,(2,2),(0.9999994,18.0000006),.PIECEWISE_BEZIER_KNOTS.);
#1246 = CARTESIAN_POINT('',(4.115486376203,0.9999994));
#1247 = CARTESIAN_POINT('',(4.115486376203,18.0000006));
#1248 = ( GEOMETRIC_REPRESENTATION_CONTEXT(2) 
PARAMETRIC_REPRESENTATION_CONTEXT() REPRESENTATION_CONTEXT('2D SPACE',''
  ) );
#1249 = ADVANCED_FACE('',(#1250),#432,.F.);
#1250 = FACE_BOUND('',#1251,.F.);
#1251 = EDGE_LOOP('',(#1252,#1253,#1273,#1274));
#1252 = ORIENTED_EDGE('',*,*,#415,.F.);
#1253 = ORIENTED_EDGE('',*,*,#1254,.F.);
#1254 = EDGE_CURVE('',#847,#416,#1255,.T.);
#1255 = SURFACE_CURVE('',#1256,(#1260,#1266),.PCURVE_S1.);
#1256 = LINE('',#1257,#1258);
#1257 = CARTESIAN_POINT('',(153.,45.09788631702,6.182917156373));
#1258 = VECTOR('',#1259,1.);
#1259 = DIRECTION('',(1.,0.,2.22044604925E-16));
#1260 = PCURVE('',#432,#1261);
#1261 = DEFINITIONAL_REPRESENTATION('',(#1262),#1265);
#1262 = B_SPLINE_CURVE_WITH_KNOTS('',1,(#1263,#1264),.UNSPECIFIED.,.F.,
  .F.,(2,2),(0.9999994,18.0000006),.PIECEWISE_BEZIER_KNOTS.);
#1263 = CARTESIAN_POINT('',(2.167698930977,0.9999994));
#1264 = CARTESIAN_POINT('',(2.167698930977,18.0000006));
#1265 = ( GEOMETRIC_REPRESENTATION_CONTEXT(2) 
PARAMETRIC_REPRESENTATION_CONTEXT() REPRESENTATION_CONTEXT('2D SPACE',''
  ) );
#1266 = PCURVE('',#460,#1267);
#1267 = DEFINITIONAL_REPRESENTATION('',(#1268),#1272);
#1268 = LINE('',#1269,#1270);
#1269 = CARTESIAN_POINT('',(11.,1.));
#1270 = VECTOR('',#1271,1.);
#1271 = DIRECTION('',(1.248075815701E-16,-1.));
#1272 = ( GEOMETRIC_REPRESENTATION_CONTEXT(2) 
PARAMETRIC_REPRESENTATION_CONTEXT() REPRESENTATION_CONTEXT('2D SPACE',''
  ) );
#1273 = ORIENTED_EDGE('',*,*,#846,.T.);
#1274 = ORIENTED_EDGE('',*,*,#1210,.T.);
#1275 = ADVANCED_FACE('',(#1276),#460,.T.);
#1276 = FACE_BOUND('',#1277,.T.);
#1277 = EDGE_LOOP('',(#1278,#1279,#1298,#1299));
#1278 = ORIENTED_EDGE('',*,*,#870,.F.);
#1279 = ORIENTED_EDGE('',*,*,#1280,.T.);
#1280 = EDGE_CURVE('',#871,#445,#1281,.T.);
#1281 = SURFACE_CURVE('',#1282,(#1286,#1292),.PCURVE_S1.);
#1282 = LINE('',#1283,#1284);
#1283 = CARTESIAN_POINT('',(153.,43.443725168471,5.058750400669));
#1284 = VECTOR('',#1285,1.);
#1285 = DIRECTION('',(1.,0.,2.22044604925E-16));
#1286 = PCURVE('',#460,#1287);
#1287 = DEFINITIONAL_REPRESENTATION('',(#1288),#1291);
#1288 = B_SPLINE_CURVE_WITH_KNOTS('',1,(#1289,#1290),.UNSPECIFIED.,.F.,
  .F.,(2,2),(0.9999994,18.0000006),.PIECEWISE_BEZIER_KNOTS.);
#1289 = CARTESIAN_POINT('',(9.,5.999999928008E-07));
#1290 = CARTESIAN_POINT('',(9.,-17.0000006));
#1291 = ( GEOMETRIC_REPRESENTATION_CONTEXT(2) 
PARAMETRIC_REPRESENTATION_CONTEXT() REPRESENTATION_CONTEXT('2D SPACE',''
  ) );
#1292 = PCURVE('',#493,#1293);
#1293 = DEFINITIONAL_REPRESENTATION('',(#1294),#1297);
#1294 = B_SPLINE_CURVE_WITH_KNOTS('',1,(#1295,#1296),.UNSPECIFIED.,.F.,
  .F.,(2,2),(0.9999994,18.0000006),.PIECEWISE_BEZIER_KNOTS.);
#1295 = CARTESIAN_POINT('',(2.167698930977,0.9999994));
#1296 = CARTESIAN_POINT('',(2.167698930977,18.0000006));
#1297 = ( GEOMETRIC_REPRESENTATION_CONTEXT(2) 
PARAMETRIC_REPRESENTATION_CONTEXT() REPRESENTATION_CONTEXT('2D SPACE',''
  ) );
#1298 = ORIENTED_EDGE('',*,*,#444,.T.);
#1299 = ORIENTED_EDGE('',*,*,#1254,.F.);
#1300 = ADVANCED_FACE('',(#1301),#493,.F.);
#1301 = FACE_BOUND('',#1302,.F.);
#1302 = EDGE_LOOP('',(#1303,#1322,#1323,#1324));
#1303 = ORIENTED_EDGE('',*,*,#1304,.F.);
#1304 = EDGE_CURVE('',#894,#473,#1305,.T.);
#1305 = SURFACE_CURVE('',#1306,(#1310,#1316),.PCURVE_S1.);
#1306 = LINE('',#1307,#1308);
#1307 = CARTESIAN_POINT('',(153.,43.443725168471,-5.058750400669));
#1308 = VECTOR('',#1309,1.);
#1309 = DIRECTION('',(1.,0.,2.22044604925E-16));
#1310 = PCURVE('',#493,#1311);
#1311 = DEFINITIONAL_REPRESENTATION('',(#1312),#1315);
#1312 = B_SPLINE_CURVE_WITH_KNOTS('',1,(#1313,#1314),.UNSPECIFIED.,.F.,
  .F.,(2,2),(0.9999994,18.0000006),.PIECEWISE_BEZIER_KNOTS.);
#1313 = CARTESIAN_POINT('',(0.973893722613,0.9999994));
#1314 = CARTESIAN_POINT('',(0.973893722613,18.0000006));
#1315 = ( GEOMETRIC_REPRESENTATION_CONTEXT(2) 
PARAMETRIC_REPRESENTATION_CONTEXT() REPRESENTATION_CONTEXT('2D SPACE',''
  ) );
#1316 = PCURVE('',#521,#1317);
#1317 = DEFINITIONAL_REPRESENTATION('',(#1318),#1321);
#1318 = B_SPLINE_CURVE_WITH_KNOTS('',1,(#1319,#1320),.UNSPECIFIED.,.F.,
  .F.,(2,2),(0.9999994,18.0000006),.PIECEWISE_BEZIER_KNOTS.);
#1319 = CARTESIAN_POINT('',(9.00274190479,5.999999928008E-07));
#1320 = CARTESIAN_POINT('',(9.00274190479,-17.0000006));
#1321 = ( GEOMETRIC_REPRESENTATION_CONTEXT(2) 
PARAMETRIC_REPRESENTATION_CONTEXT() REPRESENTATION_CONTEXT('2D SPACE',''
  ) );
#1322 = ORIENTED_EDGE('',*,*,#893,.T.);
#1323 = ORIENTED_EDGE('',*,*,#1280,.T.);
#1324 = ORIENTED_EDGE('',*,*,#472,.T.);
#1325 = ADVANCED_FACE('',(#1326),#521,.T.);
#1326 = FACE_BOUND('',#1327,.T.);
#1327 = EDGE_LOOP('',(#1328,#1329,#1349,#1350));
#1328 = ORIENTED_EDGE('',*,*,#917,.F.);
#1329 = ORIENTED_EDGE('',*,*,#1330,.T.);
#1330 = EDGE_CURVE('',#918,#506,#1331,.T.);
#1331 = SURFACE_CURVE('',#1332,(#1336,#1343),.PCURVE_S1.);
#1332 = LINE('',#1333,#1334);
#1333 = CARTESIAN_POINT('',(153.,45.09788631702,-6.182917156373));
#1334 = VECTOR('',#1335,1.);
#1335 = DIRECTION('',(1.,0.,2.22044604925E-16));
#1336 = PCURVE('',#521,#1337);
#1337 = DEFINITIONAL_REPRESENTATION('',(#1338),#1342);
#1338 = LINE('',#1339,#1340);
#1339 = CARTESIAN_POINT('',(7.00274190479,1.));
#1340 = VECTOR('',#1341,1.);
#1341 = DIRECTION('',(1.248075815701E-16,-1.));
#1342 = ( GEOMETRIC_REPRESENTATION_CONTEXT(2) 
PARAMETRIC_REPRESENTATION_CONTEXT() REPRESENTATION_CONTEXT('2D SPACE',''
  ) );
#1343 = PCURVE('',#554,#1344);
#1344 = DEFINITIONAL_REPRESENTATION('',(#1345),#1348);
#1345 = B_SPLINE_CURVE_WITH_KNOTS('',1,(#1346,#1347),.UNSPECIFIED.,.F.,
  .F.,(2,2),(1.,18.),.PIECEWISE_BEZIER_KNOTS.);
#1346 = CARTESIAN_POINT('',(7.257079029792,1.));
#1347 = CARTESIAN_POINT('',(7.257079029792,18.));
#1348 = ( GEOMETRIC_REPRESENTATION_CONTEXT(2) 
PARAMETRIC_REPRESENTATION_CONTEXT() REPRESENTATION_CONTEXT('2D SPACE',''
  ) );
#1349 = ORIENTED_EDGE('',*,*,#505,.T.);
#1350 = ORIENTED_EDGE('',*,*,#1304,.F.);
#1351 = ADVANCED_FACE('',(#1352),#554,.F.);
#1352 = FACE_BOUND('',#1353,.F.);
#1353 = EDGE_LOOP('',(#1354,#1355,#1356,#1357));
#1354 = ORIENTED_EDGE('',*,*,#940,.T.);
#1355 = ORIENTED_EDGE('',*,*,#1330,.T.);
#1356 = ORIENTED_EDGE('',*,*,#533,.T.);
#1357 = ORIENTED_EDGE('',*,*,#1358,.F.);
#1358 = EDGE_CURVE('',#941,#534,#1359,.T.);
#1359 = SURFACE_CURVE('',#1360,(#1364,#1370),.PCURVE_S1.);
#1360 = LINE('',#1361,#1362);
#1361 = CARTESIAN_POINT('',(153.,26.90211368298,-6.182917156373));
#1362 = VECTOR('',#1363,1.);
#1363 = DIRECTION('',(1.,0.,2.22044604925E-16));
#1364 = PCURVE('',#554,#1365);
#1365 = DEFINITIONAL_REPRESENTATION('',(#1366),#1369);
#1366 = B_SPLINE_CURVE_WITH_KNOTS('',1,(#1367,#1368),.UNSPECIFIED.,.F.,
  .F.,(2,2),(1.,18.),.PIECEWISE_BEZIER_KNOTS.);
#1367 = CARTESIAN_POINT('',(5.309291584567,1.));
#1368 = CARTESIAN_POINT('',(5.309291584567,18.));
#1369 = ( GEOMETRIC_REPRESENTATION_CONTEXT(2) 
PARAMETRIC_REPRESENTATION_CONTEXT() REPRESENTATION_CONTEXT('2D SPACE',''
  ) );
#1370 = PCURVE('',#582,#1371);
#1371 = DEFINITIONAL_REPRESENTATION('',(#1372),#1376);
#1372 = LINE('',#1373,#1374);
#1373 = CARTESIAN_POINT('',(11.,1.));
#1374 = VECTOR('',#1375,1.);
#1375 = DIRECTION('',(-1.248075815701E-16,-1.));
#1376 = ( GEOMETRIC_REPRESENTATION_CONTEXT(2) 
PARAMETRIC_REPRESENTATION_CONTEXT() REPRESENTATION_CONTEXT('2D SPACE',''
  ) );
#1377 = ADVANCED_FACE('',(#1378),#582,.T.);
#1378 = FACE_BOUND('',#1379,.T.);
#1379 = EDGE_LOOP('',(#1380,#1381,#1400,#1401));
#1380 = ORIENTED_EDGE('',*,*,#964,.F.);
#1381 = ORIENTED_EDGE('',*,*,#1382,.T.);
#1382 = EDGE_CURVE('',#800,#567,#1383,.T.);
#1383 = SURFACE_CURVE('',#1384,(#1388,#1394),.PCURVE_S1.);
#1384 = LINE('',#1385,#1386);
#1385 = CARTESIAN_POINT('',(153.,28.556274831529,-5.058750400669));
#1386 = VECTOR('',#1387,1.);
#1387 = DIRECTION('',(1.,0.,2.22044604925E-16));
#1388 = PCURVE('',#582,#1389);
#1389 = DEFINITIONAL_REPRESENTATION('',(#1390),#1393);
#1390 = B_SPLINE_CURVE_WITH_KNOTS('',1,(#1391,#1392),.UNSPECIFIED.,.F.,
  .F.,(2,2),(0.9999994,18.0000006),.PIECEWISE_BEZIER_KNOTS.);
#1391 = CARTESIAN_POINT('',(9.,5.999999928008E-07));
#1392 = CARTESIAN_POINT('',(9.,-17.0000006));
#1393 = ( GEOMETRIC_REPRESENTATION_CONTEXT(2) 
PARAMETRIC_REPRESENTATION_CONTEXT() REPRESENTATION_CONTEXT('2D SPACE',''
  ) );
#1394 = PCURVE('',#613,#1395);
#1395 = DEFINITIONAL_REPRESENTATION('',(#1396),#1399);
#1396 = B_SPLINE_CURVE_WITH_KNOTS('',1,(#1397,#1398),.UNSPECIFIED.,.F.,
  .F.,(2,2),(0.9999994,18.0000006),.PIECEWISE_BEZIER_KNOTS.);
#1397 = CARTESIAN_POINT('',(5.309291584567,0.9999994));
#1398 = CARTESIAN_POINT('',(5.309291584567,18.0000006));
#1399 = ( GEOMETRIC_REPRESENTATION_CONTEXT(2) 
PARAMETRIC_REPRESENTATION_CONTEXT() REPRESENTATION_CONTEXT('2D SPACE',''
  ) );
#1400 = ORIENTED_EDGE('',*,*,#566,.T.);
#1401 = ORIENTED_EDGE('',*,*,#1358,.F.);
#1402 = ADVANCED_FACE('',(#1403),#613,.F.);
#1403 = FACE_BOUND('',#1404,.F.);
#1404 = EDGE_LOOP('',(#1405,#1406,#1407,#1408));
#1405 = ORIENTED_EDGE('',*,*,#1231,.F.);
#1406 = ORIENTED_EDGE('',*,*,#797,.T.);
#1407 = ORIENTED_EDGE('',*,*,#1382,.T.);
#1408 = ORIENTED_EDGE('',*,*,#594,.T.);
#1409 = ADVANCED_FACE('',(#1410,#1485),#1082,.F.);
#1410 = FACE_BOUND('',#1411,.F.);
#1411 = EDGE_LOOP('',(#1412,#1435,#1436,#1459));
#1412 = ORIENTED_EDGE('',*,*,#1413,.F.);
#1413 = EDGE_CURVE('',#1066,#1414,#1416,.T.);
#1414 = VERTEX_POINT('',#1415);
#1415 = CARTESIAN_POINT('',(158.5,33.5,16.));
#1416 = SURFACE_CURVE('',#1417,(#1421,#1428),.PCURVE_S1.);
#1417 = LINE('',#1418,#1419);
#1418 = CARTESIAN_POINT('',(158.5,33.5,12.5));
#1419 = VECTOR('',#1420,1.);
#1420 = DIRECTION('',(0.,0.,1.));
#1421 = PCURVE('',#1082,#1422);
#1422 = DEFINITIONAL_REPRESENTATION('',(#1423),#1427);
#1423 = LINE('',#1424,#1425);
#1424 = CARTESIAN_POINT('',(0.,0.));
#1425 = VECTOR('',#1426,1.);
#1426 = DIRECTION('',(1.,0.));
#1427 = ( GEOMETRIC_REPRESENTATION_CONTEXT(2) 
PARAMETRIC_REPRESENTATION_CONTEXT() REPRESENTATION_CONTEXT('2D SPACE',''
  ) );
#1428 = PCURVE('',#1162,#1429);
#1429 = DEFINITIONAL_REPRESENTATION('',(#1430),#1434);
#1430 = LINE('',#1431,#1432);
#1431 = CARTESIAN_POINT('',(0.,0.));
#1432 = VECTOR('',#1433,1.);
#1433 = DIRECTION('',(1.,0.));
#1434 = ( GEOMETRIC_REPRESENTATION_CONTEXT(2) 
PARAMETRIC_REPRESENTATION_CONTEXT() REPRESENTATION_CONTEXT('2D SPACE',''
  ) );
#1435 = ORIENTED_EDGE('',*,*,#1063,.F.);
#1436 = ORIENTED_EDGE('',*,*,#1437,.T.);
#1437 = EDGE_CURVE('',#1064,#1438,#1440,.T.);
#1438 = VERTEX_POINT('',#1439);
#1439 = CARTESIAN_POINT('',(158.5,38.5,16.));
#1440 = SURFACE_CURVE('',#1441,(#1445,#1452),.PCURVE_S1.);
#1441 = LINE('',#1442,#1443);
#1442 = CARTESIAN_POINT('',(158.5,38.5,12.5));
#1443 = VECTOR('',#1444,1.);
#1444 = DIRECTION('',(0.,0.,1.));
#1445 = PCURVE('',#1082,#1446);
#1446 = DEFINITIONAL_REPRESENTATION('',(#1447),#1451);
#1447 = LINE('',#1448,#1449);
#1448 = CARTESIAN_POINT('',(0.,-5.));
#1449 = VECTOR('',#1450,1.);
#1450 = DIRECTION('',(1.,0.));
#1451 = ( GEOMETRIC_REPRESENTATION_CONTEXT(2) 
PARAMETRIC_REPRESENTATION_CONTEXT() REPRESENTATION_CONTEXT('2D SPACE',''
  ) );
#1452 = PCURVE('',#1109,#1453);
#1453 = DEFINITIONAL_REPRESENTATION('',(#1454),#1458);
#1454 = LINE('',#1455,#1456);
#1455 = CARTESIAN_POINT('',(0.,0.));
#1456 = VECTOR('',#1457,1.);
#1457 = DIRECTION('',(1.,0.));
#1458 = ( GEOMETRIC_REPRESENTATION_CONTEXT(2) 
PARAMETRIC_REPRESENTATION_CONTEXT() REPRESENTATION_CONTEXT('2D SPACE',''
  ) );
#1459 = ORIENTED_EDGE('',*,*,#1460,.F.);
#1460 = EDGE_CURVE('',#1414,#1438,#1461,.T.);
#1461 = SURFACE_CURVE('',#1462,(#1466,#1473),.PCURVE_S1.);
#1462 = LINE('',#1463,#1464);
#1463 = CARTESIAN_POINT('',(158.5,33.5,16.));
#1464 = VECTOR('',#1465,1.);
#1465 = DIRECTION('',(-0.,1.,0.));
#1466 = PCURVE('',#1082,#1467);
#1467 = DEFINITIONAL_REPRESENTATION('',(#1468),#1472);
#1468 = LINE('',#1469,#1470);
#1469 = CARTESIAN_POINT('',(3.5,0.));
#1470 = VECTOR('',#1471,1.);
#1471 = DIRECTION('',(0.,-1.));
#1472 = ( GEOMETRIC_REPRESENTATION_CONTEXT(2) 
PARAMETRIC_REPRESENTATION_CONTEXT() REPRESENTATION_CONTEXT('2D SPACE',''
  ) );
#1473 = PCURVE('',#1474,#1479);
#1474 = PLANE('',#1475);
#1475 = AXIS2_PLACEMENT_3D('',#1476,#1477,#1478);
#1476 = CARTESIAN_POINT('',(158.5,33.5,16.));
#1477 = DIRECTION('',(0.,0.,1.));
#1478 = DIRECTION('',(1.,0.,-0.));
#1479 = DEFINITIONAL_REPRESENTATION('',(#1480),#1484);
#1480 = LINE('',#1481,#1482);
#1481 = CARTESIAN_POINT('',(0.,0.));
#1482 = VECTOR('',#1483,1.);
#1483 = DIRECTION('',(0.,1.));
#1484 = ( GEOMETRIC_REPRESENTATION_CONTEXT(2) 
PARAMETRIC_REPRESENTATION_CONTEXT() REPRESENTATION_CONTEXT('2D SPACE',''
  ) );
#1485 = FACE_BOUND('',#1486,.F.);
#1486 = EDGE_LOOP('',(#1487));
#1487 = ORIENTED_EDGE('',*,*,#1488,.F.);
#1488 = EDGE_CURVE('',#1489,#1489,#1491,.T.);
#1489 = VERTEX_POINT('',#1490);
#1490 = CARTESIAN_POINT('',(158.5,36.,13.5));
#1491 = SURFACE_CURVE('',#1492,(#1497,#1504),.PCURVE_S1.);
#1492 = CIRCLE('',#1493,1.);
#1493 = AXIS2_PLACEMENT_3D('',#1494,#1495,#1496);
#1494 = CARTESIAN_POINT('',(158.5,36.,14.5));
#1495 = DIRECTION('',(1.,0.,2.22044604925E-16));
#1496 = DIRECTION('',(2.22044604925E-16,0.,-1.));
#1497 = PCURVE('',#1082,#1498);
#1498 = DEFINITIONAL_REPRESENTATION('',(#1499),#1503);
#1499 = CIRCLE('',#1500,1.);
#1500 = AXIS2_PLACEMENT_2D('',#1501,#1502);
#1501 = CARTESIAN_POINT('',(2.,-2.5));
#1502 = DIRECTION('',(-1.,0.));
#1503 = ( GEOMETRIC_REPRESENTATION_CONTEXT(2) 
PARAMETRIC_REPRESENTATION_CONTEXT() REPRESENTATION_CONTEXT('2D SPACE',''
  ) );
#1504 = PCURVE('',#1505,#1510);
#1505 = CYLINDRICAL_SURFACE('',#1506,1.);
#1506 = AXIS2_PLACEMENT_3D('',#1507,#1508,#1509);
#1507 = CARTESIAN_POINT('',(154.5,36.,14.5));
#1508 = DIRECTION('',(1.,0.,2.22044604925E-16));
#1509 = DIRECTION('',(2.22044604925E-16,0.,-1.));
#1510 = DEFINITIONAL_REPRESENTATION('',(#1511),#1515);
#1511 = LINE('',#1512,#1513);
#1512 = CARTESIAN_POINT('',(0.,4.));
#1513 = VECTOR('',#1514,1.);
#1514 = DIRECTION('',(1.,0.));
#1515 = ( GEOMETRIC_REPRESENTATION_CONTEXT(2) 
PARAMETRIC_REPRESENTATION_CONTEXT() REPRESENTATION_CONTEXT('2D SPACE',''
  ) );
#1516 = ADVANCED_FACE('',(#1517),#1162,.F.);
#1517 = FACE_BOUND('',#1518,.F.);
#1518 = EDGE_LOOP('',(#1519,#1542,#1543,#1544));
#1519 = ORIENTED_EDGE('',*,*,#1520,.F.);
#1520 = EDGE_CURVE('',#1121,#1521,#1523,.T.);
#1521 = VERTEX_POINT('',#1522);
#1522 = CARTESIAN_POINT('',(166.5,33.5,16.));
#1523 = SURFACE_CURVE('',#1524,(#1528,#1535),.PCURVE_S1.);
#1524 = LINE('',#1525,#1526);
#1525 = CARTESIAN_POINT('',(166.5,33.5,12.5));
#1526 = VECTOR('',#1527,1.);
#1527 = DIRECTION('',(0.,0.,1.));
#1528 = PCURVE('',#1162,#1529);
#1529 = DEFINITIONAL_REPRESENTATION('',(#1530),#1534);
#1530 = LINE('',#1531,#1532);
#1531 = CARTESIAN_POINT('',(0.,8.));
#1532 = VECTOR('',#1533,1.);
#1533 = DIRECTION('',(1.,0.));
#1534 = ( GEOMETRIC_REPRESENTATION_CONTEXT(2) 
PARAMETRIC_REPRESENTATION_CONTEXT() REPRESENTATION_CONTEXT('2D SPACE',''
  ) );
#1535 = PCURVE('',#1137,#1536);
#1536 = DEFINITIONAL_REPRESENTATION('',(#1537),#1541);
#1537 = LINE('',#1538,#1539);
#1538 = CARTESIAN_POINT('',(0.,0.));
#1539 = VECTOR('',#1540,1.);
#1540 = DIRECTION('',(1.,0.));
#1541 = ( GEOMETRIC_REPRESENTATION_CONTEXT(2) 
PARAMETRIC_REPRESENTATION_CONTEXT() REPRESENTATION_CONTEXT('2D SPACE',''
  ) );
#1542 = ORIENTED_EDGE('',*,*,#1149,.F.);
#1543 = ORIENTED_EDGE('',*,*,#1413,.T.);
#1544 = ORIENTED_EDGE('',*,*,#1545,.T.);
#1545 = EDGE_CURVE('',#1414,#1521,#1546,.T.);
#1546 = SURFACE_CURVE('',#1547,(#1551,#1558),.PCURVE_S1.);
#1547 = LINE('',#1548,#1549);
#1548 = CARTESIAN_POINT('',(158.5,33.5,16.));
#1549 = VECTOR('',#1550,1.);
#1550 = DIRECTION('',(1.,0.,-0.));
#1551 = PCURVE('',#1162,#1552);
#1552 = DEFINITIONAL_REPRESENTATION('',(#1553),#1557);
#1553 = LINE('',#1554,#1555);
#1554 = CARTESIAN_POINT('',(3.5,0.));
#1555 = VECTOR('',#1556,1.);
#1556 = DIRECTION('',(0.,1.));
#1557 = ( GEOMETRIC_REPRESENTATION_CONTEXT(2) 
PARAMETRIC_REPRESENTATION_CONTEXT() REPRESENTATION_CONTEXT('2D SPACE',''
  ) );
#1558 = PCURVE('',#1474,#1559);
#1559 = DEFINITIONAL_REPRESENTATION('',(#1560),#1564);
#1560 = LINE('',#1561,#1562);
#1561 = CARTESIAN_POINT('',(0.,0.));
#1562 = VECTOR('',#1563,1.);
#1563 = DIRECTION('',(1.,0.));
#1564 = ( GEOMETRIC_REPRESENTATION_CONTEXT(2) 
PARAMETRIC_REPRESENTATION_CONTEXT() REPRESENTATION_CONTEXT('2D SPACE',''
  ) );
#1565 = ADVANCED_FACE('',(#1566,#1614),#1137,.T.);
#1566 = FACE_BOUND('',#1567,.T.);
#1567 = EDGE_LOOP('',(#1568,#1569,#1570,#1593));
#1568 = ORIENTED_EDGE('',*,*,#1520,.F.);
#1569 = ORIENTED_EDGE('',*,*,#1120,.F.);
#1570 = ORIENTED_EDGE('',*,*,#1571,.T.);
#1571 = EDGE_CURVE('',#1095,#1572,#1574,.T.);
#1572 = VERTEX_POINT('',#1573);
#1573 = CARTESIAN_POINT('',(166.5,38.5,16.));
#1574 = SURFACE_CURVE('',#1575,(#1579,#1586),.PCURVE_S1.);
#1575 = LINE('',#1576,#1577);
#1576 = CARTESIAN_POINT('',(166.5,38.5,12.5));
#1577 = VECTOR('',#1578,1.);
#1578 = DIRECTION('',(0.,0.,1.));
#1579 = PCURVE('',#1137,#1580);
#1580 = DEFINITIONAL_REPRESENTATION('',(#1581),#1585);
#1581 = LINE('',#1582,#1583);
#1582 = CARTESIAN_POINT('',(0.,-5.));
#1583 = VECTOR('',#1584,1.);
#1584 = DIRECTION('',(1.,0.));
#1585 = ( GEOMETRIC_REPRESENTATION_CONTEXT(2) 
PARAMETRIC_REPRESENTATION_CONTEXT() REPRESENTATION_CONTEXT('2D SPACE',''
  ) );
#1586 = PCURVE('',#1109,#1587);
#1587 = DEFINITIONAL_REPRESENTATION('',(#1588),#1592);
#1588 = LINE('',#1589,#1590);
#1589 = CARTESIAN_POINT('',(0.,8.));
#1590 = VECTOR('',#1591,1.);
#1591 = DIRECTION('',(1.,0.));
#1592 = ( GEOMETRIC_REPRESENTATION_CONTEXT(2) 
PARAMETRIC_REPRESENTATION_CONTEXT() REPRESENTATION_CONTEXT('2D SPACE',''
  ) );
#1593 = ORIENTED_EDGE('',*,*,#1594,.F.);
#1594 = EDGE_CURVE('',#1521,#1572,#1595,.T.);
#1595 = SURFACE_CURVE('',#1596,(#1600,#1607),.PCURVE_S1.);
#1596 = LINE('',#1597,#1598);
#1597 = CARTESIAN_POINT('',(166.5,33.5,16.));
#1598 = VECTOR('',#1599,1.);
#1599 = DIRECTION('',(-0.,1.,0.));
#1600 = PCURVE('',#1137,#1601);
#1601 = DEFINITIONAL_REPRESENTATION('',(#1602),#1606);
#1602 = LINE('',#1603,#1604);
#1603 = CARTESIAN_POINT('',(3.5,0.));
#1604 = VECTOR('',#1605,1.);
#1605 = DIRECTION('',(0.,-1.));
#1606 = ( GEOMETRIC_REPRESENTATION_CONTEXT(2) 
PARAMETRIC_REPRESENTATION_CONTEXT() REPRESENTATION_CONTEXT('2D SPACE',''
  ) );
#1607 = PCURVE('',#1474,#1608);
#1608 = DEFINITIONAL_REPRESENTATION('',(#1609),#1613);
#1609 = LINE('',#1610,#1611);
#1610 = CARTESIAN_POINT('',(8.,0.));
#1611 = VECTOR('',#1612,1.);
#1612 = DIRECTION('',(0.,1.));
#1613 = ( GEOMETRIC_REPRESENTATION_CONTEXT(2) 
PARAMETRIC_REPRESENTATION_CONTEXT() REPRESENTATION_CONTEXT('2D SPACE',''
  ) );
#1614 = FACE_BOUND('',#1615,.T.);
#1615 = EDGE_LOOP('',(#1616));
#1616 = ORIENTED_EDGE('',*,*,#1617,.F.);
#1617 = EDGE_CURVE('',#1618,#1618,#1620,.T.);
#1618 = VERTEX_POINT('',#1619);
#1619 = CARTESIAN_POINT('',(166.5,36.,13.5));
#1620 = SURFACE_CURVE('',#1621,(#1626,#1633),.PCURVE_S1.);
#1621 = CIRCLE('',#1622,1.);
#1622 = AXIS2_PLACEMENT_3D('',#1623,#1624,#1625);
#1623 = CARTESIAN_POINT('',(166.5,36.,14.5));
#1624 = DIRECTION('',(1.,0.,2.22044604925E-16));
#1625 = DIRECTION('',(2.22044604925E-16,0.,-1.));
#1626 = PCURVE('',#1137,#1627);
#1627 = DEFINITIONAL_REPRESENTATION('',(#1628),#1632);
#1628 = CIRCLE('',#1629,1.);
#1629 = AXIS2_PLACEMENT_2D('',#1630,#1631);
#1630 = CARTESIAN_POINT('',(2.,-2.5));
#1631 = DIRECTION('',(-1.,0.));
#1632 = ( GEOMETRIC_REPRESENTATION_CONTEXT(2) 
PARAMETRIC_REPRESENTATION_CONTEXT() REPRESENTATION_CONTEXT('2D SPACE',''
  ) );
#1633 = PCURVE('',#1505,#1634);
#1634 = DEFINITIONAL_REPRESENTATION('',(#1635),#1639);
#1635 = LINE('',#1636,#1637);
#1636 = CARTESIAN_POINT('',(0.,12.));
#1637 = VECTOR('',#1638,1.);
#1638 = DIRECTION('',(1.,0.));
#1639 = ( GEOMETRIC_REPRESENTATION_CONTEXT(2) 
PARAMETRIC_REPRESENTATION_CONTEXT() REPRESENTATION_CONTEXT('2D SPACE',''
  ) );
#1640 = ADVANCED_FACE('',(#1641),#1109,.T.);
#1641 = FACE_BOUND('',#1642,.T.);
#1642 = EDGE_LOOP('',(#1643,#1644,#1645,#1646));
#1643 = ORIENTED_EDGE('',*,*,#1571,.F.);
#1644 = ORIENTED_EDGE('',*,*,#1094,.F.);
#1645 = ORIENTED_EDGE('',*,*,#1437,.T.);
#1646 = ORIENTED_EDGE('',*,*,#1647,.T.);
#1647 = EDGE_CURVE('',#1438,#1572,#1648,.T.);
#1648 = SURFACE_CURVE('',#1649,(#1653,#1660),.PCURVE_S1.);
#1649 = LINE('',#1650,#1651);
#1650 = CARTESIAN_POINT('',(158.5,38.5,16.));
#1651 = VECTOR('',#1652,1.);
#1652 = DIRECTION('',(1.,0.,-0.));
#1653 = PCURVE('',#1109,#1654);
#1654 = DEFINITIONAL_REPRESENTATION('',(#1655),#1659);
#1655 = LINE('',#1656,#1657);
#1656 = CARTESIAN_POINT('',(3.5,0.));
#1657 = VECTOR('',#1658,1.);
#1658 = DIRECTION('',(0.,1.));
#1659 = ( GEOMETRIC_REPRESENTATION_CONTEXT(2) 
PARAMETRIC_REPRESENTATION_CONTEXT() REPRESENTATION_CONTEXT('2D SPACE',''
  ) );
#1660 = PCURVE('',#1474,#1661);
#1661 = DEFINITIONAL_REPRESENTATION('',(#1662),#1666);
#1662 = LINE('',#1663,#1664);
#1663 = CARTESIAN_POINT('',(0.,5.));
#1664 = VECTOR('',#1665,1.);
#1665 = DIRECTION('',(1.,0.));
#1666 = ( GEOMETRIC_REPRESENTATION_CONTEXT(2) 
PARAMETRIC_REPRESENTATION_CONTEXT() REPRESENTATION_CONTEXT('2D SPACE',''
  ) );
#1667 = ADVANCED_FACE('',(#1668),#1474,.T.);
#1668 = FACE_BOUND('',#1669,.T.);
#1669 = EDGE_LOOP('',(#1670,#1671,#1672,#1673));
#1670 = ORIENTED_EDGE('',*,*,#1460,.F.);
#1671 = ORIENTED_EDGE('',*,*,#1545,.T.);
#1672 = ORIENTED_EDGE('',*,*,#1594,.T.);
#1673 = ORIENTED_EDGE('',*,*,#1647,.F.);
#1674 = ADVANCED_FACE('',(#1675),#1505,.F.);
#1675 = FACE_BOUND('',#1676,.F.);
#1676 = EDGE_LOOP('',(#1677,#1678,#1699,#1700));
#1677 = ORIENTED_EDGE('',*,*,#1617,.F.);
#1678 = ORIENTED_EDGE('',*,*,#1679,.F.);
#1679 = EDGE_CURVE('',#1489,#1618,#1680,.T.);
#1680 = SEAM_CURVE('',#1681,(#1685,#1692),.PCURVE_S1.);
#1681 = LINE('',#1682,#1683);
#1682 = CARTESIAN_POINT('',(154.5,36.,13.5));
#1683 = VECTOR('',#1684,1.);
#1684 = DIRECTION('',(1.,0.,2.22044604925E-16));
#1685 = PCURVE('',#1505,#1686);
#1686 = DEFINITIONAL_REPRESENTATION('',(#1687),#1691);
#1687 = LINE('',#1688,#1689);
#1688 = CARTESIAN_POINT('',(6.28318530718,-0.));
#1689 = VECTOR('',#1690,1.);
#1690 = DIRECTION('',(0.,1.));
#1691 = ( GEOMETRIC_REPRESENTATION_CONTEXT(2) 
PARAMETRIC_REPRESENTATION_CONTEXT() REPRESENTATION_CONTEXT('2D SPACE',''
  ) );
#1692 = PCURVE('',#1505,#1693);
#1693 = DEFINITIONAL_REPRESENTATION('',(#1694),#1698);
#1694 = LINE('',#1695,#1696);
#1695 = CARTESIAN_POINT('',(0.,-0.));
#1696 = VECTOR('',#1697,1.);
#1697 = DIRECTION('',(0.,1.));
#1698 = ( GEOMETRIC_REPRESENTATION_CONTEXT(2) 
PARAMETRIC_REPRESENTATION_CONTEXT() REPRESENTATION_CONTEXT('2D SPACE',''
  ) );
#1699 = ORIENTED_EDGE('',*,*,#1488,.T.);
#1700 = ORIENTED_EDGE('',*,*,#1679,.T.);
#1701 = MANIFOLD_SOLID_BREP('',#1702);
#1702 = CLOSED_SHELL('',(#1703,#1825,#1900,#2310,#2358,#2670,#2696,#2721
    ,#2858,#2884,#2891,#2935,#2961,#2986,#3011,#3037,#3063,#3088,#3095,
    #3202,#3251,#3326,#3353,#3360));
#1703 = ADVANCED_FACE('',(#1704),#1718,.T.);
#1704 = FACE_BOUND('',#1705,.T.);
#1705 = EDGE_LOOP('',(#1706,#1739,#1772,#1798));
#1706 = ORIENTED_EDGE('',*,*,#1707,.T.);
#1707 = EDGE_CURVE('',#1708,#1710,#1712,.T.);
#1708 = VERTEX_POINT('',#1709);
#1709 = CARTESIAN_POINT('',(160.,23.235572425398,-6.539259306193));
#1710 = VERTEX_POINT('',#1711);
#1711 = CARTESIAN_POINT('',(179.,23.235572425398,-6.539259306193));
#1712 = SURFACE_CURVE('',#1713,(#1717,#1728),.PCURVE_S1.);
#1713 = LINE('',#1714,#1715);
#1714 = CARTESIAN_POINT('',(160.,23.235572425398,-6.539259306193));
#1715 = VECTOR('',#1716,1.);
#1716 = DIRECTION('',(1.,0.,2.22044604925E-16));
#1717 = PCURVE('',#1718,#1723);
#1718 = CYLINDRICAL_SURFACE('',#1719,13.);
#1719 = AXIS2_PLACEMENT_3D('',#1720,#1721,#1722);
#1720 = CARTESIAN_POINT('',(160.,12.,-2.109423746788E-15));
#1721 = DIRECTION('',(1.,0.,2.22044604925E-16));
#1722 = DIRECTION('',(2.22044604925E-16,0.,-1.));
#1723 = DEFINITIONAL_REPRESENTATION('',(#1724),#1727);
#1724 = B_SPLINE_CURVE_WITH_KNOTS('',1,(#1725,#1726),.UNSPECIFIED.,.F.,
  .F.,(2,2),(9.604381521066E-29,19.),.PIECEWISE_BEZIER_KNOTS.);
#1725 = CARTESIAN_POINT('',(7.326892199872,-1.452007249146E-15));
#1726 = CARTESIAN_POINT('',(7.326892199872,19.));
#1727 = ( GEOMETRIC_REPRESENTATION_CONTEXT(2) 
PARAMETRIC_REPRESENTATION_CONTEXT() REPRESENTATION_CONTEXT('2D SPACE',''
  ) );
#1728 = PCURVE('',#1729,#1734);
#1729 = PLANE('',#1730);
#1730 = AXIS2_PLACEMENT_3D('',#1731,#1732,#1733);
#1731 = CARTESIAN_POINT('',(160.,12.,0.));
#1732 = DIRECTION('',(0.,0.50301994663,0.864274801954));
#1733 = DIRECTION('',(0.,0.864274801954,-0.50301994663));
#1734 = DEFINITIONAL_REPRESENTATION('',(#1735),#1738);
#1735 = B_SPLINE_CURVE_WITH_KNOTS('',1,(#1736,#1737),.UNSPECIFIED.,.F.,
  .F.,(2,2),(-5.999999928008E-07,19.0000006),.PIECEWISE_BEZIER_KNOTS.);
#1736 = CARTESIAN_POINT('',(13.,5.999999928008E-07));
#1737 = CARTESIAN_POINT('',(13.,-19.0000006));
#1738 = ( GEOMETRIC_REPRESENTATION_CONTEXT(2) 
PARAMETRIC_REPRESENTATION_CONTEXT() REPRESENTATION_CONTEXT('2D SPACE',''
  ) );
#1739 = ORIENTED_EDGE('',*,*,#1740,.T.);
#1740 = EDGE_CURVE('',#1710,#1741,#1743,.T.);
#1741 = VERTEX_POINT('',#1742);
#1742 = CARTESIAN_POINT('',(179.,0.764427574602,-6.539259306193));
#1743 = SURFACE_CURVE('',#1744,(#1749,#1756),.PCURVE_S1.);
#1744 = CIRCLE('',#1745,13.);
#1745 = AXIS2_PLACEMENT_3D('',#1746,#1747,#1748);
#1746 = CARTESIAN_POINT('',(179.,12.,2.109423746788E-15));
#1747 = DIRECTION('',(-1.,0.,-0.));
#1748 = DIRECTION('',(0.,0.864274801954,-0.50301994663));
#1749 = PCURVE('',#1718,#1750);
#1750 = DEFINITIONAL_REPRESENTATION('',(#1751),#1755);
#1751 = LINE('',#1752,#1753);
#1752 = CARTESIAN_POINT('',(7.326892199872,19.));
#1753 = VECTOR('',#1754,1.);
#1754 = DIRECTION('',(-1.,-0.));
#1755 = ( GEOMETRIC_REPRESENTATION_CONTEXT(2) 
PARAMETRIC_REPRESENTATION_CONTEXT() REPRESENTATION_CONTEXT('2D SPACE',''
  ) );
#1756 = PCURVE('',#1757,#1762);
#1757 = PLANE('',#1758);
#1758 = AXIS2_PLACEMENT_3D('',#1759,#1760,#1761);
#1759 = CARTESIAN_POINT('',(179.,12.,2.109423746788E-15));
#1760 = DIRECTION('',(1.,0.,2.22044604925E-16));
#1761 = DIRECTION('',(2.22044604925E-16,0.,-1.));
#1762 = DEFINITIONAL_REPRESENTATION('',(#1763),#1771);
#1763 = ( BOUNDED_CURVE() B_SPLINE_CURVE(2,(#1764,#1765,#1766,#1767,
#1768,#1769,#1770),.UNSPECIFIED.,.T.,.F.) B_SPLINE_CURVE_WITH_KNOTS((1,2
    ,2,2,2,1),(-2.094395102393,0.,2.094395102393,4.188790204786,
6.28318530718,8.377580409573),.UNSPECIFIED.) CURVE() 
GEOMETRIC_REPRESENTATION_ITEM() RATIONAL_B_SPLINE_CURVE((1.,0.5,1.,0.5,
1.,0.5,1.)) REPRESENTATION_ITEM('') );
#1764 = CARTESIAN_POINT('',(6.539259306193,11.235572425398));
#1765 = CARTESIAN_POINT('',(25.999841599103,-9.075693679481E-02));
#1766 = CARTESIAN_POINT('',(6.460661493359,-11.28095089379));
#1767 = CARTESIAN_POINT('',(-13.07851861238,-22.47114485079));
#1768 = CARTESIAN_POINT('',(-12.99992079955,4.53784683974E-02));
#1769 = CARTESIAN_POINT('',(-12.92132298671,22.561901787592));
#1770 = CARTESIAN_POINT('',(6.539259306193,11.235572425398));
#1771 = ( GEOMETRIC_REPRESENTATION_CONTEXT(2) 
PARAMETRIC_REPRESENTATION_CONTEXT() REPRESENTATION_CONTEXT('2D SPACE',''
  ) );
#1772 = ORIENTED_EDGE('',*,*,#1773,.F.);
#1773 = EDGE_CURVE('',#1774,#1741,#1776,.T.);
#1774 = VERTEX_POINT('',#1775);
#1775 = CARTESIAN_POINT('',(160.,0.764427574602,-6.539259306193));
#1776 = SURFACE_CURVE('',#1777,(#1781,#1787),.PCURVE_S1.);
#1777 = LINE('',#1778,#1779);
#1778 = CARTESIAN_POINT('',(160.,0.764427574602,-6.539259306193));
#1779 = VECTOR('',#1780,1.);
#1780 = DIRECTION('',(1.,0.,2.22044604925E-16));
#1781 = PCURVE('',#1718,#1782);
#1782 = DEFINITIONAL_REPRESENTATION('',(#1783),#1786);
#1783 = B_SPLINE_CURVE_WITH_KNOTS('',1,(#1784,#1785),.UNSPECIFIED.,.F.,
  .F.,(2,2),(-5.999999928008E-07,19.0000006),.PIECEWISE_BEZIER_KNOTS.);
#1784 = CARTESIAN_POINT('',(5.239478414487,-5.999999942528E-07));
#1785 = CARTESIAN_POINT('',(5.239478414487,19.0000006));
#1786 = ( GEOMETRIC_REPRESENTATION_CONTEXT(2) 
PARAMETRIC_REPRESENTATION_CONTEXT() REPRESENTATION_CONTEXT('2D SPACE',''
  ) );
#1787 = PCURVE('',#1788,#1793);
#1788 = PLANE('',#1789);
#1789 = AXIS2_PLACEMENT_3D('',#1790,#1791,#1792);
#1790 = CARTESIAN_POINT('',(160.,-3.559316194386,-9.055738272146));
#1791 = DIRECTION('',(0.,-0.50301994663,0.864274801954));
#1792 = DIRECTION('',(0.,0.864274801954,0.50301994663));
#1793 = DEFINITIONAL_REPRESENTATION('',(#1794),#1797);
#1794 = B_SPLINE_CURVE_WITH_KNOTS('',1,(#1795,#1796),.UNSPECIFIED.,.F.,
  .F.,(2,2),(-5.999999928008E-07,19.0000006),.PIECEWISE_BEZIER_KNOTS.);
#1795 = CARTESIAN_POINT('',(5.00274190479,5.999999928008E-07));
#1796 = CARTESIAN_POINT('',(5.00274190479,-19.0000006));
#1797 = ( GEOMETRIC_REPRESENTATION_CONTEXT(2) 
PARAMETRIC_REPRESENTATION_CONTEXT() REPRESENTATION_CONTEXT('2D SPACE',''
  ) );
#1798 = ORIENTED_EDGE('',*,*,#1799,.T.);
#1799 = EDGE_CURVE('',#1774,#1708,#1800,.T.);
#1800 = SURFACE_CURVE('',#1801,(#1806,#1813),.PCURVE_S1.);
#1801 = CIRCLE('',#1802,13.);
#1802 = AXIS2_PLACEMENT_3D('',#1803,#1804,#1805);
#1803 = CARTESIAN_POINT('',(160.,12.,-2.109423746788E-15));
#1804 = DIRECTION('',(1.,0.,0.));
#1805 = DIRECTION('',(0.,-0.864274801954,-0.50301994663));
#1806 = PCURVE('',#1718,#1807);
#1807 = DEFINITIONAL_REPRESENTATION('',(#1808),#1812);
#1808 = LINE('',#1809,#1810);
#1809 = CARTESIAN_POINT('',(5.239478414487,0.));
#1810 = VECTOR('',#1811,1.);
#1811 = DIRECTION('',(1.,0.));
#1812 = ( GEOMETRIC_REPRESENTATION_CONTEXT(2) 
PARAMETRIC_REPRESENTATION_CONTEXT() REPRESENTATION_CONTEXT('2D SPACE',''
  ) );
#1813 = PCURVE('',#1814,#1819);
#1814 = PLANE('',#1815);
#1815 = AXIS2_PLACEMENT_3D('',#1816,#1817,#1818);
#1816 = CARTESIAN_POINT('',(160.,12.,-2.109423746788E-15));
#1817 = DIRECTION('',(1.,0.,2.22044604925E-16));
#1818 = DIRECTION('',(2.22044604925E-16,0.,-1.));
#1819 = DEFINITIONAL_REPRESENTATION('',(#1820),#1824);
#1820 = CIRCLE('',#1821,13.);
#1821 = AXIS2_PLACEMENT_2D('',#1822,#1823);
#1822 = CARTESIAN_POINT('',(0.,0.));
#1823 = DIRECTION('',(0.50301994663,-0.864274801954));
#1824 = ( GEOMETRIC_REPRESENTATION_CONTEXT(2) 
PARAMETRIC_REPRESENTATION_CONTEXT() REPRESENTATION_CONTEXT('2D SPACE',''
  ) );
#1825 = ADVANCED_FACE('',(#1826),#1729,.T.);
#1826 = FACE_BOUND('',#1827,.T.);
#1827 = EDGE_LOOP('',(#1828,#1851,#1878,#1899));
#1828 = ORIENTED_EDGE('',*,*,#1829,.F.);
#1829 = EDGE_CURVE('',#1830,#1708,#1832,.T.);
#1830 = VERTEX_POINT('',#1831);
#1831 = CARTESIAN_POINT('',(160.,20.642748019537,-5.030199466302));
#1832 = SURFACE_CURVE('',#1833,(#1837,#1844),.PCURVE_S1.);
#1833 = LINE('',#1834,#1835);
#1834 = CARTESIAN_POINT('',(160.,12.,0.));
#1835 = VECTOR('',#1836,1.);
#1836 = DIRECTION('',(0.,0.864274801954,-0.50301994663));
#1837 = PCURVE('',#1729,#1838);
#1838 = DEFINITIONAL_REPRESENTATION('',(#1839),#1843);
#1839 = LINE('',#1840,#1841);
#1840 = CARTESIAN_POINT('',(0.,0.));
#1841 = VECTOR('',#1842,1.);
#1842 = DIRECTION('',(1.,0.));
#1843 = ( GEOMETRIC_REPRESENTATION_CONTEXT(2) 
PARAMETRIC_REPRESENTATION_CONTEXT() REPRESENTATION_CONTEXT('2D SPACE',''
  ) );
#1844 = PCURVE('',#1814,#1845);
#1845 = DEFINITIONAL_REPRESENTATION('',(#1846),#1850);
#1846 = LINE('',#1847,#1848);
#1847 = CARTESIAN_POINT('',(-2.109423746788E-15,0.));
#1848 = VECTOR('',#1849,1.);
#1849 = DIRECTION('',(0.50301994663,0.864274801954));
#1850 = ( GEOMETRIC_REPRESENTATION_CONTEXT(2) 
PARAMETRIC_REPRESENTATION_CONTEXT() REPRESENTATION_CONTEXT('2D SPACE',''
  ) );
#1851 = ORIENTED_EDGE('',*,*,#1852,.T.);
#1852 = EDGE_CURVE('',#1830,#1853,#1855,.T.);
#1853 = VERTEX_POINT('',#1854);
#1854 = CARTESIAN_POINT('',(179.,20.642748019537,-5.030199466302));
#1855 = SURFACE_CURVE('',#1856,(#1860,#1867),.PCURVE_S1.);
#1856 = LINE('',#1857,#1858);
#1857 = CARTESIAN_POINT('',(160.,20.642748019537,-5.030199466302));
#1858 = VECTOR('',#1859,1.);
#1859 = DIRECTION('',(1.,0.,2.22044604925E-16));
#1860 = PCURVE('',#1729,#1861);
#1861 = DEFINITIONAL_REPRESENTATION('',(#1862),#1866);
#1862 = LINE('',#1863,#1864);
#1863 = CARTESIAN_POINT('',(10.,0.));
#1864 = VECTOR('',#1865,1.);
#1865 = DIRECTION('',(-1.116928653189E-16,-1.));
#1866 = ( GEOMETRIC_REPRESENTATION_CONTEXT(2) 
PARAMETRIC_REPRESENTATION_CONTEXT() REPRESENTATION_CONTEXT('2D SPACE',''
  ) );
#1867 = PCURVE('',#1868,#1873);
#1868 = CYLINDRICAL_SURFACE('',#1869,10.);
#1869 = AXIS2_PLACEMENT_3D('',#1870,#1871,#1872);
#1870 = CARTESIAN_POINT('',(160.,12.,-2.109423746788E-15));
#1871 = DIRECTION('',(1.,0.,2.22044604925E-16));
#1872 = DIRECTION('',(2.22044604925E-16,0.,-1.));
#1873 = DEFINITIONAL_REPRESENTATION('',(#1874),#1877);
#1874 = B_SPLINE_CURVE_WITH_KNOTS('',1,(#1875,#1876),.UNSPECIFIED.,.F.,
  .F.,(2,2),(-5.999999928008E-07,19.0000006),.PIECEWISE_BEZIER_KNOTS.);
#1875 = CARTESIAN_POINT('',(1.043706892693,-5.999999939177E-07));
#1876 = CARTESIAN_POINT('',(1.043706892693,19.0000006));
#1877 = ( GEOMETRIC_REPRESENTATION_CONTEXT(2) 
PARAMETRIC_REPRESENTATION_CONTEXT() REPRESENTATION_CONTEXT('2D SPACE',''
  ) );
#1878 = ORIENTED_EDGE('',*,*,#1879,.T.);
#1879 = EDGE_CURVE('',#1853,#1710,#1880,.T.);
#1880 = SURFACE_CURVE('',#1881,(#1885,#1892),.PCURVE_S1.);
#1881 = LINE('',#1882,#1883);
#1882 = CARTESIAN_POINT('',(179.,12.,0.));
#1883 = VECTOR('',#1884,1.);
#1884 = DIRECTION('',(0.,0.864274801954,-0.50301994663));
#1885 = PCURVE('',#1729,#1886);
#1886 = DEFINITIONAL_REPRESENTATION('',(#1887),#1891);
#1887 = LINE('',#1888,#1889);
#1888 = CARTESIAN_POINT('',(0.,-19.));
#1889 = VECTOR('',#1890,1.);
#1890 = DIRECTION('',(1.,0.));
#1891 = ( GEOMETRIC_REPRESENTATION_CONTEXT(2) 
PARAMETRIC_REPRESENTATION_CONTEXT() REPRESENTATION_CONTEXT('2D SPACE',''
  ) );
#1892 = PCURVE('',#1757,#1893);
#1893 = DEFINITIONAL_REPRESENTATION('',(#1894),#1898);
#1894 = LINE('',#1895,#1896);
#1895 = CARTESIAN_POINT('',(2.109423746788E-15,0.));
#1896 = VECTOR('',#1897,1.);
#1897 = DIRECTION('',(0.50301994663,0.864274801954));
#1898 = ( GEOMETRIC_REPRESENTATION_CONTEXT(2) 
PARAMETRIC_REPRESENTATION_CONTEXT() REPRESENTATION_CONTEXT('2D SPACE',''
  ) );
#1899 = ORIENTED_EDGE('',*,*,#1707,.F.);
#1900 = ADVANCED_FACE('',(#1901,#2068),#1757,.T.);
#1901 = FACE_BOUND('',#1902,.T.);
#1902 = EDGE_LOOP('',(#1903,#1904,#1905,#1929,#1957,#1990,#2018,#2047));
#1903 = ORIENTED_EDGE('',*,*,#1740,.F.);
#1904 = ORIENTED_EDGE('',*,*,#1879,.F.);
#1905 = ORIENTED_EDGE('',*,*,#1906,.T.);
#1906 = EDGE_CURVE('',#1853,#1907,#1909,.T.);
#1907 = VERTEX_POINT('',#1908);
#1908 = CARTESIAN_POINT('',(179.,20.642748019537,5.030199466302));
#1909 = SURFACE_CURVE('',#1910,(#1915,#1922),.PCURVE_S1.);
#1910 = CIRCLE('',#1911,10.);
#1911 = AXIS2_PLACEMENT_3D('',#1912,#1913,#1914);
#1912 = CARTESIAN_POINT('',(179.,12.,2.109423746788E-15));
#1913 = DIRECTION('',(1.,-0.,2.22044604925E-16));
#1914 = DIRECTION('',(2.22044604925E-16,0.,-1.));
#1915 = PCURVE('',#1757,#1916);
#1916 = DEFINITIONAL_REPRESENTATION('',(#1917),#1921);
#1917 = CIRCLE('',#1918,10.);
#1918 = AXIS2_PLACEMENT_2D('',#1919,#1920);
#1919 = CARTESIAN_POINT('',(0.,0.));
#1920 = DIRECTION('',(1.,0.));
#1921 = ( GEOMETRIC_REPRESENTATION_CONTEXT(2) 
PARAMETRIC_REPRESENTATION_CONTEXT() REPRESENTATION_CONTEXT('2D SPACE',''
  ) );
#1922 = PCURVE('',#1868,#1923);
#1923 = DEFINITIONAL_REPRESENTATION('',(#1924),#1928);
#1924 = LINE('',#1925,#1926);
#1925 = CARTESIAN_POINT('',(0.,19.));
#1926 = VECTOR('',#1927,1.);
#1927 = DIRECTION('',(1.,0.));
#1928 = ( GEOMETRIC_REPRESENTATION_CONTEXT(2) 
PARAMETRIC_REPRESENTATION_CONTEXT() REPRESENTATION_CONTEXT('2D SPACE',''
  ) );
#1929 = ORIENTED_EDGE('',*,*,#1930,.F.);
#1930 = EDGE_CURVE('',#1931,#1907,#1933,.T.);
#1931 = VERTEX_POINT('',#1932);
#1932 = CARTESIAN_POINT('',(179.,23.235572425398,6.539259306193));
#1933 = SURFACE_CURVE('',#1934,(#1938,#1945),.PCURVE_S1.);
#1934 = LINE('',#1935,#1936);
#1935 = CARTESIAN_POINT('',(179.,27.559316194386,9.055738272146));
#1936 = VECTOR('',#1937,1.);
#1937 = DIRECTION('',(0.,-0.864274801954,-0.50301994663));
#1938 = PCURVE('',#1757,#1939);
#1939 = DEFINITIONAL_REPRESENTATION('',(#1940),#1944);
#1940 = LINE('',#1941,#1942);
#1941 = CARTESIAN_POINT('',(-9.055738272146,15.559316194386));
#1942 = VECTOR('',#1943,1.);
#1943 = DIRECTION('',(0.50301994663,-0.864274801954));
#1944 = ( GEOMETRIC_REPRESENTATION_CONTEXT(2) 
PARAMETRIC_REPRESENTATION_CONTEXT() REPRESENTATION_CONTEXT('2D SPACE',''
  ) );
#1945 = PCURVE('',#1946,#1951);
#1946 = PLANE('',#1947);
#1947 = AXIS2_PLACEMENT_3D('',#1948,#1949,#1950);
#1948 = CARTESIAN_POINT('',(160.,27.559316194386,9.055738272146));
#1949 = DIRECTION('',(0.,0.50301994663,-0.864274801954));
#1950 = DIRECTION('',(0.,-0.864274801954,-0.50301994663));
#1951 = DEFINITIONAL_REPRESENTATION('',(#1952),#1956);
#1952 = LINE('',#1953,#1954);
#1953 = CARTESIAN_POINT('',(0.,-19.));
#1954 = VECTOR('',#1955,1.);
#1955 = DIRECTION('',(1.,0.));
#1956 = ( GEOMETRIC_REPRESENTATION_CONTEXT(2) 
PARAMETRIC_REPRESENTATION_CONTEXT() REPRESENTATION_CONTEXT('2D SPACE',''
  ) );
#1957 = ORIENTED_EDGE('',*,*,#1958,.F.);
#1958 = EDGE_CURVE('',#1959,#1931,#1961,.T.);
#1959 = VERTEX_POINT('',#1960);
#1960 = CARTESIAN_POINT('',(179.,0.764427574602,6.539259306193));
#1961 = SURFACE_CURVE('',#1962,(#1967,#1978),.PCURVE_S1.);
#1962 = CIRCLE('',#1963,13.);
#1963 = AXIS2_PLACEMENT_3D('',#1964,#1965,#1966);
#1964 = CARTESIAN_POINT('',(179.,12.,2.109423746788E-15));
#1965 = DIRECTION('',(-1.,0.,0.));
#1966 = DIRECTION('',(0.,-0.864274801954,0.50301994663));
#1967 = PCURVE('',#1757,#1968);
#1968 = DEFINITIONAL_REPRESENTATION('',(#1969),#1977);
#1969 = ( BOUNDED_CURVE() B_SPLINE_CURVE(2,(#1970,#1971,#1972,#1973,
#1974,#1975,#1976),.UNSPECIFIED.,.T.,.F.) B_SPLINE_CURVE_WITH_KNOTS((1,2
    ,2,2,2,1),(-2.094395102393,0.,2.094395102393,4.188790204786,
6.28318530718,8.377580409573),.UNSPECIFIED.) CURVE() 
GEOMETRIC_REPRESENTATION_ITEM() RATIONAL_B_SPLINE_CURVE((1.,0.5,1.,0.5,
1.,0.5,1.)) REPRESENTATION_ITEM('') );
#1970 = CARTESIAN_POINT('',(-6.539259306193,-11.23557242539));
#1971 = CARTESIAN_POINT('',(-25.9998415991,9.075693679483E-02));
#1972 = CARTESIAN_POINT('',(-6.460661493359,11.280950893796));
#1973 = CARTESIAN_POINT('',(13.078518612385,22.471144850797));
#1974 = CARTESIAN_POINT('',(12.999920799551,-4.537846839741E-02));
#1975 = CARTESIAN_POINT('',(12.921322986717,-22.56190178759));
#1976 = CARTESIAN_POINT('',(-6.539259306193,-11.23557242539));
#1977 = ( GEOMETRIC_REPRESENTATION_CONTEXT(2) 
PARAMETRIC_REPRESENTATION_CONTEXT() REPRESENTATION_CONTEXT('2D SPACE',''
  ) );
#1978 = PCURVE('',#1979,#1984);
#1979 = CYLINDRICAL_SURFACE('',#1980,13.);
#1980 = AXIS2_PLACEMENT_3D('',#1981,#1982,#1983);
#1981 = CARTESIAN_POINT('',(160.,12.,-2.109423746788E-15));
#1982 = DIRECTION('',(1.,0.,2.22044604925E-16));
#1983 = DIRECTION('',(2.22044604925E-16,0.,-1.));
#1984 = DEFINITIONAL_REPRESENTATION('',(#1985),#1989);
#1985 = LINE('',#1986,#1987);
#1986 = CARTESIAN_POINT('',(4.185299546282,19.));
#1987 = VECTOR('',#1988,1.);
#1988 = DIRECTION('',(-1.,-0.));
#1989 = ( GEOMETRIC_REPRESENTATION_CONTEXT(2) 
PARAMETRIC_REPRESENTATION_CONTEXT() REPRESENTATION_CONTEXT('2D SPACE',''
  ) );
#1990 = ORIENTED_EDGE('',*,*,#1991,.F.);
#1991 = EDGE_CURVE('',#1992,#1959,#1994,.T.);
#1992 = VERTEX_POINT('',#1993);
#1993 = CARTESIAN_POINT('',(179.,3.357251980463,5.030199466302));
#1994 = SURFACE_CURVE('',#1995,(#1999,#2006),.PCURVE_S1.);
#1995 = LINE('',#1996,#1997);
#1996 = CARTESIAN_POINT('',(179.,12.,0.));
#1997 = VECTOR('',#1998,1.);
#1998 = DIRECTION('',(0.,-0.864274801954,0.50301994663));
#1999 = PCURVE('',#1757,#2000);
#2000 = DEFINITIONAL_REPRESENTATION('',(#2001),#2005);
#2001 = LINE('',#2002,#2003);
#2002 = CARTESIAN_POINT('',(2.109423746788E-15,0.));
#2003 = VECTOR('',#2004,1.);
#2004 = DIRECTION('',(-0.50301994663,-0.864274801954));
#2005 = ( GEOMETRIC_REPRESENTATION_CONTEXT(2) 
PARAMETRIC_REPRESENTATION_CONTEXT() REPRESENTATION_CONTEXT('2D SPACE',''
  ) );
#2006 = PCURVE('',#2007,#2012);
#2007 = PLANE('',#2008);
#2008 = AXIS2_PLACEMENT_3D('',#2009,#2010,#2011);
#2009 = CARTESIAN_POINT('',(160.,12.,0.));
#2010 = DIRECTION('',(-0.,-0.50301994663,-0.864274801954));
#2011 = DIRECTION('',(0.,-0.864274801954,0.50301994663));
#2012 = DEFINITIONAL_REPRESENTATION('',(#2013),#2017);
#2013 = LINE('',#2014,#2015);
#2014 = CARTESIAN_POINT('',(0.,-19.));
#2015 = VECTOR('',#2016,1.);
#2016 = DIRECTION('',(1.,0.));
#2017 = ( GEOMETRIC_REPRESENTATION_CONTEXT(2) 
PARAMETRIC_REPRESENTATION_CONTEXT() REPRESENTATION_CONTEXT('2D SPACE',''
  ) );
#2018 = ORIENTED_EDGE('',*,*,#2019,.T.);
#2019 = EDGE_CURVE('',#1992,#2020,#2022,.T.);
#2020 = VERTEX_POINT('',#2021);
#2021 = CARTESIAN_POINT('',(179.,3.357251980463,-5.030199466302));
#2022 = SURFACE_CURVE('',#2023,(#2028,#2035),.PCURVE_S1.);
#2023 = CIRCLE('',#2024,10.);
#2024 = AXIS2_PLACEMENT_3D('',#2025,#2026,#2027);
#2025 = CARTESIAN_POINT('',(179.,12.,2.109423746788E-15));
#2026 = DIRECTION('',(1.,-0.,2.22044604925E-16));
#2027 = DIRECTION('',(2.22044604925E-16,0.,-1.));
#2028 = PCURVE('',#1757,#2029);
#2029 = DEFINITIONAL_REPRESENTATION('',(#2030),#2034);
#2030 = CIRCLE('',#2031,10.);
#2031 = AXIS2_PLACEMENT_2D('',#2032,#2033);
#2032 = CARTESIAN_POINT('',(0.,0.));
#2033 = DIRECTION('',(1.,0.));
#2034 = ( GEOMETRIC_REPRESENTATION_CONTEXT(2) 
PARAMETRIC_REPRESENTATION_CONTEXT() REPRESENTATION_CONTEXT('2D SPACE',''
  ) );
#2035 = PCURVE('',#2036,#2041);
#2036 = CYLINDRICAL_SURFACE('',#2037,10.);
#2037 = AXIS2_PLACEMENT_3D('',#2038,#2039,#2040);
#2038 = CARTESIAN_POINT('',(160.,12.,-2.109423746788E-15));
#2039 = DIRECTION('',(1.,0.,2.22044604925E-16));
#2040 = DIRECTION('',(2.22044604925E-16,0.,-1.));
#2041 = DEFINITIONAL_REPRESENTATION('',(#2042),#2046);
#2042 = LINE('',#2043,#2044);
#2043 = CARTESIAN_POINT('',(0.,19.));
#2044 = VECTOR('',#2045,1.);
#2045 = DIRECTION('',(1.,0.));
#2046 = ( GEOMETRIC_REPRESENTATION_CONTEXT(2) 
PARAMETRIC_REPRESENTATION_CONTEXT() REPRESENTATION_CONTEXT('2D SPACE',''
  ) );
#2047 = ORIENTED_EDGE('',*,*,#2048,.F.);
#2048 = EDGE_CURVE('',#1741,#2020,#2049,.T.);
#2049 = SURFACE_CURVE('',#2050,(#2054,#2061),.PCURVE_S1.);
#2050 = LINE('',#2051,#2052);
#2051 = CARTESIAN_POINT('',(179.,-3.559316194386,-9.055738272146));
#2052 = VECTOR('',#2053,1.);
#2053 = DIRECTION('',(0.,0.864274801954,0.50301994663));
#2054 = PCURVE('',#1757,#2055);
#2055 = DEFINITIONAL_REPRESENTATION('',(#2056),#2060);
#2056 = LINE('',#2057,#2058);
#2057 = CARTESIAN_POINT('',(9.055738272146,-15.55931619438));
#2058 = VECTOR('',#2059,1.);
#2059 = DIRECTION('',(-0.50301994663,0.864274801954));
#2060 = ( GEOMETRIC_REPRESENTATION_CONTEXT(2) 
PARAMETRIC_REPRESENTATION_CONTEXT() REPRESENTATION_CONTEXT('2D SPACE',''
  ) );
#2061 = PCURVE('',#1788,#2062);
#2062 = DEFINITIONAL_REPRESENTATION('',(#2063),#2067);
#2063 = LINE('',#2064,#2065);
#2064 = CARTESIAN_POINT('',(0.,-19.));
#2065 = VECTOR('',#2066,1.);
#2066 = DIRECTION('',(1.,0.));
#2067 = ( GEOMETRIC_REPRESENTATION_CONTEXT(2) 
PARAMETRIC_REPRESENTATION_CONTEXT() REPRESENTATION_CONTEXT('2D SPACE',''
  ) );
#2068 = FACE_BOUND('',#2069,.T.);
#2069 = EDGE_LOOP('',(#2070,#2100,#2129,#2157,#2190,#2218,#2251,#2279));
#2070 = ORIENTED_EDGE('',*,*,#2071,.F.);
#2071 = EDGE_CURVE('',#2072,#2074,#2076,.T.);
#2072 = VERTEX_POINT('',#2073);
#2073 = CARTESIAN_POINT('',(179.,2.90211368298,6.182917156374));
#2074 = VERTEX_POINT('',#2075);
#2075 = CARTESIAN_POINT('',(179.,4.556274831529,5.058750400669));
#2076 = SURFACE_CURVE('',#2077,(#2081,#2088),.PCURVE_S1.);
#2077 = LINE('',#2078,#2079);
#2078 = CARTESIAN_POINT('',(179.,-2.889718113131,10.119041980445));
#2079 = VECTOR('',#2080,1.);
#2080 = DIRECTION('',(0.,0.827080574275,-0.562083377852));
#2081 = PCURVE('',#1757,#2082);
#2082 = DEFINITIONAL_REPRESENTATION('',(#2083),#2087);
#2083 = LINE('',#2084,#2085);
#2084 = CARTESIAN_POINT('',(-10.11904198044,-14.88971811313));
#2085 = VECTOR('',#2086,1.);
#2086 = DIRECTION('',(0.562083377852,0.827080574275));
#2087 = ( GEOMETRIC_REPRESENTATION_CONTEXT(2) 
PARAMETRIC_REPRESENTATION_CONTEXT() REPRESENTATION_CONTEXT('2D SPACE',''
  ) );
#2088 = PCURVE('',#2089,#2094);
#2089 = PLANE('',#2090);
#2090 = AXIS2_PLACEMENT_3D('',#2091,#2092,#2093);
#2091 = CARTESIAN_POINT('',(160.,-2.889718113131,10.119041980445));
#2092 = DIRECTION('',(0.,0.562083377852,0.827080574275));
#2093 = DIRECTION('',(0.,0.827080574275,-0.562083377852));
#2094 = DEFINITIONAL_REPRESENTATION('',(#2095),#2099);
#2095 = LINE('',#2096,#2097);
#2096 = CARTESIAN_POINT('',(0.,-19.));
#2097 = VECTOR('',#2098,1.);
#2098 = DIRECTION('',(1.,0.));
#2099 = ( GEOMETRIC_REPRESENTATION_CONTEXT(2) 
PARAMETRIC_REPRESENTATION_CONTEXT() REPRESENTATION_CONTEXT('2D SPACE',''
  ) );
#2100 = ORIENTED_EDGE('',*,*,#2101,.F.);
#2101 = EDGE_CURVE('',#2102,#2072,#2104,.T.);
#2102 = VERTEX_POINT('',#2103);
#2103 = CARTESIAN_POINT('',(179.,21.09788631702,6.182917156374));
#2104 = SURFACE_CURVE('',#2105,(#2110,#2117),.PCURVE_S1.);
#2105 = CIRCLE('',#2106,11.);
#2106 = AXIS2_PLACEMENT_3D('',#2107,#2108,#2109);
#2107 = CARTESIAN_POINT('',(179.,12.,2.109423746788E-15));
#2108 = DIRECTION('',(1.,0.,2.22044604925E-16));
#2109 = DIRECTION('',(2.22044604925E-16,0.,-1.));
#2110 = PCURVE('',#1757,#2111);
#2111 = DEFINITIONAL_REPRESENTATION('',(#2112),#2116);
#2112 = CIRCLE('',#2113,11.);
#2113 = AXIS2_PLACEMENT_2D('',#2114,#2115);
#2114 = CARTESIAN_POINT('',(0.,0.));
#2115 = DIRECTION('',(1.,0.));
#2116 = ( GEOMETRIC_REPRESENTATION_CONTEXT(2) 
PARAMETRIC_REPRESENTATION_CONTEXT() REPRESENTATION_CONTEXT('2D SPACE',''
  ) );
#2117 = PCURVE('',#2118,#2123);
#2118 = CYLINDRICAL_SURFACE('',#2119,11.);
#2119 = AXIS2_PLACEMENT_3D('',#2120,#2121,#2122);
#2120 = CARTESIAN_POINT('',(159.,12.,-2.331468351713E-15));
#2121 = DIRECTION('',(1.,0.,2.22044604925E-16));
#2122 = DIRECTION('',(2.22044604925E-16,0.,-1.));
#2123 = DEFINITIONAL_REPRESENTATION('',(#2124),#2128);
#2124 = LINE('',#2125,#2126);
#2125 = CARTESIAN_POINT('',(0.,20.));
#2126 = VECTOR('',#2127,1.);
#2127 = DIRECTION('',(1.,0.));
#2128 = ( GEOMETRIC_REPRESENTATION_CONTEXT(2) 
PARAMETRIC_REPRESENTATION_CONTEXT() REPRESENTATION_CONTEXT('2D SPACE',''
  ) );
#2129 = ORIENTED_EDGE('',*,*,#2130,.F.);
#2130 = EDGE_CURVE('',#2131,#2102,#2133,.T.);
#2131 = VERTEX_POINT('',#2132);
#2132 = CARTESIAN_POINT('',(179.,19.443725168471,5.058750400669));
#2133 = SURFACE_CURVE('',#2134,(#2138,#2145),.PCURVE_S1.);
#2134 = LINE('',#2135,#2136);
#2135 = CARTESIAN_POINT('',(179.,12.,0.));
#2136 = VECTOR('',#2137,1.);
#2137 = DIRECTION('',(0.,0.827080574275,0.562083377852));
#2138 = PCURVE('',#1757,#2139);
#2139 = DEFINITIONAL_REPRESENTATION('',(#2140),#2144);
#2140 = LINE('',#2141,#2142);
#2141 = CARTESIAN_POINT('',(2.109423746788E-15,0.));
#2142 = VECTOR('',#2143,1.);
#2143 = DIRECTION('',(-0.562083377852,0.827080574275));
#2144 = ( GEOMETRIC_REPRESENTATION_CONTEXT(2) 
PARAMETRIC_REPRESENTATION_CONTEXT() REPRESENTATION_CONTEXT('2D SPACE',''
  ) );
#2145 = PCURVE('',#2146,#2151);
#2146 = PLANE('',#2147);
#2147 = AXIS2_PLACEMENT_3D('',#2148,#2149,#2150);
#2148 = CARTESIAN_POINT('',(160.,12.,0.));
#2149 = DIRECTION('',(0.,-0.562083377852,0.827080574275));
#2150 = DIRECTION('',(0.,0.827080574275,0.562083377852));
#2151 = DEFINITIONAL_REPRESENTATION('',(#2152),#2156);
#2152 = LINE('',#2153,#2154);
#2153 = CARTESIAN_POINT('',(0.,-19.));
#2154 = VECTOR('',#2155,1.);
#2155 = DIRECTION('',(1.,0.));
#2156 = ( GEOMETRIC_REPRESENTATION_CONTEXT(2) 
PARAMETRIC_REPRESENTATION_CONTEXT() REPRESENTATION_CONTEXT('2D SPACE',''
  ) );
#2157 = ORIENTED_EDGE('',*,*,#2158,.T.);
#2158 = EDGE_CURVE('',#2131,#2159,#2161,.T.);
#2159 = VERTEX_POINT('',#2160);
#2160 = CARTESIAN_POINT('',(179.,19.443725168471,-5.058750400669));
#2161 = SURFACE_CURVE('',#2162,(#2167,#2178),.PCURVE_S1.);
#2162 = CIRCLE('',#2163,9.);
#2163 = AXIS2_PLACEMENT_3D('',#2164,#2165,#2166);
#2164 = CARTESIAN_POINT('',(179.,12.,2.109423746788E-15));
#2165 = DIRECTION('',(-1.,0.,0.));
#2166 = DIRECTION('',(0.,0.827080574275,0.562083377852));
#2167 = PCURVE('',#1757,#2168);
#2168 = DEFINITIONAL_REPRESENTATION('',(#2169),#2177);
#2169 = ( BOUNDED_CURVE() B_SPLINE_CURVE(2,(#2170,#2171,#2172,#2173,
#2174,#2175,#2176),.UNSPECIFIED.,.T.,.F.) B_SPLINE_CURVE_WITH_KNOTS((1,2
    ,2,2,2,1),(-2.094395102393,0.,2.094395102393,4.188790204786,
6.28318530718,8.377580409573),.UNSPECIFIED.) CURVE() 
GEOMETRIC_REPRESENTATION_ITEM() RATIONAL_B_SPLINE_CURVE((1.,0.5,1.,0.5,
1.,0.5,1.)) REPRESENTATION_ITEM('') );
#2170 = CARTESIAN_POINT('',(-5.058750400669,7.443725168471));
#2171 = CARTESIAN_POINT('',(7.834159788702,16.205737885239));
#2172 = CARTESIAN_POINT('',(8.97583029502,0.659143774149));
#2173 = CARTESIAN_POINT('',(10.117500801338,-14.88745033694));
#2174 = CARTESIAN_POINT('',(-3.917079894351,-8.10286894262));
#2175 = CARTESIAN_POINT('',(-17.95166059004,-1.318287548297));
#2176 = CARTESIAN_POINT('',(-5.058750400669,7.443725168471));
#2177 = ( GEOMETRIC_REPRESENTATION_CONTEXT(2) 
PARAMETRIC_REPRESENTATION_CONTEXT() REPRESENTATION_CONTEXT('2D SPACE',''
  ) );
#2178 = PCURVE('',#2179,#2184);
#2179 = CYLINDRICAL_SURFACE('',#2180,9.);
#2180 = AXIS2_PLACEMENT_3D('',#2181,#2182,#2183);
#2181 = CARTESIAN_POINT('',(159.,12.,-2.331468351713E-15));
#2182 = DIRECTION('',(1.,0.,2.22044604925E-16));
#2183 = DIRECTION('',(2.22044604925E-16,0.,-1.));
#2184 = DEFINITIONAL_REPRESENTATION('',(#2185),#2189);
#2185 = LINE('',#2186,#2187);
#2186 = CARTESIAN_POINT('',(2.167698930977,20.));
#2187 = VECTOR('',#2188,1.);
#2188 = DIRECTION('',(-1.,-0.));
#2189 = ( GEOMETRIC_REPRESENTATION_CONTEXT(2) 
PARAMETRIC_REPRESENTATION_CONTEXT() REPRESENTATION_CONTEXT('2D SPACE',''
  ) );
#2190 = ORIENTED_EDGE('',*,*,#2191,.F.);
#2191 = EDGE_CURVE('',#2192,#2159,#2194,.T.);
#2192 = VERTEX_POINT('',#2193);
#2193 = CARTESIAN_POINT('',(179.,21.09788631702,-6.182917156374));
#2194 = SURFACE_CURVE('',#2195,(#2199,#2206),.PCURVE_S1.);
#2195 = LINE('',#2196,#2197);
#2196 = CARTESIAN_POINT('',(179.,26.889718113131,-10.11904198044));
#2197 = VECTOR('',#2198,1.);
#2198 = DIRECTION('',(0.,-0.827080574275,0.562083377852));
#2199 = PCURVE('',#1757,#2200);
#2200 = DEFINITIONAL_REPRESENTATION('',(#2201),#2205);
#2201 = LINE('',#2202,#2203);
#2202 = CARTESIAN_POINT('',(10.119041980445,14.889718113131));
#2203 = VECTOR('',#2204,1.);
#2204 = DIRECTION('',(-0.562083377852,-0.827080574275));
#2205 = ( GEOMETRIC_REPRESENTATION_CONTEXT(2) 
PARAMETRIC_REPRESENTATION_CONTEXT() REPRESENTATION_CONTEXT('2D SPACE',''
  ) );
#2206 = PCURVE('',#2207,#2212);
#2207 = PLANE('',#2208);
#2208 = AXIS2_PLACEMENT_3D('',#2209,#2210,#2211);
#2209 = CARTESIAN_POINT('',(160.,26.889718113131,-10.11904198044));
#2210 = DIRECTION('',(-0.,-0.562083377852,-0.827080574275));
#2211 = DIRECTION('',(0.,-0.827080574275,0.562083377852));
#2212 = DEFINITIONAL_REPRESENTATION('',(#2213),#2217);
#2213 = LINE('',#2214,#2215);
#2214 = CARTESIAN_POINT('',(0.,-19.));
#2215 = VECTOR('',#2216,1.);
#2216 = DIRECTION('',(1.,0.));
#2217 = ( GEOMETRIC_REPRESENTATION_CONTEXT(2) 
PARAMETRIC_REPRESENTATION_CONTEXT() REPRESENTATION_CONTEXT('2D SPACE',''
  ) );
#2218 = ORIENTED_EDGE('',*,*,#2219,.T.);
#2219 = EDGE_CURVE('',#2192,#2220,#2222,.T.);
#2220 = VERTEX_POINT('',#2221);
#2221 = CARTESIAN_POINT('',(179.,2.90211368298,-6.182917156374));
#2222 = SURFACE_CURVE('',#2223,(#2228,#2239),.PCURVE_S1.);
#2223 = CIRCLE('',#2224,11.);
#2224 = AXIS2_PLACEMENT_3D('',#2225,#2226,#2227);
#2225 = CARTESIAN_POINT('',(179.,12.,2.109423746788E-15));
#2226 = DIRECTION('',(-1.,0.,0.));
#2227 = DIRECTION('',(0.,0.827080574275,-0.562083377852));
#2228 = PCURVE('',#1757,#2229);
#2229 = DEFINITIONAL_REPRESENTATION('',(#2230),#2238);
#2230 = ( BOUNDED_CURVE() B_SPLINE_CURVE(2,(#2231,#2232,#2233,#2234,
#2235,#2236,#2237),.UNSPECIFIED.,.T.,.F.) B_SPLINE_CURVE_WITH_KNOTS((1,2
    ,2,2,2,1),(-2.094395102393,0.,2.094395102393,4.188790204786,
6.28318530718,8.377580409573),.UNSPECIFIED.) CURVE() 
GEOMETRIC_REPRESENTATION_ITEM() RATIONAL_B_SPLINE_CURVE((1.,0.5,1.,0.5,
1.,0.5,1.)) REPRESENTATION_ITEM('') );
#2231 = CARTESIAN_POINT('',(6.182917156374,9.09788631702));
#2232 = CARTESIAN_POINT('',(21.940918498938,-1.611240336808));
#2233 = CARTESIAN_POINT('',(4.787542093095,-9.903506485424));
#2234 = CARTESIAN_POINT('',(-12.36583431274,-18.19577263404));
#2235 = CARTESIAN_POINT('',(-10.97045924946,0.805620168404));
#2236 = CARTESIAN_POINT('',(-9.575084186191,19.807012970848));
#2237 = CARTESIAN_POINT('',(6.182917156374,9.09788631702));
#2238 = ( GEOMETRIC_REPRESENTATION_CONTEXT(2) 
PARAMETRIC_REPRESENTATION_CONTEXT() REPRESENTATION_CONTEXT('2D SPACE',''
  ) );
#2239 = PCURVE('',#2240,#2245);
#2240 = CYLINDRICAL_SURFACE('',#2241,11.);
#2241 = AXIS2_PLACEMENT_3D('',#2242,#2243,#2244);
#2242 = CARTESIAN_POINT('',(159.,12.,-2.331468351713E-15));
#2243 = DIRECTION('',(1.,0.,2.22044604925E-16));
#2244 = DIRECTION('',(2.22044604925E-16,0.,-1.));
#2245 = DEFINITIONAL_REPRESENTATION('',(#2246),#2250);
#2246 = LINE('',#2247,#2248);
#2247 = CARTESIAN_POINT('',(7.257079029792,20.));
#2248 = VECTOR('',#2249,1.);
#2249 = DIRECTION('',(-1.,-0.));
#2250 = ( GEOMETRIC_REPRESENTATION_CONTEXT(2) 
PARAMETRIC_REPRESENTATION_CONTEXT() REPRESENTATION_CONTEXT('2D SPACE',''
  ) );
#2251 = ORIENTED_EDGE('',*,*,#2252,.F.);
#2252 = EDGE_CURVE('',#2253,#2220,#2255,.T.);
#2253 = VERTEX_POINT('',#2254);
#2254 = CARTESIAN_POINT('',(179.,4.556274831529,-5.058750400669));
#2255 = SURFACE_CURVE('',#2256,(#2260,#2267),.PCURVE_S1.);
#2256 = LINE('',#2257,#2258);
#2257 = CARTESIAN_POINT('',(179.,12.,0.));
#2258 = VECTOR('',#2259,1.);
#2259 = DIRECTION('',(0.,-0.827080574275,-0.562083377852));
#2260 = PCURVE('',#1757,#2261);
#2261 = DEFINITIONAL_REPRESENTATION('',(#2262),#2266);
#2262 = LINE('',#2263,#2264);
#2263 = CARTESIAN_POINT('',(2.109423746788E-15,0.));
#2264 = VECTOR('',#2265,1.);
#2265 = DIRECTION('',(0.562083377852,-0.827080574275));
#2266 = ( GEOMETRIC_REPRESENTATION_CONTEXT(2) 
PARAMETRIC_REPRESENTATION_CONTEXT() REPRESENTATION_CONTEXT('2D SPACE',''
  ) );
#2267 = PCURVE('',#2268,#2273);
#2268 = PLANE('',#2269);
#2269 = AXIS2_PLACEMENT_3D('',#2270,#2271,#2272);
#2270 = CARTESIAN_POINT('',(160.,12.,0.));
#2271 = DIRECTION('',(0.,0.562083377852,-0.827080574275));
#2272 = DIRECTION('',(0.,-0.827080574275,-0.562083377852));
#2273 = DEFINITIONAL_REPRESENTATION('',(#2274),#2278);
#2274 = LINE('',#2275,#2276);
#2275 = CARTESIAN_POINT('',(0.,-19.));
#2276 = VECTOR('',#2277,1.);
#2277 = DIRECTION('',(1.,0.));
#2278 = ( GEOMETRIC_REPRESENTATION_CONTEXT(2) 
PARAMETRIC_REPRESENTATION_CONTEXT() REPRESENTATION_CONTEXT('2D SPACE',''
  ) );
#2279 = ORIENTED_EDGE('',*,*,#2280,.T.);
#2280 = EDGE_CURVE('',#2253,#2074,#2281,.T.);
#2281 = SURFACE_CURVE('',#2282,(#2287,#2298),.PCURVE_S1.);
#2282 = CIRCLE('',#2283,9.);
#2283 = AXIS2_PLACEMENT_3D('',#2284,#2285,#2286);
#2284 = CARTESIAN_POINT('',(179.,12.,2.109423746788E-15));
#2285 = DIRECTION('',(-1.,0.,0.));
#2286 = DIRECTION('',(-0.,-0.827080574275,-0.562083377852));
#2287 = PCURVE('',#1757,#2288);
#2288 = DEFINITIONAL_REPRESENTATION('',(#2289),#2297);
#2289 = ( BOUNDED_CURVE() B_SPLINE_CURVE(2,(#2290,#2291,#2292,#2293,
#2294,#2295,#2296),.UNSPECIFIED.,.T.,.F.) B_SPLINE_CURVE_WITH_KNOTS((1,2
    ,2,2,2,1),(-2.094395102393,0.,2.094395102393,4.188790204786,
6.28318530718,8.377580409573),.UNSPECIFIED.) CURVE() 
GEOMETRIC_REPRESENTATION_ITEM() RATIONAL_B_SPLINE_CURVE((1.,0.5,1.,0.5,
1.,0.5,1.)) REPRESENTATION_ITEM('') );
#2290 = CARTESIAN_POINT('',(5.058750400669,-7.443725168471));
#2291 = CARTESIAN_POINT('',(-7.834159788702,-16.20573788523));
#2292 = CARTESIAN_POINT('',(-8.97583029502,-0.659143774149));
#2293 = CARTESIAN_POINT('',(-10.11750080133,14.887450336942));
#2294 = CARTESIAN_POINT('',(3.917079894351,8.10286894262));
#2295 = CARTESIAN_POINT('',(17.95166059004,1.318287548297));
#2296 = CARTESIAN_POINT('',(5.058750400669,-7.443725168471));
#2297 = ( GEOMETRIC_REPRESENTATION_CONTEXT(2) 
PARAMETRIC_REPRESENTATION_CONTEXT() REPRESENTATION_CONTEXT('2D SPACE',''
  ) );
#2298 = PCURVE('',#2299,#2304);
#2299 = CYLINDRICAL_SURFACE('',#2300,9.);
#2300 = AXIS2_PLACEMENT_3D('',#2301,#2302,#2303);
#2301 = CARTESIAN_POINT('',(159.,12.,-2.331468351713E-15));
#2302 = DIRECTION('',(1.,0.,2.22044604925E-16));
#2303 = DIRECTION('',(2.22044604925E-16,0.,-1.));
#2304 = DEFINITIONAL_REPRESENTATION('',(#2305),#2309);
#2305 = LINE('',#2306,#2307);
#2306 = CARTESIAN_POINT('',(5.309291584567,20.));
#2307 = VECTOR('',#2308,1.);
#2308 = DIRECTION('',(-1.,-0.));
#2309 = ( GEOMETRIC_REPRESENTATION_CONTEXT(2) 
PARAMETRIC_REPRESENTATION_CONTEXT() REPRESENTATION_CONTEXT('2D SPACE',''
  ) );
#2310 = ADVANCED_FACE('',(#2311),#1788,.T.);
#2311 = FACE_BOUND('',#2312,.T.);
#2312 = EDGE_LOOP('',(#2313,#2336,#2337,#2338));
#2313 = ORIENTED_EDGE('',*,*,#2314,.F.);
#2314 = EDGE_CURVE('',#1774,#2315,#2317,.T.);
#2315 = VERTEX_POINT('',#2316);
#2316 = CARTESIAN_POINT('',(160.,3.357251980463,-5.030199466302));
#2317 = SURFACE_CURVE('',#2318,(#2322,#2329),.PCURVE_S1.);
#2318 = LINE('',#2319,#2320);
#2319 = CARTESIAN_POINT('',(160.,-3.559316194386,-9.055738272146));
#2320 = VECTOR('',#2321,1.);
#2321 = DIRECTION('',(0.,0.864274801954,0.50301994663));
#2322 = PCURVE('',#1788,#2323);
#2323 = DEFINITIONAL_REPRESENTATION('',(#2324),#2328);
#2324 = LINE('',#2325,#2326);
#2325 = CARTESIAN_POINT('',(0.,0.));
#2326 = VECTOR('',#2327,1.);
#2327 = DIRECTION('',(1.,0.));
#2328 = ( GEOMETRIC_REPRESENTATION_CONTEXT(2) 
PARAMETRIC_REPRESENTATION_CONTEXT() REPRESENTATION_CONTEXT('2D SPACE',''
  ) );
#2329 = PCURVE('',#1814,#2330);
#2330 = DEFINITIONAL_REPRESENTATION('',(#2331),#2335);
#2331 = LINE('',#2332,#2333);
#2332 = CARTESIAN_POINT('',(9.055738272146,-15.55931619438));
#2333 = VECTOR('',#2334,1.);
#2334 = DIRECTION('',(-0.50301994663,0.864274801954));
#2335 = ( GEOMETRIC_REPRESENTATION_CONTEXT(2) 
PARAMETRIC_REPRESENTATION_CONTEXT() REPRESENTATION_CONTEXT('2D SPACE',''
  ) );
#2336 = ORIENTED_EDGE('',*,*,#1773,.T.);
#2337 = ORIENTED_EDGE('',*,*,#2048,.T.);
#2338 = ORIENTED_EDGE('',*,*,#2339,.F.);
#2339 = EDGE_CURVE('',#2315,#2020,#2340,.T.);
#2340 = SURFACE_CURVE('',#2341,(#2345,#2352),.PCURVE_S1.);
#2341 = LINE('',#2342,#2343);
#2342 = CARTESIAN_POINT('',(160.,3.357251980463,-5.030199466302));
#2343 = VECTOR('',#2344,1.);
#2344 = DIRECTION('',(1.,0.,2.22044604925E-16));
#2345 = PCURVE('',#1788,#2346);
#2346 = DEFINITIONAL_REPRESENTATION('',(#2347),#2351);
#2347 = LINE('',#2348,#2349);
#2348 = CARTESIAN_POINT('',(8.00274190479,0.));
#2349 = VECTOR('',#2350,1.);
#2350 = DIRECTION('',(1.116928653189E-16,-1.));
#2351 = ( GEOMETRIC_REPRESENTATION_CONTEXT(2) 
PARAMETRIC_REPRESENTATION_CONTEXT() REPRESENTATION_CONTEXT('2D SPACE',''
  ) );
#2352 = PCURVE('',#2036,#2353);
#2353 = DEFINITIONAL_REPRESENTATION('',(#2354),#2357);
#2354 = B_SPLINE_CURVE_WITH_KNOTS('',1,(#2355,#2356),.UNSPECIFIED.,.F.,
  .F.,(2,2),(-5.999999928008E-07,19.0000006),.PIECEWISE_BEZIER_KNOTS.);
#2355 = CARTESIAN_POINT('',(5.239478414487,-5.999999939177E-07));
#2356 = CARTESIAN_POINT('',(5.239478414487,19.0000006));
#2357 = ( GEOMETRIC_REPRESENTATION_CONTEXT(2) 
PARAMETRIC_REPRESENTATION_CONTEXT() REPRESENTATION_CONTEXT('2D SPACE',''
  ) );
#2358 = ADVANCED_FACE('',(#2359,#2480),#1814,.F.);
#2359 = FACE_BOUND('',#2360,.F.);
#2360 = EDGE_LOOP('',(#2361,#2362,#2386,#2409,#2433,#2456,#2478,#2479));
#2361 = ORIENTED_EDGE('',*,*,#1829,.F.);
#2362 = ORIENTED_EDGE('',*,*,#2363,.T.);
#2363 = EDGE_CURVE('',#1830,#2364,#2366,.T.);
#2364 = VERTEX_POINT('',#2365);
#2365 = CARTESIAN_POINT('',(160.,20.642748019537,5.030199466302));
#2366 = SURFACE_CURVE('',#2367,(#2372,#2379),.PCURVE_S1.);
#2367 = CIRCLE('',#2368,10.);
#2368 = AXIS2_PLACEMENT_3D('',#2369,#2370,#2371);
#2369 = CARTESIAN_POINT('',(160.,12.,-2.109423746788E-15));
#2370 = DIRECTION('',(1.,-0.,2.22044604925E-16));
#2371 = DIRECTION('',(2.22044604925E-16,0.,-1.));
#2372 = PCURVE('',#1814,#2373);
#2373 = DEFINITIONAL_REPRESENTATION('',(#2374),#2378);
#2374 = CIRCLE('',#2375,10.);
#2375 = AXIS2_PLACEMENT_2D('',#2376,#2377);
#2376 = CARTESIAN_POINT('',(0.,0.));
#2377 = DIRECTION('',(1.,0.));
#2378 = ( GEOMETRIC_REPRESENTATION_CONTEXT(2) 
PARAMETRIC_REPRESENTATION_CONTEXT() REPRESENTATION_CONTEXT('2D SPACE',''
  ) );
#2379 = PCURVE('',#1868,#2380);
#2380 = DEFINITIONAL_REPRESENTATION('',(#2381),#2385);
#2381 = LINE('',#2382,#2383);
#2382 = CARTESIAN_POINT('',(0.,0.));
#2383 = VECTOR('',#2384,1.);
#2384 = DIRECTION('',(1.,0.));
#2385 = ( GEOMETRIC_REPRESENTATION_CONTEXT(2) 
PARAMETRIC_REPRESENTATION_CONTEXT() REPRESENTATION_CONTEXT('2D SPACE',''
  ) );
#2386 = ORIENTED_EDGE('',*,*,#2387,.F.);
#2387 = EDGE_CURVE('',#2388,#2364,#2390,.T.);
#2388 = VERTEX_POINT('',#2389);
#2389 = CARTESIAN_POINT('',(160.,23.235572425398,6.539259306193));
#2390 = SURFACE_CURVE('',#2391,(#2395,#2402),.PCURVE_S1.);
#2391 = LINE('',#2392,#2393);
#2392 = CARTESIAN_POINT('',(160.,27.559316194386,9.055738272146));
#2393 = VECTOR('',#2394,1.);
#2394 = DIRECTION('',(0.,-0.864274801954,-0.50301994663));
#2395 = PCURVE('',#1814,#2396);
#2396 = DEFINITIONAL_REPRESENTATION('',(#2397),#2401);
#2397 = LINE('',#2398,#2399);
#2398 = CARTESIAN_POINT('',(-9.055738272146,15.559316194386));
#2399 = VECTOR('',#2400,1.);
#2400 = DIRECTION('',(0.50301994663,-0.864274801954));
#2401 = ( GEOMETRIC_REPRESENTATION_CONTEXT(2) 
PARAMETRIC_REPRESENTATION_CONTEXT() REPRESENTATION_CONTEXT('2D SPACE',''
  ) );
#2402 = PCURVE('',#1946,#2403);
#2403 = DEFINITIONAL_REPRESENTATION('',(#2404),#2408);
#2404 = LINE('',#2405,#2406);
#2405 = CARTESIAN_POINT('',(0.,0.));
#2406 = VECTOR('',#2407,1.);
#2407 = DIRECTION('',(1.,0.));
#2408 = ( GEOMETRIC_REPRESENTATION_CONTEXT(2) 
PARAMETRIC_REPRESENTATION_CONTEXT() REPRESENTATION_CONTEXT('2D SPACE',''
  ) );
#2409 = ORIENTED_EDGE('',*,*,#2410,.T.);
#2410 = EDGE_CURVE('',#2388,#2411,#2413,.T.);
#2411 = VERTEX_POINT('',#2412);
#2412 = CARTESIAN_POINT('',(160.,0.764427574602,6.539259306193));
#2413 = SURFACE_CURVE('',#2414,(#2419,#2426),.PCURVE_S1.);
#2414 = CIRCLE('',#2415,13.);
#2415 = AXIS2_PLACEMENT_3D('',#2416,#2417,#2418);
#2416 = CARTESIAN_POINT('',(160.,12.,-2.109423746788E-15));
#2417 = DIRECTION('',(1.,0.,0.));
#2418 = DIRECTION('',(-0.,0.864274801954,0.50301994663));
#2419 = PCURVE('',#1814,#2420);
#2420 = DEFINITIONAL_REPRESENTATION('',(#2421),#2425);
#2421 = CIRCLE('',#2422,13.);
#2422 = AXIS2_PLACEMENT_2D('',#2423,#2424);
#2423 = CARTESIAN_POINT('',(0.,0.));
#2424 = DIRECTION('',(-0.50301994663,0.864274801954));
#2425 = ( GEOMETRIC_REPRESENTATION_CONTEXT(2) 
PARAMETRIC_REPRESENTATION_CONTEXT() REPRESENTATION_CONTEXT('2D SPACE',''
  ) );
#2426 = PCURVE('',#1979,#2427);
#2427 = DEFINITIONAL_REPRESENTATION('',(#2428),#2432);
#2428 = LINE('',#2429,#2430);
#2429 = CARTESIAN_POINT('',(2.097885760897,0.));
#2430 = VECTOR('',#2431,1.);
#2431 = DIRECTION('',(1.,0.));
#2432 = ( GEOMETRIC_REPRESENTATION_CONTEXT(2) 
PARAMETRIC_REPRESENTATION_CONTEXT() REPRESENTATION_CONTEXT('2D SPACE',''
  ) );
#2433 = ORIENTED_EDGE('',*,*,#2434,.F.);
#2434 = EDGE_CURVE('',#2435,#2411,#2437,.T.);
#2435 = VERTEX_POINT('',#2436);
#2436 = CARTESIAN_POINT('',(160.,3.357251980463,5.030199466302));
#2437 = SURFACE_CURVE('',#2438,(#2442,#2449),.PCURVE_S1.);
#2438 = LINE('',#2439,#2440);
#2439 = CARTESIAN_POINT('',(160.,12.,0.));
#2440 = VECTOR('',#2441,1.);
#2441 = DIRECTION('',(0.,-0.864274801954,0.50301994663));
#2442 = PCURVE('',#1814,#2443);
#2443 = DEFINITIONAL_REPRESENTATION('',(#2444),#2448);
#2444 = LINE('',#2445,#2446);
#2445 = CARTESIAN_POINT('',(-2.109423746788E-15,0.));
#2446 = VECTOR('',#2447,1.);
#2447 = DIRECTION('',(-0.50301994663,-0.864274801954));
#2448 = ( GEOMETRIC_REPRESENTATION_CONTEXT(2) 
PARAMETRIC_REPRESENTATION_CONTEXT() REPRESENTATION_CONTEXT('2D SPACE',''
  ) );
#2449 = PCURVE('',#2007,#2450);
#2450 = DEFINITIONAL_REPRESENTATION('',(#2451),#2455);
#2451 = LINE('',#2452,#2453);
#2452 = CARTESIAN_POINT('',(0.,0.));
#2453 = VECTOR('',#2454,1.);
#2454 = DIRECTION('',(1.,0.));
#2455 = ( GEOMETRIC_REPRESENTATION_CONTEXT(2) 
PARAMETRIC_REPRESENTATION_CONTEXT() REPRESENTATION_CONTEXT('2D SPACE',''
  ) );
#2456 = ORIENTED_EDGE('',*,*,#2457,.T.);
#2457 = EDGE_CURVE('',#2435,#2315,#2458,.T.);
#2458 = SURFACE_CURVE('',#2459,(#2464,#2471),.PCURVE_S1.);
#2459 = CIRCLE('',#2460,10.);
#2460 = AXIS2_PLACEMENT_3D('',#2461,#2462,#2463);
#2461 = CARTESIAN_POINT('',(160.,12.,-2.109423746788E-15));
#2462 = DIRECTION('',(1.,-0.,2.22044604925E-16));
#2463 = DIRECTION('',(2.22044604925E-16,0.,-1.));
#2464 = PCURVE('',#1814,#2465);
#2465 = DEFINITIONAL_REPRESENTATION('',(#2466),#2470);
#2466 = CIRCLE('',#2467,10.);
#2467 = AXIS2_PLACEMENT_2D('',#2468,#2469);
#2468 = CARTESIAN_POINT('',(0.,0.));
#2469 = DIRECTION('',(1.,0.));
#2470 = ( GEOMETRIC_REPRESENTATION_CONTEXT(2) 
PARAMETRIC_REPRESENTATION_CONTEXT() REPRESENTATION_CONTEXT('2D SPACE',''
  ) );
#2471 = PCURVE('',#2036,#2472);
#2472 = DEFINITIONAL_REPRESENTATION('',(#2473),#2477);
#2473 = LINE('',#2474,#2475);
#2474 = CARTESIAN_POINT('',(0.,0.));
#2475 = VECTOR('',#2476,1.);
#2476 = DIRECTION('',(1.,0.));
#2477 = ( GEOMETRIC_REPRESENTATION_CONTEXT(2) 
PARAMETRIC_REPRESENTATION_CONTEXT() REPRESENTATION_CONTEXT('2D SPACE',''
  ) );
#2478 = ORIENTED_EDGE('',*,*,#2314,.F.);
#2479 = ORIENTED_EDGE('',*,*,#1799,.T.);
#2480 = FACE_BOUND('',#2481,.F.);
#2481 = EDGE_LOOP('',(#2482,#2508,#2531,#2555,#2578,#2602,#2625,#2649));
#2482 = ORIENTED_EDGE('',*,*,#2483,.F.);
#2483 = EDGE_CURVE('',#2484,#2486,#2488,.T.);
#2484 = VERTEX_POINT('',#2485);
#2485 = CARTESIAN_POINT('',(160.,4.556274831529,5.058750400669));
#2486 = VERTEX_POINT('',#2487);
#2487 = CARTESIAN_POINT('',(160.,4.556274831529,-5.058750400669));
#2488 = SURFACE_CURVE('',#2489,(#2494,#2501),.PCURVE_S1.);
#2489 = CIRCLE('',#2490,9.);
#2490 = AXIS2_PLACEMENT_3D('',#2491,#2492,#2493);
#2491 = CARTESIAN_POINT('',(160.,12.,-2.109423746788E-15));
#2492 = DIRECTION('',(1.,0.,0.));
#2493 = DIRECTION('',(0.,-0.827080574275,0.562083377852));
#2494 = PCURVE('',#1814,#2495);
#2495 = DEFINITIONAL_REPRESENTATION('',(#2496),#2500);
#2496 = CIRCLE('',#2497,9.);
#2497 = AXIS2_PLACEMENT_2D('',#2498,#2499);
#2498 = CARTESIAN_POINT('',(0.,0.));
#2499 = DIRECTION('',(-0.562083377852,-0.827080574275));
#2500 = ( GEOMETRIC_REPRESENTATION_CONTEXT(2) 
PARAMETRIC_REPRESENTATION_CONTEXT() REPRESENTATION_CONTEXT('2D SPACE',''
  ) );
#2501 = PCURVE('',#2299,#2502);
#2502 = DEFINITIONAL_REPRESENTATION('',(#2503),#2507);
#2503 = LINE('',#2504,#2505);
#2504 = CARTESIAN_POINT('',(4.115486376203,1.));
#2505 = VECTOR('',#2506,1.);
#2506 = DIRECTION('',(1.,0.));
#2507 = ( GEOMETRIC_REPRESENTATION_CONTEXT(2) 
PARAMETRIC_REPRESENTATION_CONTEXT() REPRESENTATION_CONTEXT('2D SPACE',''
  ) );
#2508 = ORIENTED_EDGE('',*,*,#2509,.F.);
#2509 = EDGE_CURVE('',#2510,#2484,#2512,.T.);
#2510 = VERTEX_POINT('',#2511);
#2511 = CARTESIAN_POINT('',(160.,2.90211368298,6.182917156374));
#2512 = SURFACE_CURVE('',#2513,(#2517,#2524),.PCURVE_S1.);
#2513 = LINE('',#2514,#2515);
#2514 = CARTESIAN_POINT('',(160.,-2.889718113131,10.119041980445));
#2515 = VECTOR('',#2516,1.);
#2516 = DIRECTION('',(0.,0.827080574275,-0.562083377852));
#2517 = PCURVE('',#1814,#2518);
#2518 = DEFINITIONAL_REPRESENTATION('',(#2519),#2523);
#2519 = LINE('',#2520,#2521);
#2520 = CARTESIAN_POINT('',(-10.11904198044,-14.88971811313));
#2521 = VECTOR('',#2522,1.);
#2522 = DIRECTION('',(0.562083377852,0.827080574275));
#2523 = ( GEOMETRIC_REPRESENTATION_CONTEXT(2) 
PARAMETRIC_REPRESENTATION_CONTEXT() REPRESENTATION_CONTEXT('2D SPACE',''
  ) );
#2524 = PCURVE('',#2089,#2525);
#2525 = DEFINITIONAL_REPRESENTATION('',(#2526),#2530);
#2526 = LINE('',#2527,#2528);
#2527 = CARTESIAN_POINT('',(0.,0.));
#2528 = VECTOR('',#2529,1.);
#2529 = DIRECTION('',(1.,0.));
#2530 = ( GEOMETRIC_REPRESENTATION_CONTEXT(2) 
PARAMETRIC_REPRESENTATION_CONTEXT() REPRESENTATION_CONTEXT('2D SPACE',''
  ) );
#2531 = ORIENTED_EDGE('',*,*,#2532,.F.);
#2532 = EDGE_CURVE('',#2533,#2510,#2535,.T.);
#2533 = VERTEX_POINT('',#2534);
#2534 = CARTESIAN_POINT('',(160.,21.09788631702,6.182917156374));
#2535 = SURFACE_CURVE('',#2536,(#2541,#2548),.PCURVE_S1.);
#2536 = CIRCLE('',#2537,11.);
#2537 = AXIS2_PLACEMENT_3D('',#2538,#2539,#2540);
#2538 = CARTESIAN_POINT('',(160.,12.,-2.109423746788E-15));
#2539 = DIRECTION('',(1.,0.,2.22044604925E-16));
#2540 = DIRECTION('',(2.22044604925E-16,0.,-1.));
#2541 = PCURVE('',#1814,#2542);
#2542 = DEFINITIONAL_REPRESENTATION('',(#2543),#2547);
#2543 = CIRCLE('',#2544,11.);
#2544 = AXIS2_PLACEMENT_2D('',#2545,#2546);
#2545 = CARTESIAN_POINT('',(0.,0.));
#2546 = DIRECTION('',(1.,0.));
#2547 = ( GEOMETRIC_REPRESENTATION_CONTEXT(2) 
PARAMETRIC_REPRESENTATION_CONTEXT() REPRESENTATION_CONTEXT('2D SPACE',''
  ) );
#2548 = PCURVE('',#2118,#2549);
#2549 = DEFINITIONAL_REPRESENTATION('',(#2550),#2554);
#2550 = LINE('',#2551,#2552);
#2551 = CARTESIAN_POINT('',(0.,1.));
#2552 = VECTOR('',#2553,1.);
#2553 = DIRECTION('',(1.,0.));
#2554 = ( GEOMETRIC_REPRESENTATION_CONTEXT(2) 
PARAMETRIC_REPRESENTATION_CONTEXT() REPRESENTATION_CONTEXT('2D SPACE',''
  ) );
#2555 = ORIENTED_EDGE('',*,*,#2556,.F.);
#2556 = EDGE_CURVE('',#2557,#2533,#2559,.T.);
#2557 = VERTEX_POINT('',#2558);
#2558 = CARTESIAN_POINT('',(160.,19.443725168471,5.058750400669));
#2559 = SURFACE_CURVE('',#2560,(#2564,#2571),.PCURVE_S1.);
#2560 = LINE('',#2561,#2562);
#2561 = CARTESIAN_POINT('',(160.,12.,0.));
#2562 = VECTOR('',#2563,1.);
#2563 = DIRECTION('',(0.,0.827080574275,0.562083377852));
#2564 = PCURVE('',#1814,#2565);
#2565 = DEFINITIONAL_REPRESENTATION('',(#2566),#2570);
#2566 = LINE('',#2567,#2568);
#2567 = CARTESIAN_POINT('',(-2.109423746788E-15,0.));
#2568 = VECTOR('',#2569,1.);
#2569 = DIRECTION('',(-0.562083377852,0.827080574275));
#2570 = ( GEOMETRIC_REPRESENTATION_CONTEXT(2) 
PARAMETRIC_REPRESENTATION_CONTEXT() REPRESENTATION_CONTEXT('2D SPACE',''
  ) );
#2571 = PCURVE('',#2146,#2572);
#2572 = DEFINITIONAL_REPRESENTATION('',(#2573),#2577);
#2573 = LINE('',#2574,#2575);
#2574 = CARTESIAN_POINT('',(0.,0.));
#2575 = VECTOR('',#2576,1.);
#2576 = DIRECTION('',(1.,0.));
#2577 = ( GEOMETRIC_REPRESENTATION_CONTEXT(2) 
PARAMETRIC_REPRESENTATION_CONTEXT() REPRESENTATION_CONTEXT('2D SPACE',''
  ) );
#2578 = ORIENTED_EDGE('',*,*,#2579,.F.);
#2579 = EDGE_CURVE('',#2580,#2557,#2582,.T.);
#2580 = VERTEX_POINT('',#2581);
#2581 = CARTESIAN_POINT('',(160.,19.443725168471,-5.058750400669));
#2582 = SURFACE_CURVE('',#2583,(#2588,#2595),.PCURVE_S1.);
#2583 = CIRCLE('',#2584,9.);
#2584 = AXIS2_PLACEMENT_3D('',#2585,#2586,#2587);
#2585 = CARTESIAN_POINT('',(160.,12.,-2.109423746788E-15));
#2586 = DIRECTION('',(1.,0.,0.));
#2587 = DIRECTION('',(0.,0.827080574275,-0.562083377852));
#2588 = PCURVE('',#1814,#2589);
#2589 = DEFINITIONAL_REPRESENTATION('',(#2590),#2594);
#2590 = CIRCLE('',#2591,9.);
#2591 = AXIS2_PLACEMENT_2D('',#2592,#2593);
#2592 = CARTESIAN_POINT('',(0.,0.));
#2593 = DIRECTION('',(0.562083377852,0.827080574275));
#2594 = ( GEOMETRIC_REPRESENTATION_CONTEXT(2) 
PARAMETRIC_REPRESENTATION_CONTEXT() REPRESENTATION_CONTEXT('2D SPACE',''
  ) );
#2595 = PCURVE('',#2179,#2596);
#2596 = DEFINITIONAL_REPRESENTATION('',(#2597),#2601);
#2597 = LINE('',#2598,#2599);
#2598 = CARTESIAN_POINT('',(0.973893722613,1.));
#2599 = VECTOR('',#2600,1.);
#2600 = DIRECTION('',(1.,0.));
#2601 = ( GEOMETRIC_REPRESENTATION_CONTEXT(2) 
PARAMETRIC_REPRESENTATION_CONTEXT() REPRESENTATION_CONTEXT('2D SPACE',''
  ) );
#2602 = ORIENTED_EDGE('',*,*,#2603,.F.);
#2603 = EDGE_CURVE('',#2604,#2580,#2606,.T.);
#2604 = VERTEX_POINT('',#2605);
#2605 = CARTESIAN_POINT('',(160.,21.09788631702,-6.182917156374));
#2606 = SURFACE_CURVE('',#2607,(#2611,#2618),.PCURVE_S1.);
#2607 = LINE('',#2608,#2609);
#2608 = CARTESIAN_POINT('',(160.,26.889718113131,-10.11904198044));
#2609 = VECTOR('',#2610,1.);
#2610 = DIRECTION('',(0.,-0.827080574275,0.562083377852));
#2611 = PCURVE('',#1814,#2612);
#2612 = DEFINITIONAL_REPRESENTATION('',(#2613),#2617);
#2613 = LINE('',#2614,#2615);
#2614 = CARTESIAN_POINT('',(10.119041980445,14.889718113131));
#2615 = VECTOR('',#2616,1.);
#2616 = DIRECTION('',(-0.562083377852,-0.827080574275));
#2617 = ( GEOMETRIC_REPRESENTATION_CONTEXT(2) 
PARAMETRIC_REPRESENTATION_CONTEXT() REPRESENTATION_CONTEXT('2D SPACE',''
  ) );
#2618 = PCURVE('',#2207,#2619);
#2619 = DEFINITIONAL_REPRESENTATION('',(#2620),#2624);
#2620 = LINE('',#2621,#2622);
#2621 = CARTESIAN_POINT('',(0.,0.));
#2622 = VECTOR('',#2623,1.);
#2623 = DIRECTION('',(1.,0.));
#2624 = ( GEOMETRIC_REPRESENTATION_CONTEXT(2) 
PARAMETRIC_REPRESENTATION_CONTEXT() REPRESENTATION_CONTEXT('2D SPACE',''
  ) );
#2625 = ORIENTED_EDGE('',*,*,#2626,.F.);
#2626 = EDGE_CURVE('',#2627,#2604,#2629,.T.);
#2627 = VERTEX_POINT('',#2628);
#2628 = CARTESIAN_POINT('',(160.,2.90211368298,-6.182917156374));
#2629 = SURFACE_CURVE('',#2630,(#2635,#2642),.PCURVE_S1.);
#2630 = CIRCLE('',#2631,11.);
#2631 = AXIS2_PLACEMENT_3D('',#2632,#2633,#2634);
#2632 = CARTESIAN_POINT('',(160.,12.,-2.109423746788E-15));
#2633 = DIRECTION('',(1.,0.,0.));
#2634 = DIRECTION('',(0.,-0.827080574275,-0.562083377852));
#2635 = PCURVE('',#1814,#2636);
#2636 = DEFINITIONAL_REPRESENTATION('',(#2637),#2641);
#2637 = CIRCLE('',#2638,11.);
#2638 = AXIS2_PLACEMENT_2D('',#2639,#2640);
#2639 = CARTESIAN_POINT('',(0.,0.));
#2640 = DIRECTION('',(0.562083377852,-0.827080574275));
#2641 = ( GEOMETRIC_REPRESENTATION_CONTEXT(2) 
PARAMETRIC_REPRESENTATION_CONTEXT() REPRESENTATION_CONTEXT('2D SPACE',''
  ) );
#2642 = PCURVE('',#2240,#2643);
#2643 = DEFINITIONAL_REPRESENTATION('',(#2644),#2648);
#2644 = LINE('',#2645,#2646);
#2645 = CARTESIAN_POINT('',(5.309291584567,1.));
#2646 = VECTOR('',#2647,1.);
#2647 = DIRECTION('',(1.,0.));
#2648 = ( GEOMETRIC_REPRESENTATION_CONTEXT(2) 
PARAMETRIC_REPRESENTATION_CONTEXT() REPRESENTATION_CONTEXT('2D SPACE',''
  ) );
#2649 = ORIENTED_EDGE('',*,*,#2650,.F.);
#2650 = EDGE_CURVE('',#2486,#2627,#2651,.T.);
#2651 = SURFACE_CURVE('',#2652,(#2656,#2663),.PCURVE_S1.);
#2652 = LINE('',#2653,#2654);
#2653 = CARTESIAN_POINT('',(160.,12.,0.));
#2654 = VECTOR('',#2655,1.);
#2655 = DIRECTION('',(0.,-0.827080574275,-0.562083377852));
#2656 = PCURVE('',#1814,#2657);
#2657 = DEFINITIONAL_REPRESENTATION('',(#2658),#2662);
#2658 = LINE('',#2659,#2660);
#2659 = CARTESIAN_POINT('',(-2.109423746788E-15,0.));
#2660 = VECTOR('',#2661,1.);
#2661 = DIRECTION('',(0.562083377852,-0.827080574275));
#2662 = ( GEOMETRIC_REPRESENTATION_CONTEXT(2) 
PARAMETRIC_REPRESENTATION_CONTEXT() REPRESENTATION_CONTEXT('2D SPACE',''
  ) );
#2663 = PCURVE('',#2268,#2664);
#2664 = DEFINITIONAL_REPRESENTATION('',(#2665),#2669);
#2665 = LINE('',#2666,#2667);
#2666 = CARTESIAN_POINT('',(0.,0.));
#2667 = VECTOR('',#2668,1.);
#2668 = DIRECTION('',(1.,0.));
#2669 = ( GEOMETRIC_REPRESENTATION_CONTEXT(2) 
PARAMETRIC_REPRESENTATION_CONTEXT() REPRESENTATION_CONTEXT('2D SPACE',''
  ) );
#2670 = ADVANCED_FACE('',(#2671),#1868,.T.);
#2671 = FACE_BOUND('',#2672,.T.);
#2672 = EDGE_LOOP('',(#2673,#2674,#2675,#2676));
#2673 = ORIENTED_EDGE('',*,*,#1906,.F.);
#2674 = ORIENTED_EDGE('',*,*,#1852,.F.);
#2675 = ORIENTED_EDGE('',*,*,#2363,.T.);
#2676 = ORIENTED_EDGE('',*,*,#2677,.T.);
#2677 = EDGE_CURVE('',#2364,#1907,#2678,.T.);
#2678 = SURFACE_CURVE('',#2679,(#2683,#2689),.PCURVE_S1.);
#2679 = LINE('',#2680,#2681);
#2680 = CARTESIAN_POINT('',(160.,20.642748019537,5.030199466302));
#2681 = VECTOR('',#2682,1.);
#2682 = DIRECTION('',(1.,0.,2.22044604925E-16));
#2683 = PCURVE('',#1868,#2684);
#2684 = DEFINITIONAL_REPRESENTATION('',(#2685),#2688);
#2685 = B_SPLINE_CURVE_WITH_KNOTS('',1,(#2686,#2687),.UNSPECIFIED.,.F.,
  .F.,(2,2),(-5.999999928008E-07,19.0000006),.PIECEWISE_BEZIER_KNOTS.);
#2686 = CARTESIAN_POINT('',(2.097885760897,-5.999999916839E-07));
#2687 = CARTESIAN_POINT('',(2.097885760897,19.0000006));
#2688 = ( GEOMETRIC_REPRESENTATION_CONTEXT(2) 
PARAMETRIC_REPRESENTATION_CONTEXT() REPRESENTATION_CONTEXT('2D SPACE',''
  ) );
#2689 = PCURVE('',#1946,#2690);
#2690 = DEFINITIONAL_REPRESENTATION('',(#2691),#2695);
#2691 = LINE('',#2692,#2693);
#2692 = CARTESIAN_POINT('',(8.00274190479,0.));
#2693 = VECTOR('',#2694,1.);
#2694 = DIRECTION('',(-1.116928653189E-16,-1.));
#2695 = ( GEOMETRIC_REPRESENTATION_CONTEXT(2) 
PARAMETRIC_REPRESENTATION_CONTEXT() REPRESENTATION_CONTEXT('2D SPACE',''
  ) );
#2696 = ADVANCED_FACE('',(#2697),#1946,.T.);
#2697 = FACE_BOUND('',#2698,.T.);
#2698 = EDGE_LOOP('',(#2699,#2700,#2719,#2720));
#2699 = ORIENTED_EDGE('',*,*,#2387,.F.);
#2700 = ORIENTED_EDGE('',*,*,#2701,.T.);
#2701 = EDGE_CURVE('',#2388,#1931,#2702,.T.);
#2702 = SURFACE_CURVE('',#2703,(#2707,#2713),.PCURVE_S1.);
#2703 = LINE('',#2704,#2705);
#2704 = CARTESIAN_POINT('',(160.,23.235572425398,6.539259306193));
#2705 = VECTOR('',#2706,1.);
#2706 = DIRECTION('',(1.,0.,2.22044604925E-16));
#2707 = PCURVE('',#1946,#2708);
#2708 = DEFINITIONAL_REPRESENTATION('',(#2709),#2712);
#2709 = B_SPLINE_CURVE_WITH_KNOTS('',1,(#2710,#2711),.UNSPECIFIED.,.F.,
  .F.,(2,2),(-5.999999928008E-07,19.0000006),.PIECEWISE_BEZIER_KNOTS.);
#2710 = CARTESIAN_POINT('',(5.00274190479,5.999999928008E-07));
#2711 = CARTESIAN_POINT('',(5.00274190479,-19.0000006));
#2712 = ( GEOMETRIC_REPRESENTATION_CONTEXT(2) 
PARAMETRIC_REPRESENTATION_CONTEXT() REPRESENTATION_CONTEXT('2D SPACE',''
  ) );
#2713 = PCURVE('',#1979,#2714);
#2714 = DEFINITIONAL_REPRESENTATION('',(#2715),#2718);
#2715 = B_SPLINE_CURVE_WITH_KNOTS('',1,(#2716,#2717),.UNSPECIFIED.,.F.,
  .F.,(2,2),(-5.999999928008E-07,19.0000006),.PIECEWISE_BEZIER_KNOTS.);
#2716 = CARTESIAN_POINT('',(2.097885760897,-5.999999913488E-07));
#2717 = CARTESIAN_POINT('',(2.097885760897,19.0000006));
#2718 = ( GEOMETRIC_REPRESENTATION_CONTEXT(2) 
PARAMETRIC_REPRESENTATION_CONTEXT() REPRESENTATION_CONTEXT('2D SPACE',''
  ) );
#2719 = ORIENTED_EDGE('',*,*,#1930,.T.);
#2720 = ORIENTED_EDGE('',*,*,#2677,.F.);
#2721 = ADVANCED_FACE('',(#2722,#2746),#1979,.T.);
#2722 = FACE_BOUND('',#2723,.T.);
#2723 = EDGE_LOOP('',(#2724,#2743,#2744,#2745));
#2724 = ORIENTED_EDGE('',*,*,#2725,.T.);
#2725 = EDGE_CURVE('',#2411,#1959,#2726,.T.);
#2726 = SURFACE_CURVE('',#2727,(#2731,#2737),.PCURVE_S1.);
#2727 = LINE('',#2728,#2729);
#2728 = CARTESIAN_POINT('',(160.,0.764427574602,6.539259306193));
#2729 = VECTOR('',#2730,1.);
#2730 = DIRECTION('',(1.,0.,2.22044604925E-16));
#2731 = PCURVE('',#1979,#2732);
#2732 = DEFINITIONAL_REPRESENTATION('',(#2733),#2736);
#2733 = B_SPLINE_CURVE_WITH_KNOTS('',1,(#2734,#2735),.UNSPECIFIED.,.F.,
  .F.,(2,2),(-5.999999928008E-07,19.0000006),.PIECEWISE_BEZIER_KNOTS.);
#2734 = CARTESIAN_POINT('',(4.185299546282,-5.999999913488E-07));
#2735 = CARTESIAN_POINT('',(4.185299546282,19.0000006));
#2736 = ( GEOMETRIC_REPRESENTATION_CONTEXT(2) 
PARAMETRIC_REPRESENTATION_CONTEXT() REPRESENTATION_CONTEXT('2D SPACE',''
  ) );
#2737 = PCURVE('',#2007,#2738);
#2738 = DEFINITIONAL_REPRESENTATION('',(#2739),#2742);
#2739 = B_SPLINE_CURVE_WITH_KNOTS('',1,(#2740,#2741),.UNSPECIFIED.,.F.,
  .F.,(2,2),(-5.999999928008E-07,19.0000006),.PIECEWISE_BEZIER_KNOTS.);
#2740 = CARTESIAN_POINT('',(13.,5.999999928008E-07));
#2741 = CARTESIAN_POINT('',(13.,-19.0000006));
#2742 = ( GEOMETRIC_REPRESENTATION_CONTEXT(2) 
PARAMETRIC_REPRESENTATION_CONTEXT() REPRESENTATION_CONTEXT('2D SPACE',''
  ) );
#2743 = ORIENTED_EDGE('',*,*,#1958,.T.);
#2744 = ORIENTED_EDGE('',*,*,#2701,.F.);
#2745 = ORIENTED_EDGE('',*,*,#2410,.T.);
#2746 = FACE_BOUND('',#2747,.T.);
#2747 = EDGE_LOOP('',(#2748,#2779,#2805,#2834));
#2748 = ORIENTED_EDGE('',*,*,#2749,.F.);
#2749 = EDGE_CURVE('',#2750,#2752,#2754,.T.);
#2750 = VERTEX_POINT('',#2751);
#2751 = CARTESIAN_POINT('',(165.5,14.5,12.757350822173));
#2752 = VERTEX_POINT('',#2753);
#2753 = CARTESIAN_POINT('',(165.5,9.5,12.757350822173));
#2754 = SURFACE_CURVE('',#2755,(#2760,#2767),.PCURVE_S1.);
#2755 = CIRCLE('',#2756,13.);
#2756 = AXIS2_PLACEMENT_3D('',#2757,#2758,#2759);
#2757 = CARTESIAN_POINT('',(165.5,12.,-8.881784197001E-16));
#2758 = DIRECTION('',(1.,0.,2.22044604925E-16));
#2759 = DIRECTION('',(2.22044604925E-16,0.,-1.));
#2760 = PCURVE('',#1979,#2761);
#2761 = DEFINITIONAL_REPRESENTATION('',(#2762),#2766);
#2762 = LINE('',#2763,#2764);
#2763 = CARTESIAN_POINT('',(0.,5.5));
#2764 = VECTOR('',#2765,1.);
#2765 = DIRECTION('',(1.,0.));
#2766 = ( GEOMETRIC_REPRESENTATION_CONTEXT(2) 
PARAMETRIC_REPRESENTATION_CONTEXT() REPRESENTATION_CONTEXT('2D SPACE',''
  ) );
#2767 = PCURVE('',#2768,#2773);
#2768 = PLANE('',#2769);
#2769 = AXIS2_PLACEMENT_3D('',#2770,#2771,#2772);
#2770 = CARTESIAN_POINT('',(165.5,9.5,12.5));
#2771 = DIRECTION('',(1.,0.,-0.));
#2772 = DIRECTION('',(0.,0.,1.));
#2773 = DEFINITIONAL_REPRESENTATION('',(#2774),#2778);
#2774 = CIRCLE('',#2775,13.);
#2775 = AXIS2_PLACEMENT_2D('',#2776,#2777);
#2776 = CARTESIAN_POINT('',(-12.5,-2.5));
#2777 = DIRECTION('',(-1.,0.));
#2778 = ( GEOMETRIC_REPRESENTATION_CONTEXT(2) 
PARAMETRIC_REPRESENTATION_CONTEXT() REPRESENTATION_CONTEXT('2D SPACE',''
  ) );
#2779 = ORIENTED_EDGE('',*,*,#2780,.T.);
#2780 = EDGE_CURVE('',#2750,#2781,#2783,.T.);
#2781 = VERTEX_POINT('',#2782);
#2782 = CARTESIAN_POINT('',(173.5,14.5,12.757350822173));
#2783 = SURFACE_CURVE('',#2784,(#2788,#2794),.PCURVE_S1.);
#2784 = LINE('',#2785,#2786);
#2785 = CARTESIAN_POINT('',(160.,14.5,12.757350822173));
#2786 = VECTOR('',#2787,1.);
#2787 = DIRECTION('',(1.,0.,2.22044604925E-16));
#2788 = PCURVE('',#1979,#2789);
#2789 = DEFINITIONAL_REPRESENTATION('',(#2790),#2793);
#2790 = B_SPLINE_CURVE_WITH_KNOTS('',1,(#2791,#2792),.UNSPECIFIED.,.F.,
  .F.,(2,2),(4.7,14.3),.PIECEWISE_BEZIER_KNOTS.);
#2791 = CARTESIAN_POINT('',(2.948079461079,4.7));
#2792 = CARTESIAN_POINT('',(2.948079461079,14.3));
#2793 = ( GEOMETRIC_REPRESENTATION_CONTEXT(2) 
PARAMETRIC_REPRESENTATION_CONTEXT() REPRESENTATION_CONTEXT('2D SPACE',''
  ) );
#2794 = PCURVE('',#2795,#2800);
#2795 = PLANE('',#2796);
#2796 = AXIS2_PLACEMENT_3D('',#2797,#2798,#2799);
#2797 = CARTESIAN_POINT('',(165.5,14.5,12.5));
#2798 = DIRECTION('',(-0.,1.,0.));
#2799 = DIRECTION('',(0.,0.,1.));
#2800 = DEFINITIONAL_REPRESENTATION('',(#2801),#2804);
#2801 = B_SPLINE_CURVE_WITH_KNOTS('',1,(#2802,#2803),.UNSPECIFIED.,.F.,
  .F.,(2,2),(4.7,14.3),.PIECEWISE_BEZIER_KNOTS.);
#2802 = CARTESIAN_POINT('',(0.257350822173,-0.8));
#2803 = CARTESIAN_POINT('',(0.257350822173,8.8));
#2804 = ( GEOMETRIC_REPRESENTATION_CONTEXT(2) 
PARAMETRIC_REPRESENTATION_CONTEXT() REPRESENTATION_CONTEXT('2D SPACE',''
  ) );
#2805 = ORIENTED_EDGE('',*,*,#2806,.T.);
#2806 = EDGE_CURVE('',#2781,#2807,#2809,.T.);
#2807 = VERTEX_POINT('',#2808);
#2808 = CARTESIAN_POINT('',(173.5,9.5,12.757350822173));
#2809 = SURFACE_CURVE('',#2810,(#2815,#2822),.PCURVE_S1.);
#2810 = CIRCLE('',#2811,13.);
#2811 = AXIS2_PLACEMENT_3D('',#2812,#2813,#2814);
#2812 = CARTESIAN_POINT('',(173.5,12.,8.881784197001E-16));
#2813 = DIRECTION('',(1.,0.,2.22044604925E-16));
#2814 = DIRECTION('',(2.22044604925E-16,0.,-1.));
#2815 = PCURVE('',#1979,#2816);
#2816 = DEFINITIONAL_REPRESENTATION('',(#2817),#2821);
#2817 = LINE('',#2818,#2819);
#2818 = CARTESIAN_POINT('',(0.,13.5));
#2819 = VECTOR('',#2820,1.);
#2820 = DIRECTION('',(1.,0.));
#2821 = ( GEOMETRIC_REPRESENTATION_CONTEXT(2) 
PARAMETRIC_REPRESENTATION_CONTEXT() REPRESENTATION_CONTEXT('2D SPACE',''
  ) );
#2822 = PCURVE('',#2823,#2828);
#2823 = PLANE('',#2824);
#2824 = AXIS2_PLACEMENT_3D('',#2825,#2826,#2827);
#2825 = CARTESIAN_POINT('',(173.5,9.5,12.5));
#2826 = DIRECTION('',(1.,0.,-0.));
#2827 = DIRECTION('',(0.,0.,1.));
#2828 = DEFINITIONAL_REPRESENTATION('',(#2829),#2833);
#2829 = CIRCLE('',#2830,13.);
#2830 = AXIS2_PLACEMENT_2D('',#2831,#2832);
#2831 = CARTESIAN_POINT('',(-12.5,-2.5));
#2832 = DIRECTION('',(-1.,0.));
#2833 = ( GEOMETRIC_REPRESENTATION_CONTEXT(2) 
PARAMETRIC_REPRESENTATION_CONTEXT() REPRESENTATION_CONTEXT('2D SPACE',''
  ) );
#2834 = ORIENTED_EDGE('',*,*,#2835,.F.);
#2835 = EDGE_CURVE('',#2752,#2807,#2836,.T.);
#2836 = SURFACE_CURVE('',#2837,(#2841,#2847),.PCURVE_S1.);
#2837 = LINE('',#2838,#2839);
#2838 = CARTESIAN_POINT('',(160.,9.5,12.757350822173));
#2839 = VECTOR('',#2840,1.);
#2840 = DIRECTION('',(1.,0.,2.22044604925E-16));
#2841 = PCURVE('',#1979,#2842);
#2842 = DEFINITIONAL_REPRESENTATION('',(#2843),#2846);
#2843 = B_SPLINE_CURVE_WITH_KNOTS('',1,(#2844,#2845),.UNSPECIFIED.,.F.,
  .F.,(2,2),(4.7,14.3),.PIECEWISE_BEZIER_KNOTS.);
#2844 = CARTESIAN_POINT('',(3.335105846101,4.7));
#2845 = CARTESIAN_POINT('',(3.335105846101,14.3));
#2846 = ( GEOMETRIC_REPRESENTATION_CONTEXT(2) 
PARAMETRIC_REPRESENTATION_CONTEXT() REPRESENTATION_CONTEXT('2D SPACE',''
  ) );
#2847 = PCURVE('',#2848,#2853);
#2848 = PLANE('',#2849);
#2849 = AXIS2_PLACEMENT_3D('',#2850,#2851,#2852);
#2850 = CARTESIAN_POINT('',(165.5,9.5,12.5));
#2851 = DIRECTION('',(-0.,1.,0.));
#2852 = DIRECTION('',(0.,0.,1.));
#2853 = DEFINITIONAL_REPRESENTATION('',(#2854),#2857);
#2854 = B_SPLINE_CURVE_WITH_KNOTS('',1,(#2855,#2856),.UNSPECIFIED.,.F.,
  .F.,(2,2),(4.7,14.3),.PIECEWISE_BEZIER_KNOTS.);
#2855 = CARTESIAN_POINT('',(0.257350822173,-0.8));
#2856 = CARTESIAN_POINT('',(0.257350822173,8.8));
#2857 = ( GEOMETRIC_REPRESENTATION_CONTEXT(2) 
PARAMETRIC_REPRESENTATION_CONTEXT() REPRESENTATION_CONTEXT('2D SPACE',''
  ) );
#2858 = ADVANCED_FACE('',(#2859),#2007,.T.);
#2859 = FACE_BOUND('',#2860,.T.);
#2860 = EDGE_LOOP('',(#2861,#2862,#2882,#2883));
#2861 = ORIENTED_EDGE('',*,*,#2434,.F.);
#2862 = ORIENTED_EDGE('',*,*,#2863,.T.);
#2863 = EDGE_CURVE('',#2435,#1992,#2864,.T.);
#2864 = SURFACE_CURVE('',#2865,(#2869,#2876),.PCURVE_S1.);
#2865 = LINE('',#2866,#2867);
#2866 = CARTESIAN_POINT('',(160.,3.357251980463,5.030199466302));
#2867 = VECTOR('',#2868,1.);
#2868 = DIRECTION('',(1.,0.,2.22044604925E-16));
#2869 = PCURVE('',#2007,#2870);
#2870 = DEFINITIONAL_REPRESENTATION('',(#2871),#2875);
#2871 = LINE('',#2872,#2873);
#2872 = CARTESIAN_POINT('',(10.,0.));
#2873 = VECTOR('',#2874,1.);
#2874 = DIRECTION('',(1.116928653189E-16,-1.));
#2875 = ( GEOMETRIC_REPRESENTATION_CONTEXT(2) 
PARAMETRIC_REPRESENTATION_CONTEXT() REPRESENTATION_CONTEXT('2D SPACE',''
  ) );
#2876 = PCURVE('',#2036,#2877);
#2877 = DEFINITIONAL_REPRESENTATION('',(#2878),#2881);
#2878 = B_SPLINE_CURVE_WITH_KNOTS('',1,(#2879,#2880),.UNSPECIFIED.,.F.,
  .F.,(2,2),(-5.999999928008E-07,19.0000006),.PIECEWISE_BEZIER_KNOTS.);
#2879 = CARTESIAN_POINT('',(4.185299546282,-5.999999916839E-07));
#2880 = CARTESIAN_POINT('',(4.185299546282,19.0000006));
#2881 = ( GEOMETRIC_REPRESENTATION_CONTEXT(2) 
PARAMETRIC_REPRESENTATION_CONTEXT() REPRESENTATION_CONTEXT('2D SPACE',''
  ) );
#2882 = ORIENTED_EDGE('',*,*,#1991,.T.);
#2883 = ORIENTED_EDGE('',*,*,#2725,.F.);
#2884 = ADVANCED_FACE('',(#2885),#2036,.T.);
#2885 = FACE_BOUND('',#2886,.T.);
#2886 = EDGE_LOOP('',(#2887,#2888,#2889,#2890));
#2887 = ORIENTED_EDGE('',*,*,#2019,.F.);
#2888 = ORIENTED_EDGE('',*,*,#2863,.F.);
#2889 = ORIENTED_EDGE('',*,*,#2457,.T.);
#2890 = ORIENTED_EDGE('',*,*,#2339,.T.);
#2891 = ADVANCED_FACE('',(#2892),#2089,.T.);
#2892 = FACE_BOUND('',#2893,.T.);
#2893 = EDGE_LOOP('',(#2894,#2895,#2915,#2916));
#2894 = ORIENTED_EDGE('',*,*,#2509,.F.);
#2895 = ORIENTED_EDGE('',*,*,#2896,.T.);
#2896 = EDGE_CURVE('',#2510,#2072,#2897,.T.);
#2897 = SURFACE_CURVE('',#2898,(#2902,#2909),.PCURVE_S1.);
#2898 = LINE('',#2899,#2900);
#2899 = CARTESIAN_POINT('',(159.,2.90211368298,6.182917156373));
#2900 = VECTOR('',#2901,1.);
#2901 = DIRECTION('',(1.,0.,2.22044604925E-16));
#2902 = PCURVE('',#2089,#2903);
#2903 = DEFINITIONAL_REPRESENTATION('',(#2904),#2908);
#2904 = LINE('',#2905,#2906);
#2905 = CARTESIAN_POINT('',(7.00274190479,1.));
#2906 = VECTOR('',#2907,1.);
#2907 = DIRECTION('',(-1.248075815701E-16,-1.));
#2908 = ( GEOMETRIC_REPRESENTATION_CONTEXT(2) 
PARAMETRIC_REPRESENTATION_CONTEXT() REPRESENTATION_CONTEXT('2D SPACE',''
  ) );
#2909 = PCURVE('',#2118,#2910);
#2910 = DEFINITIONAL_REPRESENTATION('',(#2911),#2914);
#2911 = B_SPLINE_CURVE_WITH_KNOTS('',1,(#2912,#2913),.UNSPECIFIED.,.F.,
  .F.,(2,2),(0.9999994,20.0000006),.PIECEWISE_BEZIER_KNOTS.);
#2912 = CARTESIAN_POINT('',(4.115486376203,0.9999994));
#2913 = CARTESIAN_POINT('',(4.115486376203,20.0000006));
#2914 = ( GEOMETRIC_REPRESENTATION_CONTEXT(2) 
PARAMETRIC_REPRESENTATION_CONTEXT() REPRESENTATION_CONTEXT('2D SPACE',''
  ) );
#2915 = ORIENTED_EDGE('',*,*,#2071,.T.);
#2916 = ORIENTED_EDGE('',*,*,#2917,.F.);
#2917 = EDGE_CURVE('',#2484,#2074,#2918,.T.);
#2918 = SURFACE_CURVE('',#2919,(#2923,#2929),.PCURVE_S1.);
#2919 = LINE('',#2920,#2921);
#2920 = CARTESIAN_POINT('',(159.,4.556274831529,5.058750400669));
#2921 = VECTOR('',#2922,1.);
#2922 = DIRECTION('',(1.,0.,2.22044604925E-16));
#2923 = PCURVE('',#2089,#2924);
#2924 = DEFINITIONAL_REPRESENTATION('',(#2925),#2928);
#2925 = B_SPLINE_CURVE_WITH_KNOTS('',1,(#2926,#2927),.UNSPECIFIED.,.F.,
  .F.,(2,2),(0.9999994,20.0000006),.PIECEWISE_BEZIER_KNOTS.);
#2926 = CARTESIAN_POINT('',(9.00274190479,5.999999928008E-07));
#2927 = CARTESIAN_POINT('',(9.00274190479,-19.0000006));
#2928 = ( GEOMETRIC_REPRESENTATION_CONTEXT(2) 
PARAMETRIC_REPRESENTATION_CONTEXT() REPRESENTATION_CONTEXT('2D SPACE',''
  ) );
#2929 = PCURVE('',#2299,#2930);
#2930 = DEFINITIONAL_REPRESENTATION('',(#2931),#2934);
#2931 = B_SPLINE_CURVE_WITH_KNOTS('',1,(#2932,#2933),.UNSPECIFIED.,.F.,
  .F.,(2,2),(0.9999994,20.0000006),.PIECEWISE_BEZIER_KNOTS.);
#2932 = CARTESIAN_POINT('',(4.115486376203,0.9999994));
#2933 = CARTESIAN_POINT('',(4.115486376203,20.0000006));
#2934 = ( GEOMETRIC_REPRESENTATION_CONTEXT(2) 
PARAMETRIC_REPRESENTATION_CONTEXT() REPRESENTATION_CONTEXT('2D SPACE',''
  ) );
#2935 = ADVANCED_FACE('',(#2936),#2118,.F.);
#2936 = FACE_BOUND('',#2937,.F.);
#2937 = EDGE_LOOP('',(#2938,#2939,#2959,#2960));
#2938 = ORIENTED_EDGE('',*,*,#2101,.F.);
#2939 = ORIENTED_EDGE('',*,*,#2940,.F.);
#2940 = EDGE_CURVE('',#2533,#2102,#2941,.T.);
#2941 = SURFACE_CURVE('',#2942,(#2946,#2952),.PCURVE_S1.);
#2942 = LINE('',#2943,#2944);
#2943 = CARTESIAN_POINT('',(159.,21.09788631702,6.182917156373));
#2944 = VECTOR('',#2945,1.);
#2945 = DIRECTION('',(1.,0.,2.22044604925E-16));
#2946 = PCURVE('',#2118,#2947);
#2947 = DEFINITIONAL_REPRESENTATION('',(#2948),#2951);
#2948 = B_SPLINE_CURVE_WITH_KNOTS('',1,(#2949,#2950),.UNSPECIFIED.,.F.,
  .F.,(2,2),(0.9999994,20.0000006),.PIECEWISE_BEZIER_KNOTS.);
#2949 = CARTESIAN_POINT('',(2.167698930977,0.9999994));
#2950 = CARTESIAN_POINT('',(2.167698930977,20.0000006));
#2951 = ( GEOMETRIC_REPRESENTATION_CONTEXT(2) 
PARAMETRIC_REPRESENTATION_CONTEXT() REPRESENTATION_CONTEXT('2D SPACE',''
  ) );
#2952 = PCURVE('',#2146,#2953);
#2953 = DEFINITIONAL_REPRESENTATION('',(#2954),#2958);
#2954 = LINE('',#2955,#2956);
#2955 = CARTESIAN_POINT('',(11.,1.));
#2956 = VECTOR('',#2957,1.);
#2957 = DIRECTION('',(1.248075815701E-16,-1.));
#2958 = ( GEOMETRIC_REPRESENTATION_CONTEXT(2) 
PARAMETRIC_REPRESENTATION_CONTEXT() REPRESENTATION_CONTEXT('2D SPACE',''
  ) );
#2959 = ORIENTED_EDGE('',*,*,#2532,.T.);
#2960 = ORIENTED_EDGE('',*,*,#2896,.T.);
#2961 = ADVANCED_FACE('',(#2962),#2146,.T.);
#2962 = FACE_BOUND('',#2963,.T.);
#2963 = EDGE_LOOP('',(#2964,#2965,#2984,#2985));
#2964 = ORIENTED_EDGE('',*,*,#2556,.F.);
#2965 = ORIENTED_EDGE('',*,*,#2966,.T.);
#2966 = EDGE_CURVE('',#2557,#2131,#2967,.T.);
#2967 = SURFACE_CURVE('',#2968,(#2972,#2978),.PCURVE_S1.);
#2968 = LINE('',#2969,#2970);
#2969 = CARTESIAN_POINT('',(159.,19.443725168471,5.058750400669));
#2970 = VECTOR('',#2971,1.);
#2971 = DIRECTION('',(1.,0.,2.22044604925E-16));
#2972 = PCURVE('',#2146,#2973);
#2973 = DEFINITIONAL_REPRESENTATION('',(#2974),#2977);
#2974 = B_SPLINE_CURVE_WITH_KNOTS('',1,(#2975,#2976),.UNSPECIFIED.,.F.,
  .F.,(2,2),(0.9999994,20.0000006),.PIECEWISE_BEZIER_KNOTS.);
#2975 = CARTESIAN_POINT('',(9.,5.999999928008E-07));
#2976 = CARTESIAN_POINT('',(9.,-19.0000006));
#2977 = ( GEOMETRIC_REPRESENTATION_CONTEXT(2) 
PARAMETRIC_REPRESENTATION_CONTEXT() REPRESENTATION_CONTEXT('2D SPACE',''
  ) );
#2978 = PCURVE('',#2179,#2979);
#2979 = DEFINITIONAL_REPRESENTATION('',(#2980),#2983);
#2980 = B_SPLINE_CURVE_WITH_KNOTS('',1,(#2981,#2982),.UNSPECIFIED.,.F.,
  .F.,(2,2),(0.9999994,20.0000006),.PIECEWISE_BEZIER_KNOTS.);
#2981 = CARTESIAN_POINT('',(2.167698930977,0.9999994));
#2982 = CARTESIAN_POINT('',(2.167698930977,20.0000006));
#2983 = ( GEOMETRIC_REPRESENTATION_CONTEXT(2) 
PARAMETRIC_REPRESENTATION_CONTEXT() REPRESENTATION_CONTEXT('2D SPACE',''
  ) );
#2984 = ORIENTED_EDGE('',*,*,#2130,.T.);
#2985 = ORIENTED_EDGE('',*,*,#2940,.F.);
#2986 = ADVANCED_FACE('',(#2987),#2179,.F.);
#2987 = FACE_BOUND('',#2988,.F.);
#2988 = EDGE_LOOP('',(#2989,#3008,#3009,#3010));
#2989 = ORIENTED_EDGE('',*,*,#2990,.F.);
#2990 = EDGE_CURVE('',#2580,#2159,#2991,.T.);
#2991 = SURFACE_CURVE('',#2992,(#2996,#3002),.PCURVE_S1.);
#2992 = LINE('',#2993,#2994);
#2993 = CARTESIAN_POINT('',(159.,19.443725168471,-5.058750400669));
#2994 = VECTOR('',#2995,1.);
#2995 = DIRECTION('',(1.,0.,2.22044604925E-16));
#2996 = PCURVE('',#2179,#2997);
#2997 = DEFINITIONAL_REPRESENTATION('',(#2998),#3001);
#2998 = B_SPLINE_CURVE_WITH_KNOTS('',1,(#2999,#3000),.UNSPECIFIED.,.F.,
  .F.,(2,2),(0.9999994,20.0000006),.PIECEWISE_BEZIER_KNOTS.);
#2999 = CARTESIAN_POINT('',(0.973893722613,0.9999994));
#3000 = CARTESIAN_POINT('',(0.973893722613,20.0000006));
#3001 = ( GEOMETRIC_REPRESENTATION_CONTEXT(2) 
PARAMETRIC_REPRESENTATION_CONTEXT() REPRESENTATION_CONTEXT('2D SPACE',''
  ) );
#3002 = PCURVE('',#2207,#3003);
#3003 = DEFINITIONAL_REPRESENTATION('',(#3004),#3007);
#3004 = B_SPLINE_CURVE_WITH_KNOTS('',1,(#3005,#3006),.UNSPECIFIED.,.F.,
  .F.,(2,2),(0.9999994,20.0000006),.PIECEWISE_BEZIER_KNOTS.);
#3005 = CARTESIAN_POINT('',(9.00274190479,5.999999928008E-07));
#3006 = CARTESIAN_POINT('',(9.00274190479,-19.0000006));
#3007 = ( GEOMETRIC_REPRESENTATION_CONTEXT(2) 
PARAMETRIC_REPRESENTATION_CONTEXT() REPRESENTATION_CONTEXT('2D SPACE',''
  ) );
#3008 = ORIENTED_EDGE('',*,*,#2579,.T.);
#3009 = ORIENTED_EDGE('',*,*,#2966,.T.);
#3010 = ORIENTED_EDGE('',*,*,#2158,.T.);
#3011 = ADVANCED_FACE('',(#3012),#2207,.T.);
#3012 = FACE_BOUND('',#3013,.T.);
#3013 = EDGE_LOOP('',(#3014,#3015,#3035,#3036));
#3014 = ORIENTED_EDGE('',*,*,#2603,.F.);
#3015 = ORIENTED_EDGE('',*,*,#3016,.T.);
#3016 = EDGE_CURVE('',#2604,#2192,#3017,.T.);
#3017 = SURFACE_CURVE('',#3018,(#3022,#3029),.PCURVE_S1.);
#3018 = LINE('',#3019,#3020);
#3019 = CARTESIAN_POINT('',(159.,21.09788631702,-6.182917156373));
#3020 = VECTOR('',#3021,1.);
#3021 = DIRECTION('',(1.,0.,2.22044604925E-16));
#3022 = PCURVE('',#2207,#3023);
#3023 = DEFINITIONAL_REPRESENTATION('',(#3024),#3028);
#3024 = LINE('',#3025,#3026);
#3025 = CARTESIAN_POINT('',(7.00274190479,1.));
#3026 = VECTOR('',#3027,1.);
#3027 = DIRECTION('',(1.248075815701E-16,-1.));
#3028 = ( GEOMETRIC_REPRESENTATION_CONTEXT(2) 
PARAMETRIC_REPRESENTATION_CONTEXT() REPRESENTATION_CONTEXT('2D SPACE',''
  ) );
#3029 = PCURVE('',#2240,#3030);
#3030 = DEFINITIONAL_REPRESENTATION('',(#3031),#3034);
#3031 = B_SPLINE_CURVE_WITH_KNOTS('',1,(#3032,#3033),.UNSPECIFIED.,.F.,
  .F.,(2,2),(1.,20.),.PIECEWISE_BEZIER_KNOTS.);
#3032 = CARTESIAN_POINT('',(7.257079029792,1.));
#3033 = CARTESIAN_POINT('',(7.257079029792,20.));
#3034 = ( GEOMETRIC_REPRESENTATION_CONTEXT(2) 
PARAMETRIC_REPRESENTATION_CONTEXT() REPRESENTATION_CONTEXT('2D SPACE',''
  ) );
#3035 = ORIENTED_EDGE('',*,*,#2191,.T.);
#3036 = ORIENTED_EDGE('',*,*,#2990,.F.);
#3037 = ADVANCED_FACE('',(#3038),#2240,.F.);
#3038 = FACE_BOUND('',#3039,.F.);
#3039 = EDGE_LOOP('',(#3040,#3041,#3042,#3043));
#3040 = ORIENTED_EDGE('',*,*,#2626,.T.);
#3041 = ORIENTED_EDGE('',*,*,#3016,.T.);
#3042 = ORIENTED_EDGE('',*,*,#2219,.T.);
#3043 = ORIENTED_EDGE('',*,*,#3044,.F.);
#3044 = EDGE_CURVE('',#2627,#2220,#3045,.T.);
#3045 = SURFACE_CURVE('',#3046,(#3050,#3056),.PCURVE_S1.);
#3046 = LINE('',#3047,#3048);
#3047 = CARTESIAN_POINT('',(159.,2.90211368298,-6.182917156373));
#3048 = VECTOR('',#3049,1.);
#3049 = DIRECTION('',(1.,0.,2.22044604925E-16));
#3050 = PCURVE('',#2240,#3051);
#3051 = DEFINITIONAL_REPRESENTATION('',(#3052),#3055);
#3052 = B_SPLINE_CURVE_WITH_KNOTS('',1,(#3053,#3054),.UNSPECIFIED.,.F.,
  .F.,(2,2),(1.,20.),.PIECEWISE_BEZIER_KNOTS.);
#3053 = CARTESIAN_POINT('',(5.309291584567,1.));
#3054 = CARTESIAN_POINT('',(5.309291584567,20.));
#3055 = ( GEOMETRIC_REPRESENTATION_CONTEXT(2) 
PARAMETRIC_REPRESENTATION_CONTEXT() REPRESENTATION_CONTEXT('2D SPACE',''
  ) );
#3056 = PCURVE('',#2268,#3057);
#3057 = DEFINITIONAL_REPRESENTATION('',(#3058),#3062);
#3058 = LINE('',#3059,#3060);
#3059 = CARTESIAN_POINT('',(11.,1.));
#3060 = VECTOR('',#3061,1.);
#3061 = DIRECTION('',(-1.248075815701E-16,-1.));
#3062 = ( GEOMETRIC_REPRESENTATION_CONTEXT(2) 
PARAMETRIC_REPRESENTATION_CONTEXT() REPRESENTATION_CONTEXT('2D SPACE',''
  ) );
#3063 = ADVANCED_FACE('',(#3064),#2268,.T.);
#3064 = FACE_BOUND('',#3065,.T.);
#3065 = EDGE_LOOP('',(#3066,#3067,#3086,#3087));
#3066 = ORIENTED_EDGE('',*,*,#2650,.F.);
#3067 = ORIENTED_EDGE('',*,*,#3068,.T.);
#3068 = EDGE_CURVE('',#2486,#2253,#3069,.T.);
#3069 = SURFACE_CURVE('',#3070,(#3074,#3080),.PCURVE_S1.);
#3070 = LINE('',#3071,#3072);
#3071 = CARTESIAN_POINT('',(159.,4.556274831529,-5.058750400669));
#3072 = VECTOR('',#3073,1.);
#3073 = DIRECTION('',(1.,0.,2.22044604925E-16));
#3074 = PCURVE('',#2268,#3075);
#3075 = DEFINITIONAL_REPRESENTATION('',(#3076),#3079);
#3076 = B_SPLINE_CURVE_WITH_KNOTS('',1,(#3077,#3078),.UNSPECIFIED.,.F.,
  .F.,(2,2),(0.9999994,20.0000006),.PIECEWISE_BEZIER_KNOTS.);
#3077 = CARTESIAN_POINT('',(9.,5.999999928008E-07));
#3078 = CARTESIAN_POINT('',(9.,-19.0000006));
#3079 = ( GEOMETRIC_REPRESENTATION_CONTEXT(2) 
PARAMETRIC_REPRESENTATION_CONTEXT() REPRESENTATION_CONTEXT('2D SPACE',''
  ) );
#3080 = PCURVE('',#2299,#3081);
#3081 = DEFINITIONAL_REPRESENTATION('',(#3082),#3085);
#3082 = B_SPLINE_CURVE_WITH_KNOTS('',1,(#3083,#3084),.UNSPECIFIED.,.F.,
  .F.,(2,2),(0.9999994,20.0000006),.PIECEWISE_BEZIER_KNOTS.);
#3083 = CARTESIAN_POINT('',(5.309291584567,0.9999994));
#3084 = CARTESIAN_POINT('',(5.309291584567,20.0000006));
#3085 = ( GEOMETRIC_REPRESENTATION_CONTEXT(2) 
PARAMETRIC_REPRESENTATION_CONTEXT() REPRESENTATION_CONTEXT('2D SPACE',''
  ) );
#3086 = ORIENTED_EDGE('',*,*,#2252,.T.);
#3087 = ORIENTED_EDGE('',*,*,#3044,.F.);
#3088 = ADVANCED_FACE('',(#3089),#2299,.F.);
#3089 = FACE_BOUND('',#3090,.F.);
#3090 = EDGE_LOOP('',(#3091,#3092,#3093,#3094));
#3091 = ORIENTED_EDGE('',*,*,#2917,.F.);
#3092 = ORIENTED_EDGE('',*,*,#2483,.T.);
#3093 = ORIENTED_EDGE('',*,*,#3068,.T.);
#3094 = ORIENTED_EDGE('',*,*,#2280,.T.);
#3095 = ADVANCED_FACE('',(#3096,#3171),#2768,.F.);
#3096 = FACE_BOUND('',#3097,.F.);
#3097 = EDGE_LOOP('',(#3098,#3121,#3122,#3145));
#3098 = ORIENTED_EDGE('',*,*,#3099,.F.);
#3099 = EDGE_CURVE('',#2752,#3100,#3102,.T.);
#3100 = VERTEX_POINT('',#3101);
#3101 = CARTESIAN_POINT('',(165.5,9.5,16.));
#3102 = SURFACE_CURVE('',#3103,(#3107,#3114),.PCURVE_S1.);
#3103 = LINE('',#3104,#3105);
#3104 = CARTESIAN_POINT('',(165.5,9.5,12.5));
#3105 = VECTOR('',#3106,1.);
#3106 = DIRECTION('',(0.,0.,1.));
#3107 = PCURVE('',#2768,#3108);
#3108 = DEFINITIONAL_REPRESENTATION('',(#3109),#3113);
#3109 = LINE('',#3110,#3111);
#3110 = CARTESIAN_POINT('',(0.,0.));
#3111 = VECTOR('',#3112,1.);
#3112 = DIRECTION('',(1.,0.));
#3113 = ( GEOMETRIC_REPRESENTATION_CONTEXT(2) 
PARAMETRIC_REPRESENTATION_CONTEXT() REPRESENTATION_CONTEXT('2D SPACE',''
  ) );
#3114 = PCURVE('',#2848,#3115);
#3115 = DEFINITIONAL_REPRESENTATION('',(#3116),#3120);
#3116 = LINE('',#3117,#3118);
#3117 = CARTESIAN_POINT('',(0.,0.));
#3118 = VECTOR('',#3119,1.);
#3119 = DIRECTION('',(1.,0.));
#3120 = ( GEOMETRIC_REPRESENTATION_CONTEXT(2) 
PARAMETRIC_REPRESENTATION_CONTEXT() REPRESENTATION_CONTEXT('2D SPACE',''
  ) );
#3121 = ORIENTED_EDGE('',*,*,#2749,.F.);
#3122 = ORIENTED_EDGE('',*,*,#3123,.T.);
#3123 = EDGE_CURVE('',#2750,#3124,#3126,.T.);
#3124 = VERTEX_POINT('',#3125);
#3125 = CARTESIAN_POINT('',(165.5,14.5,16.));
#3126 = SURFACE_CURVE('',#3127,(#3131,#3138),.PCURVE_S1.);
#3127 = LINE('',#3128,#3129);
#3128 = CARTESIAN_POINT('',(165.5,14.5,12.5));
#3129 = VECTOR('',#3130,1.);
#3130 = DIRECTION('',(0.,0.,1.));
#3131 = PCURVE('',#2768,#3132);
#3132 = DEFINITIONAL_REPRESENTATION('',(#3133),#3137);
#3133 = LINE('',#3134,#3135);
#3134 = CARTESIAN_POINT('',(0.,-5.));
#3135 = VECTOR('',#3136,1.);
#3136 = DIRECTION('',(1.,0.));
#3137 = ( GEOMETRIC_REPRESENTATION_CONTEXT(2) 
PARAMETRIC_REPRESENTATION_CONTEXT() REPRESENTATION_CONTEXT('2D SPACE',''
  ) );
#3138 = PCURVE('',#2795,#3139);
#3139 = DEFINITIONAL_REPRESENTATION('',(#3140),#3144);
#3140 = LINE('',#3141,#3142);
#3141 = CARTESIAN_POINT('',(0.,0.));
#3142 = VECTOR('',#3143,1.);
#3143 = DIRECTION('',(1.,0.));
#3144 = ( GEOMETRIC_REPRESENTATION_CONTEXT(2) 
PARAMETRIC_REPRESENTATION_CONTEXT() REPRESENTATION_CONTEXT('2D SPACE',''
  ) );
#3145 = ORIENTED_EDGE('',*,*,#3146,.F.);
#3146 = EDGE_CURVE('',#3100,#3124,#3147,.T.);
#3147 = SURFACE_CURVE('',#3148,(#3152,#3159),.PCURVE_S1.);
#3148 = LINE('',#3149,#3150);
#3149 = CARTESIAN_POINT('',(165.5,9.5,16.));
#3150 = VECTOR('',#3151,1.);
#3151 = DIRECTION('',(-0.,1.,0.));
#3152 = PCURVE('',#2768,#3153);
#3153 = DEFINITIONAL_REPRESENTATION('',(#3154),#3158);
#3154 = LINE('',#3155,#3156);
#3155 = CARTESIAN_POINT('',(3.5,0.));
#3156 = VECTOR('',#3157,1.);
#3157 = DIRECTION('',(0.,-1.));
#3158 = ( GEOMETRIC_REPRESENTATION_CONTEXT(2) 
PARAMETRIC_REPRESENTATION_CONTEXT() REPRESENTATION_CONTEXT('2D SPACE',''
  ) );
#3159 = PCURVE('',#3160,#3165);
#3160 = PLANE('',#3161);
#3161 = AXIS2_PLACEMENT_3D('',#3162,#3163,#3164);
#3162 = CARTESIAN_POINT('',(165.5,9.5,16.));
#3163 = DIRECTION('',(0.,0.,1.));
#3164 = DIRECTION('',(1.,0.,-0.));
#3165 = DEFINITIONAL_REPRESENTATION('',(#3166),#3170);
#3166 = LINE('',#3167,#3168);
#3167 = CARTESIAN_POINT('',(0.,0.));
#3168 = VECTOR('',#3169,1.);
#3169 = DIRECTION('',(0.,1.));
#3170 = ( GEOMETRIC_REPRESENTATION_CONTEXT(2) 
PARAMETRIC_REPRESENTATION_CONTEXT() REPRESENTATION_CONTEXT('2D SPACE',''
  ) );
#3171 = FACE_BOUND('',#3172,.F.);
#3172 = EDGE_LOOP('',(#3173));
#3173 = ORIENTED_EDGE('',*,*,#3174,.F.);
#3174 = EDGE_CURVE('',#3175,#3175,#3177,.T.);
#3175 = VERTEX_POINT('',#3176);
#3176 = CARTESIAN_POINT('',(165.5,12.,13.5));
#3177 = SURFACE_CURVE('',#3178,(#3183,#3190),.PCURVE_S1.);
#3178 = CIRCLE('',#3179,1.);
#3179 = AXIS2_PLACEMENT_3D('',#3180,#3181,#3182);
#3180 = CARTESIAN_POINT('',(165.5,12.,14.5));
#3181 = DIRECTION('',(1.,0.,2.22044604925E-16));
#3182 = DIRECTION('',(2.22044604925E-16,0.,-1.));
#3183 = PCURVE('',#2768,#3184);
#3184 = DEFINITIONAL_REPRESENTATION('',(#3185),#3189);
#3185 = CIRCLE('',#3186,1.);
#3186 = AXIS2_PLACEMENT_2D('',#3187,#3188);
#3187 = CARTESIAN_POINT('',(2.,-2.5));
#3188 = DIRECTION('',(-1.,0.));
#3189 = ( GEOMETRIC_REPRESENTATION_CONTEXT(2) 
PARAMETRIC_REPRESENTATION_CONTEXT() REPRESENTATION_CONTEXT('2D SPACE',''
  ) );
#3190 = PCURVE('',#3191,#3196);
#3191 = CYLINDRICAL_SURFACE('',#3192,1.);
#3192 = AXIS2_PLACEMENT_3D('',#3193,#3194,#3195);
#3193 = CARTESIAN_POINT('',(161.5,12.,14.5));
#3194 = DIRECTION('',(1.,0.,2.22044604925E-16));
#3195 = DIRECTION('',(2.22044604925E-16,0.,-1.));
#3196 = DEFINITIONAL_REPRESENTATION('',(#3197),#3201);
#3197 = LINE('',#3198,#3199);
#3198 = CARTESIAN_POINT('',(0.,4.));
#3199 = VECTOR('',#3200,1.);
#3200 = DIRECTION('',(1.,0.));
#3201 = ( GEOMETRIC_REPRESENTATION_CONTEXT(2) 
PARAMETRIC_REPRESENTATION_CONTEXT() REPRESENTATION_CONTEXT('2D SPACE',''
  ) );
#3202 = ADVANCED_FACE('',(#3203),#2848,.F.);
#3203 = FACE_BOUND('',#3204,.F.);
#3204 = EDGE_LOOP('',(#3205,#3228,#3229,#3230));
#3205 = ORIENTED_EDGE('',*,*,#3206,.F.);
#3206 = EDGE_CURVE('',#2807,#3207,#3209,.T.);
#3207 = VERTEX_POINT('',#3208);
#3208 = CARTESIAN_POINT('',(173.5,9.5,16.));
#3209 = SURFACE_CURVE('',#3210,(#3214,#3221),.PCURVE_S1.);
#3210 = LINE('',#3211,#3212);
#3211 = CARTESIAN_POINT('',(173.5,9.5,12.5));
#3212 = VECTOR('',#3213,1.);
#3213 = DIRECTION('',(0.,0.,1.));
#3214 = PCURVE('',#2848,#3215);
#3215 = DEFINITIONAL_REPRESENTATION('',(#3216),#3220);
#3216 = LINE('',#3217,#3218);
#3217 = CARTESIAN_POINT('',(0.,8.));
#3218 = VECTOR('',#3219,1.);
#3219 = DIRECTION('',(1.,0.));
#3220 = ( GEOMETRIC_REPRESENTATION_CONTEXT(2) 
PARAMETRIC_REPRESENTATION_CONTEXT() REPRESENTATION_CONTEXT('2D SPACE',''
  ) );
#3221 = PCURVE('',#2823,#3222);
#3222 = DEFINITIONAL_REPRESENTATION('',(#3223),#3227);
#3223 = LINE('',#3224,#3225);
#3224 = CARTESIAN_POINT('',(0.,0.));
#3225 = VECTOR('',#3226,1.);
#3226 = DIRECTION('',(1.,0.));
#3227 = ( GEOMETRIC_REPRESENTATION_CONTEXT(2) 
PARAMETRIC_REPRESENTATION_CONTEXT() REPRESENTATION_CONTEXT('2D SPACE',''
  ) );
#3228 = ORIENTED_EDGE('',*,*,#2835,.F.);
#3229 = ORIENTED_EDGE('',*,*,#3099,.T.);
#3230 = ORIENTED_EDGE('',*,*,#3231,.T.);
#3231 = EDGE_CURVE('',#3100,#3207,#3232,.T.);
#3232 = SURFACE_CURVE('',#3233,(#3237,#3244),.PCURVE_S1.);
#3233 = LINE('',#3234,#3235);
#3234 = CARTESIAN_POINT('',(165.5,9.5,16.));
#3235 = VECTOR('',#3236,1.);
#3236 = DIRECTION('',(1.,0.,-0.));
#3237 = PCURVE('',#2848,#3238);
#3238 = DEFINITIONAL_REPRESENTATION('',(#3239),#3243);
#3239 = LINE('',#3240,#3241);
#3240 = CARTESIAN_POINT('',(3.5,0.));
#3241 = VECTOR('',#3242,1.);
#3242 = DIRECTION('',(0.,1.));
#3243 = ( GEOMETRIC_REPRESENTATION_CONTEXT(2) 
PARAMETRIC_REPRESENTATION_CONTEXT() REPRESENTATION_CONTEXT('2D SPACE',''
  ) );
#3244 = PCURVE('',#3160,#3245);
#3245 = DEFINITIONAL_REPRESENTATION('',(#3246),#3250);
#3246 = LINE('',#3247,#3248);
#3247 = CARTESIAN_POINT('',(0.,0.));
#3248 = VECTOR('',#3249,1.);
#3249 = DIRECTION('',(1.,0.));
#3250 = ( GEOMETRIC_REPRESENTATION_CONTEXT(2) 
PARAMETRIC_REPRESENTATION_CONTEXT() REPRESENTATION_CONTEXT('2D SPACE',''
  ) );
#3251 = ADVANCED_FACE('',(#3252,#3300),#2823,.T.);
#3252 = FACE_BOUND('',#3253,.T.);
#3253 = EDGE_LOOP('',(#3254,#3255,#3256,#3279));
#3254 = ORIENTED_EDGE('',*,*,#3206,.F.);
#3255 = ORIENTED_EDGE('',*,*,#2806,.F.);
#3256 = ORIENTED_EDGE('',*,*,#3257,.T.);
#3257 = EDGE_CURVE('',#2781,#3258,#3260,.T.);
#3258 = VERTEX_POINT('',#3259);
#3259 = CARTESIAN_POINT('',(173.5,14.5,16.));
#3260 = SURFACE_CURVE('',#3261,(#3265,#3272),.PCURVE_S1.);
#3261 = LINE('',#3262,#3263);
#3262 = CARTESIAN_POINT('',(173.5,14.5,12.5));
#3263 = VECTOR('',#3264,1.);
#3264 = DIRECTION('',(0.,0.,1.));
#3265 = PCURVE('',#2823,#3266);
#3266 = DEFINITIONAL_REPRESENTATION('',(#3267),#3271);
#3267 = LINE('',#3268,#3269);
#3268 = CARTESIAN_POINT('',(0.,-5.));
#3269 = VECTOR('',#3270,1.);
#3270 = DIRECTION('',(1.,0.));
#3271 = ( GEOMETRIC_REPRESENTATION_CONTEXT(2) 
PARAMETRIC_REPRESENTATION_CONTEXT() REPRESENTATION_CONTEXT('2D SPACE',''
  ) );
#3272 = PCURVE('',#2795,#3273);
#3273 = DEFINITIONAL_REPRESENTATION('',(#3274),#3278);
#3274 = LINE('',#3275,#3276);
#3275 = CARTESIAN_POINT('',(0.,8.));
#3276 = VECTOR('',#3277,1.);
#3277 = DIRECTION('',(1.,0.));
#3278 = ( GEOMETRIC_REPRESENTATION_CONTEXT(2) 
PARAMETRIC_REPRESENTATION_CONTEXT() REPRESENTATION_CONTEXT('2D SPACE',''
  ) );
#3279 = ORIENTED_EDGE('',*,*,#3280,.F.);
#3280 = EDGE_CURVE('',#3207,#3258,#3281,.T.);
#3281 = SURFACE_CURVE('',#3282,(#3286,#3293),.PCURVE_S1.);
#3282 = LINE('',#3283,#3284);
#3283 = CARTESIAN_POINT('',(173.5,9.5,16.));
#3284 = VECTOR('',#3285,1.);
#3285 = DIRECTION('',(-0.,1.,0.));
#3286 = PCURVE('',#2823,#3287);
#3287 = DEFINITIONAL_REPRESENTATION('',(#3288),#3292);
#3288 = LINE('',#3289,#3290);
#3289 = CARTESIAN_POINT('',(3.5,0.));
#3290 = VECTOR('',#3291,1.);
#3291 = DIRECTION('',(0.,-1.));
#3292 = ( GEOMETRIC_REPRESENTATION_CONTEXT(2) 
PARAMETRIC_REPRESENTATION_CONTEXT() REPRESENTATION_CONTEXT('2D SPACE',''
  ) );
#3293 = PCURVE('',#3160,#3294);
#3294 = DEFINITIONAL_REPRESENTATION('',(#3295),#3299);
#3295 = LINE('',#3296,#3297);
#3296 = CARTESIAN_POINT('',(8.,0.));
#3297 = VECTOR('',#3298,1.);
#3298 = DIRECTION('',(0.,1.));
#3299 = ( GEOMETRIC_REPRESENTATION_CONTEXT(2) 
PARAMETRIC_REPRESENTATION_CONTEXT() REPRESENTATION_CONTEXT('2D SPACE',''
  ) );
#3300 = FACE_BOUND('',#3301,.T.);
#3301 = EDGE_LOOP('',(#3302));
#3302 = ORIENTED_EDGE('',*,*,#3303,.F.);
#3303 = EDGE_CURVE('',#3304,#3304,#3306,.T.);
#3304 = VERTEX_POINT('',#3305);
#3305 = CARTESIAN_POINT('',(173.5,12.,13.5));
#3306 = SURFACE_CURVE('',#3307,(#3312,#3319),.PCURVE_S1.);
#3307 = CIRCLE('',#3308,1.);
#3308 = AXIS2_PLACEMENT_3D('',#3309,#3310,#3311);
#3309 = CARTESIAN_POINT('',(173.5,12.,14.5));
#3310 = DIRECTION('',(1.,0.,2.22044604925E-16));
#3311 = DIRECTION('',(2.22044604925E-16,0.,-1.));
#3312 = PCURVE('',#2823,#3313);
#3313 = DEFINITIONAL_REPRESENTATION('',(#3314),#3318);
#3314 = CIRCLE('',#3315,1.);
#3315 = AXIS2_PLACEMENT_2D('',#3316,#3317);
#3316 = CARTESIAN_POINT('',(2.,-2.5));
#3317 = DIRECTION('',(-1.,0.));
#3318 = ( GEOMETRIC_REPRESENTATION_CONTEXT(2) 
PARAMETRIC_REPRESENTATION_CONTEXT() REPRESENTATION_CONTEXT('2D SPACE',''
  ) );
#3319 = PCURVE('',#3191,#3320);
#3320 = DEFINITIONAL_REPRESENTATION('',(#3321),#3325);
#3321 = LINE('',#3322,#3323);
#3322 = CARTESIAN_POINT('',(0.,12.));
#3323 = VECTOR('',#3324,1.);
#3324 = DIRECTION('',(1.,0.));
#3325 = ( GEOMETRIC_REPRESENTATION_CONTEXT(2) 
PARAMETRIC_REPRESENTATION_CONTEXT() REPRESENTATION_CONTEXT('2D SPACE',''
  ) );
#3326 = ADVANCED_FACE('',(#3327),#2795,.T.);
#3327 = FACE_BOUND('',#3328,.T.);
#3328 = EDGE_LOOP('',(#3329,#3330,#3331,#3332));
#3329 = ORIENTED_EDGE('',*,*,#3257,.F.);
#3330 = ORIENTED_EDGE('',*,*,#2780,.F.);
#3331 = ORIENTED_EDGE('',*,*,#3123,.T.);
#3332 = ORIENTED_EDGE('',*,*,#3333,.T.);
#3333 = EDGE_CURVE('',#3124,#3258,#3334,.T.);
#3334 = SURFACE_CURVE('',#3335,(#3339,#3346),.PCURVE_S1.);
#3335 = LINE('',#3336,#3337);
#3336 = CARTESIAN_POINT('',(165.5,14.5,16.));
#3337 = VECTOR('',#3338,1.);
#3338 = DIRECTION('',(1.,0.,-0.));
#3339 = PCURVE('',#2795,#3340);
#3340 = DEFINITIONAL_REPRESENTATION('',(#3341),#3345);
#3341 = LINE('',#3342,#3343);
#3342 = CARTESIAN_POINT('',(3.5,0.));
#3343 = VECTOR('',#3344,1.);
#3344 = DIRECTION('',(0.,1.));
#3345 = ( GEOMETRIC_REPRESENTATION_CONTEXT(2) 
PARAMETRIC_REPRESENTATION_CONTEXT() REPRESENTATION_CONTEXT('2D SPACE',''
  ) );
#3346 = PCURVE('',#3160,#3347);
#3347 = DEFINITIONAL_REPRESENTATION('',(#3348),#3352);
#3348 = LINE('',#3349,#3350);
#3349 = CARTESIAN_POINT('',(0.,5.));
#3350 = VECTOR('',#3351,1.);
#3351 = DIRECTION('',(1.,0.));
#3352 = ( GEOMETRIC_REPRESENTATION_CONTEXT(2) 
PARAMETRIC_REPRESENTATION_CONTEXT() REPRESENTATION_CONTEXT('2D SPACE',''
  ) );
#3353 = ADVANCED_FACE('',(#3354),#3160,.T.);
#3354 = FACE_BOUND('',#3355,.T.);
#3355 = EDGE_LOOP('',(#3356,#3357,#3358,#3359));
#3356 = ORIENTED_EDGE('',*,*,#3146,.F.);
#3357 = ORIENTED_EDGE('',*,*,#3231,.T.);
#3358 = ORIENTED_EDGE('',*,*,#3280,.T.);
#3359 = ORIENTED_EDGE('',*,*,#3333,.F.);
#3360 = ADVANCED_FACE('',(#3361),#3191,.F.);
#3361 = FACE_BOUND('',#3362,.F.);
#3362 = EDGE_LOOP('',(#3363,#3364,#3385,#3386));
#3363 = ORIENTED_EDGE('',*,*,#3303,.F.);
#3364 = ORIENTED_EDGE('',*,*,#3365,.F.);
#3365 = EDGE_CURVE('',#3175,#3304,#3366,.T.);
#3366 = SEAM_CURVE('',#3367,(#3371,#3378),.PCURVE_S1.);
#3367 = LINE('',#3368,#3369);
#3368 = CARTESIAN_POINT('',(161.5,12.,13.5));
#3369 = VECTOR('',#3370,1.);
#3370 = DIRECTION('',(1.,0.,2.22044604925E-16));
#3371 = PCURVE('',#3191,#3372);
#3372 = DEFINITIONAL_REPRESENTATION('',(#3373),#3377);
#3373 = LINE('',#3374,#3375);
#3374 = CARTESIAN_POINT('',(6.28318530718,-0.));
#3375 = VECTOR('',#3376,1.);
#3376 = DIRECTION('',(0.,1.));
#3377 = ( GEOMETRIC_REPRESENTATION_CONTEXT(2) 
PARAMETRIC_REPRESENTATION_CONTEXT() REPRESENTATION_CONTEXT('2D SPACE',''
  ) );
#3378 = PCURVE('',#3191,#3379);
#3379 = DEFINITIONAL_REPRESENTATION('',(#3380),#3384);
#3380 = LINE('',#3381,#3382);
#3381 = CARTESIAN_POINT('',(0.,-0.));
#3382 = VECTOR('',#3383,1.);
#3383 = DIRECTION('',(0.,1.));
#3384 = ( GEOMETRIC_REPRESENTATION_CONTEXT(2) 
PARAMETRIC_REPRESENTATION_CONTEXT() REPRESENTATION_CONTEXT('2D SPACE',''
  ) );
#3385 = ORIENTED_EDGE('',*,*,#3174,.T.);
#3386 = ORIENTED_EDGE('',*,*,#3365,.T.);
#3387 = MANIFOLD_SOLID_BREP('',#3388);
#3388 = CLOSED_SHELL('',(#3389,#3511,#3586,#3996,#4044,#4356,#4382,#4407
    ,#4544,#4570,#4577,#4621,#4647,#4672,#4697,#4723,#4749,#4774,#4781,
    #4888,#4937,#5012,#5039,#5046));
#3389 = ADVANCED_FACE('',(#3390),#3404,.T.);
#3390 = FACE_BOUND('',#3391,.T.);
#3391 = EDGE_LOOP('',(#3392,#3425,#3458,#3484));
#3392 = ORIENTED_EDGE('',*,*,#3393,.T.);
#3393 = EDGE_CURVE('',#3394,#3396,#3398,.T.);
#3394 = VERTEX_POINT('',#3395);
#3395 = CARTESIAN_POINT('',(155.5,-1.196564975579,-6.287749332878));
#3396 = VERTEX_POINT('',#3397);
#3397 = CARTESIAN_POINT('',(173.,-1.196564975579,-6.287749332878));
#3398 = SURFACE_CURVE('',#3399,(#3403,#3414),.PCURVE_S1.);
#3399 = LINE('',#3400,#3401);
#3400 = CARTESIAN_POINT('',(155.5,-1.196564975579,-6.287749332878));
#3401 = VECTOR('',#3402,1.);
#3402 = DIRECTION('',(1.,0.,2.22044604925E-16));
#3403 = PCURVE('',#3404,#3409);
#3404 = CYLINDRICAL_SURFACE('',#3405,12.5);
#3405 = AXIS2_PLACEMENT_3D('',#3406,#3407,#3408);
#3406 = CARTESIAN_POINT('',(155.5,-12.,-1.942890293094E-15));
#3407 = DIRECTION('',(1.,0.,2.22044604925E-16));
#3408 = DIRECTION('',(2.22044604925E-16,0.,-1.));
#3409 = DEFINITIONAL_REPRESENTATION('',(#3410),#3413);
#3410 = B_SPLINE_CURVE_WITH_KNOTS('',1,(#3411,#3412),.UNSPECIFIED.,.F.,
  .F.,(2,2),(1.380506584137E-29,17.5),.PIECEWISE_BEZIER_KNOTS.);
#3411 = CARTESIAN_POINT('',(7.326892199872,-1.396160816486E-15));
#3412 = CARTESIAN_POINT('',(7.326892199872,17.5));
#3413 = ( GEOMETRIC_REPRESENTATION_CONTEXT(2) 
PARAMETRIC_REPRESENTATION_CONTEXT() REPRESENTATION_CONTEXT('2D SPACE',''
  ) );
#3414 = PCURVE('',#3415,#3420);
#3415 = PLANE('',#3416);
#3416 = AXIS2_PLACEMENT_3D('',#3417,#3418,#3419);
#3417 = CARTESIAN_POINT('',(155.5,-12.,0.));
#3418 = DIRECTION('',(0.,0.50301994663,0.864274801954));
#3419 = DIRECTION('',(0.,0.864274801954,-0.50301994663));
#3420 = DEFINITIONAL_REPRESENTATION('',(#3421),#3424);
#3421 = B_SPLINE_CURVE_WITH_KNOTS('',1,(#3422,#3423),.UNSPECIFIED.,.F.,
  .F.,(2,2),(-5.999999928008E-07,17.5000006),.PIECEWISE_BEZIER_KNOTS.);
#3422 = CARTESIAN_POINT('',(12.5,5.999999928008E-07));
#3423 = CARTESIAN_POINT('',(12.5,-17.5000006));
#3424 = ( GEOMETRIC_REPRESENTATION_CONTEXT(2) 
PARAMETRIC_REPRESENTATION_CONTEXT() REPRESENTATION_CONTEXT('2D SPACE',''
  ) );
#3425 = ORIENTED_EDGE('',*,*,#3426,.T.);
#3426 = EDGE_CURVE('',#3396,#3427,#3429,.T.);
#3427 = VERTEX_POINT('',#3428);
#3428 = CARTESIAN_POINT('',(173.,-22.80343502442,-6.287749332878));
#3429 = SURFACE_CURVE('',#3430,(#3435,#3442),.PCURVE_S1.);
#3430 = CIRCLE('',#3431,12.5);
#3431 = AXIS2_PLACEMENT_3D('',#3432,#3433,#3434);
#3432 = CARTESIAN_POINT('',(173.,-12.,1.942890293094E-15));
#3433 = DIRECTION('',(-1.,0.,-0.));
#3434 = DIRECTION('',(0.,0.864274801954,-0.50301994663));
#3435 = PCURVE('',#3404,#3436);
#3436 = DEFINITIONAL_REPRESENTATION('',(#3437),#3441);
#3437 = LINE('',#3438,#3439);
#3438 = CARTESIAN_POINT('',(7.326892199872,17.5));
#3439 = VECTOR('',#3440,1.);
#3440 = DIRECTION('',(-1.,-0.));
#3441 = ( GEOMETRIC_REPRESENTATION_CONTEXT(2) 
PARAMETRIC_REPRESENTATION_CONTEXT() REPRESENTATION_CONTEXT('2D SPACE',''
  ) );
#3442 = PCURVE('',#3443,#3448);
#3443 = PLANE('',#3444);
#3444 = AXIS2_PLACEMENT_3D('',#3445,#3446,#3447);
#3445 = CARTESIAN_POINT('',(173.,-12.,1.942890293094E-15));
#3446 = DIRECTION('',(1.,0.,2.22044604925E-16));
#3447 = DIRECTION('',(2.22044604925E-16,0.,-1.));
#3448 = DEFINITIONAL_REPRESENTATION('',(#3449),#3457);
#3449 = ( BOUNDED_CURVE() B_SPLINE_CURVE(2,(#3450,#3451,#3452,#3453,
#3454,#3455,#3456),.UNSPECIFIED.,.T.,.F.) B_SPLINE_CURVE_WITH_KNOTS((1,2
    ,2,2,2,1),(-2.094395102393,0.,2.094395102393,4.188790204786,
6.28318530718,8.377580409573),.UNSPECIFIED.) CURVE() 
GEOMETRIC_REPRESENTATION_ITEM() RATIONAL_B_SPLINE_CURVE((1.,0.5,1.,0.5,
1.,0.5,1.)) REPRESENTATION_ITEM('') );
#3450 = CARTESIAN_POINT('',(6.287749332878,10.803435024421));
#3451 = CARTESIAN_POINT('',(24.999847691445,-8.726628538045E-02));
#3452 = CARTESIAN_POINT('',(6.212174512845,-10.84706816711));
#3453 = CARTESIAN_POINT('',(-12.57549866575,-21.60687004884));
#3454 = CARTESIAN_POINT('',(-12.49992384572,4.363314269022E-02));
#3455 = CARTESIAN_POINT('',(-12.42434902568,21.694136334223));
#3456 = CARTESIAN_POINT('',(6.287749332878,10.803435024421));
#3457 = ( GEOMETRIC_REPRESENTATION_CONTEXT(2) 
PARAMETRIC_REPRESENTATION_CONTEXT() REPRESENTATION_CONTEXT('2D SPACE',''
  ) );
#3458 = ORIENTED_EDGE('',*,*,#3459,.F.);
#3459 = EDGE_CURVE('',#3460,#3427,#3462,.T.);
#3460 = VERTEX_POINT('',#3461);
#3461 = CARTESIAN_POINT('',(155.5,-22.80343502442,-6.287749332878));
#3462 = SURFACE_CURVE('',#3463,(#3467,#3473),.PCURVE_S1.);
#3463 = LINE('',#3464,#3465);
#3464 = CARTESIAN_POINT('',(155.5,-22.80343502442,-6.287749332878));
#3465 = VECTOR('',#3466,1.);
#3466 = DIRECTION('',(1.,0.,2.22044604925E-16));
#3467 = PCURVE('',#3404,#3468);
#3468 = DEFINITIONAL_REPRESENTATION('',(#3469),#3472);
#3469 = B_SPLINE_CURVE_WITH_KNOTS('',1,(#3470,#3471),.UNSPECIFIED.,.F.,
  .F.,(2,2),(-5.999999928008E-07,17.5000006),.PIECEWISE_BEZIER_KNOTS.);
#3470 = CARTESIAN_POINT('',(5.239478414487,-5.99999994197E-07));
#3471 = CARTESIAN_POINT('',(5.239478414487,17.5000006));
#3472 = ( GEOMETRIC_REPRESENTATION_CONTEXT(2) 
PARAMETRIC_REPRESENTATION_CONTEXT() REPRESENTATION_CONTEXT('2D SPACE',''
  ) );
#3473 = PCURVE('',#3474,#3479);
#3474 = PLANE('',#3475);
#3475 = AXIS2_PLACEMENT_3D('',#3476,#3477,#3478);
#3476 = CARTESIAN_POINT('',(155.5,-27.12711296676,-8.804189986808));
#3477 = DIRECTION('',(0.,-0.50301994663,0.864274801954));
#3478 = DIRECTION('',(0.,0.864274801954,0.50301994663));
#3479 = DEFINITIONAL_REPRESENTATION('',(#3480),#3483);
#3480 = B_SPLINE_CURVE_WITH_KNOTS('',1,(#3481,#3482),.UNSPECIFIED.,.F.,
  .F.,(2,2),(-5.999999928008E-07,17.5000006),.PIECEWISE_BEZIER_KNOTS.);
#3481 = CARTESIAN_POINT('',(5.002665740768,5.999999928008E-07));
#3482 = CARTESIAN_POINT('',(5.002665740768,-17.5000006));
#3483 = ( GEOMETRIC_REPRESENTATION_CONTEXT(2) 
PARAMETRIC_REPRESENTATION_CONTEXT() REPRESENTATION_CONTEXT('2D SPACE',''
  ) );
#3484 = ORIENTED_EDGE('',*,*,#3485,.T.);
#3485 = EDGE_CURVE('',#3460,#3394,#3486,.T.);
#3486 = SURFACE_CURVE('',#3487,(#3492,#3499),.PCURVE_S1.);
#3487 = CIRCLE('',#3488,12.5);
#3488 = AXIS2_PLACEMENT_3D('',#3489,#3490,#3491);
#3489 = CARTESIAN_POINT('',(155.5,-12.,-1.942890293094E-15));
#3490 = DIRECTION('',(1.,0.,0.));
#3491 = DIRECTION('',(0.,-0.864274801954,-0.50301994663));
#3492 = PCURVE('',#3404,#3493);
#3493 = DEFINITIONAL_REPRESENTATION('',(#3494),#3498);
#3494 = LINE('',#3495,#3496);
#3495 = CARTESIAN_POINT('',(5.239478414487,0.));
#3496 = VECTOR('',#3497,1.);
#3497 = DIRECTION('',(1.,0.));
#3498 = ( GEOMETRIC_REPRESENTATION_CONTEXT(2) 
PARAMETRIC_REPRESENTATION_CONTEXT() REPRESENTATION_CONTEXT('2D SPACE',''
  ) );
#3499 = PCURVE('',#3500,#3505);
#3500 = PLANE('',#3501);
#3501 = AXIS2_PLACEMENT_3D('',#3502,#3503,#3504);
#3502 = CARTESIAN_POINT('',(155.5,-12.,-1.942890293094E-15));
#3503 = DIRECTION('',(1.,0.,2.22044604925E-16));
#3504 = DIRECTION('',(2.22044604925E-16,0.,-1.));
#3505 = DEFINITIONAL_REPRESENTATION('',(#3506),#3510);
#3506 = CIRCLE('',#3507,12.5);
#3507 = AXIS2_PLACEMENT_2D('',#3508,#3509);
#3508 = CARTESIAN_POINT('',(0.,0.));
#3509 = DIRECTION('',(0.50301994663,-0.864274801954));
#3510 = ( GEOMETRIC_REPRESENTATION_CONTEXT(2) 
PARAMETRIC_REPRESENTATION_CONTEXT() REPRESENTATION_CONTEXT('2D SPACE',''
  ) );
#3511 = ADVANCED_FACE('',(#3512),#3415,.T.);
#3512 = FACE_BOUND('',#3513,.T.);
#3513 = EDGE_LOOP('',(#3514,#3537,#3564,#3585));
#3514 = ORIENTED_EDGE('',*,*,#3515,.F.);
#3515 = EDGE_CURVE('',#3516,#3394,#3518,.T.);
#3516 = VERTEX_POINT('',#3517);
#3517 = CARTESIAN_POINT('',(155.5,-3.78938938144,-4.778689492987));
#3518 = SURFACE_CURVE('',#3519,(#3523,#3530),.PCURVE_S1.);
#3519 = LINE('',#3520,#3521);
#3520 = CARTESIAN_POINT('',(155.5,-12.,0.));
#3521 = VECTOR('',#3522,1.);
#3522 = DIRECTION('',(0.,0.864274801954,-0.50301994663));
#3523 = PCURVE('',#3415,#3524);
#3524 = DEFINITIONAL_REPRESENTATION('',(#3525),#3529);
#3525 = LINE('',#3526,#3527);
#3526 = CARTESIAN_POINT('',(0.,0.));
#3527 = VECTOR('',#3528,1.);
#3528 = DIRECTION('',(1.,0.));
#3529 = ( GEOMETRIC_REPRESENTATION_CONTEXT(2) 
PARAMETRIC_REPRESENTATION_CONTEXT() REPRESENTATION_CONTEXT('2D SPACE',''
  ) );
#3530 = PCURVE('',#3500,#3531);
#3531 = DEFINITIONAL_REPRESENTATION('',(#3532),#3536);
#3532 = LINE('',#3533,#3534);
#3533 = CARTESIAN_POINT('',(-1.942890293094E-15,0.));
#3534 = VECTOR('',#3535,1.);
#3535 = DIRECTION('',(0.50301994663,0.864274801954));
#3536 = ( GEOMETRIC_REPRESENTATION_CONTEXT(2) 
PARAMETRIC_REPRESENTATION_CONTEXT() REPRESENTATION_CONTEXT('2D SPACE',''
  ) );
#3537 = ORIENTED_EDGE('',*,*,#3538,.T.);
#3538 = EDGE_CURVE('',#3516,#3539,#3541,.T.);
#3539 = VERTEX_POINT('',#3540);
#3540 = CARTESIAN_POINT('',(173.,-3.78938938144,-4.778689492987));
#3541 = SURFACE_CURVE('',#3542,(#3546,#3553),.PCURVE_S1.);
#3542 = LINE('',#3543,#3544);
#3543 = CARTESIAN_POINT('',(155.5,-3.78938938144,-4.778689492987));
#3544 = VECTOR('',#3545,1.);
#3545 = DIRECTION('',(1.,0.,2.22044604925E-16));
#3546 = PCURVE('',#3415,#3547);
#3547 = DEFINITIONAL_REPRESENTATION('',(#3548),#3552);
#3548 = LINE('',#3549,#3550);
#3549 = CARTESIAN_POINT('',(9.5,0.));
#3550 = VECTOR('',#3551,1.);
#3551 = DIRECTION('',(-1.116928653189E-16,-1.));
#3552 = ( GEOMETRIC_REPRESENTATION_CONTEXT(2) 
PARAMETRIC_REPRESENTATION_CONTEXT() REPRESENTATION_CONTEXT('2D SPACE',''
  ) );
#3553 = PCURVE('',#3554,#3559);
#3554 = CYLINDRICAL_SURFACE('',#3555,9.5);
#3555 = AXIS2_PLACEMENT_3D('',#3556,#3557,#3558);
#3556 = CARTESIAN_POINT('',(155.5,-12.,-1.942890293094E-15));
#3557 = DIRECTION('',(1.,0.,2.22044604925E-16));
#3558 = DIRECTION('',(2.22044604925E-16,0.,-1.));
#3559 = DEFINITIONAL_REPRESENTATION('',(#3560),#3563);
#3560 = B_SPLINE_CURVE_WITH_KNOTS('',1,(#3561,#3562),.UNSPECIFIED.,.F.,
  .F.,(2,2),(-5.999999928008E-07,17.5000006),.PIECEWISE_BEZIER_KNOTS.);
#3561 = CARTESIAN_POINT('',(1.043706892693,-5.999999938619E-07));
#3562 = CARTESIAN_POINT('',(1.043706892693,17.5000006));
#3563 = ( GEOMETRIC_REPRESENTATION_CONTEXT(2) 
PARAMETRIC_REPRESENTATION_CONTEXT() REPRESENTATION_CONTEXT('2D SPACE',''
  ) );
#3564 = ORIENTED_EDGE('',*,*,#3565,.T.);
#3565 = EDGE_CURVE('',#3539,#3396,#3566,.T.);
#3566 = SURFACE_CURVE('',#3567,(#3571,#3578),.PCURVE_S1.);
#3567 = LINE('',#3568,#3569);
#3568 = CARTESIAN_POINT('',(173.,-12.,0.));
#3569 = VECTOR('',#3570,1.);
#3570 = DIRECTION('',(0.,0.864274801954,-0.50301994663));
#3571 = PCURVE('',#3415,#3572);
#3572 = DEFINITIONAL_REPRESENTATION('',(#3573),#3577);
#3573 = LINE('',#3574,#3575);
#3574 = CARTESIAN_POINT('',(0.,-17.5));
#3575 = VECTOR('',#3576,1.);
#3576 = DIRECTION('',(1.,0.));
#3577 = ( GEOMETRIC_REPRESENTATION_CONTEXT(2) 
PARAMETRIC_REPRESENTATION_CONTEXT() REPRESENTATION_CONTEXT('2D SPACE',''
  ) );
#3578 = PCURVE('',#3443,#3579);
#3579 = DEFINITIONAL_REPRESENTATION('',(#3580),#3584);
#3580 = LINE('',#3581,#3582);
#3581 = CARTESIAN_POINT('',(1.942890293094E-15,0.));
#3582 = VECTOR('',#3583,1.);
#3583 = DIRECTION('',(0.50301994663,0.864274801954));
#3584 = ( GEOMETRIC_REPRESENTATION_CONTEXT(2) 
PARAMETRIC_REPRESENTATION_CONTEXT() REPRESENTATION_CONTEXT('2D SPACE',''
  ) );
#3585 = ORIENTED_EDGE('',*,*,#3393,.F.);
#3586 = ADVANCED_FACE('',(#3587,#3754),#3443,.T.);
#3587 = FACE_BOUND('',#3588,.T.);
#3588 = EDGE_LOOP('',(#3589,#3590,#3591,#3615,#3643,#3676,#3704,#3733));
#3589 = ORIENTED_EDGE('',*,*,#3426,.F.);
#3590 = ORIENTED_EDGE('',*,*,#3565,.F.);
#3591 = ORIENTED_EDGE('',*,*,#3592,.T.);
#3592 = EDGE_CURVE('',#3539,#3593,#3595,.T.);
#3593 = VERTEX_POINT('',#3594);
#3594 = CARTESIAN_POINT('',(173.,-3.78938938144,4.778689492987));
#3595 = SURFACE_CURVE('',#3596,(#3601,#3608),.PCURVE_S1.);
#3596 = CIRCLE('',#3597,9.5);
#3597 = AXIS2_PLACEMENT_3D('',#3598,#3599,#3600);
#3598 = CARTESIAN_POINT('',(173.,-12.,1.942890293094E-15));
#3599 = DIRECTION('',(1.,-0.,2.22044604925E-16));
#3600 = DIRECTION('',(2.22044604925E-16,0.,-1.));
#3601 = PCURVE('',#3443,#3602);
#3602 = DEFINITIONAL_REPRESENTATION('',(#3603),#3607);
#3603 = CIRCLE('',#3604,9.5);
#3604 = AXIS2_PLACEMENT_2D('',#3605,#3606);
#3605 = CARTESIAN_POINT('',(0.,0.));
#3606 = DIRECTION('',(1.,0.));
#3607 = ( GEOMETRIC_REPRESENTATION_CONTEXT(2) 
PARAMETRIC_REPRESENTATION_CONTEXT() REPRESENTATION_CONTEXT('2D SPACE',''
  ) );
#3608 = PCURVE('',#3554,#3609);
#3609 = DEFINITIONAL_REPRESENTATION('',(#3610),#3614);
#3610 = LINE('',#3611,#3612);
#3611 = CARTESIAN_POINT('',(0.,17.5));
#3612 = VECTOR('',#3613,1.);
#3613 = DIRECTION('',(1.,0.));
#3614 = ( GEOMETRIC_REPRESENTATION_CONTEXT(2) 
PARAMETRIC_REPRESENTATION_CONTEXT() REPRESENTATION_CONTEXT('2D SPACE',''
  ) );
#3615 = ORIENTED_EDGE('',*,*,#3616,.F.);
#3616 = EDGE_CURVE('',#3617,#3593,#3619,.T.);
#3617 = VERTEX_POINT('',#3618);
#3618 = CARTESIAN_POINT('',(173.,-1.196564975579,6.287749332878));
#3619 = SURFACE_CURVE('',#3620,(#3624,#3631),.PCURVE_S1.);
#3620 = LINE('',#3621,#3622);
#3621 = CARTESIAN_POINT('',(173.,3.127112966764,8.804189986808));
#3622 = VECTOR('',#3623,1.);
#3623 = DIRECTION('',(0.,-0.864274801954,-0.50301994663));
#3624 = PCURVE('',#3443,#3625);
#3625 = DEFINITIONAL_REPRESENTATION('',(#3626),#3630);
#3626 = LINE('',#3627,#3628);
#3627 = CARTESIAN_POINT('',(-8.804189986808,15.127112966764));
#3628 = VECTOR('',#3629,1.);
#3629 = DIRECTION('',(0.50301994663,-0.864274801954));
#3630 = ( GEOMETRIC_REPRESENTATION_CONTEXT(2) 
PARAMETRIC_REPRESENTATION_CONTEXT() REPRESENTATION_CONTEXT('2D SPACE',''
  ) );
#3631 = PCURVE('',#3632,#3637);
#3632 = PLANE('',#3633);
#3633 = AXIS2_PLACEMENT_3D('',#3634,#3635,#3636);
#3634 = CARTESIAN_POINT('',(155.5,3.127112966764,8.804189986808));
#3635 = DIRECTION('',(0.,0.50301994663,-0.864274801954));
#3636 = DIRECTION('',(0.,-0.864274801954,-0.50301994663));
#3637 = DEFINITIONAL_REPRESENTATION('',(#3638),#3642);
#3638 = LINE('',#3639,#3640);
#3639 = CARTESIAN_POINT('',(0.,-17.5));
#3640 = VECTOR('',#3641,1.);
#3641 = DIRECTION('',(1.,0.));
#3642 = ( GEOMETRIC_REPRESENTATION_CONTEXT(2) 
PARAMETRIC_REPRESENTATION_CONTEXT() REPRESENTATION_CONTEXT('2D SPACE',''
  ) );
#3643 = ORIENTED_EDGE('',*,*,#3644,.F.);
#3644 = EDGE_CURVE('',#3645,#3617,#3647,.T.);
#3645 = VERTEX_POINT('',#3646);
#3646 = CARTESIAN_POINT('',(173.,-22.80343502442,6.287749332878));
#3647 = SURFACE_CURVE('',#3648,(#3653,#3664),.PCURVE_S1.);
#3648 = CIRCLE('',#3649,12.5);
#3649 = AXIS2_PLACEMENT_3D('',#3650,#3651,#3652);
#3650 = CARTESIAN_POINT('',(173.,-12.,1.942890293094E-15));
#3651 = DIRECTION('',(-1.,0.,0.));
#3652 = DIRECTION('',(0.,-0.864274801954,0.50301994663));
#3653 = PCURVE('',#3443,#3654);
#3654 = DEFINITIONAL_REPRESENTATION('',(#3655),#3663);
#3655 = ( BOUNDED_CURVE() B_SPLINE_CURVE(2,(#3656,#3657,#3658,#3659,
#3660,#3661,#3662),.UNSPECIFIED.,.T.,.F.) B_SPLINE_CURVE_WITH_KNOTS((1,2
    ,2,2,2,1),(-2.094395102393,0.,2.094395102393,4.188790204786,
6.28318530718,8.377580409573),.UNSPECIFIED.) CURVE() 
GEOMETRIC_REPRESENTATION_ITEM() RATIONAL_B_SPLINE_CURVE((1.,0.5,1.,0.5,
1.,0.5,1.)) REPRESENTATION_ITEM('') );
#3656 = CARTESIAN_POINT('',(-6.287749332878,-10.80343502442));
#3657 = CARTESIAN_POINT('',(-24.99984769144,8.726628538046E-02));
#3658 = CARTESIAN_POINT('',(-6.212174512844,10.847068167112));
#3659 = CARTESIAN_POINT('',(12.575498665756,21.606870048843));
#3660 = CARTESIAN_POINT('',(12.499923845722,-4.363314269023E-02));
#3661 = CARTESIAN_POINT('',(12.424349025689,-21.69413633422));
#3662 = CARTESIAN_POINT('',(-6.287749332878,-10.80343502442));
#3663 = ( GEOMETRIC_REPRESENTATION_CONTEXT(2) 
PARAMETRIC_REPRESENTATION_CONTEXT() REPRESENTATION_CONTEXT('2D SPACE',''
  ) );
#3664 = PCURVE('',#3665,#3670);
#3665 = CYLINDRICAL_SURFACE('',#3666,12.5);
#3666 = AXIS2_PLACEMENT_3D('',#3667,#3668,#3669);
#3667 = CARTESIAN_POINT('',(155.5,-12.,-1.942890293094E-15));
#3668 = DIRECTION('',(1.,0.,2.22044604925E-16));
#3669 = DIRECTION('',(2.22044604925E-16,0.,-1.));
#3670 = DEFINITIONAL_REPRESENTATION('',(#3671),#3675);
#3671 = LINE('',#3672,#3673);
#3672 = CARTESIAN_POINT('',(4.185299546282,17.5));
#3673 = VECTOR('',#3674,1.);
#3674 = DIRECTION('',(-1.,-0.));
#3675 = ( GEOMETRIC_REPRESENTATION_CONTEXT(2) 
PARAMETRIC_REPRESENTATION_CONTEXT() REPRESENTATION_CONTEXT('2D SPACE',''
  ) );
#3676 = ORIENTED_EDGE('',*,*,#3677,.F.);
#3677 = EDGE_CURVE('',#3678,#3645,#3680,.T.);
#3678 = VERTEX_POINT('',#3679);
#3679 = CARTESIAN_POINT('',(173.,-20.21061061856,4.778689492987));
#3680 = SURFACE_CURVE('',#3681,(#3685,#3692),.PCURVE_S1.);
#3681 = LINE('',#3682,#3683);
#3682 = CARTESIAN_POINT('',(173.,-12.,0.));
#3683 = VECTOR('',#3684,1.);
#3684 = DIRECTION('',(0.,-0.864274801954,0.50301994663));
#3685 = PCURVE('',#3443,#3686);
#3686 = DEFINITIONAL_REPRESENTATION('',(#3687),#3691);
#3687 = LINE('',#3688,#3689);
#3688 = CARTESIAN_POINT('',(1.942890293094E-15,0.));
#3689 = VECTOR('',#3690,1.);
#3690 = DIRECTION('',(-0.50301994663,-0.864274801954));
#3691 = ( GEOMETRIC_REPRESENTATION_CONTEXT(2) 
PARAMETRIC_REPRESENTATION_CONTEXT() REPRESENTATION_CONTEXT('2D SPACE',''
  ) );
#3692 = PCURVE('',#3693,#3698);
#3693 = PLANE('',#3694);
#3694 = AXIS2_PLACEMENT_3D('',#3695,#3696,#3697);
#3695 = CARTESIAN_POINT('',(155.5,-12.,0.));
#3696 = DIRECTION('',(-0.,-0.50301994663,-0.864274801954));
#3697 = DIRECTION('',(0.,-0.864274801954,0.50301994663));
#3698 = DEFINITIONAL_REPRESENTATION('',(#3699),#3703);
#3699 = LINE('',#3700,#3701);
#3700 = CARTESIAN_POINT('',(0.,-17.5));
#3701 = VECTOR('',#3702,1.);
#3702 = DIRECTION('',(1.,0.));
#3703 = ( GEOMETRIC_REPRESENTATION_CONTEXT(2) 
PARAMETRIC_REPRESENTATION_CONTEXT() REPRESENTATION_CONTEXT('2D SPACE',''
  ) );
#3704 = ORIENTED_EDGE('',*,*,#3705,.T.);
#3705 = EDGE_CURVE('',#3678,#3706,#3708,.T.);
#3706 = VERTEX_POINT('',#3707);
#3707 = CARTESIAN_POINT('',(173.,-20.21061061856,-4.778689492987));
#3708 = SURFACE_CURVE('',#3709,(#3714,#3721),.PCURVE_S1.);
#3709 = CIRCLE('',#3710,9.5);
#3710 = AXIS2_PLACEMENT_3D('',#3711,#3712,#3713);
#3711 = CARTESIAN_POINT('',(173.,-12.,1.942890293094E-15));
#3712 = DIRECTION('',(1.,-0.,2.22044604925E-16));
#3713 = DIRECTION('',(2.22044604925E-16,0.,-1.));
#3714 = PCURVE('',#3443,#3715);
#3715 = DEFINITIONAL_REPRESENTATION('',(#3716),#3720);
#3716 = CIRCLE('',#3717,9.5);
#3717 = AXIS2_PLACEMENT_2D('',#3718,#3719);
#3718 = CARTESIAN_POINT('',(0.,0.));
#3719 = DIRECTION('',(1.,0.));
#3720 = ( GEOMETRIC_REPRESENTATION_CONTEXT(2) 
PARAMETRIC_REPRESENTATION_CONTEXT() REPRESENTATION_CONTEXT('2D SPACE',''
  ) );
#3721 = PCURVE('',#3722,#3727);
#3722 = CYLINDRICAL_SURFACE('',#3723,9.5);
#3723 = AXIS2_PLACEMENT_3D('',#3724,#3725,#3726);
#3724 = CARTESIAN_POINT('',(155.5,-12.,-1.942890293094E-15));
#3725 = DIRECTION('',(1.,0.,2.22044604925E-16));
#3726 = DIRECTION('',(2.22044604925E-16,0.,-1.));
#3727 = DEFINITIONAL_REPRESENTATION('',(#3728),#3732);
#3728 = LINE('',#3729,#3730);
#3729 = CARTESIAN_POINT('',(0.,17.5));
#3730 = VECTOR('',#3731,1.);
#3731 = DIRECTION('',(1.,0.));
#3732 = ( GEOMETRIC_REPRESENTATION_CONTEXT(2) 
PARAMETRIC_REPRESENTATION_CONTEXT() REPRESENTATION_CONTEXT('2D SPACE',''
  ) );
#3733 = ORIENTED_EDGE('',*,*,#3734,.F.);
#3734 = EDGE_CURVE('',#3427,#3706,#3735,.T.);
#3735 = SURFACE_CURVE('',#3736,(#3740,#3747),.PCURVE_S1.);
#3736 = LINE('',#3737,#3738);
#3737 = CARTESIAN_POINT('',(173.,-27.12711296676,-8.804189986808));
#3738 = VECTOR('',#3739,1.);
#3739 = DIRECTION('',(0.,0.864274801954,0.50301994663));
#3740 = PCURVE('',#3443,#3741);
#3741 = DEFINITIONAL_REPRESENTATION('',(#3742),#3746);
#3742 = LINE('',#3743,#3744);
#3743 = CARTESIAN_POINT('',(8.804189986808,-15.12711296676));
#3744 = VECTOR('',#3745,1.);
#3745 = DIRECTION('',(-0.50301994663,0.864274801954));
#3746 = ( GEOMETRIC_REPRESENTATION_CONTEXT(2) 
PARAMETRIC_REPRESENTATION_CONTEXT() REPRESENTATION_CONTEXT('2D SPACE',''
  ) );
#3747 = PCURVE('',#3474,#3748);
#3748 = DEFINITIONAL_REPRESENTATION('',(#3749),#3753);
#3749 = LINE('',#3750,#3751);
#3750 = CARTESIAN_POINT('',(0.,-17.5));
#3751 = VECTOR('',#3752,1.);
#3752 = DIRECTION('',(1.,0.));
#3753 = ( GEOMETRIC_REPRESENTATION_CONTEXT(2) 
PARAMETRIC_REPRESENTATION_CONTEXT() REPRESENTATION_CONTEXT('2D SPACE',''
  ) );
#3754 = FACE_BOUND('',#3755,.T.);
#3755 = EDGE_LOOP('',(#3756,#3786,#3815,#3843,#3876,#3904,#3937,#3965));
#3756 = ORIENTED_EDGE('',*,*,#3757,.F.);
#3757 = EDGE_CURVE('',#3758,#3760,#3762,.T.);
#3758 = VERTEX_POINT('',#3759);
#3759 = CARTESIAN_POINT('',(173.,-20.68434602988,5.901875467447));
#3760 = VERTEX_POINT('',#3761);
#3761 = CARTESIAN_POINT('',(173.,-19.03018488133,4.777708711743));
#3762 = SURFACE_CURVE('',#3763,(#3767,#3774),.PCURVE_S1.);
#3763 = LINE('',#3764,#3765);
#3764 = CARTESIAN_POINT('',(173.,-26.47611483221,9.837957480988));
#3765 = VECTOR('',#3766,1.);
#3766 = DIRECTION('',(0.,0.827080574275,-0.562083377852));
#3767 = PCURVE('',#3443,#3768);
#3768 = DEFINITIONAL_REPRESENTATION('',(#3769),#3773);
#3769 = LINE('',#3770,#3771);
#3770 = CARTESIAN_POINT('',(-9.837957480988,-14.47611483221));
#3771 = VECTOR('',#3772,1.);
#3772 = DIRECTION('',(0.562083377852,0.827080574275));
#3773 = ( GEOMETRIC_REPRESENTATION_CONTEXT(2) 
PARAMETRIC_REPRESENTATION_CONTEXT() REPRESENTATION_CONTEXT('2D SPACE',''
  ) );
#3774 = PCURVE('',#3775,#3780);
#3775 = PLANE('',#3776);
#3776 = AXIS2_PLACEMENT_3D('',#3777,#3778,#3779);
#3777 = CARTESIAN_POINT('',(155.5,-26.47611483221,9.837957480988));
#3778 = DIRECTION('',(0.,0.562083377852,0.827080574275));
#3779 = DIRECTION('',(0.,0.827080574275,-0.562083377852));
#3780 = DEFINITIONAL_REPRESENTATION('',(#3781),#3785);
#3781 = LINE('',#3782,#3783);
#3782 = CARTESIAN_POINT('',(0.,-17.5));
#3783 = VECTOR('',#3784,1.);
#3784 = DIRECTION('',(1.,0.));
#3785 = ( GEOMETRIC_REPRESENTATION_CONTEXT(2) 
PARAMETRIC_REPRESENTATION_CONTEXT() REPRESENTATION_CONTEXT('2D SPACE',''
  ) );
#3786 = ORIENTED_EDGE('',*,*,#3787,.F.);
#3787 = EDGE_CURVE('',#3788,#3758,#3790,.T.);
#3788 = VERTEX_POINT('',#3789);
#3789 = CARTESIAN_POINT('',(173.,-3.315653970117,5.901875467447));
#3790 = SURFACE_CURVE('',#3791,(#3796,#3803),.PCURVE_S1.);
#3791 = CIRCLE('',#3792,10.5);
#3792 = AXIS2_PLACEMENT_3D('',#3793,#3794,#3795);
#3793 = CARTESIAN_POINT('',(173.,-12.,1.942890293094E-15));
#3794 = DIRECTION('',(1.,0.,2.22044604925E-16));
#3795 = DIRECTION('',(2.22044604925E-16,0.,-1.));
#3796 = PCURVE('',#3443,#3797);
#3797 = DEFINITIONAL_REPRESENTATION('',(#3798),#3802);
#3798 = CIRCLE('',#3799,10.5);
#3799 = AXIS2_PLACEMENT_2D('',#3800,#3801);
#3800 = CARTESIAN_POINT('',(0.,0.));
#3801 = DIRECTION('',(1.,0.));
#3802 = ( GEOMETRIC_REPRESENTATION_CONTEXT(2) 
PARAMETRIC_REPRESENTATION_CONTEXT() REPRESENTATION_CONTEXT('2D SPACE',''
  ) );
#3803 = PCURVE('',#3804,#3809);
#3804 = CYLINDRICAL_SURFACE('',#3805,10.5);
#3805 = AXIS2_PLACEMENT_3D('',#3806,#3807,#3808);
#3806 = CARTESIAN_POINT('',(154.5,-12.,-2.164934898019E-15));
#3807 = DIRECTION('',(1.,0.,2.22044604925E-16));
#3808 = DIRECTION('',(2.22044604925E-16,0.,-1.));
#3809 = DEFINITIONAL_REPRESENTATION('',(#3810),#3814);
#3810 = LINE('',#3811,#3812);
#3811 = CARTESIAN_POINT('',(0.,18.5));
#3812 = VECTOR('',#3813,1.);
#3813 = DIRECTION('',(1.,0.));
#3814 = ( GEOMETRIC_REPRESENTATION_CONTEXT(2) 
PARAMETRIC_REPRESENTATION_CONTEXT() REPRESENTATION_CONTEXT('2D SPACE',''
  ) );
#3815 = ORIENTED_EDGE('',*,*,#3816,.F.);
#3816 = EDGE_CURVE('',#3817,#3788,#3819,.T.);
#3817 = VERTEX_POINT('',#3818);
#3818 = CARTESIAN_POINT('',(173.,-4.969815118666,4.777708711743));
#3819 = SURFACE_CURVE('',#3820,(#3824,#3831),.PCURVE_S1.);
#3820 = LINE('',#3821,#3822);
#3821 = CARTESIAN_POINT('',(173.,-12.,0.));
#3822 = VECTOR('',#3823,1.);
#3823 = DIRECTION('',(0.,0.827080574275,0.562083377852));
#3824 = PCURVE('',#3443,#3825);
#3825 = DEFINITIONAL_REPRESENTATION('',(#3826),#3830);
#3826 = LINE('',#3827,#3828);
#3827 = CARTESIAN_POINT('',(1.942890293094E-15,0.));
#3828 = VECTOR('',#3829,1.);
#3829 = DIRECTION('',(-0.562083377852,0.827080574275));
#3830 = ( GEOMETRIC_REPRESENTATION_CONTEXT(2) 
PARAMETRIC_REPRESENTATION_CONTEXT() REPRESENTATION_CONTEXT('2D SPACE',''
  ) );
#3831 = PCURVE('',#3832,#3837);
#3832 = PLANE('',#3833);
#3833 = AXIS2_PLACEMENT_3D('',#3834,#3835,#3836);
#3834 = CARTESIAN_POINT('',(155.5,-12.,0.));
#3835 = DIRECTION('',(0.,-0.562083377852,0.827080574275));
#3836 = DIRECTION('',(0.,0.827080574275,0.562083377852));
#3837 = DEFINITIONAL_REPRESENTATION('',(#3838),#3842);
#3838 = LINE('',#3839,#3840);
#3839 = CARTESIAN_POINT('',(0.,-17.5));
#3840 = VECTOR('',#3841,1.);
#3841 = DIRECTION('',(1.,0.));
#3842 = ( GEOMETRIC_REPRESENTATION_CONTEXT(2) 
PARAMETRIC_REPRESENTATION_CONTEXT() REPRESENTATION_CONTEXT('2D SPACE',''
  ) );
#3843 = ORIENTED_EDGE('',*,*,#3844,.T.);
#3844 = EDGE_CURVE('',#3817,#3845,#3847,.T.);
#3845 = VERTEX_POINT('',#3846);
#3846 = CARTESIAN_POINT('',(173.,-4.969815118666,-4.777708711743));
#3847 = SURFACE_CURVE('',#3848,(#3853,#3864),.PCURVE_S1.);
#3848 = CIRCLE('',#3849,8.5);
#3849 = AXIS2_PLACEMENT_3D('',#3850,#3851,#3852);
#3850 = CARTESIAN_POINT('',(173.,-12.,1.942890293094E-15));
#3851 = DIRECTION('',(-1.,0.,0.));
#3852 = DIRECTION('',(0.,0.827080574275,0.562083377852));
#3853 = PCURVE('',#3443,#3854);
#3854 = DEFINITIONAL_REPRESENTATION('',(#3855),#3863);
#3855 = ( BOUNDED_CURVE() B_SPLINE_CURVE(2,(#3856,#3857,#3858,#3859,
#3860,#3861,#3862),.UNSPECIFIED.,.T.,.F.) B_SPLINE_CURVE_WITH_KNOTS((1,2
    ,2,2,2,1),(-2.094395102393,0.,2.094395102393,4.188790204786,
6.28318530718,8.377580409573),.UNSPECIFIED.) CURVE() 
GEOMETRIC_REPRESENTATION_ITEM() RATIONAL_B_SPLINE_CURVE((1.,0.5,1.,0.5,
1.,0.5,1.)) REPRESENTATION_ITEM('') );
#3856 = CARTESIAN_POINT('',(-4.777708711743,7.030184881334));
#3857 = CARTESIAN_POINT('',(7.39892868933,15.305419113837));
#3858 = CARTESIAN_POINT('',(8.477173056408,0.622524675585));
#3859 = CARTESIAN_POINT('',(9.555417423486,-14.06036976266));
#3860 = CARTESIAN_POINT('',(-3.699464344665,-7.652709556919));
#3861 = CARTESIAN_POINT('',(-16.95434611281,-1.245049351169));
#3862 = CARTESIAN_POINT('',(-4.777708711743,7.030184881334));
#3863 = ( GEOMETRIC_REPRESENTATION_CONTEXT(2) 
PARAMETRIC_REPRESENTATION_CONTEXT() REPRESENTATION_CONTEXT('2D SPACE',''
  ) );
#3864 = PCURVE('',#3865,#3870);
#3865 = CYLINDRICAL_SURFACE('',#3866,8.5);
#3866 = AXIS2_PLACEMENT_3D('',#3867,#3868,#3869);
#3867 = CARTESIAN_POINT('',(154.5,-12.,-2.164934898019E-15));
#3868 = DIRECTION('',(1.,0.,2.22044604925E-16));
#3869 = DIRECTION('',(2.22044604925E-16,0.,-1.));
#3870 = DEFINITIONAL_REPRESENTATION('',(#3871),#3875);
#3871 = LINE('',#3872,#3873);
#3872 = CARTESIAN_POINT('',(2.167698930977,18.5));
#3873 = VECTOR('',#3874,1.);
#3874 = DIRECTION('',(-1.,-0.));
#3875 = ( GEOMETRIC_REPRESENTATION_CONTEXT(2) 
PARAMETRIC_REPRESENTATION_CONTEXT() REPRESENTATION_CONTEXT('2D SPACE',''
  ) );
#3876 = ORIENTED_EDGE('',*,*,#3877,.F.);
#3877 = EDGE_CURVE('',#3878,#3845,#3880,.T.);
#3878 = VERTEX_POINT('',#3879);
#3879 = CARTESIAN_POINT('',(173.,-3.315653970117,-5.901875467447));
#3880 = SURFACE_CURVE('',#3881,(#3885,#3892),.PCURVE_S1.);
#3881 = LINE('',#3882,#3883);
#3882 = CARTESIAN_POINT('',(173.,2.47611483221,-9.837957480988));
#3883 = VECTOR('',#3884,1.);
#3884 = DIRECTION('',(0.,-0.827080574275,0.562083377852));
#3885 = PCURVE('',#3443,#3886);
#3886 = DEFINITIONAL_REPRESENTATION('',(#3887),#3891);
#3887 = LINE('',#3888,#3889);
#3888 = CARTESIAN_POINT('',(9.837957480988,14.47611483221));
#3889 = VECTOR('',#3890,1.);
#3890 = DIRECTION('',(-0.562083377852,-0.827080574275));
#3891 = ( GEOMETRIC_REPRESENTATION_CONTEXT(2) 
PARAMETRIC_REPRESENTATION_CONTEXT() REPRESENTATION_CONTEXT('2D SPACE',''
  ) );
#3892 = PCURVE('',#3893,#3898);
#3893 = PLANE('',#3894);
#3894 = AXIS2_PLACEMENT_3D('',#3895,#3896,#3897);
#3895 = CARTESIAN_POINT('',(155.5,2.47611483221,-9.837957480988));
#3896 = DIRECTION('',(-0.,-0.562083377852,-0.827080574275));
#3897 = DIRECTION('',(0.,-0.827080574275,0.562083377852));
#3898 = DEFINITIONAL_REPRESENTATION('',(#3899),#3903);
#3899 = LINE('',#3900,#3901);
#3900 = CARTESIAN_POINT('',(0.,-17.5));
#3901 = VECTOR('',#3902,1.);
#3902 = DIRECTION('',(1.,0.));
#3903 = ( GEOMETRIC_REPRESENTATION_CONTEXT(2) 
PARAMETRIC_REPRESENTATION_CONTEXT() REPRESENTATION_CONTEXT('2D SPACE',''
  ) );
#3904 = ORIENTED_EDGE('',*,*,#3905,.T.);
#3905 = EDGE_CURVE('',#3878,#3906,#3908,.T.);
#3906 = VERTEX_POINT('',#3907);
#3907 = CARTESIAN_POINT('',(173.,-20.68434602988,-5.901875467447));
#3908 = SURFACE_CURVE('',#3909,(#3914,#3925),.PCURVE_S1.);
#3909 = CIRCLE('',#3910,10.5);
#3910 = AXIS2_PLACEMENT_3D('',#3911,#3912,#3913);
#3911 = CARTESIAN_POINT('',(173.,-12.,1.942890293094E-15));
#3912 = DIRECTION('',(-1.,0.,0.));
#3913 = DIRECTION('',(0.,0.827080574275,-0.562083377852));
#3914 = PCURVE('',#3443,#3915);
#3915 = DEFINITIONAL_REPRESENTATION('',(#3916),#3924);
#3916 = ( BOUNDED_CURVE() B_SPLINE_CURVE(2,(#3917,#3918,#3919,#3920,
#3921,#3922,#3923),.UNSPECIFIED.,.T.,.F.) B_SPLINE_CURVE_WITH_KNOTS((1,2
    ,2,2,2,1),(-2.094395102393,0.,2.094395102393,4.188790204786,
6.28318530718,8.377580409573),.UNSPECIFIED.) CURVE() 
GEOMETRIC_REPRESENTATION_ITEM() RATIONAL_B_SPLINE_CURVE((1.,0.5,1.,0.5,
1.,0.5,1.)) REPRESENTATION_ITEM('') );
#3917 = CARTESIAN_POINT('',(5.901875467447,8.684346029883));
#3918 = CARTESIAN_POINT('',(20.943604021714,-1.53800213968));
#3919 = CARTESIAN_POINT('',(4.569926543409,-9.453347099723));
#3920 = CARTESIAN_POINT('',(-11.80375093489,-17.36869205976));
#3921 = CARTESIAN_POINT('',(-10.47180201085,0.76900106984));
#3922 = CARTESIAN_POINT('',(-9.139853086819,18.906694199446));
#3923 = CARTESIAN_POINT('',(5.901875467447,8.684346029883));
#3924 = ( GEOMETRIC_REPRESENTATION_CONTEXT(2) 
PARAMETRIC_REPRESENTATION_CONTEXT() REPRESENTATION_CONTEXT('2D SPACE',''
  ) );
#3925 = PCURVE('',#3926,#3931);
#3926 = CYLINDRICAL_SURFACE('',#3927,10.5);
#3927 = AXIS2_PLACEMENT_3D('',#3928,#3929,#3930);
#3928 = CARTESIAN_POINT('',(154.5,-12.,-2.164934898019E-15));
#3929 = DIRECTION('',(1.,0.,2.22044604925E-16));
#3930 = DIRECTION('',(2.22044604925E-16,0.,-1.));
#3931 = DEFINITIONAL_REPRESENTATION('',(#3932),#3936);
#3932 = LINE('',#3933,#3934);
#3933 = CARTESIAN_POINT('',(7.257079029792,18.5));
#3934 = VECTOR('',#3935,1.);
#3935 = DIRECTION('',(-1.,-0.));
#3936 = ( GEOMETRIC_REPRESENTATION_CONTEXT(2) 
PARAMETRIC_REPRESENTATION_CONTEXT() REPRESENTATION_CONTEXT('2D SPACE',''
  ) );
#3937 = ORIENTED_EDGE('',*,*,#3938,.F.);
#3938 = EDGE_CURVE('',#3939,#3906,#3941,.T.);
#3939 = VERTEX_POINT('',#3940);
#3940 = CARTESIAN_POINT('',(173.,-19.03018488133,-4.777708711743));
#3941 = SURFACE_CURVE('',#3942,(#3946,#3953),.PCURVE_S1.);
#3942 = LINE('',#3943,#3944);
#3943 = CARTESIAN_POINT('',(173.,-12.,0.));
#3944 = VECTOR('',#3945,1.);
#3945 = DIRECTION('',(0.,-0.827080574275,-0.562083377852));
#3946 = PCURVE('',#3443,#3947);
#3947 = DEFINITIONAL_REPRESENTATION('',(#3948),#3952);
#3948 = LINE('',#3949,#3950);
#3949 = CARTESIAN_POINT('',(1.942890293094E-15,0.));
#3950 = VECTOR('',#3951,1.);
#3951 = DIRECTION('',(0.562083377852,-0.827080574275));
#3952 = ( GEOMETRIC_REPRESENTATION_CONTEXT(2) 
PARAMETRIC_REPRESENTATION_CONTEXT() REPRESENTATION_CONTEXT('2D SPACE',''
  ) );
#3953 = PCURVE('',#3954,#3959);
#3954 = PLANE('',#3955);
#3955 = AXIS2_PLACEMENT_3D('',#3956,#3957,#3958);
#3956 = CARTESIAN_POINT('',(155.5,-12.,0.));
#3957 = DIRECTION('',(0.,0.562083377852,-0.827080574275));
#3958 = DIRECTION('',(0.,-0.827080574275,-0.562083377852));
#3959 = DEFINITIONAL_REPRESENTATION('',(#3960),#3964);
#3960 = LINE('',#3961,#3962);
#3961 = CARTESIAN_POINT('',(0.,-17.5));
#3962 = VECTOR('',#3963,1.);
#3963 = DIRECTION('',(1.,0.));
#3964 = ( GEOMETRIC_REPRESENTATION_CONTEXT(2) 
PARAMETRIC_REPRESENTATION_CONTEXT() REPRESENTATION_CONTEXT('2D SPACE',''
  ) );
#3965 = ORIENTED_EDGE('',*,*,#3966,.T.);
#3966 = EDGE_CURVE('',#3939,#3760,#3967,.T.);
#3967 = SURFACE_CURVE('',#3968,(#3973,#3984),.PCURVE_S1.);
#3968 = CIRCLE('',#3969,8.5);
#3969 = AXIS2_PLACEMENT_3D('',#3970,#3971,#3972);
#3970 = CARTESIAN_POINT('',(173.,-12.,1.942890293094E-15));
#3971 = DIRECTION('',(-1.,0.,0.));
#3972 = DIRECTION('',(-0.,-0.827080574275,-0.562083377852));
#3973 = PCURVE('',#3443,#3974);
#3974 = DEFINITIONAL_REPRESENTATION('',(#3975),#3983);
#3975 = ( BOUNDED_CURVE() B_SPLINE_CURVE(2,(#3976,#3977,#3978,#3979,
#3980,#3981,#3982),.UNSPECIFIED.,.T.,.F.) B_SPLINE_CURVE_WITH_KNOTS((1,2
    ,2,2,2,1),(-2.094395102393,0.,2.094395102393,4.188790204786,
6.28318530718,8.377580409573),.UNSPECIFIED.) CURVE() 
GEOMETRIC_REPRESENTATION_ITEM() RATIONAL_B_SPLINE_CURVE((1.,0.5,1.,0.5,
1.,0.5,1.)) REPRESENTATION_ITEM('') );
#3976 = CARTESIAN_POINT('',(4.777708711743,-7.030184881334));
#3977 = CARTESIAN_POINT('',(-7.39892868933,-15.30541911383));
#3978 = CARTESIAN_POINT('',(-8.477173056408,-0.622524675585));
#3979 = CARTESIAN_POINT('',(-9.555417423486,14.060369762668));
#3980 = CARTESIAN_POINT('',(3.699464344665,7.652709556919));
#3981 = CARTESIAN_POINT('',(16.954346112816,1.245049351169));
#3982 = CARTESIAN_POINT('',(4.777708711743,-7.030184881334));
#3983 = ( GEOMETRIC_REPRESENTATION_CONTEXT(2) 
PARAMETRIC_REPRESENTATION_CONTEXT() REPRESENTATION_CONTEXT('2D SPACE',''
  ) );
#3984 = PCURVE('',#3985,#3990);
#3985 = CYLINDRICAL_SURFACE('',#3986,8.5);
#3986 = AXIS2_PLACEMENT_3D('',#3987,#3988,#3989);
#3987 = CARTESIAN_POINT('',(154.5,-12.,-2.164934898019E-15));
#3988 = DIRECTION('',(1.,0.,2.22044604925E-16));
#3989 = DIRECTION('',(2.22044604925E-16,0.,-1.));
#3990 = DEFINITIONAL_REPRESENTATION('',(#3991),#3995);
#3991 = LINE('',#3992,#3993);
#3992 = CARTESIAN_POINT('',(5.309291584567,18.5));
#3993 = VECTOR('',#3994,1.);
#3994 = DIRECTION('',(-1.,-0.));
#3995 = ( GEOMETRIC_REPRESENTATION_CONTEXT(2) 
PARAMETRIC_REPRESENTATION_CONTEXT() REPRESENTATION_CONTEXT('2D SPACE',''
  ) );
#3996 = ADVANCED_FACE('',(#3997),#3474,.T.);
#3997 = FACE_BOUND('',#3998,.T.);
#3998 = EDGE_LOOP('',(#3999,#4022,#4023,#4024));
#3999 = ORIENTED_EDGE('',*,*,#4000,.F.);
#4000 = EDGE_CURVE('',#3460,#4001,#4003,.T.);
#4001 = VERTEX_POINT('',#4002);
#4002 = CARTESIAN_POINT('',(155.5,-20.21061061856,-4.778689492987));
#4003 = SURFACE_CURVE('',#4004,(#4008,#4015),.PCURVE_S1.);
#4004 = LINE('',#4005,#4006);
#4005 = CARTESIAN_POINT('',(155.5,-27.12711296676,-8.804189986808));
#4006 = VECTOR('',#4007,1.);
#4007 = DIRECTION('',(0.,0.864274801954,0.50301994663));
#4008 = PCURVE('',#3474,#4009);
#4009 = DEFINITIONAL_REPRESENTATION('',(#4010),#4014);
#4010 = LINE('',#4011,#4012);
#4011 = CARTESIAN_POINT('',(0.,0.));
#4012 = VECTOR('',#4013,1.);
#4013 = DIRECTION('',(1.,0.));
#4014 = ( GEOMETRIC_REPRESENTATION_CONTEXT(2) 
PARAMETRIC_REPRESENTATION_CONTEXT() REPRESENTATION_CONTEXT('2D SPACE',''
  ) );
#4015 = PCURVE('',#3500,#4016);
#4016 = DEFINITIONAL_REPRESENTATION('',(#4017),#4021);
#4017 = LINE('',#4018,#4019);
#4018 = CARTESIAN_POINT('',(8.804189986808,-15.12711296676));
#4019 = VECTOR('',#4020,1.);
#4020 = DIRECTION('',(-0.50301994663,0.864274801954));
#4021 = ( GEOMETRIC_REPRESENTATION_CONTEXT(2) 
PARAMETRIC_REPRESENTATION_CONTEXT() REPRESENTATION_CONTEXT('2D SPACE',''
  ) );
#4022 = ORIENTED_EDGE('',*,*,#3459,.T.);
#4023 = ORIENTED_EDGE('',*,*,#3734,.T.);
#4024 = ORIENTED_EDGE('',*,*,#4025,.F.);
#4025 = EDGE_CURVE('',#4001,#3706,#4026,.T.);
#4026 = SURFACE_CURVE('',#4027,(#4031,#4038),.PCURVE_S1.);
#4027 = LINE('',#4028,#4029);
#4028 = CARTESIAN_POINT('',(155.5,-20.21061061856,-4.778689492987));
#4029 = VECTOR('',#4030,1.);
#4030 = DIRECTION('',(1.,0.,2.22044604925E-16));
#4031 = PCURVE('',#3474,#4032);
#4032 = DEFINITIONAL_REPRESENTATION('',(#4033),#4037);
#4033 = LINE('',#4034,#4035);
#4034 = CARTESIAN_POINT('',(8.002665740768,0.));
#4035 = VECTOR('',#4036,1.);
#4036 = DIRECTION('',(1.116928653189E-16,-1.));
#4037 = ( GEOMETRIC_REPRESENTATION_CONTEXT(2) 
PARAMETRIC_REPRESENTATION_CONTEXT() REPRESENTATION_CONTEXT('2D SPACE',''
  ) );
#4038 = PCURVE('',#3722,#4039);
#4039 = DEFINITIONAL_REPRESENTATION('',(#4040),#4043);
#4040 = B_SPLINE_CURVE_WITH_KNOTS('',1,(#4041,#4042),.UNSPECIFIED.,.F.,
  .F.,(2,2),(-5.999999928008E-07,17.5000006),.PIECEWISE_BEZIER_KNOTS.);
#4041 = CARTESIAN_POINT('',(5.239478414487,-5.999999938619E-07));
#4042 = CARTESIAN_POINT('',(5.239478414487,17.5000006));
#4043 = ( GEOMETRIC_REPRESENTATION_CONTEXT(2) 
PARAMETRIC_REPRESENTATION_CONTEXT() REPRESENTATION_CONTEXT('2D SPACE',''
  ) );
#4044 = ADVANCED_FACE('',(#4045,#4166),#3500,.F.);
#4045 = FACE_BOUND('',#4046,.F.);
#4046 = EDGE_LOOP('',(#4047,#4048,#4072,#4095,#4119,#4142,#4164,#4165));
#4047 = ORIENTED_EDGE('',*,*,#3515,.F.);
#4048 = ORIENTED_EDGE('',*,*,#4049,.T.);
#4049 = EDGE_CURVE('',#3516,#4050,#4052,.T.);
#4050 = VERTEX_POINT('',#4051);
#4051 = CARTESIAN_POINT('',(155.5,-3.78938938144,4.778689492987));
#4052 = SURFACE_CURVE('',#4053,(#4058,#4065),.PCURVE_S1.);
#4053 = CIRCLE('',#4054,9.5);
#4054 = AXIS2_PLACEMENT_3D('',#4055,#4056,#4057);
#4055 = CARTESIAN_POINT('',(155.5,-12.,-1.942890293094E-15));
#4056 = DIRECTION('',(1.,-0.,2.22044604925E-16));
#4057 = DIRECTION('',(2.22044604925E-16,0.,-1.));
#4058 = PCURVE('',#3500,#4059);
#4059 = DEFINITIONAL_REPRESENTATION('',(#4060),#4064);
#4060 = CIRCLE('',#4061,9.5);
#4061 = AXIS2_PLACEMENT_2D('',#4062,#4063);
#4062 = CARTESIAN_POINT('',(0.,0.));
#4063 = DIRECTION('',(1.,0.));
#4064 = ( GEOMETRIC_REPRESENTATION_CONTEXT(2) 
PARAMETRIC_REPRESENTATION_CONTEXT() REPRESENTATION_CONTEXT('2D SPACE',''
  ) );
#4065 = PCURVE('',#3554,#4066);
#4066 = DEFINITIONAL_REPRESENTATION('',(#4067),#4071);
#4067 = LINE('',#4068,#4069);
#4068 = CARTESIAN_POINT('',(0.,0.));
#4069 = VECTOR('',#4070,1.);
#4070 = DIRECTION('',(1.,0.));
#4071 = ( GEOMETRIC_REPRESENTATION_CONTEXT(2) 
PARAMETRIC_REPRESENTATION_CONTEXT() REPRESENTATION_CONTEXT('2D SPACE',''
  ) );
#4072 = ORIENTED_EDGE('',*,*,#4073,.F.);
#4073 = EDGE_CURVE('',#4074,#4050,#4076,.T.);
#4074 = VERTEX_POINT('',#4075);
#4075 = CARTESIAN_POINT('',(155.5,-1.196564975579,6.287749332878));
#4076 = SURFACE_CURVE('',#4077,(#4081,#4088),.PCURVE_S1.);
#4077 = LINE('',#4078,#4079);
#4078 = CARTESIAN_POINT('',(155.5,3.127112966764,8.804189986808));
#4079 = VECTOR('',#4080,1.);
#4080 = DIRECTION('',(0.,-0.864274801954,-0.50301994663));
#4081 = PCURVE('',#3500,#4082);
#4082 = DEFINITIONAL_REPRESENTATION('',(#4083),#4087);
#4083 = LINE('',#4084,#4085);
#4084 = CARTESIAN_POINT('',(-8.804189986808,15.127112966764));
#4085 = VECTOR('',#4086,1.);
#4086 = DIRECTION('',(0.50301994663,-0.864274801954));
#4087 = ( GEOMETRIC_REPRESENTATION_CONTEXT(2) 
PARAMETRIC_REPRESENTATION_CONTEXT() REPRESENTATION_CONTEXT('2D SPACE',''
  ) );
#4088 = PCURVE('',#3632,#4089);
#4089 = DEFINITIONAL_REPRESENTATION('',(#4090),#4094);
#4090 = LINE('',#4091,#4092);
#4091 = CARTESIAN_POINT('',(0.,0.));
#4092 = VECTOR('',#4093,1.);
#4093 = DIRECTION('',(1.,0.));
#4094 = ( GEOMETRIC_REPRESENTATION_CONTEXT(2) 
PARAMETRIC_REPRESENTATION_CONTEXT() REPRESENTATION_CONTEXT('2D SPACE',''
  ) );
#4095 = ORIENTED_EDGE('',*,*,#4096,.T.);
#4096 = EDGE_CURVE('',#4074,#4097,#4099,.T.);
#4097 = VERTEX_POINT('',#4098);
#4098 = CARTESIAN_POINT('',(155.5,-22.80343502442,6.287749332878));
#4099 = SURFACE_CURVE('',#4100,(#4105,#4112),.PCURVE_S1.);
#4100 = CIRCLE('',#4101,12.5);
#4101 = AXIS2_PLACEMENT_3D('',#4102,#4103,#4104);
#4102 = CARTESIAN_POINT('',(155.5,-12.,-1.942890293094E-15));
#4103 = DIRECTION('',(1.,0.,0.));
#4104 = DIRECTION('',(-0.,0.864274801954,0.50301994663));
#4105 = PCURVE('',#3500,#4106);
#4106 = DEFINITIONAL_REPRESENTATION('',(#4107),#4111);
#4107 = CIRCLE('',#4108,12.5);
#4108 = AXIS2_PLACEMENT_2D('',#4109,#4110);
#4109 = CARTESIAN_POINT('',(0.,0.));
#4110 = DIRECTION('',(-0.50301994663,0.864274801954));
#4111 = ( GEOMETRIC_REPRESENTATION_CONTEXT(2) 
PARAMETRIC_REPRESENTATION_CONTEXT() REPRESENTATION_CONTEXT('2D SPACE',''
  ) );
#4112 = PCURVE('',#3665,#4113);
#4113 = DEFINITIONAL_REPRESENTATION('',(#4114),#4118);
#4114 = LINE('',#4115,#4116);
#4115 = CARTESIAN_POINT('',(2.097885760897,0.));
#4116 = VECTOR('',#4117,1.);
#4117 = DIRECTION('',(1.,0.));
#4118 = ( GEOMETRIC_REPRESENTATION_CONTEXT(2) 
PARAMETRIC_REPRESENTATION_CONTEXT() REPRESENTATION_CONTEXT('2D SPACE',''
  ) );
#4119 = ORIENTED_EDGE('',*,*,#4120,.F.);
#4120 = EDGE_CURVE('',#4121,#4097,#4123,.T.);
#4121 = VERTEX_POINT('',#4122);
#4122 = CARTESIAN_POINT('',(155.5,-20.21061061856,4.778689492987));
#4123 = SURFACE_CURVE('',#4124,(#4128,#4135),.PCURVE_S1.);
#4124 = LINE('',#4125,#4126);
#4125 = CARTESIAN_POINT('',(155.5,-12.,0.));
#4126 = VECTOR('',#4127,1.);
#4127 = DIRECTION('',(0.,-0.864274801954,0.50301994663));
#4128 = PCURVE('',#3500,#4129);
#4129 = DEFINITIONAL_REPRESENTATION('',(#4130),#4134);
#4130 = LINE('',#4131,#4132);
#4131 = CARTESIAN_POINT('',(-1.942890293094E-15,0.));
#4132 = VECTOR('',#4133,1.);
#4133 = DIRECTION('',(-0.50301994663,-0.864274801954));
#4134 = ( GEOMETRIC_REPRESENTATION_CONTEXT(2) 
PARAMETRIC_REPRESENTATION_CONTEXT() REPRESENTATION_CONTEXT('2D SPACE',''
  ) );
#4135 = PCURVE('',#3693,#4136);
#4136 = DEFINITIONAL_REPRESENTATION('',(#4137),#4141);
#4137 = LINE('',#4138,#4139);
#4138 = CARTESIAN_POINT('',(0.,0.));
#4139 = VECTOR('',#4140,1.);
#4140 = DIRECTION('',(1.,0.));
#4141 = ( GEOMETRIC_REPRESENTATION_CONTEXT(2) 
PARAMETRIC_REPRESENTATION_CONTEXT() REPRESENTATION_CONTEXT('2D SPACE',''
  ) );
#4142 = ORIENTED_EDGE('',*,*,#4143,.T.);
#4143 = EDGE_CURVE('',#4121,#4001,#4144,.T.);
#4144 = SURFACE_CURVE('',#4145,(#4150,#4157),.PCURVE_S1.);
#4145 = CIRCLE('',#4146,9.5);
#4146 = AXIS2_PLACEMENT_3D('',#4147,#4148,#4149);
#4147 = CARTESIAN_POINT('',(155.5,-12.,-1.942890293094E-15));
#4148 = DIRECTION('',(1.,-0.,2.22044604925E-16));
#4149 = DIRECTION('',(2.22044604925E-16,0.,-1.));
#4150 = PCURVE('',#3500,#4151);
#4151 = DEFINITIONAL_REPRESENTATION('',(#4152),#4156);
#4152 = CIRCLE('',#4153,9.5);
#4153 = AXIS2_PLACEMENT_2D('',#4154,#4155);
#4154 = CARTESIAN_POINT('',(0.,0.));
#4155 = DIRECTION('',(1.,0.));
#4156 = ( GEOMETRIC_REPRESENTATION_CONTEXT(2) 
PARAMETRIC_REPRESENTATION_CONTEXT() REPRESENTATION_CONTEXT('2D SPACE',''
  ) );
#4157 = PCURVE('',#3722,#4158);
#4158 = DEFINITIONAL_REPRESENTATION('',(#4159),#4163);
#4159 = LINE('',#4160,#4161);
#4160 = CARTESIAN_POINT('',(0.,0.));
#4161 = VECTOR('',#4162,1.);
#4162 = DIRECTION('',(1.,0.));
#4163 = ( GEOMETRIC_REPRESENTATION_CONTEXT(2) 
PARAMETRIC_REPRESENTATION_CONTEXT() REPRESENTATION_CONTEXT('2D SPACE',''
  ) );
#4164 = ORIENTED_EDGE('',*,*,#4000,.F.);
#4165 = ORIENTED_EDGE('',*,*,#3485,.T.);
#4166 = FACE_BOUND('',#4167,.F.);
#4167 = EDGE_LOOP('',(#4168,#4194,#4217,#4241,#4264,#4288,#4311,#4335));
#4168 = ORIENTED_EDGE('',*,*,#4169,.F.);
#4169 = EDGE_CURVE('',#4170,#4172,#4174,.T.);
#4170 = VERTEX_POINT('',#4171);
#4171 = CARTESIAN_POINT('',(155.5,-19.03018488133,4.777708711743));
#4172 = VERTEX_POINT('',#4173);
#4173 = CARTESIAN_POINT('',(155.5,-19.03018488133,-4.777708711743));
#4174 = SURFACE_CURVE('',#4175,(#4180,#4187),.PCURVE_S1.);
#4175 = CIRCLE('',#4176,8.5);
#4176 = AXIS2_PLACEMENT_3D('',#4177,#4178,#4179);
#4177 = CARTESIAN_POINT('',(155.5,-12.,-1.942890293094E-15));
#4178 = DIRECTION('',(1.,0.,0.));
#4179 = DIRECTION('',(0.,-0.827080574275,0.562083377852));
#4180 = PCURVE('',#3500,#4181);
#4181 = DEFINITIONAL_REPRESENTATION('',(#4182),#4186);
#4182 = CIRCLE('',#4183,8.5);
#4183 = AXIS2_PLACEMENT_2D('',#4184,#4185);
#4184 = CARTESIAN_POINT('',(0.,0.));
#4185 = DIRECTION('',(-0.562083377852,-0.827080574275));
#4186 = ( GEOMETRIC_REPRESENTATION_CONTEXT(2) 
PARAMETRIC_REPRESENTATION_CONTEXT() REPRESENTATION_CONTEXT('2D SPACE',''
  ) );
#4187 = PCURVE('',#3985,#4188);
#4188 = DEFINITIONAL_REPRESENTATION('',(#4189),#4193);
#4189 = LINE('',#4190,#4191);
#4190 = CARTESIAN_POINT('',(4.115486376203,1.));
#4191 = VECTOR('',#4192,1.);
#4192 = DIRECTION('',(1.,0.));
#4193 = ( GEOMETRIC_REPRESENTATION_CONTEXT(2) 
PARAMETRIC_REPRESENTATION_CONTEXT() REPRESENTATION_CONTEXT('2D SPACE',''
  ) );
#4194 = ORIENTED_EDGE('',*,*,#4195,.F.);
#4195 = EDGE_CURVE('',#4196,#4170,#4198,.T.);
#4196 = VERTEX_POINT('',#4197);
#4197 = CARTESIAN_POINT('',(155.5,-20.68434602988,5.901875467447));
#4198 = SURFACE_CURVE('',#4199,(#4203,#4210),.PCURVE_S1.);
#4199 = LINE('',#4200,#4201);
#4200 = CARTESIAN_POINT('',(155.5,-26.47611483221,9.837957480988));
#4201 = VECTOR('',#4202,1.);
#4202 = DIRECTION('',(0.,0.827080574275,-0.562083377852));
#4203 = PCURVE('',#3500,#4204);
#4204 = DEFINITIONAL_REPRESENTATION('',(#4205),#4209);
#4205 = LINE('',#4206,#4207);
#4206 = CARTESIAN_POINT('',(-9.837957480988,-14.47611483221));
#4207 = VECTOR('',#4208,1.);
#4208 = DIRECTION('',(0.562083377852,0.827080574275));
#4209 = ( GEOMETRIC_REPRESENTATION_CONTEXT(2) 
PARAMETRIC_REPRESENTATION_CONTEXT() REPRESENTATION_CONTEXT('2D SPACE',''
  ) );
#4210 = PCURVE('',#3775,#4211);
#4211 = DEFINITIONAL_REPRESENTATION('',(#4212),#4216);
#4212 = LINE('',#4213,#4214);
#4213 = CARTESIAN_POINT('',(0.,0.));
#4214 = VECTOR('',#4215,1.);
#4215 = DIRECTION('',(1.,0.));
#4216 = ( GEOMETRIC_REPRESENTATION_CONTEXT(2) 
PARAMETRIC_REPRESENTATION_CONTEXT() REPRESENTATION_CONTEXT('2D SPACE',''
  ) );
#4217 = ORIENTED_EDGE('',*,*,#4218,.F.);
#4218 = EDGE_CURVE('',#4219,#4196,#4221,.T.);
#4219 = VERTEX_POINT('',#4220);
#4220 = CARTESIAN_POINT('',(155.5,-3.315653970117,5.901875467447));
#4221 = SURFACE_CURVE('',#4222,(#4227,#4234),.PCURVE_S1.);
#4222 = CIRCLE('',#4223,10.5);
#4223 = AXIS2_PLACEMENT_3D('',#4224,#4225,#4226);
#4224 = CARTESIAN_POINT('',(155.5,-12.,-1.942890293094E-15));
#4225 = DIRECTION('',(1.,0.,2.22044604925E-16));
#4226 = DIRECTION('',(2.22044604925E-16,0.,-1.));
#4227 = PCURVE('',#3500,#4228);
#4228 = DEFINITIONAL_REPRESENTATION('',(#4229),#4233);
#4229 = CIRCLE('',#4230,10.5);
#4230 = AXIS2_PLACEMENT_2D('',#4231,#4232);
#4231 = CARTESIAN_POINT('',(0.,0.));
#4232 = DIRECTION('',(1.,0.));
#4233 = ( GEOMETRIC_REPRESENTATION_CONTEXT(2) 
PARAMETRIC_REPRESENTATION_CONTEXT() REPRESENTATION_CONTEXT('2D SPACE',''
  ) );
#4234 = PCURVE('',#3804,#4235);
#4235 = DEFINITIONAL_REPRESENTATION('',(#4236),#4240);
#4236 = LINE('',#4237,#4238);
#4237 = CARTESIAN_POINT('',(0.,1.));
#4238 = VECTOR('',#4239,1.);
#4239 = DIRECTION('',(1.,0.));
#4240 = ( GEOMETRIC_REPRESENTATION_CONTEXT(2) 
PARAMETRIC_REPRESENTATION_CONTEXT() REPRESENTATION_CONTEXT('2D SPACE',''
  ) );
#4241 = ORIENTED_EDGE('',*,*,#4242,.F.);
#4242 = EDGE_CURVE('',#4243,#4219,#4245,.T.);
#4243 = VERTEX_POINT('',#4244);
#4244 = CARTESIAN_POINT('',(155.5,-4.969815118666,4.777708711743));
#4245 = SURFACE_CURVE('',#4246,(#4250,#4257),.PCURVE_S1.);
#4246 = LINE('',#4247,#4248);
#4247 = CARTESIAN_POINT('',(155.5,-12.,0.));
#4248 = VECTOR('',#4249,1.);
#4249 = DIRECTION('',(0.,0.827080574275,0.562083377852));
#4250 = PCURVE('',#3500,#4251);
#4251 = DEFINITIONAL_REPRESENTATION('',(#4252),#4256);
#4252 = LINE('',#4253,#4254);
#4253 = CARTESIAN_POINT('',(-1.942890293094E-15,0.));
#4254 = VECTOR('',#4255,1.);
#4255 = DIRECTION('',(-0.562083377852,0.827080574275));
#4256 = ( GEOMETRIC_REPRESENTATION_CONTEXT(2) 
PARAMETRIC_REPRESENTATION_CONTEXT() REPRESENTATION_CONTEXT('2D SPACE',''
  ) );
#4257 = PCURVE('',#3832,#4258);
#4258 = DEFINITIONAL_REPRESENTATION('',(#4259),#4263);
#4259 = LINE('',#4260,#4261);
#4260 = CARTESIAN_POINT('',(0.,0.));
#4261 = VECTOR('',#4262,1.);
#4262 = DIRECTION('',(1.,0.));
#4263 = ( GEOMETRIC_REPRESENTATION_CONTEXT(2) 
PARAMETRIC_REPRESENTATION_CONTEXT() REPRESENTATION_CONTEXT('2D SPACE',''
  ) );
#4264 = ORIENTED_EDGE('',*,*,#4265,.F.);
#4265 = EDGE_CURVE('',#4266,#4243,#4268,.T.);
#4266 = VERTEX_POINT('',#4267);
#4267 = CARTESIAN_POINT('',(155.5,-4.969815118666,-4.777708711743));
#4268 = SURFACE_CURVE('',#4269,(#4274,#4281),.PCURVE_S1.);
#4269 = CIRCLE('',#4270,8.5);
#4270 = AXIS2_PLACEMENT_3D('',#4271,#4272,#4273);
#4271 = CARTESIAN_POINT('',(155.5,-12.,-1.942890293094E-15));
#4272 = DIRECTION('',(1.,0.,0.));
#4273 = DIRECTION('',(0.,0.827080574275,-0.562083377852));
#4274 = PCURVE('',#3500,#4275);
#4275 = DEFINITIONAL_REPRESENTATION('',(#4276),#4280);
#4276 = CIRCLE('',#4277,8.5);
#4277 = AXIS2_PLACEMENT_2D('',#4278,#4279);
#4278 = CARTESIAN_POINT('',(0.,0.));
#4279 = DIRECTION('',(0.562083377852,0.827080574275));
#4280 = ( GEOMETRIC_REPRESENTATION_CONTEXT(2) 
PARAMETRIC_REPRESENTATION_CONTEXT() REPRESENTATION_CONTEXT('2D SPACE',''
  ) );
#4281 = PCURVE('',#3865,#4282);
#4282 = DEFINITIONAL_REPRESENTATION('',(#4283),#4287);
#4283 = LINE('',#4284,#4285);
#4284 = CARTESIAN_POINT('',(0.973893722613,1.));
#4285 = VECTOR('',#4286,1.);
#4286 = DIRECTION('',(1.,0.));
#4287 = ( GEOMETRIC_REPRESENTATION_CONTEXT(2) 
PARAMETRIC_REPRESENTATION_CONTEXT() REPRESENTATION_CONTEXT('2D SPACE',''
  ) );
#4288 = ORIENTED_EDGE('',*,*,#4289,.F.);
#4289 = EDGE_CURVE('',#4290,#4266,#4292,.T.);
#4290 = VERTEX_POINT('',#4291);
#4291 = CARTESIAN_POINT('',(155.5,-3.315653970117,-5.901875467447));
#4292 = SURFACE_CURVE('',#4293,(#4297,#4304),.PCURVE_S1.);
#4293 = LINE('',#4294,#4295);
#4294 = CARTESIAN_POINT('',(155.5,2.47611483221,-9.837957480988));
#4295 = VECTOR('',#4296,1.);
#4296 = DIRECTION('',(0.,-0.827080574275,0.562083377852));
#4297 = PCURVE('',#3500,#4298);
#4298 = DEFINITIONAL_REPRESENTATION('',(#4299),#4303);
#4299 = LINE('',#4300,#4301);
#4300 = CARTESIAN_POINT('',(9.837957480988,14.47611483221));
#4301 = VECTOR('',#4302,1.);
#4302 = DIRECTION('',(-0.562083377852,-0.827080574275));
#4303 = ( GEOMETRIC_REPRESENTATION_CONTEXT(2) 
PARAMETRIC_REPRESENTATION_CONTEXT() REPRESENTATION_CONTEXT('2D SPACE',''
  ) );
#4304 = PCURVE('',#3893,#4305);
#4305 = DEFINITIONAL_REPRESENTATION('',(#4306),#4310);
#4306 = LINE('',#4307,#4308);
#4307 = CARTESIAN_POINT('',(0.,0.));
#4308 = VECTOR('',#4309,1.);
#4309 = DIRECTION('',(1.,0.));
#4310 = ( GEOMETRIC_REPRESENTATION_CONTEXT(2) 
PARAMETRIC_REPRESENTATION_CONTEXT() REPRESENTATION_CONTEXT('2D SPACE',''
  ) );
#4311 = ORIENTED_EDGE('',*,*,#4312,.F.);
#4312 = EDGE_CURVE('',#4313,#4290,#4315,.T.);
#4313 = VERTEX_POINT('',#4314);
#4314 = CARTESIAN_POINT('',(155.5,-20.68434602988,-5.901875467447));
#4315 = SURFACE_CURVE('',#4316,(#4321,#4328),.PCURVE_S1.);
#4316 = CIRCLE('',#4317,10.5);
#4317 = AXIS2_PLACEMENT_3D('',#4318,#4319,#4320);
#4318 = CARTESIAN_POINT('',(155.5,-12.,-1.942890293094E-15));
#4319 = DIRECTION('',(1.,0.,0.));
#4320 = DIRECTION('',(0.,-0.827080574275,-0.562083377852));
#4321 = PCURVE('',#3500,#4322);
#4322 = DEFINITIONAL_REPRESENTATION('',(#4323),#4327);
#4323 = CIRCLE('',#4324,10.5);
#4324 = AXIS2_PLACEMENT_2D('',#4325,#4326);
#4325 = CARTESIAN_POINT('',(0.,0.));
#4326 = DIRECTION('',(0.562083377852,-0.827080574275));
#4327 = ( GEOMETRIC_REPRESENTATION_CONTEXT(2) 
PARAMETRIC_REPRESENTATION_CONTEXT() REPRESENTATION_CONTEXT('2D SPACE',''
  ) );
#4328 = PCURVE('',#3926,#4329);
#4329 = DEFINITIONAL_REPRESENTATION('',(#4330),#4334);
#4330 = LINE('',#4331,#4332);
#4331 = CARTESIAN_POINT('',(5.309291584567,1.));
#4332 = VECTOR('',#4333,1.);
#4333 = DIRECTION('',(1.,0.));
#4334 = ( GEOMETRIC_REPRESENTATION_CONTEXT(2) 
PARAMETRIC_REPRESENTATION_CONTEXT() REPRESENTATION_CONTEXT('2D SPACE',''
  ) );
#4335 = ORIENTED_EDGE('',*,*,#4336,.F.);
#4336 = EDGE_CURVE('',#4172,#4313,#4337,.T.);
#4337 = SURFACE_CURVE('',#4338,(#4342,#4349),.PCURVE_S1.);
#4338 = LINE('',#4339,#4340);
#4339 = CARTESIAN_POINT('',(155.5,-12.,0.));
#4340 = VECTOR('',#4341,1.);
#4341 = DIRECTION('',(0.,-0.827080574275,-0.562083377852));
#4342 = PCURVE('',#3500,#4343);
#4343 = DEFINITIONAL_REPRESENTATION('',(#4344),#4348);
#4344 = LINE('',#4345,#4346);
#4345 = CARTESIAN_POINT('',(-1.942890293094E-15,0.));
#4346 = VECTOR('',#4347,1.);
#4347 = DIRECTION('',(0.562083377852,-0.827080574275));
#4348 = ( GEOMETRIC_REPRESENTATION_CONTEXT(2) 
PARAMETRIC_REPRESENTATION_CONTEXT() REPRESENTATION_CONTEXT('2D SPACE',''
  ) );
#4349 = PCURVE('',#3954,#4350);
#4350 = DEFINITIONAL_REPRESENTATION('',(#4351),#4355);
#4351 = LINE('',#4352,#4353);
#4352 = CARTESIAN_POINT('',(0.,0.));
#4353 = VECTOR('',#4354,1.);
#4354 = DIRECTION('',(1.,0.));
#4355 = ( GEOMETRIC_REPRESENTATION_CONTEXT(2) 
PARAMETRIC_REPRESENTATION_CONTEXT() REPRESENTATION_CONTEXT('2D SPACE',''
  ) );
#4356 = ADVANCED_FACE('',(#4357),#3554,.T.);
#4357 = FACE_BOUND('',#4358,.T.);
#4358 = EDGE_LOOP('',(#4359,#4360,#4361,#4362));
#4359 = ORIENTED_EDGE('',*,*,#3592,.F.);
#4360 = ORIENTED_EDGE('',*,*,#3538,.F.);
#4361 = ORIENTED_EDGE('',*,*,#4049,.T.);
#4362 = ORIENTED_EDGE('',*,*,#4363,.T.);
#4363 = EDGE_CURVE('',#4050,#3593,#4364,.T.);
#4364 = SURFACE_CURVE('',#4365,(#4369,#4375),.PCURVE_S1.);
#4365 = LINE('',#4366,#4367);
#4366 = CARTESIAN_POINT('',(155.5,-3.78938938144,4.778689492987));
#4367 = VECTOR('',#4368,1.);
#4368 = DIRECTION('',(1.,0.,2.22044604925E-16));
#4369 = PCURVE('',#3554,#4370);
#4370 = DEFINITIONAL_REPRESENTATION('',(#4371),#4374);
#4371 = B_SPLINE_CURVE_WITH_KNOTS('',1,(#4372,#4373),.UNSPECIFIED.,.F.,
  .F.,(2,2),(-5.999999928008E-07,17.5000006),.PIECEWISE_BEZIER_KNOTS.);
#4372 = CARTESIAN_POINT('',(2.097885760897,-5.999999917397E-07));
#4373 = CARTESIAN_POINT('',(2.097885760897,17.5000006));
#4374 = ( GEOMETRIC_REPRESENTATION_CONTEXT(2) 
PARAMETRIC_REPRESENTATION_CONTEXT() REPRESENTATION_CONTEXT('2D SPACE',''
  ) );
#4375 = PCURVE('',#3632,#4376);
#4376 = DEFINITIONAL_REPRESENTATION('',(#4377),#4381);
#4377 = LINE('',#4378,#4379);
#4378 = CARTESIAN_POINT('',(8.002665740768,0.));
#4379 = VECTOR('',#4380,1.);
#4380 = DIRECTION('',(-1.116928653189E-16,-1.));
#4381 = ( GEOMETRIC_REPRESENTATION_CONTEXT(2) 
PARAMETRIC_REPRESENTATION_CONTEXT() REPRESENTATION_CONTEXT('2D SPACE',''
  ) );
#4382 = ADVANCED_FACE('',(#4383),#3632,.T.);
#4383 = FACE_BOUND('',#4384,.T.);
#4384 = EDGE_LOOP('',(#4385,#4386,#4405,#4406));
#4385 = ORIENTED_EDGE('',*,*,#4073,.F.);
#4386 = ORIENTED_EDGE('',*,*,#4387,.T.);
#4387 = EDGE_CURVE('',#4074,#3617,#4388,.T.);
#4388 = SURFACE_CURVE('',#4389,(#4393,#4399),.PCURVE_S1.);
#4389 = LINE('',#4390,#4391);
#4390 = CARTESIAN_POINT('',(155.5,-1.196564975579,6.287749332878));
#4391 = VECTOR('',#4392,1.);
#4392 = DIRECTION('',(1.,0.,2.22044604925E-16));
#4393 = PCURVE('',#3632,#4394);
#4394 = DEFINITIONAL_REPRESENTATION('',(#4395),#4398);
#4395 = B_SPLINE_CURVE_WITH_KNOTS('',1,(#4396,#4397),.UNSPECIFIED.,.F.,
  .F.,(2,2),(-5.999999928008E-07,17.5000006),.PIECEWISE_BEZIER_KNOTS.);
#4396 = CARTESIAN_POINT('',(5.002665740768,5.999999928008E-07));
#4397 = CARTESIAN_POINT('',(5.002665740768,-17.5000006));
#4398 = ( GEOMETRIC_REPRESENTATION_CONTEXT(2) 
PARAMETRIC_REPRESENTATION_CONTEXT() REPRESENTATION_CONTEXT('2D SPACE',''
  ) );
#4399 = PCURVE('',#3665,#4400);
#4400 = DEFINITIONAL_REPRESENTATION('',(#4401),#4404);
#4401 = B_SPLINE_CURVE_WITH_KNOTS('',1,(#4402,#4403),.UNSPECIFIED.,.F.,
  .F.,(2,2),(-5.999999928008E-07,17.5000006),.PIECEWISE_BEZIER_KNOTS.);
#4402 = CARTESIAN_POINT('',(2.097885760897,-5.999999914046E-07));
#4403 = CARTESIAN_POINT('',(2.097885760897,17.5000006));
#4404 = ( GEOMETRIC_REPRESENTATION_CONTEXT(2) 
PARAMETRIC_REPRESENTATION_CONTEXT() REPRESENTATION_CONTEXT('2D SPACE',''
  ) );
#4405 = ORIENTED_EDGE('',*,*,#3616,.T.);
#4406 = ORIENTED_EDGE('',*,*,#4363,.F.);
#4407 = ADVANCED_FACE('',(#4408,#4432),#3665,.T.);
#4408 = FACE_BOUND('',#4409,.T.);
#4409 = EDGE_LOOP('',(#4410,#4429,#4430,#4431));
#4410 = ORIENTED_EDGE('',*,*,#4411,.T.);
#4411 = EDGE_CURVE('',#4097,#3645,#4412,.T.);
#4412 = SURFACE_CURVE('',#4413,(#4417,#4423),.PCURVE_S1.);
#4413 = LINE('',#4414,#4415);
#4414 = CARTESIAN_POINT('',(155.5,-22.80343502442,6.287749332878));
#4415 = VECTOR('',#4416,1.);
#4416 = DIRECTION('',(1.,0.,2.22044604925E-16));
#4417 = PCURVE('',#3665,#4418);
#4418 = DEFINITIONAL_REPRESENTATION('',(#4419),#4422);
#4419 = B_SPLINE_CURVE_WITH_KNOTS('',1,(#4420,#4421),.UNSPECIFIED.,.F.,
  .F.,(2,2),(-5.999999928008E-07,17.5000006),.PIECEWISE_BEZIER_KNOTS.);
#4420 = CARTESIAN_POINT('',(4.185299546282,-5.999999914046E-07));
#4421 = CARTESIAN_POINT('',(4.185299546282,17.5000006));
#4422 = ( GEOMETRIC_REPRESENTATION_CONTEXT(2) 
PARAMETRIC_REPRESENTATION_CONTEXT() REPRESENTATION_CONTEXT('2D SPACE',''
  ) );
#4423 = PCURVE('',#3693,#4424);
#4424 = DEFINITIONAL_REPRESENTATION('',(#4425),#4428);
#4425 = B_SPLINE_CURVE_WITH_KNOTS('',1,(#4426,#4427),.UNSPECIFIED.,.F.,
  .F.,(2,2),(-5.999999928008E-07,17.5000006),.PIECEWISE_BEZIER_KNOTS.);
#4426 = CARTESIAN_POINT('',(12.5,5.999999928008E-07));
#4427 = CARTESIAN_POINT('',(12.5,-17.5000006));
#4428 = ( GEOMETRIC_REPRESENTATION_CONTEXT(2) 
PARAMETRIC_REPRESENTATION_CONTEXT() REPRESENTATION_CONTEXT('2D SPACE',''
  ) );
#4429 = ORIENTED_EDGE('',*,*,#3644,.T.);
#4430 = ORIENTED_EDGE('',*,*,#4387,.F.);
#4431 = ORIENTED_EDGE('',*,*,#4096,.T.);
#4432 = FACE_BOUND('',#4433,.T.);
#4433 = EDGE_LOOP('',(#4434,#4465,#4491,#4520));
#4434 = ORIENTED_EDGE('',*,*,#4435,.F.);
#4435 = EDGE_CURVE('',#4436,#4438,#4440,.T.);
#4436 = VERTEX_POINT('',#4437);
#4437 = CARTESIAN_POINT('',(160.25,-9.5,12.247448713916));
#4438 = VERTEX_POINT('',#4439);
#4439 = CARTESIAN_POINT('',(160.25,-14.5,12.247448713916));
#4440 = SURFACE_CURVE('',#4441,(#4446,#4453),.PCURVE_S1.);
#4441 = CIRCLE('',#4442,12.5);
#4442 = AXIS2_PLACEMENT_3D('',#4443,#4444,#4445);
#4443 = CARTESIAN_POINT('',(160.25,-12.,-8.881784197001E-16));
#4444 = DIRECTION('',(1.,0.,2.22044604925E-16));
#4445 = DIRECTION('',(2.22044604925E-16,0.,-1.));
#4446 = PCURVE('',#3665,#4447);
#4447 = DEFINITIONAL_REPRESENTATION('',(#4448),#4452);
#4448 = LINE('',#4449,#4450);
#4449 = CARTESIAN_POINT('',(0.,4.75));
#4450 = VECTOR('',#4451,1.);
#4451 = DIRECTION('',(1.,0.));
#4452 = ( GEOMETRIC_REPRESENTATION_CONTEXT(2) 
PARAMETRIC_REPRESENTATION_CONTEXT() REPRESENTATION_CONTEXT('2D SPACE',''
  ) );
#4453 = PCURVE('',#4454,#4459);
#4454 = PLANE('',#4455);
#4455 = AXIS2_PLACEMENT_3D('',#4456,#4457,#4458);
#4456 = CARTESIAN_POINT('',(160.25,-14.5,12.));
#4457 = DIRECTION('',(1.,0.,-0.));
#4458 = DIRECTION('',(0.,0.,1.));
#4459 = DEFINITIONAL_REPRESENTATION('',(#4460),#4464);
#4460 = CIRCLE('',#4461,12.5);
#4461 = AXIS2_PLACEMENT_2D('',#4462,#4463);
#4462 = CARTESIAN_POINT('',(-12.,-2.5));
#4463 = DIRECTION('',(-1.,0.));
#4464 = ( GEOMETRIC_REPRESENTATION_CONTEXT(2) 
PARAMETRIC_REPRESENTATION_CONTEXT() REPRESENTATION_CONTEXT('2D SPACE',''
  ) );
#4465 = ORIENTED_EDGE('',*,*,#4466,.T.);
#4466 = EDGE_CURVE('',#4436,#4467,#4469,.T.);
#4467 = VERTEX_POINT('',#4468);
#4468 = CARTESIAN_POINT('',(168.25,-9.5,12.247448713916));
#4469 = SURFACE_CURVE('',#4470,(#4474,#4480),.PCURVE_S1.);
#4470 = LINE('',#4471,#4472);
#4471 = CARTESIAN_POINT('',(155.5,-9.5,12.247448713916));
#4472 = VECTOR('',#4473,1.);
#4473 = DIRECTION('',(1.,0.,2.22044604925E-16));
#4474 = PCURVE('',#3665,#4475);
#4475 = DEFINITIONAL_REPRESENTATION('',(#4476),#4479);
#4476 = B_SPLINE_CURVE_WITH_KNOTS('',1,(#4477,#4478),.UNSPECIFIED.,.F.,
  .F.,(2,2),(3.95,13.55),.PIECEWISE_BEZIER_KNOTS.);
#4477 = CARTESIAN_POINT('',(2.940234732799,3.95));
#4478 = CARTESIAN_POINT('',(2.940234732799,13.55));
#4479 = ( GEOMETRIC_REPRESENTATION_CONTEXT(2) 
PARAMETRIC_REPRESENTATION_CONTEXT() REPRESENTATION_CONTEXT('2D SPACE',''
  ) );
#4480 = PCURVE('',#4481,#4486);
#4481 = PLANE('',#4482);
#4482 = AXIS2_PLACEMENT_3D('',#4483,#4484,#4485);
#4483 = CARTESIAN_POINT('',(160.25,-9.5,12.));
#4484 = DIRECTION('',(-0.,1.,0.));
#4485 = DIRECTION('',(0.,0.,1.));
#4486 = DEFINITIONAL_REPRESENTATION('',(#4487),#4490);
#4487 = B_SPLINE_CURVE_WITH_KNOTS('',1,(#4488,#4489),.UNSPECIFIED.,.F.,
  .F.,(2,2),(3.95,13.55),.PIECEWISE_BEZIER_KNOTS.);
#4488 = CARTESIAN_POINT('',(0.247448713916,-0.8));
#4489 = CARTESIAN_POINT('',(0.247448713916,8.8));
#4490 = ( GEOMETRIC_REPRESENTATION_CONTEXT(2) 
PARAMETRIC_REPRESENTATION_CONTEXT() REPRESENTATION_CONTEXT('2D SPACE',''
  ) );
#4491 = ORIENTED_EDGE('',*,*,#4492,.T.);
#4492 = EDGE_CURVE('',#4467,#4493,#4495,.T.);
#4493 = VERTEX_POINT('',#4494);
#4494 = CARTESIAN_POINT('',(168.25,-14.5,12.247448713916));
#4495 = SURFACE_CURVE('',#4496,(#4501,#4508),.PCURVE_S1.);
#4496 = CIRCLE('',#4497,12.5);
#4497 = AXIS2_PLACEMENT_3D('',#4498,#4499,#4500);
#4498 = CARTESIAN_POINT('',(168.25,-12.,8.881784197001E-16));
#4499 = DIRECTION('',(1.,0.,2.22044604925E-16));
#4500 = DIRECTION('',(2.22044604925E-16,0.,-1.));
#4501 = PCURVE('',#3665,#4502);
#4502 = DEFINITIONAL_REPRESENTATION('',(#4503),#4507);
#4503 = LINE('',#4504,#4505);
#4504 = CARTESIAN_POINT('',(0.,12.75));
#4505 = VECTOR('',#4506,1.);
#4506 = DIRECTION('',(1.,0.));
#4507 = ( GEOMETRIC_REPRESENTATION_CONTEXT(2) 
PARAMETRIC_REPRESENTATION_CONTEXT() REPRESENTATION_CONTEXT('2D SPACE',''
  ) );
#4508 = PCURVE('',#4509,#4514);
#4509 = PLANE('',#4510);
#4510 = AXIS2_PLACEMENT_3D('',#4511,#4512,#4513);
#4511 = CARTESIAN_POINT('',(168.25,-14.5,12.));
#4512 = DIRECTION('',(1.,0.,-0.));
#4513 = DIRECTION('',(0.,0.,1.));
#4514 = DEFINITIONAL_REPRESENTATION('',(#4515),#4519);
#4515 = CIRCLE('',#4516,12.5);
#4516 = AXIS2_PLACEMENT_2D('',#4517,#4518);
#4517 = CARTESIAN_POINT('',(-12.,-2.5));
#4518 = DIRECTION('',(-1.,0.));
#4519 = ( GEOMETRIC_REPRESENTATION_CONTEXT(2) 
PARAMETRIC_REPRESENTATION_CONTEXT() REPRESENTATION_CONTEXT('2D SPACE',''
  ) );
#4520 = ORIENTED_EDGE('',*,*,#4521,.F.);
#4521 = EDGE_CURVE('',#4438,#4493,#4522,.T.);
#4522 = SURFACE_CURVE('',#4523,(#4527,#4533),.PCURVE_S1.);
#4523 = LINE('',#4524,#4525);
#4524 = CARTESIAN_POINT('',(155.5,-14.5,12.247448713916));
#4525 = VECTOR('',#4526,1.);
#4526 = DIRECTION('',(1.,0.,2.22044604925E-16));
#4527 = PCURVE('',#3665,#4528);
#4528 = DEFINITIONAL_REPRESENTATION('',(#4529),#4532);
#4529 = B_SPLINE_CURVE_WITH_KNOTS('',1,(#4530,#4531),.UNSPECIFIED.,.F.,
  .F.,(2,2),(3.95,13.55),.PIECEWISE_BEZIER_KNOTS.);
#4530 = CARTESIAN_POINT('',(3.34295057438,3.95));
#4531 = CARTESIAN_POINT('',(3.34295057438,13.55));
#4532 = ( GEOMETRIC_REPRESENTATION_CONTEXT(2) 
PARAMETRIC_REPRESENTATION_CONTEXT() REPRESENTATION_CONTEXT('2D SPACE',''
  ) );
#4533 = PCURVE('',#4534,#4539);
#4534 = PLANE('',#4535);
#4535 = AXIS2_PLACEMENT_3D('',#4536,#4537,#4538);
#4536 = CARTESIAN_POINT('',(160.25,-14.5,12.));
#4537 = DIRECTION('',(-0.,1.,0.));
#4538 = DIRECTION('',(0.,0.,1.));
#4539 = DEFINITIONAL_REPRESENTATION('',(#4540),#4543);
#4540 = B_SPLINE_CURVE_WITH_KNOTS('',1,(#4541,#4542),.UNSPECIFIED.,.F.,
  .F.,(2,2),(3.95,13.55),.PIECEWISE_BEZIER_KNOTS.);
#4541 = CARTESIAN_POINT('',(0.247448713916,-0.8));
#4542 = CARTESIAN_POINT('',(0.247448713916,8.8));
#4543 = ( GEOMETRIC_REPRESENTATION_CONTEXT(2) 
PARAMETRIC_REPRESENTATION_CONTEXT() REPRESENTATION_CONTEXT('2D SPACE',''
  ) );
#4544 = ADVANCED_FACE('',(#4545),#3693,.T.);
#4545 = FACE_BOUND('',#4546,.T.);
#4546 = EDGE_LOOP('',(#4547,#4548,#4568,#4569));
#4547 = ORIENTED_EDGE('',*,*,#4120,.F.);
#4548 = ORIENTED_EDGE('',*,*,#4549,.T.);
#4549 = EDGE_CURVE('',#4121,#3678,#4550,.T.);
#4550 = SURFACE_CURVE('',#4551,(#4555,#4562),.PCURVE_S1.);
#4551 = LINE('',#4552,#4553);
#4552 = CARTESIAN_POINT('',(155.5,-20.21061061856,4.778689492987));
#4553 = VECTOR('',#4554,1.);
#4554 = DIRECTION('',(1.,0.,2.22044604925E-16));
#4555 = PCURVE('',#3693,#4556);
#4556 = DEFINITIONAL_REPRESENTATION('',(#4557),#4561);
#4557 = LINE('',#4558,#4559);
#4558 = CARTESIAN_POINT('',(9.5,0.));
#4559 = VECTOR('',#4560,1.);
#4560 = DIRECTION('',(1.116928653189E-16,-1.));
#4561 = ( GEOMETRIC_REPRESENTATION_CONTEXT(2) 
PARAMETRIC_REPRESENTATION_CONTEXT() REPRESENTATION_CONTEXT('2D SPACE',''
  ) );
#4562 = PCURVE('',#3722,#4563);
#4563 = DEFINITIONAL_REPRESENTATION('',(#4564),#4567);
#4564 = B_SPLINE_CURVE_WITH_KNOTS('',1,(#4565,#4566),.UNSPECIFIED.,.F.,
  .F.,(2,2),(-5.999999928008E-07,17.5000006),.PIECEWISE_BEZIER_KNOTS.);
#4565 = CARTESIAN_POINT('',(4.185299546282,-5.999999917397E-07));
#4566 = CARTESIAN_POINT('',(4.185299546282,17.5000006));
#4567 = ( GEOMETRIC_REPRESENTATION_CONTEXT(2) 
PARAMETRIC_REPRESENTATION_CONTEXT() REPRESENTATION_CONTEXT('2D SPACE',''
  ) );
#4568 = ORIENTED_EDGE('',*,*,#3677,.T.);
#4569 = ORIENTED_EDGE('',*,*,#4411,.F.);
#4570 = ADVANCED_FACE('',(#4571),#3722,.T.);
#4571 = FACE_BOUND('',#4572,.T.);
#4572 = EDGE_LOOP('',(#4573,#4574,#4575,#4576));
#4573 = ORIENTED_EDGE('',*,*,#3705,.F.);
#4574 = ORIENTED_EDGE('',*,*,#4549,.F.);
#4575 = ORIENTED_EDGE('',*,*,#4143,.T.);
#4576 = ORIENTED_EDGE('',*,*,#4025,.T.);
#4577 = ADVANCED_FACE('',(#4578),#3775,.T.);
#4578 = FACE_BOUND('',#4579,.T.);
#4579 = EDGE_LOOP('',(#4580,#4581,#4601,#4602));
#4580 = ORIENTED_EDGE('',*,*,#4195,.F.);
#4581 = ORIENTED_EDGE('',*,*,#4582,.T.);
#4582 = EDGE_CURVE('',#4196,#3758,#4583,.T.);
#4583 = SURFACE_CURVE('',#4584,(#4588,#4595),.PCURVE_S1.);
#4584 = LINE('',#4585,#4586);
#4585 = CARTESIAN_POINT('',(154.5,-20.68434602988,5.901875467447));
#4586 = VECTOR('',#4587,1.);
#4587 = DIRECTION('',(1.,0.,2.22044604925E-16));
#4588 = PCURVE('',#3775,#4589);
#4589 = DEFINITIONAL_REPRESENTATION('',(#4590),#4594);
#4590 = LINE('',#4591,#4592);
#4591 = CARTESIAN_POINT('',(7.002665740768,1.));
#4592 = VECTOR('',#4593,1.);
#4593 = DIRECTION('',(-1.248075815701E-16,-1.));
#4594 = ( GEOMETRIC_REPRESENTATION_CONTEXT(2) 
PARAMETRIC_REPRESENTATION_CONTEXT() REPRESENTATION_CONTEXT('2D SPACE',''
  ) );
#4595 = PCURVE('',#3804,#4596);
#4596 = DEFINITIONAL_REPRESENTATION('',(#4597),#4600);
#4597 = B_SPLINE_CURVE_WITH_KNOTS('',1,(#4598,#4599),.UNSPECIFIED.,.F.,
  .F.,(2,2),(0.9999994,18.5000006),.PIECEWISE_BEZIER_KNOTS.);
#4598 = CARTESIAN_POINT('',(4.115486376203,0.9999994));
#4599 = CARTESIAN_POINT('',(4.115486376203,18.5000006));
#4600 = ( GEOMETRIC_REPRESENTATION_CONTEXT(2) 
PARAMETRIC_REPRESENTATION_CONTEXT() REPRESENTATION_CONTEXT('2D SPACE',''
  ) );
#4601 = ORIENTED_EDGE('',*,*,#3757,.T.);
#4602 = ORIENTED_EDGE('',*,*,#4603,.F.);
#4603 = EDGE_CURVE('',#4170,#3760,#4604,.T.);
#4604 = SURFACE_CURVE('',#4605,(#4609,#4615),.PCURVE_S1.);
#4605 = LINE('',#4606,#4607);
#4606 = CARTESIAN_POINT('',(154.5,-19.03018488133,4.777708711743));
#4607 = VECTOR('',#4608,1.);
#4608 = DIRECTION('',(1.,0.,2.22044604925E-16));
#4609 = PCURVE('',#3775,#4610);
#4610 = DEFINITIONAL_REPRESENTATION('',(#4611),#4614);
#4611 = B_SPLINE_CURVE_WITH_KNOTS('',1,(#4612,#4613),.UNSPECIFIED.,.F.,
  .F.,(2,2),(0.9999994,18.5000006),.PIECEWISE_BEZIER_KNOTS.);
#4612 = CARTESIAN_POINT('',(9.002665740768,5.999999928008E-07));
#4613 = CARTESIAN_POINT('',(9.002665740768,-17.5000006));
#4614 = ( GEOMETRIC_REPRESENTATION_CONTEXT(2) 
PARAMETRIC_REPRESENTATION_CONTEXT() REPRESENTATION_CONTEXT('2D SPACE',''
  ) );
#4615 = PCURVE('',#3985,#4616);
#4616 = DEFINITIONAL_REPRESENTATION('',(#4617),#4620);
#4617 = B_SPLINE_CURVE_WITH_KNOTS('',1,(#4618,#4619),.UNSPECIFIED.,.F.,
  .F.,(2,2),(0.9999994,18.5000006),.PIECEWISE_BEZIER_KNOTS.);
#4618 = CARTESIAN_POINT('',(4.115486376203,0.9999994));
#4619 = CARTESIAN_POINT('',(4.115486376203,18.5000006));
#4620 = ( GEOMETRIC_REPRESENTATION_CONTEXT(2) 
PARAMETRIC_REPRESENTATION_CONTEXT() REPRESENTATION_CONTEXT('2D SPACE',''
  ) );
#4621 = ADVANCED_FACE('',(#4622),#3804,.F.);
#4622 = FACE_BOUND('',#4623,.F.);
#4623 = EDGE_LOOP('',(#4624,#4625,#4645,#4646));
#4624 = ORIENTED_EDGE('',*,*,#3787,.F.);
#4625 = ORIENTED_EDGE('',*,*,#4626,.F.);
#4626 = EDGE_CURVE('',#4219,#3788,#4627,.T.);
#4627 = SURFACE_CURVE('',#4628,(#4632,#4638),.PCURVE_S1.);
#4628 = LINE('',#4629,#4630);
#4629 = CARTESIAN_POINT('',(154.5,-3.315653970117,5.901875467447));
#4630 = VECTOR('',#4631,1.);
#4631 = DIRECTION('',(1.,0.,2.22044604925E-16));
#4632 = PCURVE('',#3804,#4633);
#4633 = DEFINITIONAL_REPRESENTATION('',(#4634),#4637);
#4634 = B_SPLINE_CURVE_WITH_KNOTS('',1,(#4635,#4636),.UNSPECIFIED.,.F.,
  .F.,(2,2),(0.9999994,18.5000006),.PIECEWISE_BEZIER_KNOTS.);
#4635 = CARTESIAN_POINT('',(2.167698930977,0.9999994));
#4636 = CARTESIAN_POINT('',(2.167698930977,18.5000006));
#4637 = ( GEOMETRIC_REPRESENTATION_CONTEXT(2) 
PARAMETRIC_REPRESENTATION_CONTEXT() REPRESENTATION_CONTEXT('2D SPACE',''
  ) );
#4638 = PCURVE('',#3832,#4639);
#4639 = DEFINITIONAL_REPRESENTATION('',(#4640),#4644);
#4640 = LINE('',#4641,#4642);
#4641 = CARTESIAN_POINT('',(10.5,1.));
#4642 = VECTOR('',#4643,1.);
#4643 = DIRECTION('',(1.248075815701E-16,-1.));
#4644 = ( GEOMETRIC_REPRESENTATION_CONTEXT(2) 
PARAMETRIC_REPRESENTATION_CONTEXT() REPRESENTATION_CONTEXT('2D SPACE',''
  ) );
#4645 = ORIENTED_EDGE('',*,*,#4218,.T.);
#4646 = ORIENTED_EDGE('',*,*,#4582,.T.);
#4647 = ADVANCED_FACE('',(#4648),#3832,.T.);
#4648 = FACE_BOUND('',#4649,.T.);
#4649 = EDGE_LOOP('',(#4650,#4651,#4670,#4671));
#4650 = ORIENTED_EDGE('',*,*,#4242,.F.);
#4651 = ORIENTED_EDGE('',*,*,#4652,.T.);
#4652 = EDGE_CURVE('',#4243,#3817,#4653,.T.);
#4653 = SURFACE_CURVE('',#4654,(#4658,#4664),.PCURVE_S1.);
#4654 = LINE('',#4655,#4656);
#4655 = CARTESIAN_POINT('',(154.5,-4.969815118666,4.777708711743));
#4656 = VECTOR('',#4657,1.);
#4657 = DIRECTION('',(1.,0.,2.22044604925E-16));
#4658 = PCURVE('',#3832,#4659);
#4659 = DEFINITIONAL_REPRESENTATION('',(#4660),#4663);
#4660 = B_SPLINE_CURVE_WITH_KNOTS('',1,(#4661,#4662),.UNSPECIFIED.,.F.,
  .F.,(2,2),(0.9999994,18.5000006),.PIECEWISE_BEZIER_KNOTS.);
#4661 = CARTESIAN_POINT('',(8.5,5.999999928008E-07));
#4662 = CARTESIAN_POINT('',(8.5,-17.5000006));
#4663 = ( GEOMETRIC_REPRESENTATION_CONTEXT(2) 
PARAMETRIC_REPRESENTATION_CONTEXT() REPRESENTATION_CONTEXT('2D SPACE',''
  ) );
#4664 = PCURVE('',#3865,#4665);
#4665 = DEFINITIONAL_REPRESENTATION('',(#4666),#4669);
#4666 = B_SPLINE_CURVE_WITH_KNOTS('',1,(#4667,#4668),.UNSPECIFIED.,.F.,
  .F.,(2,2),(0.9999994,18.5000006),.PIECEWISE_BEZIER_KNOTS.);
#4667 = CARTESIAN_POINT('',(2.167698930977,0.9999994));
#4668 = CARTESIAN_POINT('',(2.167698930977,18.5000006));
#4669 = ( GEOMETRIC_REPRESENTATION_CONTEXT(2) 
PARAMETRIC_REPRESENTATION_CONTEXT() REPRESENTATION_CONTEXT('2D SPACE',''
  ) );
#4670 = ORIENTED_EDGE('',*,*,#3816,.T.);
#4671 = ORIENTED_EDGE('',*,*,#4626,.F.);
#4672 = ADVANCED_FACE('',(#4673),#3865,.F.);
#4673 = FACE_BOUND('',#4674,.F.);
#4674 = EDGE_LOOP('',(#4675,#4694,#4695,#4696));
#4675 = ORIENTED_EDGE('',*,*,#4676,.F.);
#4676 = EDGE_CURVE('',#4266,#3845,#4677,.T.);
#4677 = SURFACE_CURVE('',#4678,(#4682,#4688),.PCURVE_S1.);
#4678 = LINE('',#4679,#4680);
#4679 = CARTESIAN_POINT('',(154.5,-4.969815118666,-4.777708711743));
#4680 = VECTOR('',#4681,1.);
#4681 = DIRECTION('',(1.,0.,2.22044604925E-16));
#4682 = PCURVE('',#3865,#4683);
#4683 = DEFINITIONAL_REPRESENTATION('',(#4684),#4687);
#4684 = B_SPLINE_CURVE_WITH_KNOTS('',1,(#4685,#4686),.UNSPECIFIED.,.F.,
  .F.,(2,2),(0.9999994,18.5000006),.PIECEWISE_BEZIER_KNOTS.);
#4685 = CARTESIAN_POINT('',(0.973893722613,0.9999994));
#4686 = CARTESIAN_POINT('',(0.973893722613,18.5000006));
#4687 = ( GEOMETRIC_REPRESENTATION_CONTEXT(2) 
PARAMETRIC_REPRESENTATION_CONTEXT() REPRESENTATION_CONTEXT('2D SPACE',''
  ) );
#4688 = PCURVE('',#3893,#4689);
#4689 = DEFINITIONAL_REPRESENTATION('',(#4690),#4693);
#4690 = B_SPLINE_CURVE_WITH_KNOTS('',1,(#4691,#4692),.UNSPECIFIED.,.F.,
  .F.,(2,2),(0.9999994,18.5000006),.PIECEWISE_BEZIER_KNOTS.);
#4691 = CARTESIAN_POINT('',(9.002665740768,5.999999928008E-07));
#4692 = CARTESIAN_POINT('',(9.002665740768,-17.5000006));
#4693 = ( GEOMETRIC_REPRESENTATION_CONTEXT(2) 
PARAMETRIC_REPRESENTATION_CONTEXT() REPRESENTATION_CONTEXT('2D SPACE',''
  ) );
#4694 = ORIENTED_EDGE('',*,*,#4265,.T.);
#4695 = ORIENTED_EDGE('',*,*,#4652,.T.);
#4696 = ORIENTED_EDGE('',*,*,#3844,.T.);
#4697 = ADVANCED_FACE('',(#4698),#3893,.T.);
#4698 = FACE_BOUND('',#4699,.T.);
#4699 = EDGE_LOOP('',(#4700,#4701,#4721,#4722));
#4700 = ORIENTED_EDGE('',*,*,#4289,.F.);
#4701 = ORIENTED_EDGE('',*,*,#4702,.T.);
#4702 = EDGE_CURVE('',#4290,#3878,#4703,.T.);
#4703 = SURFACE_CURVE('',#4704,(#4708,#4715),.PCURVE_S1.);
#4704 = LINE('',#4705,#4706);
#4705 = CARTESIAN_POINT('',(154.5,-3.315653970117,-5.901875467447));
#4706 = VECTOR('',#4707,1.);
#4707 = DIRECTION('',(1.,0.,2.22044604925E-16));
#4708 = PCURVE('',#3893,#4709);
#4709 = DEFINITIONAL_REPRESENTATION('',(#4710),#4714);
#4710 = LINE('',#4711,#4712);
#4711 = CARTESIAN_POINT('',(7.002665740768,1.));
#4712 = VECTOR('',#4713,1.);
#4713 = DIRECTION('',(1.248075815701E-16,-1.));
#4714 = ( GEOMETRIC_REPRESENTATION_CONTEXT(2) 
PARAMETRIC_REPRESENTATION_CONTEXT() REPRESENTATION_CONTEXT('2D SPACE',''
  ) );
#4715 = PCURVE('',#3926,#4716);
#4716 = DEFINITIONAL_REPRESENTATION('',(#4717),#4720);
#4717 = B_SPLINE_CURVE_WITH_KNOTS('',1,(#4718,#4719),.UNSPECIFIED.,.F.,
  .F.,(2,2),(1.,18.5),.PIECEWISE_BEZIER_KNOTS.);
#4718 = CARTESIAN_POINT('',(7.257079029792,1.));
#4719 = CARTESIAN_POINT('',(7.257079029792,18.5));
#4720 = ( GEOMETRIC_REPRESENTATION_CONTEXT(2) 
PARAMETRIC_REPRESENTATION_CONTEXT() REPRESENTATION_CONTEXT('2D SPACE',''
  ) );
#4721 = ORIENTED_EDGE('',*,*,#3877,.T.);
#4722 = ORIENTED_EDGE('',*,*,#4676,.F.);
#4723 = ADVANCED_FACE('',(#4724),#3926,.F.);
#4724 = FACE_BOUND('',#4725,.F.);
#4725 = EDGE_LOOP('',(#4726,#4727,#4728,#4729));
#4726 = ORIENTED_EDGE('',*,*,#4312,.T.);
#4727 = ORIENTED_EDGE('',*,*,#4702,.T.);
#4728 = ORIENTED_EDGE('',*,*,#3905,.T.);
#4729 = ORIENTED_EDGE('',*,*,#4730,.F.);
#4730 = EDGE_CURVE('',#4313,#3906,#4731,.T.);
#4731 = SURFACE_CURVE('',#4732,(#4736,#4742),.PCURVE_S1.);
#4732 = LINE('',#4733,#4734);
#4733 = CARTESIAN_POINT('',(154.5,-20.68434602988,-5.901875467447));
#4734 = VECTOR('',#4735,1.);
#4735 = DIRECTION('',(1.,0.,2.22044604925E-16));
#4736 = PCURVE('',#3926,#4737);
#4737 = DEFINITIONAL_REPRESENTATION('',(#4738),#4741);
#4738 = B_SPLINE_CURVE_WITH_KNOTS('',1,(#4739,#4740),.UNSPECIFIED.,.F.,
  .F.,(2,2),(1.,18.5),.PIECEWISE_BEZIER_KNOTS.);
#4739 = CARTESIAN_POINT('',(5.309291584567,1.));
#4740 = CARTESIAN_POINT('',(5.309291584567,18.5));
#4741 = ( GEOMETRIC_REPRESENTATION_CONTEXT(2) 
PARAMETRIC_REPRESENTATION_CONTEXT() REPRESENTATION_CONTEXT('2D SPACE',''
  ) );
#4742 = PCURVE('',#3954,#4743);
#4743 = DEFINITIONAL_REPRESENTATION('',(#4744),#4748);
#4744 = LINE('',#4745,#4746);
#4745 = CARTESIAN_POINT('',(10.5,1.));
#4746 = VECTOR('',#4747,1.);
#4747 = DIRECTION('',(-1.248075815701E-16,-1.));
#4748 = ( GEOMETRIC_REPRESENTATION_CONTEXT(2) 
PARAMETRIC_REPRESENTATION_CONTEXT() REPRESENTATION_CONTEXT('2D SPACE',''
  ) );
#4749 = ADVANCED_FACE('',(#4750),#3954,.T.);
#4750 = FACE_BOUND('',#4751,.T.);
#4751 = EDGE_LOOP('',(#4752,#4753,#4772,#4773));
#4752 = ORIENTED_EDGE('',*,*,#4336,.F.);
#4753 = ORIENTED_EDGE('',*,*,#4754,.T.);
#4754 = EDGE_CURVE('',#4172,#3939,#4755,.T.);
#4755 = SURFACE_CURVE('',#4756,(#4760,#4766),.PCURVE_S1.);
#4756 = LINE('',#4757,#4758);
#4757 = CARTESIAN_POINT('',(154.5,-19.03018488133,-4.777708711743));
#4758 = VECTOR('',#4759,1.);
#4759 = DIRECTION('',(1.,0.,2.22044604925E-16));
#4760 = PCURVE('',#3954,#4761);
#4761 = DEFINITIONAL_REPRESENTATION('',(#4762),#4765);
#4762 = B_SPLINE_CURVE_WITH_KNOTS('',1,(#4763,#4764),.UNSPECIFIED.,.F.,
  .F.,(2,2),(0.9999994,18.5000006),.PIECEWISE_BEZIER_KNOTS.);
#4763 = CARTESIAN_POINT('',(8.5,5.999999928008E-07));
#4764 = CARTESIAN_POINT('',(8.5,-17.5000006));
#4765 = ( GEOMETRIC_REPRESENTATION_CONTEXT(2) 
PARAMETRIC_REPRESENTATION_CONTEXT() REPRESENTATION_CONTEXT('2D SPACE',''
  ) );
#4766 = PCURVE('',#3985,#4767);
#4767 = DEFINITIONAL_REPRESENTATION('',(#4768),#4771);
#4768 = B_SPLINE_CURVE_WITH_KNOTS('',1,(#4769,#4770),.UNSPECIFIED.,.F.,
  .F.,(2,2),(0.9999994,18.5000006),.PIECEWISE_BEZIER_KNOTS.);
#4769 = CARTESIAN_POINT('',(5.309291584567,0.9999994));
#4770 = CARTESIAN_POINT('',(5.309291584567,18.5000006));
#4771 = ( GEOMETRIC_REPRESENTATION_CONTEXT(2) 
PARAMETRIC_REPRESENTATION_CONTEXT() REPRESENTATION_CONTEXT('2D SPACE',''
  ) );
#4772 = ORIENTED_EDGE('',*,*,#3938,.T.);
#4773 = ORIENTED_EDGE('',*,*,#4730,.F.);
#4774 = ADVANCED_FACE('',(#4775),#3985,.F.);
#4775 = FACE_BOUND('',#4776,.F.);
#4776 = EDGE_LOOP('',(#4777,#4778,#4779,#4780));
#4777 = ORIENTED_EDGE('',*,*,#4603,.F.);
#4778 = ORIENTED_EDGE('',*,*,#4169,.T.);
#4779 = ORIENTED_EDGE('',*,*,#4754,.T.);
#4780 = ORIENTED_EDGE('',*,*,#3966,.T.);
#4781 = ADVANCED_FACE('',(#4782,#4857),#4454,.F.);
#4782 = FACE_BOUND('',#4783,.F.);
#4783 = EDGE_LOOP('',(#4784,#4807,#4808,#4831));
#4784 = ORIENTED_EDGE('',*,*,#4785,.F.);
#4785 = EDGE_CURVE('',#4438,#4786,#4788,.T.);
#4786 = VERTEX_POINT('',#4787);
#4787 = CARTESIAN_POINT('',(160.25,-14.5,15.5));
#4788 = SURFACE_CURVE('',#4789,(#4793,#4800),.PCURVE_S1.);
#4789 = LINE('',#4790,#4791);
#4790 = CARTESIAN_POINT('',(160.25,-14.5,12.));
#4791 = VECTOR('',#4792,1.);
#4792 = DIRECTION('',(0.,0.,1.));
#4793 = PCURVE('',#4454,#4794);
#4794 = DEFINITIONAL_REPRESENTATION('',(#4795),#4799);
#4795 = LINE('',#4796,#4797);
#4796 = CARTESIAN_POINT('',(0.,0.));
#4797 = VECTOR('',#4798,1.);
#4798 = DIRECTION('',(1.,0.));
#4799 = ( GEOMETRIC_REPRESENTATION_CONTEXT(2) 
PARAMETRIC_REPRESENTATION_CONTEXT() REPRESENTATION_CONTEXT('2D SPACE',''
  ) );
#4800 = PCURVE('',#4534,#4801);
#4801 = DEFINITIONAL_REPRESENTATION('',(#4802),#4806);
#4802 = LINE('',#4803,#4804);
#4803 = CARTESIAN_POINT('',(0.,0.));
#4804 = VECTOR('',#4805,1.);
#4805 = DIRECTION('',(1.,0.));
#4806 = ( GEOMETRIC_REPRESENTATION_CONTEXT(2) 
PARAMETRIC_REPRESENTATION_CONTEXT() REPRESENTATION_CONTEXT('2D SPACE',''
  ) );
#4807 = ORIENTED_EDGE('',*,*,#4435,.F.);
#4808 = ORIENTED_EDGE('',*,*,#4809,.T.);
#4809 = EDGE_CURVE('',#4436,#4810,#4812,.T.);
#4810 = VERTEX_POINT('',#4811);
#4811 = CARTESIAN_POINT('',(160.25,-9.5,15.5));
#4812 = SURFACE_CURVE('',#4813,(#4817,#4824),.PCURVE_S1.);
#4813 = LINE('',#4814,#4815);
#4814 = CARTESIAN_POINT('',(160.25,-9.5,12.));
#4815 = VECTOR('',#4816,1.);
#4816 = DIRECTION('',(0.,0.,1.));
#4817 = PCURVE('',#4454,#4818);
#4818 = DEFINITIONAL_REPRESENTATION('',(#4819),#4823);
#4819 = LINE('',#4820,#4821);
#4820 = CARTESIAN_POINT('',(0.,-5.));
#4821 = VECTOR('',#4822,1.);
#4822 = DIRECTION('',(1.,0.));
#4823 = ( GEOMETRIC_REPRESENTATION_CONTEXT(2) 
PARAMETRIC_REPRESENTATION_CONTEXT() REPRESENTATION_CONTEXT('2D SPACE',''
  ) );
#4824 = PCURVE('',#4481,#4825);
#4825 = DEFINITIONAL_REPRESENTATION('',(#4826),#4830);
#4826 = LINE('',#4827,#4828);
#4827 = CARTESIAN_POINT('',(0.,0.));
#4828 = VECTOR('',#4829,1.);
#4829 = DIRECTION('',(1.,0.));
#4830 = ( GEOMETRIC_REPRESENTATION_CONTEXT(2) 
PARAMETRIC_REPRESENTATION_CONTEXT() REPRESENTATION_CONTEXT('2D SPACE',''
  ) );
#4831 = ORIENTED_EDGE('',*,*,#4832,.F.);
#4832 = EDGE_CURVE('',#4786,#4810,#4833,.T.);
#4833 = SURFACE_CURVE('',#4834,(#4838,#4845),.PCURVE_S1.);
#4834 = LINE('',#4835,#4836);
#4835 = CARTESIAN_POINT('',(160.25,-14.5,15.5));
#4836 = VECTOR('',#4837,1.);
#4837 = DIRECTION('',(-0.,1.,0.));
#4838 = PCURVE('',#4454,#4839);
#4839 = DEFINITIONAL_REPRESENTATION('',(#4840),#4844);
#4840 = LINE('',#4841,#4842);
#4841 = CARTESIAN_POINT('',(3.5,0.));
#4842 = VECTOR('',#4843,1.);
#4843 = DIRECTION('',(0.,-1.));
#4844 = ( GEOMETRIC_REPRESENTATION_CONTEXT(2) 
PARAMETRIC_REPRESENTATION_CONTEXT() REPRESENTATION_CONTEXT('2D SPACE',''
  ) );
#4845 = PCURVE('',#4846,#4851);
#4846 = PLANE('',#4847);
#4847 = AXIS2_PLACEMENT_3D('',#4848,#4849,#4850);
#4848 = CARTESIAN_POINT('',(160.25,-14.5,15.5));
#4849 = DIRECTION('',(0.,0.,1.));
#4850 = DIRECTION('',(1.,0.,-0.));
#4851 = DEFINITIONAL_REPRESENTATION('',(#4852),#4856);
#4852 = LINE('',#4853,#4854);
#4853 = CARTESIAN_POINT('',(0.,0.));
#4854 = VECTOR('',#4855,1.);
#4855 = DIRECTION('',(0.,1.));
#4856 = ( GEOMETRIC_REPRESENTATION_CONTEXT(2) 
PARAMETRIC_REPRESENTATION_CONTEXT() REPRESENTATION_CONTEXT('2D SPACE',''
  ) );
#4857 = FACE_BOUND('',#4858,.F.);
#4858 = EDGE_LOOP('',(#4859));
#4859 = ORIENTED_EDGE('',*,*,#4860,.F.);
#4860 = EDGE_CURVE('',#4861,#4861,#4863,.T.);
#4861 = VERTEX_POINT('',#4862);
#4862 = CARTESIAN_POINT('',(160.25,-12.,13.));
#4863 = SURFACE_CURVE('',#4864,(#4869,#4876),.PCURVE_S1.);
#4864 = CIRCLE('',#4865,1.);
#4865 = AXIS2_PLACEMENT_3D('',#4866,#4867,#4868);
#4866 = CARTESIAN_POINT('',(160.25,-12.,14.));
#4867 = DIRECTION('',(1.,0.,2.22044604925E-16));
#4868 = DIRECTION('',(2.22044604925E-16,0.,-1.));
#4869 = PCURVE('',#4454,#4870);
#4870 = DEFINITIONAL_REPRESENTATION('',(#4871),#4875);
#4871 = CIRCLE('',#4872,1.);
#4872 = AXIS2_PLACEMENT_2D('',#4873,#4874);
#4873 = CARTESIAN_POINT('',(2.,-2.5));
#4874 = DIRECTION('',(-1.,0.));
#4875 = ( GEOMETRIC_REPRESENTATION_CONTEXT(2) 
PARAMETRIC_REPRESENTATION_CONTEXT() REPRESENTATION_CONTEXT('2D SPACE',''
  ) );
#4876 = PCURVE('',#4877,#4882);
#4877 = CYLINDRICAL_SURFACE('',#4878,1.);
#4878 = AXIS2_PLACEMENT_3D('',#4879,#4880,#4881);
#4879 = CARTESIAN_POINT('',(156.25,-12.,14.));
#4880 = DIRECTION('',(1.,0.,2.22044604925E-16));
#4881 = DIRECTION('',(2.22044604925E-16,0.,-1.));
#4882 = DEFINITIONAL_REPRESENTATION('',(#4883),#4887);
#4883 = LINE('',#4884,#4885);
#4884 = CARTESIAN_POINT('',(0.,4.));
#4885 = VECTOR('',#4886,1.);
#4886 = DIRECTION('',(1.,0.));
#4887 = ( GEOMETRIC_REPRESENTATION_CONTEXT(2) 
PARAMETRIC_REPRESENTATION_CONTEXT() REPRESENTATION_CONTEXT('2D SPACE',''
  ) );
#4888 = ADVANCED_FACE('',(#4889),#4534,.F.);
#4889 = FACE_BOUND('',#4890,.F.);
#4890 = EDGE_LOOP('',(#4891,#4914,#4915,#4916));
#4891 = ORIENTED_EDGE('',*,*,#4892,.F.);
#4892 = EDGE_CURVE('',#4493,#4893,#4895,.T.);
#4893 = VERTEX_POINT('',#4894);
#4894 = CARTESIAN_POINT('',(168.25,-14.5,15.5));
#4895 = SURFACE_CURVE('',#4896,(#4900,#4907),.PCURVE_S1.);
#4896 = LINE('',#4897,#4898);
#4897 = CARTESIAN_POINT('',(168.25,-14.5,12.));
#4898 = VECTOR('',#4899,1.);
#4899 = DIRECTION('',(0.,0.,1.));
#4900 = PCURVE('',#4534,#4901);
#4901 = DEFINITIONAL_REPRESENTATION('',(#4902),#4906);
#4902 = LINE('',#4903,#4904);
#4903 = CARTESIAN_POINT('',(0.,8.));
#4904 = VECTOR('',#4905,1.);
#4905 = DIRECTION('',(1.,0.));
#4906 = ( GEOMETRIC_REPRESENTATION_CONTEXT(2) 
PARAMETRIC_REPRESENTATION_CONTEXT() REPRESENTATION_CONTEXT('2D SPACE',''
  ) );
#4907 = PCURVE('',#4509,#4908);
#4908 = DEFINITIONAL_REPRESENTATION('',(#4909),#4913);
#4909 = LINE('',#4910,#4911);
#4910 = CARTESIAN_POINT('',(0.,0.));
#4911 = VECTOR('',#4912,1.);
#4912 = DIRECTION('',(1.,0.));
#4913 = ( GEOMETRIC_REPRESENTATION_CONTEXT(2) 
PARAMETRIC_REPRESENTATION_CONTEXT() REPRESENTATION_CONTEXT('2D SPACE',''
  ) );
#4914 = ORIENTED_EDGE('',*,*,#4521,.F.);
#4915 = ORIENTED_EDGE('',*,*,#4785,.T.);
#4916 = ORIENTED_EDGE('',*,*,#4917,.T.);
#4917 = EDGE_CURVE('',#4786,#4893,#4918,.T.);
#4918 = SURFACE_CURVE('',#4919,(#4923,#4930),.PCURVE_S1.);
#4919 = LINE('',#4920,#4921);
#4920 = CARTESIAN_POINT('',(160.25,-14.5,15.5));
#4921 = VECTOR('',#4922,1.);
#4922 = DIRECTION('',(1.,0.,-0.));
#4923 = PCURVE('',#4534,#4924);
#4924 = DEFINITIONAL_REPRESENTATION('',(#4925),#4929);
#4925 = LINE('',#4926,#4927);
#4926 = CARTESIAN_POINT('',(3.5,0.));
#4927 = VECTOR('',#4928,1.);
#4928 = DIRECTION('',(0.,1.));
#4929 = ( GEOMETRIC_REPRESENTATION_CONTEXT(2) 
PARAMETRIC_REPRESENTATION_CONTEXT() REPRESENTATION_CONTEXT('2D SPACE',''
  ) );
#4930 = PCURVE('',#4846,#4931);
#4931 = DEFINITIONAL_REPRESENTATION('',(#4932),#4936);
#4932 = LINE('',#4933,#4934);
#4933 = CARTESIAN_POINT('',(0.,0.));
#4934 = VECTOR('',#4935,1.);
#4935 = DIRECTION('',(1.,0.));
#4936 = ( GEOMETRIC_REPRESENTATION_CONTEXT(2) 
PARAMETRIC_REPRESENTATION_CONTEXT() REPRESENTATION_CONTEXT('2D SPACE',''
  ) );
#4937 = ADVANCED_FACE('',(#4938,#4986),#4509,.T.);
#4938 = FACE_BOUND('',#4939,.T.);
#4939 = EDGE_LOOP('',(#4940,#4941,#4942,#4965));
#4940 = ORIENTED_EDGE('',*,*,#4892,.F.);
#4941 = ORIENTED_EDGE('',*,*,#4492,.F.);
#4942 = ORIENTED_EDGE('',*,*,#4943,.T.);
#4943 = EDGE_CURVE('',#4467,#4944,#4946,.T.);
#4944 = VERTEX_POINT('',#4945);
#4945 = CARTESIAN_POINT('',(168.25,-9.5,15.5));
#4946 = SURFACE_CURVE('',#4947,(#4951,#4958),.PCURVE_S1.);
#4947 = LINE('',#4948,#4949);
#4948 = CARTESIAN_POINT('',(168.25,-9.5,12.));
#4949 = VECTOR('',#4950,1.);
#4950 = DIRECTION('',(0.,0.,1.));
#4951 = PCURVE('',#4509,#4952);
#4952 = DEFINITIONAL_REPRESENTATION('',(#4953),#4957);
#4953 = LINE('',#4954,#4955);
#4954 = CARTESIAN_POINT('',(0.,-5.));
#4955 = VECTOR('',#4956,1.);
#4956 = DIRECTION('',(1.,0.));
#4957 = ( GEOMETRIC_REPRESENTATION_CONTEXT(2) 
PARAMETRIC_REPRESENTATION_CONTEXT() REPRESENTATION_CONTEXT('2D SPACE',''
  ) );
#4958 = PCURVE('',#4481,#4959);
#4959 = DEFINITIONAL_REPRESENTATION('',(#4960),#4964);
#4960 = LINE('',#4961,#4962);
#4961 = CARTESIAN_POINT('',(0.,8.));
#4962 = VECTOR('',#4963,1.);
#4963 = DIRECTION('',(1.,0.));
#4964 = ( GEOMETRIC_REPRESENTATION_CONTEXT(2) 
PARAMETRIC_REPRESENTATION_CONTEXT() REPRESENTATION_CONTEXT('2D SPACE',''
  ) );
#4965 = ORIENTED_EDGE('',*,*,#4966,.F.);
#4966 = EDGE_CURVE('',#4893,#4944,#4967,.T.);
#4967 = SURFACE_CURVE('',#4968,(#4972,#4979),.PCURVE_S1.);
#4968 = LINE('',#4969,#4970);
#4969 = CARTESIAN_POINT('',(168.25,-14.5,15.5));
#4970 = VECTOR('',#4971,1.);
#4971 = DIRECTION('',(-0.,1.,0.));
#4972 = PCURVE('',#4509,#4973);
#4973 = DEFINITIONAL_REPRESENTATION('',(#4974),#4978);
#4974 = LINE('',#4975,#4976);
#4975 = CARTESIAN_POINT('',(3.5,0.));
#4976 = VECTOR('',#4977,1.);
#4977 = DIRECTION('',(0.,-1.));
#4978 = ( GEOMETRIC_REPRESENTATION_CONTEXT(2) 
PARAMETRIC_REPRESENTATION_CONTEXT() REPRESENTATION_CONTEXT('2D SPACE',''
  ) );
#4979 = PCURVE('',#4846,#4980);
#4980 = DEFINITIONAL_REPRESENTATION('',(#4981),#4985);
#4981 = LINE('',#4982,#4983);
#4982 = CARTESIAN_POINT('',(8.,0.));
#4983 = VECTOR('',#4984,1.);
#4984 = DIRECTION('',(0.,1.));
#4985 = ( GEOMETRIC_REPRESENTATION_CONTEXT(2) 
PARAMETRIC_REPRESENTATION_CONTEXT() REPRESENTATION_CONTEXT('2D SPACE',''
  ) );
#4986 = FACE_BOUND('',#4987,.T.);
#4987 = EDGE_LOOP('',(#4988));
#4988 = ORIENTED_EDGE('',*,*,#4989,.F.);
#4989 = EDGE_CURVE('',#4990,#4990,#4992,.T.);
#4990 = VERTEX_POINT('',#4991);
#4991 = CARTESIAN_POINT('',(168.25,-12.,13.));
#4992 = SURFACE_CURVE('',#4993,(#4998,#5005),.PCURVE_S1.);
#4993 = CIRCLE('',#4994,1.);
#4994 = AXIS2_PLACEMENT_3D('',#4995,#4996,#4997);
#4995 = CARTESIAN_POINT('',(168.25,-12.,14.));
#4996 = DIRECTION('',(1.,0.,2.22044604925E-16));
#4997 = DIRECTION('',(2.22044604925E-16,0.,-1.));
#4998 = PCURVE('',#4509,#4999);
#4999 = DEFINITIONAL_REPRESENTATION('',(#5000),#5004);
#5000 = CIRCLE('',#5001,1.);
#5001 = AXIS2_PLACEMENT_2D('',#5002,#5003);
#5002 = CARTESIAN_POINT('',(2.,-2.5));
#5003 = DIRECTION('',(-1.,0.));
#5004 = ( GEOMETRIC_REPRESENTATION_CONTEXT(2) 
PARAMETRIC_REPRESENTATION_CONTEXT() REPRESENTATION_CONTEXT('2D SPACE',''
  ) );
#5005 = PCURVE('',#4877,#5006);
#5006 = DEFINITIONAL_REPRESENTATION('',(#5007),#5011);
#5007 = LINE('',#5008,#5009);
#5008 = CARTESIAN_POINT('',(0.,12.));
#5009 = VECTOR('',#5010,1.);
#5010 = DIRECTION('',(1.,0.));
#5011 = ( GEOMETRIC_REPRESENTATION_CONTEXT(2) 
PARAMETRIC_REPRESENTATION_CONTEXT() REPRESENTATION_CONTEXT('2D SPACE',''
  ) );
#5012 = ADVANCED_FACE('',(#5013),#4481,.T.);
#5013 = FACE_BOUND('',#5014,.T.);
#5014 = EDGE_LOOP('',(#5015,#5016,#5017,#5018));
#5015 = ORIENTED_EDGE('',*,*,#4943,.F.);
#5016 = ORIENTED_EDGE('',*,*,#4466,.F.);
#5017 = ORIENTED_EDGE('',*,*,#4809,.T.);
#5018 = ORIENTED_EDGE('',*,*,#5019,.T.);
#5019 = EDGE_CURVE('',#4810,#4944,#5020,.T.);
#5020 = SURFACE_CURVE('',#5021,(#5025,#5032),.PCURVE_S1.);
#5021 = LINE('',#5022,#5023);
#5022 = CARTESIAN_POINT('',(160.25,-9.5,15.5));
#5023 = VECTOR('',#5024,1.);
#5024 = DIRECTION('',(1.,0.,-0.));
#5025 = PCURVE('',#4481,#5026);
#5026 = DEFINITIONAL_REPRESENTATION('',(#5027),#5031);
#5027 = LINE('',#5028,#5029);
#5028 = CARTESIAN_POINT('',(3.5,0.));
#5029 = VECTOR('',#5030,1.);
#5030 = DIRECTION('',(0.,1.));
#5031 = ( GEOMETRIC_REPRESENTATION_CONTEXT(2) 
PARAMETRIC_REPRESENTATION_CONTEXT() REPRESENTATION_CONTEXT('2D SPACE',''
  ) );
#5032 = PCURVE('',#4846,#5033);
#5033 = DEFINITIONAL_REPRESENTATION('',(#5034),#5038);
#5034 = LINE('',#5035,#5036);
#5035 = CARTESIAN_POINT('',(0.,5.));
#5036 = VECTOR('',#5037,1.);
#5037 = DIRECTION('',(1.,0.));
#5038 = ( GEOMETRIC_REPRESENTATION_CONTEXT(2) 
PARAMETRIC_REPRESENTATION_CONTEXT() REPRESENTATION_CONTEXT('2D SPACE',''
  ) );
#5039 = ADVANCED_FACE('',(#5040),#4846,.T.);
#5040 = FACE_BOUND('',#5041,.T.);
#5041 = EDGE_LOOP('',(#5042,#5043,#5044,#5045));
#5042 = ORIENTED_EDGE('',*,*,#4832,.F.);
#5043 = ORIENTED_EDGE('',*,*,#4917,.T.);
#5044 = ORIENTED_EDGE('',*,*,#4966,.T.);
#5045 = ORIENTED_EDGE('',*,*,#5019,.F.);
#5046 = ADVANCED_FACE('',(#5047),#4877,.F.);
#5047 = FACE_BOUND('',#5048,.F.);
#5048 = EDGE_LOOP('',(#5049,#5050,#5071,#5072));
#5049 = ORIENTED_EDGE('',*,*,#4989,.F.);
#5050 = ORIENTED_EDGE('',*,*,#5051,.F.);
#5051 = EDGE_CURVE('',#4861,#4990,#5052,.T.);
#5052 = SEAM_CURVE('',#5053,(#5057,#5064),.PCURVE_S1.);
#5053 = LINE('',#5054,#5055);
#5054 = CARTESIAN_POINT('',(156.25,-12.,13.));
#5055 = VECTOR('',#5056,1.);
#5056 = DIRECTION('',(1.,0.,2.22044604925E-16));
#5057 = PCURVE('',#4877,#5058);
#5058 = DEFINITIONAL_REPRESENTATION('',(#5059),#5063);
#5059 = LINE('',#5060,#5061);
#5060 = CARTESIAN_POINT('',(6.28318530718,-0.));
#5061 = VECTOR('',#5062,1.);
#5062 = DIRECTION('',(0.,1.));
#5063 = ( GEOMETRIC_REPRESENTATION_CONTEXT(2) 
PARAMETRIC_REPRESENTATION_CONTEXT() REPRESENTATION_CONTEXT('2D SPACE',''
  ) );
#5064 = PCURVE('',#4877,#5065);
#5065 = DEFINITIONAL_REPRESENTATION('',(#5066),#5070);
#5066 = LINE('',#5067,#5068);
#5067 = CARTESIAN_POINT('',(0.,-0.));
#5068 = VECTOR('',#5069,1.);
#5069 = DIRECTION('',(0.,1.));
#5070 = ( GEOMETRIC_REPRESENTATION_CONTEXT(2) 
PARAMETRIC_REPRESENTATION_CONTEXT() REPRESENTATION_CONTEXT('2D SPACE',''
  ) );
#5071 = ORIENTED_EDGE('',*,*,#4860,.T.);
#5072 = ORIENTED_EDGE('',*,*,#5051,.T.);
#5073 = MANIFOLD_SOLID_BREP('',#5074);
#5074 = CLOSED_SHELL('',(#5075,#5197,#5272,#5682,#5730,#6042,#6068,#6093
    ,#6230,#6256,#6263,#6307,#6333,#6358,#6383,#6409,#6435,#6460,#6467,
    #6574,#6623,#6698,#6725,#6732));
#5075 = ADVANCED_FACE('',(#5076),#5090,.T.);
#5076 = FACE_BOUND('',#5077,.T.);
#5077 = EDGE_LOOP('',(#5078,#5111,#5144,#5170));
#5078 = ORIENTED_EDGE('',*,*,#5079,.T.);
#5079 = EDGE_CURVE('',#5080,#5082,#5084,.T.);
#5080 = VERTEX_POINT('',#5081);
#5081 = CARTESIAN_POINT('',(142.75,-24.56083977753,-5.784729386248));
#5082 = VERTEX_POINT('',#5083);
#5083 = CARTESIAN_POINT('',(156.,-24.56083977753,-5.784729386248));
#5084 = SURFACE_CURVE('',#5085,(#5089,#5100),.PCURVE_S1.);
#5085 = LINE('',#5086,#5087);
#5086 = CARTESIAN_POINT('',(142.75,-24.56083977753,-5.784729386248));
#5087 = VECTOR('',#5088,1.);
#5088 = DIRECTION('',(1.,0.,2.22044604925E-16));
#5089 = PCURVE('',#5090,#5095);
#5090 = CYLINDRICAL_SURFACE('',#5091,11.5);
#5091 = AXIS2_PLACEMENT_3D('',#5092,#5093,#5094);
#5092 = CARTESIAN_POINT('',(142.75,-34.5,-1.471045507628E-15));
#5093 = DIRECTION('',(1.,0.,2.22044604925E-16));
#5094 = DIRECTION('',(2.22044604925E-16,0.,-1.));
#5095 = DEFINITIONAL_REPRESENTATION('',(#5096),#5099);
#5096 = B_SPLINE_CURVE_WITH_KNOTS('',1,(#5097,#5098),.UNSPECIFIED.,.F.,
  .F.,(2,2),(-5.285368064981E-29,13.25),.PIECEWISE_BEZIER_KNOTS.);
#5097 = CARTESIAN_POINT('',(7.326892199872,-1.284467951168E-15));
#5098 = CARTESIAN_POINT('',(7.326892199872,13.25));
#5099 = ( GEOMETRIC_REPRESENTATION_CONTEXT(2) 
PARAMETRIC_REPRESENTATION_CONTEXT() REPRESENTATION_CONTEXT('2D SPACE',''
  ) );
#5100 = PCURVE('',#5101,#5106);
#5101 = PLANE('',#5102);
#5102 = AXIS2_PLACEMENT_3D('',#5103,#5104,#5105);
#5103 = CARTESIAN_POINT('',(142.75,-34.5,0.));
#5104 = DIRECTION('',(0.,0.50301994663,0.864274801954));
#5105 = DIRECTION('',(0.,0.864274801954,-0.50301994663));
#5106 = DEFINITIONAL_REPRESENTATION('',(#5107),#5110);
#5107 = B_SPLINE_CURVE_WITH_KNOTS('',1,(#5108,#5109),.UNSPECIFIED.,.F.,
  .F.,(2,2),(-5.999999928008E-07,13.2500006),.PIECEWISE_BEZIER_KNOTS.);
#5108 = CARTESIAN_POINT('',(11.5,5.999999928008E-07));
#5109 = CARTESIAN_POINT('',(11.5,-13.2500006));
#5110 = ( GEOMETRIC_REPRESENTATION_CONTEXT(2) 
PARAMETRIC_REPRESENTATION_CONTEXT() REPRESENTATION_CONTEXT('2D SPACE',''
  ) );
#5111 = ORIENTED_EDGE('',*,*,#5112,.T.);
#5112 = EDGE_CURVE('',#5082,#5113,#5115,.T.);
#5113 = VERTEX_POINT('',#5114);
#5114 = CARTESIAN_POINT('',(156.,-44.43916022246,-5.784729386248));
#5115 = SURFACE_CURVE('',#5116,(#5121,#5128),.PCURVE_S1.);
#5116 = CIRCLE('',#5117,11.5);
#5117 = AXIS2_PLACEMENT_3D('',#5118,#5119,#5120);
#5118 = CARTESIAN_POINT('',(156.,-34.5,1.471045507628E-15));
#5119 = DIRECTION('',(-1.,0.,-0.));
#5120 = DIRECTION('',(0.,0.864274801954,-0.50301994663));
#5121 = PCURVE('',#5090,#5122);
#5122 = DEFINITIONAL_REPRESENTATION('',(#5123),#5127);
#5123 = LINE('',#5124,#5125);
#5124 = CARTESIAN_POINT('',(7.326892199872,13.25));
#5125 = VECTOR('',#5126,1.);
#5126 = DIRECTION('',(-1.,-0.));
#5127 = ( GEOMETRIC_REPRESENTATION_CONTEXT(2) 
PARAMETRIC_REPRESENTATION_CONTEXT() REPRESENTATION_CONTEXT('2D SPACE',''
  ) );
#5128 = PCURVE('',#5129,#5134);
#5129 = PLANE('',#5130);
#5130 = AXIS2_PLACEMENT_3D('',#5131,#5132,#5133);
#5131 = CARTESIAN_POINT('',(156.,-34.5,1.471045507628E-15));
#5132 = DIRECTION('',(1.,0.,2.22044604925E-16));
#5133 = DIRECTION('',(2.22044604925E-16,0.,-1.));
#5134 = DEFINITIONAL_REPRESENTATION('',(#5135),#5143);
#5135 = ( BOUNDED_CURVE() B_SPLINE_CURVE(2,(#5136,#5137,#5138,#5139,
#5140,#5141,#5142),.UNSPECIFIED.,.T.,.F.) B_SPLINE_CURVE_WITH_KNOTS((1,2
    ,2,2,2,1),(-2.094395102393,0.,2.094395102393,4.188790204786,
6.28318530718,8.377580409573),.UNSPECIFIED.) CURVE() 
GEOMETRIC_REPRESENTATION_ITEM() RATIONAL_B_SPLINE_CURVE((1.,0.5,1.,0.5,
1.,0.5,1.)) REPRESENTATION_ITEM('') );
#5136 = CARTESIAN_POINT('',(5.784729386248,9.939160222467));
#5137 = CARTESIAN_POINT('',(22.999859876129,-8.02849825507E-02));
#5138 = CARTESIAN_POINT('',(5.715200551817,-9.979302713743));
#5139 = CARTESIAN_POINT('',(-11.56945877249,-19.87832044493));
#5140 = CARTESIAN_POINT('',(-11.49992993806,4.014249127534E-02));
#5141 = CARTESIAN_POINT('',(-11.43040110363,19.958605427486));
#5142 = CARTESIAN_POINT('',(5.784729386248,9.939160222467));
#5143 = ( GEOMETRIC_REPRESENTATION_CONTEXT(2) 
PARAMETRIC_REPRESENTATION_CONTEXT() REPRESENTATION_CONTEXT('2D SPACE',''
  ) );
#5144 = ORIENTED_EDGE('',*,*,#5145,.F.);
#5145 = EDGE_CURVE('',#5146,#5113,#5148,.T.);
#5146 = VERTEX_POINT('',#5147);
#5147 = CARTESIAN_POINT('',(142.75,-44.43916022246,-5.784729386248));
#5148 = SURFACE_CURVE('',#5149,(#5153,#5159),.PCURVE_S1.);
#5149 = LINE('',#5150,#5151);
#5150 = CARTESIAN_POINT('',(142.75,-44.43916022246,-5.784729386248));
#5151 = VECTOR('',#5152,1.);
#5152 = DIRECTION('',(1.,0.,2.22044604925E-16));
#5153 = PCURVE('',#5090,#5154);
#5154 = DEFINITIONAL_REPRESENTATION('',(#5155),#5158);
#5155 = B_SPLINE_CURVE_WITH_KNOTS('',1,(#5156,#5157),.UNSPECIFIED.,.F.,
  .F.,(2,2),(-5.999999928008E-07,13.2500006),.PIECEWISE_BEZIER_KNOTS.);
#5156 = CARTESIAN_POINT('',(5.239478414487,-5.999999940853E-07));
#5157 = CARTESIAN_POINT('',(5.239478414487,13.2500006));
#5158 = ( GEOMETRIC_REPRESENTATION_CONTEXT(2) 
PARAMETRIC_REPRESENTATION_CONTEXT() REPRESENTATION_CONTEXT('2D SPACE',''
  ) );
#5159 = PCURVE('',#5160,#5165);
#5160 = PLANE('',#5161);
#5161 = AXIS2_PLACEMENT_3D('',#5162,#5163,#5164);
#5162 = CARTESIAN_POINT('',(142.75,-48.76270651152,-8.301093416133));
#5163 = DIRECTION('',(0.,-0.50301994663,0.864274801954));
#5164 = DIRECTION('',(0.,0.864274801954,0.50301994663));
#5165 = DEFINITIONAL_REPRESENTATION('',(#5166),#5169);
#5166 = B_SPLINE_CURVE_WITH_KNOTS('',1,(#5167,#5168),.UNSPECIFIED.,.F.,
  .F.,(2,2),(-5.999999928008E-07,13.2500006),.PIECEWISE_BEZIER_KNOTS.);
#5167 = CARTESIAN_POINT('',(5.002513412724,5.999999928008E-07));
#5168 = CARTESIAN_POINT('',(5.002513412724,-13.2500006));
#5169 = ( GEOMETRIC_REPRESENTATION_CONTEXT(2) 
PARAMETRIC_REPRESENTATION_CONTEXT() REPRESENTATION_CONTEXT('2D SPACE',''
  ) );
#5170 = ORIENTED_EDGE('',*,*,#5171,.T.);
#5171 = EDGE_CURVE('',#5146,#5080,#5172,.T.);
#5172 = SURFACE_CURVE('',#5173,(#5178,#5185),.PCURVE_S1.);
#5173 = CIRCLE('',#5174,11.5);
#5174 = AXIS2_PLACEMENT_3D('',#5175,#5176,#5177);
#5175 = CARTESIAN_POINT('',(142.75,-34.5,-1.471045507628E-15));
#5176 = DIRECTION('',(1.,0.,0.));
#5177 = DIRECTION('',(0.,-0.864274801954,-0.50301994663));
#5178 = PCURVE('',#5090,#5179);
#5179 = DEFINITIONAL_REPRESENTATION('',(#5180),#5184);
#5180 = LINE('',#5181,#5182);
#5181 = CARTESIAN_POINT('',(5.239478414487,0.));
#5182 = VECTOR('',#5183,1.);
#5183 = DIRECTION('',(1.,0.));
#5184 = ( GEOMETRIC_REPRESENTATION_CONTEXT(2) 
PARAMETRIC_REPRESENTATION_CONTEXT() REPRESENTATION_CONTEXT('2D SPACE',''
  ) );
#5185 = PCURVE('',#5186,#5191);
#5186 = PLANE('',#5187);
#5187 = AXIS2_PLACEMENT_3D('',#5188,#5189,#5190);
#5188 = CARTESIAN_POINT('',(142.75,-34.5,-1.471045507628E-15));
#5189 = DIRECTION('',(1.,0.,2.22044604925E-16));
#5190 = DIRECTION('',(2.22044604925E-16,0.,-1.));
#5191 = DEFINITIONAL_REPRESENTATION('',(#5192),#5196);
#5192 = CIRCLE('',#5193,11.5);
#5193 = AXIS2_PLACEMENT_2D('',#5194,#5195);
#5194 = CARTESIAN_POINT('',(0.,0.));
#5195 = DIRECTION('',(0.50301994663,-0.864274801954));
#5196 = ( GEOMETRIC_REPRESENTATION_CONTEXT(2) 
PARAMETRIC_REPRESENTATION_CONTEXT() REPRESENTATION_CONTEXT('2D SPACE',''
  ) );
#5197 = ADVANCED_FACE('',(#5198),#5101,.T.);
#5198 = FACE_BOUND('',#5199,.T.);
#5199 = EDGE_LOOP('',(#5200,#5223,#5250,#5271));
#5200 = ORIENTED_EDGE('',*,*,#5201,.F.);
#5201 = EDGE_CURVE('',#5202,#5080,#5204,.T.);
#5202 = VERTEX_POINT('',#5203);
#5203 = CARTESIAN_POINT('',(142.75,-27.15366418339,-4.275669546357));
#5204 = SURFACE_CURVE('',#5205,(#5209,#5216),.PCURVE_S1.);
#5205 = LINE('',#5206,#5207);
#5206 = CARTESIAN_POINT('',(142.75,-34.5,0.));
#5207 = VECTOR('',#5208,1.);
#5208 = DIRECTION('',(0.,0.864274801954,-0.50301994663));
#5209 = PCURVE('',#5101,#5210);
#5210 = DEFINITIONAL_REPRESENTATION('',(#5211),#5215);
#5211 = LINE('',#5212,#5213);
#5212 = CARTESIAN_POINT('',(0.,0.));
#5213 = VECTOR('',#5214,1.);
#5214 = DIRECTION('',(1.,0.));
#5215 = ( GEOMETRIC_REPRESENTATION_CONTEXT(2) 
PARAMETRIC_REPRESENTATION_CONTEXT() REPRESENTATION_CONTEXT('2D SPACE',''
  ) );
#5216 = PCURVE('',#5186,#5217);
#5217 = DEFINITIONAL_REPRESENTATION('',(#5218),#5222);
#5218 = LINE('',#5219,#5220);
#5219 = CARTESIAN_POINT('',(-1.471045507628E-15,0.));
#5220 = VECTOR('',#5221,1.);
#5221 = DIRECTION('',(0.50301994663,0.864274801954));
#5222 = ( GEOMETRIC_REPRESENTATION_CONTEXT(2) 
PARAMETRIC_REPRESENTATION_CONTEXT() REPRESENTATION_CONTEXT('2D SPACE',''
  ) );
#5223 = ORIENTED_EDGE('',*,*,#5224,.T.);
#5224 = EDGE_CURVE('',#5202,#5225,#5227,.T.);
#5225 = VERTEX_POINT('',#5226);
#5226 = CARTESIAN_POINT('',(156.,-27.15366418339,-4.275669546357));
#5227 = SURFACE_CURVE('',#5228,(#5232,#5239),.PCURVE_S1.);
#5228 = LINE('',#5229,#5230);
#5229 = CARTESIAN_POINT('',(142.75,-27.15366418339,-4.275669546357));
#5230 = VECTOR('',#5231,1.);
#5231 = DIRECTION('',(1.,0.,2.22044604925E-16));
#5232 = PCURVE('',#5101,#5233);
#5233 = DEFINITIONAL_REPRESENTATION('',(#5234),#5238);
#5234 = LINE('',#5235,#5236);
#5235 = CARTESIAN_POINT('',(8.5,0.));
#5236 = VECTOR('',#5237,1.);
#5237 = DIRECTION('',(-1.116928653189E-16,-1.));
#5238 = ( GEOMETRIC_REPRESENTATION_CONTEXT(2) 
PARAMETRIC_REPRESENTATION_CONTEXT() REPRESENTATION_CONTEXT('2D SPACE',''
  ) );
#5239 = PCURVE('',#5240,#5245);
#5240 = CYLINDRICAL_SURFACE('',#5241,8.5);
#5241 = AXIS2_PLACEMENT_3D('',#5242,#5243,#5244);
#5242 = CARTESIAN_POINT('',(142.75,-34.5,-1.471045507628E-15));
#5243 = DIRECTION('',(1.,0.,2.22044604925E-16));
#5244 = DIRECTION('',(2.22044604925E-16,0.,-1.));
#5245 = DEFINITIONAL_REPRESENTATION('',(#5246),#5249);
#5246 = B_SPLINE_CURVE_WITH_KNOTS('',1,(#5247,#5248),.UNSPECIFIED.,.F.,
  .F.,(2,2),(-5.999999928008E-07,13.2500006),.PIECEWISE_BEZIER_KNOTS.);
#5247 = CARTESIAN_POINT('',(1.043706892693,-5.999999937502E-07));
#5248 = CARTESIAN_POINT('',(1.043706892693,13.2500006));
#5249 = ( GEOMETRIC_REPRESENTATION_CONTEXT(2) 
PARAMETRIC_REPRESENTATION_CONTEXT() REPRESENTATION_CONTEXT('2D SPACE',''
  ) );
#5250 = ORIENTED_EDGE('',*,*,#5251,.T.);
#5251 = EDGE_CURVE('',#5225,#5082,#5252,.T.);
#5252 = SURFACE_CURVE('',#5253,(#5257,#5264),.PCURVE_S1.);
#5253 = LINE('',#5254,#5255);
#5254 = CARTESIAN_POINT('',(156.,-34.5,0.));
#5255 = VECTOR('',#5256,1.);
#5256 = DIRECTION('',(0.,0.864274801954,-0.50301994663));
#5257 = PCURVE('',#5101,#5258);
#5258 = DEFINITIONAL_REPRESENTATION('',(#5259),#5263);
#5259 = LINE('',#5260,#5261);
#5260 = CARTESIAN_POINT('',(0.,-13.25));
#5261 = VECTOR('',#5262,1.);
#5262 = DIRECTION('',(1.,0.));
#5263 = ( GEOMETRIC_REPRESENTATION_CONTEXT(2) 
PARAMETRIC_REPRESENTATION_CONTEXT() REPRESENTATION_CONTEXT('2D SPACE',''
  ) );
#5264 = PCURVE('',#5129,#5265);
#5265 = DEFINITIONAL_REPRESENTATION('',(#5266),#5270);
#5266 = LINE('',#5267,#5268);
#5267 = CARTESIAN_POINT('',(1.471045507628E-15,0.));
#5268 = VECTOR('',#5269,1.);
#5269 = DIRECTION('',(0.50301994663,0.864274801954));
#5270 = ( GEOMETRIC_REPRESENTATION_CONTEXT(2) 
PARAMETRIC_REPRESENTATION_CONTEXT() REPRESENTATION_CONTEXT('2D SPACE',''
  ) );
#5271 = ORIENTED_EDGE('',*,*,#5079,.F.);
#5272 = ADVANCED_FACE('',(#5273,#5440),#5129,.T.);
#5273 = FACE_BOUND('',#5274,.T.);
#5274 = EDGE_LOOP('',(#5275,#5276,#5277,#5301,#5329,#5362,#5390,#5419));
#5275 = ORIENTED_EDGE('',*,*,#5112,.F.);
#5276 = ORIENTED_EDGE('',*,*,#5251,.F.);
#5277 = ORIENTED_EDGE('',*,*,#5278,.T.);
#5278 = EDGE_CURVE('',#5225,#5279,#5281,.T.);
#5279 = VERTEX_POINT('',#5280);
#5280 = CARTESIAN_POINT('',(156.,-27.15366418339,4.275669546357));
#5281 = SURFACE_CURVE('',#5282,(#5287,#5294),.PCURVE_S1.);
#5282 = CIRCLE('',#5283,8.5);
#5283 = AXIS2_PLACEMENT_3D('',#5284,#5285,#5286);
#5284 = CARTESIAN_POINT('',(156.,-34.5,1.471045507628E-15));
#5285 = DIRECTION('',(1.,-0.,2.22044604925E-16));
#5286 = DIRECTION('',(2.22044604925E-16,0.,-1.));
#5287 = PCURVE('',#5129,#5288);
#5288 = DEFINITIONAL_REPRESENTATION('',(#5289),#5293);
#5289 = CIRCLE('',#5290,8.5);
#5290 = AXIS2_PLACEMENT_2D('',#5291,#5292);
#5291 = CARTESIAN_POINT('',(0.,0.));
#5292 = DIRECTION('',(1.,0.));
#5293 = ( GEOMETRIC_REPRESENTATION_CONTEXT(2) 
PARAMETRIC_REPRESENTATION_CONTEXT() REPRESENTATION_CONTEXT('2D SPACE',''
  ) );
#5294 = PCURVE('',#5240,#5295);
#5295 = DEFINITIONAL_REPRESENTATION('',(#5296),#5300);
#5296 = LINE('',#5297,#5298);
#5297 = CARTESIAN_POINT('',(0.,13.25));
#5298 = VECTOR('',#5299,1.);
#5299 = DIRECTION('',(1.,0.));
#5300 = ( GEOMETRIC_REPRESENTATION_CONTEXT(2) 
PARAMETRIC_REPRESENTATION_CONTEXT() REPRESENTATION_CONTEXT('2D SPACE',''
  ) );
#5301 = ORIENTED_EDGE('',*,*,#5302,.F.);
#5302 = EDGE_CURVE('',#5303,#5279,#5305,.T.);
#5303 = VERTEX_POINT('',#5304);
#5304 = CARTESIAN_POINT('',(156.,-24.56083977753,5.784729386248));
#5305 = SURFACE_CURVE('',#5306,(#5310,#5317),.PCURVE_S1.);
#5306 = LINE('',#5307,#5308);
#5307 = CARTESIAN_POINT('',(156.,-20.23729348847,8.301093416133));
#5308 = VECTOR('',#5309,1.);
#5309 = DIRECTION('',(0.,-0.864274801954,-0.50301994663));
#5310 = PCURVE('',#5129,#5311);
#5311 = DEFINITIONAL_REPRESENTATION('',(#5312),#5316);
#5312 = LINE('',#5313,#5314);
#5313 = CARTESIAN_POINT('',(-8.301093416133,14.262706511521));
#5314 = VECTOR('',#5315,1.);
#5315 = DIRECTION('',(0.50301994663,-0.864274801954));
#5316 = ( GEOMETRIC_REPRESENTATION_CONTEXT(2) 
PARAMETRIC_REPRESENTATION_CONTEXT() REPRESENTATION_CONTEXT('2D SPACE',''
  ) );
#5317 = PCURVE('',#5318,#5323);
#5318 = PLANE('',#5319);
#5319 = AXIS2_PLACEMENT_3D('',#5320,#5321,#5322);
#5320 = CARTESIAN_POINT('',(142.75,-20.23729348847,8.301093416133));
#5321 = DIRECTION('',(0.,0.50301994663,-0.864274801954));
#5322 = DIRECTION('',(0.,-0.864274801954,-0.50301994663));
#5323 = DEFINITIONAL_REPRESENTATION('',(#5324),#5328);
#5324 = LINE('',#5325,#5326);
#5325 = CARTESIAN_POINT('',(0.,-13.25));
#5326 = VECTOR('',#5327,1.);
#5327 = DIRECTION('',(1.,0.));
#5328 = ( GEOMETRIC_REPRESENTATION_CONTEXT(2) 
PARAMETRIC_REPRESENTATION_CONTEXT() REPRESENTATION_CONTEXT('2D SPACE',''
  ) );
#5329 = ORIENTED_EDGE('',*,*,#5330,.F.);
#5330 = EDGE_CURVE('',#5331,#5303,#5333,.T.);
#5331 = VERTEX_POINT('',#5332);
#5332 = CARTESIAN_POINT('',(156.,-44.43916022246,5.784729386248));
#5333 = SURFACE_CURVE('',#5334,(#5339,#5350),.PCURVE_S1.);
#5334 = CIRCLE('',#5335,11.5);
#5335 = AXIS2_PLACEMENT_3D('',#5336,#5337,#5338);
#5336 = CARTESIAN_POINT('',(156.,-34.5,1.471045507628E-15));
#5337 = DIRECTION('',(-1.,0.,0.));
#5338 = DIRECTION('',(0.,-0.864274801954,0.50301994663));
#5339 = PCURVE('',#5129,#5340);
#5340 = DEFINITIONAL_REPRESENTATION('',(#5341),#5349);
#5341 = ( BOUNDED_CURVE() B_SPLINE_CURVE(2,(#5342,#5343,#5344,#5345,
#5346,#5347,#5348),.UNSPECIFIED.,.T.,.F.) B_SPLINE_CURVE_WITH_KNOTS((1,2
    ,2,2,2,1),(-2.094395102393,0.,2.094395102393,4.188790204786,
6.28318530718,8.377580409573),.UNSPECIFIED.) CURVE() 
GEOMETRIC_REPRESENTATION_ITEM() RATIONAL_B_SPLINE_CURVE((1.,0.5,1.,0.5,
1.,0.5,1.)) REPRESENTATION_ITEM('') );
#5342 = CARTESIAN_POINT('',(-5.784729386248,-9.939160222467));
#5343 = CARTESIAN_POINT('',(-22.99985987612,8.028498255069E-02));
#5344 = CARTESIAN_POINT('',(-5.715200551817,9.979302713743));
#5345 = CARTESIAN_POINT('',(11.569458772496,19.878320444935));
#5346 = CARTESIAN_POINT('',(11.499929938065,-4.014249127534E-02));
#5347 = CARTESIAN_POINT('',(11.430401103633,-19.95860542748));
#5348 = CARTESIAN_POINT('',(-5.784729386248,-9.939160222467));
#5349 = ( GEOMETRIC_REPRESENTATION_CONTEXT(2) 
PARAMETRIC_REPRESENTATION_CONTEXT() REPRESENTATION_CONTEXT('2D SPACE',''
  ) );
#5350 = PCURVE('',#5351,#5356);
#5351 = CYLINDRICAL_SURFACE('',#5352,11.5);
#5352 = AXIS2_PLACEMENT_3D('',#5353,#5354,#5355);
#5353 = CARTESIAN_POINT('',(142.75,-34.5,-1.471045507628E-15));
#5354 = DIRECTION('',(1.,0.,2.22044604925E-16));
#5355 = DIRECTION('',(2.22044604925E-16,0.,-1.));
#5356 = DEFINITIONAL_REPRESENTATION('',(#5357),#5361);
#5357 = LINE('',#5358,#5359);
#5358 = CARTESIAN_POINT('',(4.185299546282,13.25));
#5359 = VECTOR('',#5360,1.);
#5360 = DIRECTION('',(-1.,-0.));
#5361 = ( GEOMETRIC_REPRESENTATION_CONTEXT(2) 
PARAMETRIC_REPRESENTATION_CONTEXT() REPRESENTATION_CONTEXT('2D SPACE',''
  ) );
#5362 = ORIENTED_EDGE('',*,*,#5363,.F.);
#5363 = EDGE_CURVE('',#5364,#5331,#5366,.T.);
#5364 = VERTEX_POINT('',#5365);
#5365 = CARTESIAN_POINT('',(156.,-41.8463358166,4.275669546357));
#5366 = SURFACE_CURVE('',#5367,(#5371,#5378),.PCURVE_S1.);
#5367 = LINE('',#5368,#5369);
#5368 = CARTESIAN_POINT('',(156.,-34.5,0.));
#5369 = VECTOR('',#5370,1.);
#5370 = DIRECTION('',(0.,-0.864274801954,0.50301994663));
#5371 = PCURVE('',#5129,#5372);
#5372 = DEFINITIONAL_REPRESENTATION('',(#5373),#5377);
#5373 = LINE('',#5374,#5375);
#5374 = CARTESIAN_POINT('',(1.471045507628E-15,0.));
#5375 = VECTOR('',#5376,1.);
#5376 = DIRECTION('',(-0.50301994663,-0.864274801954));
#5377 = ( GEOMETRIC_REPRESENTATION_CONTEXT(2) 
PARAMETRIC_REPRESENTATION_CONTEXT() REPRESENTATION_CONTEXT('2D SPACE',''
  ) );
#5378 = PCURVE('',#5379,#5384);
#5379 = PLANE('',#5380);
#5380 = AXIS2_PLACEMENT_3D('',#5381,#5382,#5383);
#5381 = CARTESIAN_POINT('',(142.75,-34.5,0.));
#5382 = DIRECTION('',(-0.,-0.50301994663,-0.864274801954));
#5383 = DIRECTION('',(0.,-0.864274801954,0.50301994663));
#5384 = DEFINITIONAL_REPRESENTATION('',(#5385),#5389);
#5385 = LINE('',#5386,#5387);
#5386 = CARTESIAN_POINT('',(0.,-13.25));
#5387 = VECTOR('',#5388,1.);
#5388 = DIRECTION('',(1.,0.));
#5389 = ( GEOMETRIC_REPRESENTATION_CONTEXT(2) 
PARAMETRIC_REPRESENTATION_CONTEXT() REPRESENTATION_CONTEXT('2D SPACE',''
  ) );
#5390 = ORIENTED_EDGE('',*,*,#5391,.T.);
#5391 = EDGE_CURVE('',#5364,#5392,#5394,.T.);
#5392 = VERTEX_POINT('',#5393);
#5393 = CARTESIAN_POINT('',(156.,-41.8463358166,-4.275669546357));
#5394 = SURFACE_CURVE('',#5395,(#5400,#5407),.PCURVE_S1.);
#5395 = CIRCLE('',#5396,8.5);
#5396 = AXIS2_PLACEMENT_3D('',#5397,#5398,#5399);
#5397 = CARTESIAN_POINT('',(156.,-34.5,1.471045507628E-15));
#5398 = DIRECTION('',(1.,-0.,2.22044604925E-16));
#5399 = DIRECTION('',(2.22044604925E-16,0.,-1.));
#5400 = PCURVE('',#5129,#5401);
#5401 = DEFINITIONAL_REPRESENTATION('',(#5402),#5406);
#5402 = CIRCLE('',#5403,8.5);
#5403 = AXIS2_PLACEMENT_2D('',#5404,#5405);
#5404 = CARTESIAN_POINT('',(0.,0.));
#5405 = DIRECTION('',(1.,0.));
#5406 = ( GEOMETRIC_REPRESENTATION_CONTEXT(2) 
PARAMETRIC_REPRESENTATION_CONTEXT() REPRESENTATION_CONTEXT('2D SPACE',''
  ) );
#5407 = PCURVE('',#5408,#5413);
#5408 = CYLINDRICAL_SURFACE('',#5409,8.5);
#5409 = AXIS2_PLACEMENT_3D('',#5410,#5411,#5412);
#5410 = CARTESIAN_POINT('',(142.75,-34.5,-1.471045507628E-15));
#5411 = DIRECTION('',(1.,0.,2.22044604925E-16));
#5412 = DIRECTION('',(2.22044604925E-16,0.,-1.));
#5413 = DEFINITIONAL_REPRESENTATION('',(#5414),#5418);
#5414 = LINE('',#5415,#5416);
#5415 = CARTESIAN_POINT('',(0.,13.25));
#5416 = VECTOR('',#5417,1.);
#5417 = DIRECTION('',(1.,0.));
#5418 = ( GEOMETRIC_REPRESENTATION_CONTEXT(2) 
PARAMETRIC_REPRESENTATION_CONTEXT() REPRESENTATION_CONTEXT('2D SPACE',''
  ) );
#5419 = ORIENTED_EDGE('',*,*,#5420,.F.);
#5420 = EDGE_CURVE('',#5113,#5392,#5421,.T.);
#5421 = SURFACE_CURVE('',#5422,(#5426,#5433),.PCURVE_S1.);
#5422 = LINE('',#5423,#5424);
#5423 = CARTESIAN_POINT('',(156.,-48.76270651152,-8.301093416133));
#5424 = VECTOR('',#5425,1.);
#5425 = DIRECTION('',(0.,0.864274801954,0.50301994663));
#5426 = PCURVE('',#5129,#5427);
#5427 = DEFINITIONAL_REPRESENTATION('',(#5428),#5432);
#5428 = LINE('',#5429,#5430);
#5429 = CARTESIAN_POINT('',(8.301093416133,-14.26270651152));
#5430 = VECTOR('',#5431,1.);
#5431 = DIRECTION('',(-0.50301994663,0.864274801954));
#5432 = ( GEOMETRIC_REPRESENTATION_CONTEXT(2) 
PARAMETRIC_REPRESENTATION_CONTEXT() REPRESENTATION_CONTEXT('2D SPACE',''
  ) );
#5433 = PCURVE('',#5160,#5434);
#5434 = DEFINITIONAL_REPRESENTATION('',(#5435),#5439);
#5435 = LINE('',#5436,#5437);
#5436 = CARTESIAN_POINT('',(0.,-13.25));
#5437 = VECTOR('',#5438,1.);
#5438 = DIRECTION('',(1.,0.));
#5439 = ( GEOMETRIC_REPRESENTATION_CONTEXT(2) 
PARAMETRIC_REPRESENTATION_CONTEXT() REPRESENTATION_CONTEXT('2D SPACE',''
  ) );
#5440 = FACE_BOUND('',#5441,.T.);
#5441 = EDGE_LOOP('',(#5442,#5472,#5501,#5529,#5562,#5590,#5623,#5651));
#5442 = ORIENTED_EDGE('',*,*,#5443,.F.);
#5443 = EDGE_CURVE('',#5444,#5446,#5448,.T.);
#5444 = VERTEX_POINT('',#5445);
#5445 = CARTESIAN_POINT('',(156.,-42.3572654556,5.339792089595));
#5446 = VERTEX_POINT('',#5447);
#5447 = CARTESIAN_POINT('',(156.,-40.70310430705,4.215625333891));
#5448 = SURFACE_CURVE('',#5449,(#5453,#5460),.PCURVE_S1.);
#5449 = LINE('',#5450,#5451);
#5450 = CARTESIAN_POINT('',(156.,-48.14890827037,9.275788482074));
#5451 = VECTOR('',#5452,1.);
#5452 = DIRECTION('',(0.,0.827080574275,-0.562083377852));
#5453 = PCURVE('',#5129,#5454);
#5454 = DEFINITIONAL_REPRESENTATION('',(#5455),#5459);
#5455 = LINE('',#5456,#5457);
#5456 = CARTESIAN_POINT('',(-9.275788482074,-13.64890827037));
#5457 = VECTOR('',#5458,1.);
#5458 = DIRECTION('',(0.562083377852,0.827080574275));
#5459 = ( GEOMETRIC_REPRESENTATION_CONTEXT(2) 
PARAMETRIC_REPRESENTATION_CONTEXT() REPRESENTATION_CONTEXT('2D SPACE',''
  ) );
#5460 = PCURVE('',#5461,#5466);
#5461 = PLANE('',#5462);
#5462 = AXIS2_PLACEMENT_3D('',#5463,#5464,#5465);
#5463 = CARTESIAN_POINT('',(142.75,-48.14890827037,9.275788482074));
#5464 = DIRECTION('',(0.,0.562083377852,0.827080574275));
#5465 = DIRECTION('',(0.,0.827080574275,-0.562083377852));
#5466 = DEFINITIONAL_REPRESENTATION('',(#5467),#5471);
#5467 = LINE('',#5468,#5469);
#5468 = CARTESIAN_POINT('',(0.,-13.25));
#5469 = VECTOR('',#5470,1.);
#5470 = DIRECTION('',(1.,0.));
#5471 = ( GEOMETRIC_REPRESENTATION_CONTEXT(2) 
PARAMETRIC_REPRESENTATION_CONTEXT() REPRESENTATION_CONTEXT('2D SPACE',''
  ) );
#5472 = ORIENTED_EDGE('',*,*,#5473,.F.);
#5473 = EDGE_CURVE('',#5474,#5444,#5476,.T.);
#5474 = VERTEX_POINT('',#5475);
#5475 = CARTESIAN_POINT('',(156.,-26.64273454439,5.339792089595));
#5476 = SURFACE_CURVE('',#5477,(#5482,#5489),.PCURVE_S1.);
#5477 = CIRCLE('',#5478,9.5);
#5478 = AXIS2_PLACEMENT_3D('',#5479,#5480,#5481);
#5479 = CARTESIAN_POINT('',(156.,-34.5,1.471045507628E-15));
#5480 = DIRECTION('',(1.,0.,2.22044604925E-16));
#5481 = DIRECTION('',(2.22044604925E-16,0.,-1.));
#5482 = PCURVE('',#5129,#5483);
#5483 = DEFINITIONAL_REPRESENTATION('',(#5484),#5488);
#5484 = CIRCLE('',#5485,9.5);
#5485 = AXIS2_PLACEMENT_2D('',#5486,#5487);
#5486 = CARTESIAN_POINT('',(0.,0.));
#5487 = DIRECTION('',(1.,0.));
#5488 = ( GEOMETRIC_REPRESENTATION_CONTEXT(2) 
PARAMETRIC_REPRESENTATION_CONTEXT() REPRESENTATION_CONTEXT('2D SPACE',''
  ) );
#5489 = PCURVE('',#5490,#5495);
#5490 = CYLINDRICAL_SURFACE('',#5491,9.5);
#5491 = AXIS2_PLACEMENT_3D('',#5492,#5493,#5494);
#5492 = CARTESIAN_POINT('',(141.75,-34.5,-1.693090112553E-15));
#5493 = DIRECTION('',(1.,0.,2.22044604925E-16));
#5494 = DIRECTION('',(2.22044604925E-16,0.,-1.));
#5495 = DEFINITIONAL_REPRESENTATION('',(#5496),#5500);
#5496 = LINE('',#5497,#5498);
#5497 = CARTESIAN_POINT('',(0.,14.25));
#5498 = VECTOR('',#5499,1.);
#5499 = DIRECTION('',(1.,0.));
#5500 = ( GEOMETRIC_REPRESENTATION_CONTEXT(2) 
PARAMETRIC_REPRESENTATION_CONTEXT() REPRESENTATION_CONTEXT('2D SPACE',''
  ) );
#5501 = ORIENTED_EDGE('',*,*,#5502,.F.);
#5502 = EDGE_CURVE('',#5503,#5474,#5505,.T.);
#5503 = VERTEX_POINT('',#5504);
#5504 = CARTESIAN_POINT('',(156.,-28.29689569294,4.215625333891));
#5505 = SURFACE_CURVE('',#5506,(#5510,#5517),.PCURVE_S1.);
#5506 = LINE('',#5507,#5508);
#5507 = CARTESIAN_POINT('',(156.,-34.5,0.));
#5508 = VECTOR('',#5509,1.);
#5509 = DIRECTION('',(0.,0.827080574275,0.562083377852));
#5510 = PCURVE('',#5129,#5511);
#5511 = DEFINITIONAL_REPRESENTATION('',(#5512),#5516);
#5512 = LINE('',#5513,#5514);
#5513 = CARTESIAN_POINT('',(1.471045507628E-15,0.));
#5514 = VECTOR('',#5515,1.);
#5515 = DIRECTION('',(-0.562083377852,0.827080574275));
#5516 = ( GEOMETRIC_REPRESENTATION_CONTEXT(2) 
PARAMETRIC_REPRESENTATION_CONTEXT() REPRESENTATION_CONTEXT('2D SPACE',''
  ) );
#5517 = PCURVE('',#5518,#5523);
#5518 = PLANE('',#5519);
#5519 = AXIS2_PLACEMENT_3D('',#5520,#5521,#5522);
#5520 = CARTESIAN_POINT('',(142.75,-34.5,0.));
#5521 = DIRECTION('',(0.,-0.562083377852,0.827080574275));
#5522 = DIRECTION('',(0.,0.827080574275,0.562083377852));
#5523 = DEFINITIONAL_REPRESENTATION('',(#5524),#5528);
#5524 = LINE('',#5525,#5526);
#5525 = CARTESIAN_POINT('',(0.,-13.25));
#5526 = VECTOR('',#5527,1.);
#5527 = DIRECTION('',(1.,0.));
#5528 = ( GEOMETRIC_REPRESENTATION_CONTEXT(2) 
PARAMETRIC_REPRESENTATION_CONTEXT() REPRESENTATION_CONTEXT('2D SPACE',''
  ) );
#5529 = ORIENTED_EDGE('',*,*,#5530,.T.);
#5530 = EDGE_CURVE('',#5503,#5531,#5533,.T.);
#5531 = VERTEX_POINT('',#5532);
#5532 = CARTESIAN_POINT('',(156.,-28.29689569294,-4.215625333891));
#5533 = SURFACE_CURVE('',#5534,(#5539,#5550),.PCURVE_S1.);
#5534 = CIRCLE('',#5535,7.5);
#5535 = AXIS2_PLACEMENT_3D('',#5536,#5537,#5538);
#5536 = CARTESIAN_POINT('',(156.,-34.5,1.471045507628E-15));
#5537 = DIRECTION('',(-1.,0.,0.));
#5538 = DIRECTION('',(0.,0.827080574275,0.562083377852));
#5539 = PCURVE('',#5129,#5540);
#5540 = DEFINITIONAL_REPRESENTATION('',(#5541),#5549);
#5541 = ( BOUNDED_CURVE() B_SPLINE_CURVE(2,(#5542,#5543,#5544,#5545,
#5546,#5547,#5548),.UNSPECIFIED.,.T.,.F.) B_SPLINE_CURVE_WITH_KNOTS((1,2
    ,2,2,2,1),(-2.094395102393,0.,2.094395102393,4.188790204786,
6.28318530718,8.377580409573),.UNSPECIFIED.) CURVE() 
GEOMETRIC_REPRESENTATION_ITEM() RATIONAL_B_SPLINE_CURVE((1.,0.5,1.,0.5,
1.,0.5,1.)) REPRESENTATION_ITEM('') );
#5542 = CARTESIAN_POINT('',(-4.215625333891,6.203104307059));
#5543 = CARTESIAN_POINT('',(6.528466490585,13.504781571033));
#5544 = CARTESIAN_POINT('',(7.479858579183,0.549286478457));
#5545 = CARTESIAN_POINT('',(8.431250667782,-12.40620861411));
#5546 = CARTESIAN_POINT('',(-3.264233245292,-6.752390785516));
#5547 = CARTESIAN_POINT('',(-14.95971715836,-1.098572956915));
#5548 = CARTESIAN_POINT('',(-4.215625333891,6.203104307059));
#5549 = ( GEOMETRIC_REPRESENTATION_CONTEXT(2) 
PARAMETRIC_REPRESENTATION_CONTEXT() REPRESENTATION_CONTEXT('2D SPACE',''
  ) );
#5550 = PCURVE('',#5551,#5556);
#5551 = CYLINDRICAL_SURFACE('',#5552,7.5);
#5552 = AXIS2_PLACEMENT_3D('',#5553,#5554,#5555);
#5553 = CARTESIAN_POINT('',(141.75,-34.5,-1.693090112553E-15));
#5554 = DIRECTION('',(1.,0.,2.22044604925E-16));
#5555 = DIRECTION('',(2.22044604925E-16,0.,-1.));
#5556 = DEFINITIONAL_REPRESENTATION('',(#5557),#5561);
#5557 = LINE('',#5558,#5559);
#5558 = CARTESIAN_POINT('',(2.167698930977,14.25));
#5559 = VECTOR('',#5560,1.);
#5560 = DIRECTION('',(-1.,-0.));
#5561 = ( GEOMETRIC_REPRESENTATION_CONTEXT(2) 
PARAMETRIC_REPRESENTATION_CONTEXT() REPRESENTATION_CONTEXT('2D SPACE',''
  ) );
#5562 = ORIENTED_EDGE('',*,*,#5563,.F.);
#5563 = EDGE_CURVE('',#5564,#5531,#5566,.T.);
#5564 = VERTEX_POINT('',#5565);
#5565 = CARTESIAN_POINT('',(156.,-26.64273454439,-5.339792089595));
#5566 = SURFACE_CURVE('',#5567,(#5571,#5578),.PCURVE_S1.);
#5567 = LINE('',#5568,#5569);
#5568 = CARTESIAN_POINT('',(156.,-20.85109172963,-9.275788482074));
#5569 = VECTOR('',#5570,1.);
#5570 = DIRECTION('',(0.,-0.827080574275,0.562083377852));
#5571 = PCURVE('',#5129,#5572);
#5572 = DEFINITIONAL_REPRESENTATION('',(#5573),#5577);
#5573 = LINE('',#5574,#5575);
#5574 = CARTESIAN_POINT('',(9.275788482074,13.64890827037));
#5575 = VECTOR('',#5576,1.);
#5576 = DIRECTION('',(-0.562083377852,-0.827080574275));
#5577 = ( GEOMETRIC_REPRESENTATION_CONTEXT(2) 
PARAMETRIC_REPRESENTATION_CONTEXT() REPRESENTATION_CONTEXT('2D SPACE',''
  ) );
#5578 = PCURVE('',#5579,#5584);
#5579 = PLANE('',#5580);
#5580 = AXIS2_PLACEMENT_3D('',#5581,#5582,#5583);
#5581 = CARTESIAN_POINT('',(142.75,-20.85109172963,-9.275788482074));
#5582 = DIRECTION('',(-0.,-0.562083377852,-0.827080574275));
#5583 = DIRECTION('',(0.,-0.827080574275,0.562083377852));
#5584 = DEFINITIONAL_REPRESENTATION('',(#5585),#5589);
#5585 = LINE('',#5586,#5587);
#5586 = CARTESIAN_POINT('',(0.,-13.25));
#5587 = VECTOR('',#5588,1.);
#5588 = DIRECTION('',(1.,0.));
#5589 = ( GEOMETRIC_REPRESENTATION_CONTEXT(2) 
PARAMETRIC_REPRESENTATION_CONTEXT() REPRESENTATION_CONTEXT('2D SPACE',''
  ) );
#5590 = ORIENTED_EDGE('',*,*,#5591,.T.);
#5591 = EDGE_CURVE('',#5564,#5592,#5594,.T.);
#5592 = VERTEX_POINT('',#5593);
#5593 = CARTESIAN_POINT('',(156.,-42.3572654556,-5.339792089595));
#5594 = SURFACE_CURVE('',#5595,(#5600,#5611),.PCURVE_S1.);
#5595 = CIRCLE('',#5596,9.5);
#5596 = AXIS2_PLACEMENT_3D('',#5597,#5598,#5599);
#5597 = CARTESIAN_POINT('',(156.,-34.5,1.471045507628E-15));
#5598 = DIRECTION('',(-1.,0.,0.));
#5599 = DIRECTION('',(0.,0.827080574275,-0.562083377852));
#5600 = PCURVE('',#5129,#5601);
#5601 = DEFINITIONAL_REPRESENTATION('',(#5602),#5610);
#5602 = ( BOUNDED_CURVE() B_SPLINE_CURVE(2,(#5603,#5604,#5605,#5606,
#5607,#5608,#5609),.UNSPECIFIED.,.T.,.F.) B_SPLINE_CURVE_WITH_KNOTS((1,2
    ,2,2,2,1),(-2.094395102393,0.,2.094395102393,4.188790204786,
6.28318530718,8.377580409573),.UNSPECIFIED.) CURVE() 
GEOMETRIC_REPRESENTATION_ITEM() RATIONAL_B_SPLINE_CURVE((1.,0.5,1.,0.5,
1.,0.5,1.)) REPRESENTATION_ITEM('') );
#5603 = CARTESIAN_POINT('',(5.339792089595,7.857265455608));
#5604 = CARTESIAN_POINT('',(18.948975067265,-1.391525745426));
#5605 = CARTESIAN_POINT('',(4.134695444037,-8.553028328321));
#5606 = CARTESIAN_POINT('',(-10.67958417919,-15.71453091121));
#5607 = CARTESIAN_POINT('',(-9.474487533632,0.695762872713));
#5608 = CARTESIAN_POINT('',(-8.269390888074,17.106056656642));
#5609 = CARTESIAN_POINT('',(5.339792089595,7.857265455608));
#5610 = ( GEOMETRIC_REPRESENTATION_CONTEXT(2) 
PARAMETRIC_REPRESENTATION_CONTEXT() REPRESENTATION_CONTEXT('2D SPACE',''
  ) );
#5611 = PCURVE('',#5612,#5617);
#5612 = CYLINDRICAL_SURFACE('',#5613,9.5);
#5613 = AXIS2_PLACEMENT_3D('',#5614,#5615,#5616);
#5614 = CARTESIAN_POINT('',(141.75,-34.5,-1.693090112553E-15));
#5615 = DIRECTION('',(1.,0.,2.22044604925E-16));
#5616 = DIRECTION('',(2.22044604925E-16,0.,-1.));
#5617 = DEFINITIONAL_REPRESENTATION('',(#5618),#5622);
#5618 = LINE('',#5619,#5620);
#5619 = CARTESIAN_POINT('',(7.257079029792,14.25));
#5620 = VECTOR('',#5621,1.);
#5621 = DIRECTION('',(-1.,-0.));
#5622 = ( GEOMETRIC_REPRESENTATION_CONTEXT(2) 
PARAMETRIC_REPRESENTATION_CONTEXT() REPRESENTATION_CONTEXT('2D SPACE',''
  ) );
#5623 = ORIENTED_EDGE('',*,*,#5624,.F.);
#5624 = EDGE_CURVE('',#5625,#5592,#5627,.T.);
#5625 = VERTEX_POINT('',#5626);
#5626 = CARTESIAN_POINT('',(156.,-40.70310430705,-4.215625333891));
#5627 = SURFACE_CURVE('',#5628,(#5632,#5639),.PCURVE_S1.);
#5628 = LINE('',#5629,#5630);
#5629 = CARTESIAN_POINT('',(156.,-34.5,0.));
#5630 = VECTOR('',#5631,1.);
#5631 = DIRECTION('',(0.,-0.827080574275,-0.562083377852));
#5632 = PCURVE('',#5129,#5633);
#5633 = DEFINITIONAL_REPRESENTATION('',(#5634),#5638);
#5634 = LINE('',#5635,#5636);
#5635 = CARTESIAN_POINT('',(1.471045507628E-15,0.));
#5636 = VECTOR('',#5637,1.);
#5637 = DIRECTION('',(0.562083377852,-0.827080574275));
#5638 = ( GEOMETRIC_REPRESENTATION_CONTEXT(2) 
PARAMETRIC_REPRESENTATION_CONTEXT() REPRESENTATION_CONTEXT('2D SPACE',''
  ) );
#5639 = PCURVE('',#5640,#5645);
#5640 = PLANE('',#5641);
#5641 = AXIS2_PLACEMENT_3D('',#5642,#5643,#5644);
#5642 = CARTESIAN_POINT('',(142.75,-34.5,0.));
#5643 = DIRECTION('',(0.,0.562083377852,-0.827080574275));
#5644 = DIRECTION('',(0.,-0.827080574275,-0.562083377852));
#5645 = DEFINITIONAL_REPRESENTATION('',(#5646),#5650);
#5646 = LINE('',#5647,#5648);
#5647 = CARTESIAN_POINT('',(0.,-13.25));
#5648 = VECTOR('',#5649,1.);
#5649 = DIRECTION('',(1.,0.));
#5650 = ( GEOMETRIC_REPRESENTATION_CONTEXT(2) 
PARAMETRIC_REPRESENTATION_CONTEXT() REPRESENTATION_CONTEXT('2D SPACE',''
  ) );
#5651 = ORIENTED_EDGE('',*,*,#5652,.T.);
#5652 = EDGE_CURVE('',#5625,#5446,#5653,.T.);
#5653 = SURFACE_CURVE('',#5654,(#5659,#5670),.PCURVE_S1.);
#5654 = CIRCLE('',#5655,7.5);
#5655 = AXIS2_PLACEMENT_3D('',#5656,#5657,#5658);
#5656 = CARTESIAN_POINT('',(156.,-34.5,1.471045507628E-15));
#5657 = DIRECTION('',(-1.,0.,0.));
#5658 = DIRECTION('',(-0.,-0.827080574275,-0.562083377852));
#5659 = PCURVE('',#5129,#5660);
#5660 = DEFINITIONAL_REPRESENTATION('',(#5661),#5669);
#5661 = ( BOUNDED_CURVE() B_SPLINE_CURVE(2,(#5662,#5663,#5664,#5665,
#5666,#5667,#5668),.UNSPECIFIED.,.T.,.F.) B_SPLINE_CURVE_WITH_KNOTS((1,2
    ,2,2,2,1),(-2.094395102393,0.,2.094395102393,4.188790204786,
6.28318530718,8.377580409573),.UNSPECIFIED.) CURVE() 
GEOMETRIC_REPRESENTATION_ITEM() RATIONAL_B_SPLINE_CURVE((1.,0.5,1.,0.5,
1.,0.5,1.)) REPRESENTATION_ITEM('') );
#5662 = CARTESIAN_POINT('',(4.215625333891,-6.203104307059));
#5663 = CARTESIAN_POINT('',(-6.528466490585,-13.50478157103));
#5664 = CARTESIAN_POINT('',(-7.479858579183,-0.549286478457));
#5665 = CARTESIAN_POINT('',(-8.431250667782,12.406208614118));
#5666 = CARTESIAN_POINT('',(3.264233245292,6.752390785516));
#5667 = CARTESIAN_POINT('',(14.959717158367,1.098572956915));
#5668 = CARTESIAN_POINT('',(4.215625333891,-6.203104307059));
#5669 = ( GEOMETRIC_REPRESENTATION_CONTEXT(2) 
PARAMETRIC_REPRESENTATION_CONTEXT() REPRESENTATION_CONTEXT('2D SPACE',''
  ) );
#5670 = PCURVE('',#5671,#5676);
#5671 = CYLINDRICAL_SURFACE('',#5672,7.5);
#5672 = AXIS2_PLACEMENT_3D('',#5673,#5674,#5675);
#5673 = CARTESIAN_POINT('',(141.75,-34.5,-1.693090112553E-15));
#5674 = DIRECTION('',(1.,0.,2.22044604925E-16));
#5675 = DIRECTION('',(2.22044604925E-16,0.,-1.));
#5676 = DEFINITIONAL_REPRESENTATION('',(#5677),#5681);
#5677 = LINE('',#5678,#5679);
#5678 = CARTESIAN_POINT('',(5.309291584567,14.25));
#5679 = VECTOR('',#5680,1.);
#5680 = DIRECTION('',(-1.,-0.));
#5681 = ( GEOMETRIC_REPRESENTATION_CONTEXT(2) 
PARAMETRIC_REPRESENTATION_CONTEXT() REPRESENTATION_CONTEXT('2D SPACE',''
  ) );
#5682 = ADVANCED_FACE('',(#5683),#5160,.T.);
#5683 = FACE_BOUND('',#5684,.T.);
#5684 = EDGE_LOOP('',(#5685,#5708,#5709,#5710));
#5685 = ORIENTED_EDGE('',*,*,#5686,.F.);
#5686 = EDGE_CURVE('',#5146,#5687,#5689,.T.);
#5687 = VERTEX_POINT('',#5688);
#5688 = CARTESIAN_POINT('',(142.75,-41.8463358166,-4.275669546357));
#5689 = SURFACE_CURVE('',#5690,(#5694,#5701),.PCURVE_S1.);
#5690 = LINE('',#5691,#5692);
#5691 = CARTESIAN_POINT('',(142.75,-48.76270651152,-8.301093416133));
#5692 = VECTOR('',#5693,1.);
#5693 = DIRECTION('',(0.,0.864274801954,0.50301994663));
#5694 = PCURVE('',#5160,#5695);
#5695 = DEFINITIONAL_REPRESENTATION('',(#5696),#5700);
#5696 = LINE('',#5697,#5698);
#5697 = CARTESIAN_POINT('',(0.,0.));
#5698 = VECTOR('',#5699,1.);
#5699 = DIRECTION('',(1.,0.));
#5700 = ( GEOMETRIC_REPRESENTATION_CONTEXT(2) 
PARAMETRIC_REPRESENTATION_CONTEXT() REPRESENTATION_CONTEXT('2D SPACE',''
  ) );
#5701 = PCURVE('',#5186,#5702);
#5702 = DEFINITIONAL_REPRESENTATION('',(#5703),#5707);
#5703 = LINE('',#5704,#5705);
#5704 = CARTESIAN_POINT('',(8.301093416133,-14.26270651152));
#5705 = VECTOR('',#5706,1.);
#5706 = DIRECTION('',(-0.50301994663,0.864274801954));
#5707 = ( GEOMETRIC_REPRESENTATION_CONTEXT(2) 
PARAMETRIC_REPRESENTATION_CONTEXT() REPRESENTATION_CONTEXT('2D SPACE',''
  ) );
#5708 = ORIENTED_EDGE('',*,*,#5145,.T.);
#5709 = ORIENTED_EDGE('',*,*,#5420,.T.);
#5710 = ORIENTED_EDGE('',*,*,#5711,.F.);
#5711 = EDGE_CURVE('',#5687,#5392,#5712,.T.);
#5712 = SURFACE_CURVE('',#5713,(#5717,#5724),.PCURVE_S1.);
#5713 = LINE('',#5714,#5715);
#5714 = CARTESIAN_POINT('',(142.75,-41.8463358166,-4.275669546357));
#5715 = VECTOR('',#5716,1.);
#5716 = DIRECTION('',(1.,0.,2.22044604925E-16));
#5717 = PCURVE('',#5160,#5718);
#5718 = DEFINITIONAL_REPRESENTATION('',(#5719),#5723);
#5719 = LINE('',#5720,#5721);
#5720 = CARTESIAN_POINT('',(8.002513412724,0.));
#5721 = VECTOR('',#5722,1.);
#5722 = DIRECTION('',(1.116928653189E-16,-1.));
#5723 = ( GEOMETRIC_REPRESENTATION_CONTEXT(2) 
PARAMETRIC_REPRESENTATION_CONTEXT() REPRESENTATION_CONTEXT('2D SPACE',''
  ) );
#5724 = PCURVE('',#5408,#5725);
#5725 = DEFINITIONAL_REPRESENTATION('',(#5726),#5729);
#5726 = B_SPLINE_CURVE_WITH_KNOTS('',1,(#5727,#5728),.UNSPECIFIED.,.F.,
  .F.,(2,2),(-5.999999928008E-07,13.2500006),.PIECEWISE_BEZIER_KNOTS.);
#5727 = CARTESIAN_POINT('',(5.239478414487,-5.999999937502E-07));
#5728 = CARTESIAN_POINT('',(5.239478414487,13.2500006));
#5729 = ( GEOMETRIC_REPRESENTATION_CONTEXT(2) 
PARAMETRIC_REPRESENTATION_CONTEXT() REPRESENTATION_CONTEXT('2D SPACE',''
  ) );
#5730 = ADVANCED_FACE('',(#5731,#5852),#5186,.F.);
#5731 = FACE_BOUND('',#5732,.F.);
#5732 = EDGE_LOOP('',(#5733,#5734,#5758,#5781,#5805,#5828,#5850,#5851));
#5733 = ORIENTED_EDGE('',*,*,#5201,.F.);
#5734 = ORIENTED_EDGE('',*,*,#5735,.T.);
#5735 = EDGE_CURVE('',#5202,#5736,#5738,.T.);
#5736 = VERTEX_POINT('',#5737);
#5737 = CARTESIAN_POINT('',(142.75,-27.15366418339,4.275669546357));
#5738 = SURFACE_CURVE('',#5739,(#5744,#5751),.PCURVE_S1.);
#5739 = CIRCLE('',#5740,8.5);
#5740 = AXIS2_PLACEMENT_3D('',#5741,#5742,#5743);
#5741 = CARTESIAN_POINT('',(142.75,-34.5,-1.471045507628E-15));
#5742 = DIRECTION('',(1.,-0.,2.22044604925E-16));
#5743 = DIRECTION('',(2.22044604925E-16,0.,-1.));
#5744 = PCURVE('',#5186,#5745);
#5745 = DEFINITIONAL_REPRESENTATION('',(#5746),#5750);
#5746 = CIRCLE('',#5747,8.5);
#5747 = AXIS2_PLACEMENT_2D('',#5748,#5749);
#5748 = CARTESIAN_POINT('',(0.,0.));
#5749 = DIRECTION('',(1.,0.));
#5750 = ( GEOMETRIC_REPRESENTATION_CONTEXT(2) 
PARAMETRIC_REPRESENTATION_CONTEXT() REPRESENTATION_CONTEXT('2D SPACE',''
  ) );
#5751 = PCURVE('',#5240,#5752);
#5752 = DEFINITIONAL_REPRESENTATION('',(#5753),#5757);
#5753 = LINE('',#5754,#5755);
#5754 = CARTESIAN_POINT('',(0.,0.));
#5755 = VECTOR('',#5756,1.);
#5756 = DIRECTION('',(1.,0.));
#5757 = ( GEOMETRIC_REPRESENTATION_CONTEXT(2) 
PARAMETRIC_REPRESENTATION_CONTEXT() REPRESENTATION_CONTEXT('2D SPACE',''
  ) );
#5758 = ORIENTED_EDGE('',*,*,#5759,.F.);
#5759 = EDGE_CURVE('',#5760,#5736,#5762,.T.);
#5760 = VERTEX_POINT('',#5761);
#5761 = CARTESIAN_POINT('',(142.75,-24.56083977753,5.784729386248));
#5762 = SURFACE_CURVE('',#5763,(#5767,#5774),.PCURVE_S1.);
#5763 = LINE('',#5764,#5765);
#5764 = CARTESIAN_POINT('',(142.75,-20.23729348847,8.301093416133));
#5765 = VECTOR('',#5766,1.);
#5766 = DIRECTION('',(0.,-0.864274801954,-0.50301994663));
#5767 = PCURVE('',#5186,#5768);
#5768 = DEFINITIONAL_REPRESENTATION('',(#5769),#5773);
#5769 = LINE('',#5770,#5771);
#5770 = CARTESIAN_POINT('',(-8.301093416133,14.262706511521));
#5771 = VECTOR('',#5772,1.);
#5772 = DIRECTION('',(0.50301994663,-0.864274801954));
#5773 = ( GEOMETRIC_REPRESENTATION_CONTEXT(2) 
PARAMETRIC_REPRESENTATION_CONTEXT() REPRESENTATION_CONTEXT('2D SPACE',''
  ) );
#5774 = PCURVE('',#5318,#5775);
#5775 = DEFINITIONAL_REPRESENTATION('',(#5776),#5780);
#5776 = LINE('',#5777,#5778);
#5777 = CARTESIAN_POINT('',(0.,0.));
#5778 = VECTOR('',#5779,1.);
#5779 = DIRECTION('',(1.,0.));
#5780 = ( GEOMETRIC_REPRESENTATION_CONTEXT(2) 
PARAMETRIC_REPRESENTATION_CONTEXT() REPRESENTATION_CONTEXT('2D SPACE',''
  ) );
#5781 = ORIENTED_EDGE('',*,*,#5782,.T.);
#5782 = EDGE_CURVE('',#5760,#5783,#5785,.T.);
#5783 = VERTEX_POINT('',#5784);
#5784 = CARTESIAN_POINT('',(142.75,-44.43916022246,5.784729386248));
#5785 = SURFACE_CURVE('',#5786,(#5791,#5798),.PCURVE_S1.);
#5786 = CIRCLE('',#5787,11.5);
#5787 = AXIS2_PLACEMENT_3D('',#5788,#5789,#5790);
#5788 = CARTESIAN_POINT('',(142.75,-34.5,-1.471045507628E-15));
#5789 = DIRECTION('',(1.,0.,0.));
#5790 = DIRECTION('',(-0.,0.864274801954,0.50301994663));
#5791 = PCURVE('',#5186,#5792);
#5792 = DEFINITIONAL_REPRESENTATION('',(#5793),#5797);
#5793 = CIRCLE('',#5794,11.5);
#5794 = AXIS2_PLACEMENT_2D('',#5795,#5796);
#5795 = CARTESIAN_POINT('',(0.,0.));
#5796 = DIRECTION('',(-0.50301994663,0.864274801954));
#5797 = ( GEOMETRIC_REPRESENTATION_CONTEXT(2) 
PARAMETRIC_REPRESENTATION_CONTEXT() REPRESENTATION_CONTEXT('2D SPACE',''
  ) );
#5798 = PCURVE('',#5351,#5799);
#5799 = DEFINITIONAL_REPRESENTATION('',(#5800),#5804);
#5800 = LINE('',#5801,#5802);
#5801 = CARTESIAN_POINT('',(2.097885760897,0.));
#5802 = VECTOR('',#5803,1.);
#5803 = DIRECTION('',(1.,0.));
#5804 = ( GEOMETRIC_REPRESENTATION_CONTEXT(2) 
PARAMETRIC_REPRESENTATION_CONTEXT() REPRESENTATION_CONTEXT('2D SPACE',''
  ) );
#5805 = ORIENTED_EDGE('',*,*,#5806,.F.);
#5806 = EDGE_CURVE('',#5807,#5783,#5809,.T.);
#5807 = VERTEX_POINT('',#5808);
#5808 = CARTESIAN_POINT('',(142.75,-41.8463358166,4.275669546357));
#5809 = SURFACE_CURVE('',#5810,(#5814,#5821),.PCURVE_S1.);
#5810 = LINE('',#5811,#5812);
#5811 = CARTESIAN_POINT('',(142.75,-34.5,0.));
#5812 = VECTOR('',#5813,1.);
#5813 = DIRECTION('',(0.,-0.864274801954,0.50301994663));
#5814 = PCURVE('',#5186,#5815);
#5815 = DEFINITIONAL_REPRESENTATION('',(#5816),#5820);
#5816 = LINE('',#5817,#5818);
#5817 = CARTESIAN_POINT('',(-1.471045507628E-15,0.));
#5818 = VECTOR('',#5819,1.);
#5819 = DIRECTION('',(-0.50301994663,-0.864274801954));
#5820 = ( GEOMETRIC_REPRESENTATION_CONTEXT(2) 
PARAMETRIC_REPRESENTATION_CONTEXT() REPRESENTATION_CONTEXT('2D SPACE',''
  ) );
#5821 = PCURVE('',#5379,#5822);
#5822 = DEFINITIONAL_REPRESENTATION('',(#5823),#5827);
#5823 = LINE('',#5824,#5825);
#5824 = CARTESIAN_POINT('',(0.,0.));
#5825 = VECTOR('',#5826,1.);
#5826 = DIRECTION('',(1.,0.));
#5827 = ( GEOMETRIC_REPRESENTATION_CONTEXT(2) 
PARAMETRIC_REPRESENTATION_CONTEXT() REPRESENTATION_CONTEXT('2D SPACE',''
  ) );
#5828 = ORIENTED_EDGE('',*,*,#5829,.T.);
#5829 = EDGE_CURVE('',#5807,#5687,#5830,.T.);
#5830 = SURFACE_CURVE('',#5831,(#5836,#5843),.PCURVE_S1.);
#5831 = CIRCLE('',#5832,8.5);
#5832 = AXIS2_PLACEMENT_3D('',#5833,#5834,#5835);
#5833 = CARTESIAN_POINT('',(142.75,-34.5,-1.471045507628E-15));
#5834 = DIRECTION('',(1.,-0.,2.22044604925E-16));
#5835 = DIRECTION('',(2.22044604925E-16,0.,-1.));
#5836 = PCURVE('',#5186,#5837);
#5837 = DEFINITIONAL_REPRESENTATION('',(#5838),#5842);
#5838 = CIRCLE('',#5839,8.5);
#5839 = AXIS2_PLACEMENT_2D('',#5840,#5841);
#5840 = CARTESIAN_POINT('',(0.,0.));
#5841 = DIRECTION('',(1.,0.));
#5842 = ( GEOMETRIC_REPRESENTATION_CONTEXT(2) 
PARAMETRIC_REPRESENTATION_CONTEXT() REPRESENTATION_CONTEXT('2D SPACE',''
  ) );
#5843 = PCURVE('',#5408,#5844);
#5844 = DEFINITIONAL_REPRESENTATION('',(#5845),#5849);
#5845 = LINE('',#5846,#5847);
#5846 = CARTESIAN_POINT('',(0.,0.));
#5847 = VECTOR('',#5848,1.);
#5848 = DIRECTION('',(1.,0.));
#5849 = ( GEOMETRIC_REPRESENTATION_CONTEXT(2) 
PARAMETRIC_REPRESENTATION_CONTEXT() REPRESENTATION_CONTEXT('2D SPACE',''
  ) );
#5850 = ORIENTED_EDGE('',*,*,#5686,.F.);
#5851 = ORIENTED_EDGE('',*,*,#5171,.T.);
#5852 = FACE_BOUND('',#5853,.F.);
#5853 = EDGE_LOOP('',(#5854,#5880,#5903,#5927,#5950,#5974,#5997,#6021));
#5854 = ORIENTED_EDGE('',*,*,#5855,.F.);
#5855 = EDGE_CURVE('',#5856,#5858,#5860,.T.);
#5856 = VERTEX_POINT('',#5857);
#5857 = CARTESIAN_POINT('',(142.75,-40.70310430705,4.215625333891));
#5858 = VERTEX_POINT('',#5859);
#5859 = CARTESIAN_POINT('',(142.75,-40.70310430705,-4.215625333891));
#5860 = SURFACE_CURVE('',#5861,(#5866,#5873),.PCURVE_S1.);
#5861 = CIRCLE('',#5862,7.5);
#5862 = AXIS2_PLACEMENT_3D('',#5863,#5864,#5865);
#5863 = CARTESIAN_POINT('',(142.75,-34.5,-1.471045507628E-15));
#5864 = DIRECTION('',(1.,0.,0.));
#5865 = DIRECTION('',(0.,-0.827080574275,0.562083377852));
#5866 = PCURVE('',#5186,#5867);
#5867 = DEFINITIONAL_REPRESENTATION('',(#5868),#5872);
#5868 = CIRCLE('',#5869,7.5);
#5869 = AXIS2_PLACEMENT_2D('',#5870,#5871);
#5870 = CARTESIAN_POINT('',(0.,0.));
#5871 = DIRECTION('',(-0.562083377852,-0.827080574275));
#5872 = ( GEOMETRIC_REPRESENTATION_CONTEXT(2) 
PARAMETRIC_REPRESENTATION_CONTEXT() REPRESENTATION_CONTEXT('2D SPACE',''
  ) );
#5873 = PCURVE('',#5671,#5874);
#5874 = DEFINITIONAL_REPRESENTATION('',(#5875),#5879);
#5875 = LINE('',#5876,#5877);
#5876 = CARTESIAN_POINT('',(4.115486376203,1.));
#5877 = VECTOR('',#5878,1.);
#5878 = DIRECTION('',(1.,0.));
#5879 = ( GEOMETRIC_REPRESENTATION_CONTEXT(2) 
PARAMETRIC_REPRESENTATION_CONTEXT() REPRESENTATION_CONTEXT('2D SPACE',''
  ) );
#5880 = ORIENTED_EDGE('',*,*,#5881,.F.);
#5881 = EDGE_CURVE('',#5882,#5856,#5884,.T.);
#5882 = VERTEX_POINT('',#5883);
#5883 = CARTESIAN_POINT('',(142.75,-42.3572654556,5.339792089595));
#5884 = SURFACE_CURVE('',#5885,(#5889,#5896),.PCURVE_S1.);
#5885 = LINE('',#5886,#5887);
#5886 = CARTESIAN_POINT('',(142.75,-48.14890827037,9.275788482074));
#5887 = VECTOR('',#5888,1.);
#5888 = DIRECTION('',(0.,0.827080574275,-0.562083377852));
#5889 = PCURVE('',#5186,#5890);
#5890 = DEFINITIONAL_REPRESENTATION('',(#5891),#5895);
#5891 = LINE('',#5892,#5893);
#5892 = CARTESIAN_POINT('',(-9.275788482074,-13.64890827037));
#5893 = VECTOR('',#5894,1.);
#5894 = DIRECTION('',(0.562083377852,0.827080574275));
#5895 = ( GEOMETRIC_REPRESENTATION_CONTEXT(2) 
PARAMETRIC_REPRESENTATION_CONTEXT() REPRESENTATION_CONTEXT('2D SPACE',''
  ) );
#5896 = PCURVE('',#5461,#5897);
#5897 = DEFINITIONAL_REPRESENTATION('',(#5898),#5902);
#5898 = LINE('',#5899,#5900);
#5899 = CARTESIAN_POINT('',(0.,0.));
#5900 = VECTOR('',#5901,1.);
#5901 = DIRECTION('',(1.,0.));
#5902 = ( GEOMETRIC_REPRESENTATION_CONTEXT(2) 
PARAMETRIC_REPRESENTATION_CONTEXT() REPRESENTATION_CONTEXT('2D SPACE',''
  ) );
#5903 = ORIENTED_EDGE('',*,*,#5904,.F.);
#5904 = EDGE_CURVE('',#5905,#5882,#5907,.T.);
#5905 = VERTEX_POINT('',#5906);
#5906 = CARTESIAN_POINT('',(142.75,-26.64273454439,5.339792089595));
#5907 = SURFACE_CURVE('',#5908,(#5913,#5920),.PCURVE_S1.);
#5908 = CIRCLE('',#5909,9.5);
#5909 = AXIS2_PLACEMENT_3D('',#5910,#5911,#5912);
#5910 = CARTESIAN_POINT('',(142.75,-34.5,-1.471045507628E-15));
#5911 = DIRECTION('',(1.,0.,2.22044604925E-16));
#5912 = DIRECTION('',(2.22044604925E-16,0.,-1.));
#5913 = PCURVE('',#5186,#5914);
#5914 = DEFINITIONAL_REPRESENTATION('',(#5915),#5919);
#5915 = CIRCLE('',#5916,9.5);
#5916 = AXIS2_PLACEMENT_2D('',#5917,#5918);
#5917 = CARTESIAN_POINT('',(0.,0.));
#5918 = DIRECTION('',(1.,0.));
#5919 = ( GEOMETRIC_REPRESENTATION_CONTEXT(2) 
PARAMETRIC_REPRESENTATION_CONTEXT() REPRESENTATION_CONTEXT('2D SPACE',''
  ) );
#5920 = PCURVE('',#5490,#5921);
#5921 = DEFINITIONAL_REPRESENTATION('',(#5922),#5926);
#5922 = LINE('',#5923,#5924);
#5923 = CARTESIAN_POINT('',(0.,1.));
#5924 = VECTOR('',#5925,1.);
#5925 = DIRECTION('',(1.,0.));
#5926 = ( GEOMETRIC_REPRESENTATION_CONTEXT(2) 
PARAMETRIC_REPRESENTATION_CONTEXT() REPRESENTATION_CONTEXT('2D SPACE',''
  ) );
#5927 = ORIENTED_EDGE('',*,*,#5928,.F.);
#5928 = EDGE_CURVE('',#5929,#5905,#5931,.T.);
#5929 = VERTEX_POINT('',#5930);
#5930 = CARTESIAN_POINT('',(142.75,-28.29689569294,4.215625333891));
#5931 = SURFACE_CURVE('',#5932,(#5936,#5943),.PCURVE_S1.);
#5932 = LINE('',#5933,#5934);
#5933 = CARTESIAN_POINT('',(142.75,-34.5,0.));
#5934 = VECTOR('',#5935,1.);
#5935 = DIRECTION('',(0.,0.827080574275,0.562083377852));
#5936 = PCURVE('',#5186,#5937);
#5937 = DEFINITIONAL_REPRESENTATION('',(#5938),#5942);
#5938 = LINE('',#5939,#5940);
#5939 = CARTESIAN_POINT('',(-1.471045507628E-15,0.));
#5940 = VECTOR('',#5941,1.);
#5941 = DIRECTION('',(-0.562083377852,0.827080574275));
#5942 = ( GEOMETRIC_REPRESENTATION_CONTEXT(2) 
PARAMETRIC_REPRESENTATION_CONTEXT() REPRESENTATION_CONTEXT('2D SPACE',''
  ) );
#5943 = PCURVE('',#5518,#5944);
#5944 = DEFINITIONAL_REPRESENTATION('',(#5945),#5949);
#5945 = LINE('',#5946,#5947);
#5946 = CARTESIAN_POINT('',(0.,0.));
#5947 = VECTOR('',#5948,1.);
#5948 = DIRECTION('',(1.,0.));
#5949 = ( GEOMETRIC_REPRESENTATION_CONTEXT(2) 
PARAMETRIC_REPRESENTATION_CONTEXT() REPRESENTATION_CONTEXT('2D SPACE',''
  ) );
#5950 = ORIENTED_EDGE('',*,*,#5951,.F.);
#5951 = EDGE_CURVE('',#5952,#5929,#5954,.T.);
#5952 = VERTEX_POINT('',#5953);
#5953 = CARTESIAN_POINT('',(142.75,-28.29689569294,-4.215625333891));
#5954 = SURFACE_CURVE('',#5955,(#5960,#5967),.PCURVE_S1.);
#5955 = CIRCLE('',#5956,7.5);
#5956 = AXIS2_PLACEMENT_3D('',#5957,#5958,#5959);
#5957 = CARTESIAN_POINT('',(142.75,-34.5,-1.471045507628E-15));
#5958 = DIRECTION('',(1.,0.,0.));
#5959 = DIRECTION('',(0.,0.827080574275,-0.562083377852));
#5960 = PCURVE('',#5186,#5961);
#5961 = DEFINITIONAL_REPRESENTATION('',(#5962),#5966);
#5962 = CIRCLE('',#5963,7.5);
#5963 = AXIS2_PLACEMENT_2D('',#5964,#5965);
#5964 = CARTESIAN_POINT('',(0.,0.));
#5965 = DIRECTION('',(0.562083377852,0.827080574275));
#5966 = ( GEOMETRIC_REPRESENTATION_CONTEXT(2) 
PARAMETRIC_REPRESENTATION_CONTEXT() REPRESENTATION_CONTEXT('2D SPACE',''
  ) );
#5967 = PCURVE('',#5551,#5968);
#5968 = DEFINITIONAL_REPRESENTATION('',(#5969),#5973);
#5969 = LINE('',#5970,#5971);
#5970 = CARTESIAN_POINT('',(0.973893722613,1.));
#5971 = VECTOR('',#5972,1.);
#5972 = DIRECTION('',(1.,0.));
#5973 = ( GEOMETRIC_REPRESENTATION_CONTEXT(2) 
PARAMETRIC_REPRESENTATION_CONTEXT() REPRESENTATION_CONTEXT('2D SPACE',''
  ) );
#5974 = ORIENTED_EDGE('',*,*,#5975,.F.);
#5975 = EDGE_CURVE('',#5976,#5952,#5978,.T.);
#5976 = VERTEX_POINT('',#5977);
#5977 = CARTESIAN_POINT('',(142.75,-26.64273454439,-5.339792089595));
#5978 = SURFACE_CURVE('',#5979,(#5983,#5990),.PCURVE_S1.);
#5979 = LINE('',#5980,#5981);
#5980 = CARTESIAN_POINT('',(142.75,-20.85109172963,-9.275788482074));
#5981 = VECTOR('',#5982,1.);
#5982 = DIRECTION('',(0.,-0.827080574275,0.562083377852));
#5983 = PCURVE('',#5186,#5984);
#5984 = DEFINITIONAL_REPRESENTATION('',(#5985),#5989);
#5985 = LINE('',#5986,#5987);
#5986 = CARTESIAN_POINT('',(9.275788482074,13.64890827037));
#5987 = VECTOR('',#5988,1.);
#5988 = DIRECTION('',(-0.562083377852,-0.827080574275));
#5989 = ( GEOMETRIC_REPRESENTATION_CONTEXT(2) 
PARAMETRIC_REPRESENTATION_CONTEXT() REPRESENTATION_CONTEXT('2D SPACE',''
  ) );
#5990 = PCURVE('',#5579,#5991);
#5991 = DEFINITIONAL_REPRESENTATION('',(#5992),#5996);
#5992 = LINE('',#5993,#5994);
#5993 = CARTESIAN_POINT('',(0.,0.));
#5994 = VECTOR('',#5995,1.);
#5995 = DIRECTION('',(1.,0.));
#5996 = ( GEOMETRIC_REPRESENTATION_CONTEXT(2) 
PARAMETRIC_REPRESENTATION_CONTEXT() REPRESENTATION_CONTEXT('2D SPACE',''
  ) );
#5997 = ORIENTED_EDGE('',*,*,#5998,.F.);
#5998 = EDGE_CURVE('',#5999,#5976,#6001,.T.);
#5999 = VERTEX_POINT('',#6000);
#6000 = CARTESIAN_POINT('',(142.75,-42.3572654556,-5.339792089595));
#6001 = SURFACE_CURVE('',#6002,(#6007,#6014),.PCURVE_S1.);
#6002 = CIRCLE('',#6003,9.5);
#6003 = AXIS2_PLACEMENT_3D('',#6004,#6005,#6006);
#6004 = CARTESIAN_POINT('',(142.75,-34.5,-1.471045507628E-15));
#6005 = DIRECTION('',(1.,0.,0.));
#6006 = DIRECTION('',(0.,-0.827080574275,-0.562083377852));
#6007 = PCURVE('',#5186,#6008);
#6008 = DEFINITIONAL_REPRESENTATION('',(#6009),#6013);
#6009 = CIRCLE('',#6010,9.5);
#6010 = AXIS2_PLACEMENT_2D('',#6011,#6012);
#6011 = CARTESIAN_POINT('',(0.,0.));
#6012 = DIRECTION('',(0.562083377852,-0.827080574275));
#6013 = ( GEOMETRIC_REPRESENTATION_CONTEXT(2) 
PARAMETRIC_REPRESENTATION_CONTEXT() REPRESENTATION_CONTEXT('2D SPACE',''
  ) );
#6014 = PCURVE('',#5612,#6015);
#6015 = DEFINITIONAL_REPRESENTATION('',(#6016),#6020);
#6016 = LINE('',#6017,#6018);
#6017 = CARTESIAN_POINT('',(5.309291584567,1.));
#6018 = VECTOR('',#6019,1.);
#6019 = DIRECTION('',(1.,0.));
#6020 = ( GEOMETRIC_REPRESENTATION_CONTEXT(2) 
PARAMETRIC_REPRESENTATION_CONTEXT() REPRESENTATION_CONTEXT('2D SPACE',''
  ) );
#6021 = ORIENTED_EDGE('',*,*,#6022,.F.);
#6022 = EDGE_CURVE('',#5858,#5999,#6023,.T.);
#6023 = SURFACE_CURVE('',#6024,(#6028,#6035),.PCURVE_S1.);
#6024 = LINE('',#6025,#6026);
#6025 = CARTESIAN_POINT('',(142.75,-34.5,0.));
#6026 = VECTOR('',#6027,1.);
#6027 = DIRECTION('',(0.,-0.827080574275,-0.562083377852));
#6028 = PCURVE('',#5186,#6029);
#6029 = DEFINITIONAL_REPRESENTATION('',(#6030),#6034);
#6030 = LINE('',#6031,#6032);
#6031 = CARTESIAN_POINT('',(-1.471045507628E-15,0.));
#6032 = VECTOR('',#6033,1.);
#6033 = DIRECTION('',(0.562083377852,-0.827080574275));
#6034 = ( GEOMETRIC_REPRESENTATION_CONTEXT(2) 
PARAMETRIC_REPRESENTATION_CONTEXT() REPRESENTATION_CONTEXT('2D SPACE',''
  ) );
#6035 = PCURVE('',#5640,#6036);
#6036 = DEFINITIONAL_REPRESENTATION('',(#6037),#6041);
#6037 = LINE('',#6038,#6039);
#6038 = CARTESIAN_POINT('',(0.,0.));
#6039 = VECTOR('',#6040,1.);
#6040 = DIRECTION('',(1.,0.));
#6041 = ( GEOMETRIC_REPRESENTATION_CONTEXT(2) 
PARAMETRIC_REPRESENTATION_CONTEXT() REPRESENTATION_CONTEXT('2D SPACE',''
  ) );
#6042 = ADVANCED_FACE('',(#6043),#5240,.T.);
#6043 = FACE_BOUND('',#6044,.T.);
#6044 = EDGE_LOOP('',(#6045,#6046,#6047,#6048));
#6045 = ORIENTED_EDGE('',*,*,#5278,.F.);
#6046 = ORIENTED_EDGE('',*,*,#5224,.F.);
#6047 = ORIENTED_EDGE('',*,*,#5735,.T.);
#6048 = ORIENTED_EDGE('',*,*,#6049,.T.);
#6049 = EDGE_CURVE('',#5736,#5279,#6050,.T.);
#6050 = SURFACE_CURVE('',#6051,(#6055,#6061),.PCURVE_S1.);
#6051 = LINE('',#6052,#6053);
#6052 = CARTESIAN_POINT('',(142.75,-27.15366418339,4.275669546357));
#6053 = VECTOR('',#6054,1.);
#6054 = DIRECTION('',(1.,0.,2.22044604925E-16));
#6055 = PCURVE('',#5240,#6056);
#6056 = DEFINITIONAL_REPRESENTATION('',(#6057),#6060);
#6057 = B_SPLINE_CURVE_WITH_KNOTS('',1,(#6058,#6059),.UNSPECIFIED.,.F.,
  .F.,(2,2),(-5.999999928008E-07,13.2500006),.PIECEWISE_BEZIER_KNOTS.);
#6058 = CARTESIAN_POINT('',(2.097885760897,-5.999999918514E-07));
#6059 = CARTESIAN_POINT('',(2.097885760897,13.2500006));
#6060 = ( GEOMETRIC_REPRESENTATION_CONTEXT(2) 
PARAMETRIC_REPRESENTATION_CONTEXT() REPRESENTATION_CONTEXT('2D SPACE',''
  ) );
#6061 = PCURVE('',#5318,#6062);
#6062 = DEFINITIONAL_REPRESENTATION('',(#6063),#6067);
#6063 = LINE('',#6064,#6065);
#6064 = CARTESIAN_POINT('',(8.002513412724,0.));
#6065 = VECTOR('',#6066,1.);
#6066 = DIRECTION('',(-1.116928653189E-16,-1.));
#6067 = ( GEOMETRIC_REPRESENTATION_CONTEXT(2) 
PARAMETRIC_REPRESENTATION_CONTEXT() REPRESENTATION_CONTEXT('2D SPACE',''
  ) );
#6068 = ADVANCED_FACE('',(#6069),#5318,.T.);
#6069 = FACE_BOUND('',#6070,.T.);
#6070 = EDGE_LOOP('',(#6071,#6072,#6091,#6092));
#6071 = ORIENTED_EDGE('',*,*,#5759,.F.);
#6072 = ORIENTED_EDGE('',*,*,#6073,.T.);
#6073 = EDGE_CURVE('',#5760,#5303,#6074,.T.);
#6074 = SURFACE_CURVE('',#6075,(#6079,#6085),.PCURVE_S1.);
#6075 = LINE('',#6076,#6077);
#6076 = CARTESIAN_POINT('',(142.75,-24.56083977753,5.784729386248));
#6077 = VECTOR('',#6078,1.);
#6078 = DIRECTION('',(1.,0.,2.22044604925E-16));
#6079 = PCURVE('',#5318,#6080);
#6080 = DEFINITIONAL_REPRESENTATION('',(#6081),#6084);
#6081 = B_SPLINE_CURVE_WITH_KNOTS('',1,(#6082,#6083),.UNSPECIFIED.,.F.,
  .F.,(2,2),(-5.999999928008E-07,13.2500006),.PIECEWISE_BEZIER_KNOTS.);
#6082 = CARTESIAN_POINT('',(5.002513412724,5.999999928008E-07));
#6083 = CARTESIAN_POINT('',(5.002513412724,-13.2500006));
#6084 = ( GEOMETRIC_REPRESENTATION_CONTEXT(2) 
PARAMETRIC_REPRESENTATION_CONTEXT() REPRESENTATION_CONTEXT('2D SPACE',''
  ) );
#6085 = PCURVE('',#5351,#6086);
#6086 = DEFINITIONAL_REPRESENTATION('',(#6087),#6090);
#6087 = B_SPLINE_CURVE_WITH_KNOTS('',1,(#6088,#6089),.UNSPECIFIED.,.F.,
  .F.,(2,2),(-5.999999928008E-07,13.2500006),.PIECEWISE_BEZIER_KNOTS.);
#6088 = CARTESIAN_POINT('',(2.097885760897,-5.999999915163E-07));
#6089 = CARTESIAN_POINT('',(2.097885760897,13.2500006));
#6090 = ( GEOMETRIC_REPRESENTATION_CONTEXT(2) 
PARAMETRIC_REPRESENTATION_CONTEXT() REPRESENTATION_CONTEXT('2D SPACE',''
  ) );
#6091 = ORIENTED_EDGE('',*,*,#5302,.T.);
#6092 = ORIENTED_EDGE('',*,*,#6049,.F.);
#6093 = ADVANCED_FACE('',(#6094,#6118),#5351,.T.);
#6094 = FACE_BOUND('',#6095,.T.);
#6095 = EDGE_LOOP('',(#6096,#6115,#6116,#6117));
#6096 = ORIENTED_EDGE('',*,*,#6097,.T.);
#6097 = EDGE_CURVE('',#5783,#5331,#6098,.T.);
#6098 = SURFACE_CURVE('',#6099,(#6103,#6109),.PCURVE_S1.);
#6099 = LINE('',#6100,#6101);
#6100 = CARTESIAN_POINT('',(142.75,-44.43916022246,5.784729386248));
#6101 = VECTOR('',#6102,1.);
#6102 = DIRECTION('',(1.,0.,2.22044604925E-16));
#6103 = PCURVE('',#5351,#6104);
#6104 = DEFINITIONAL_REPRESENTATION('',(#6105),#6108);
#6105 = B_SPLINE_CURVE_WITH_KNOTS('',1,(#6106,#6107),.UNSPECIFIED.,.F.,
  .F.,(2,2),(-5.999999928008E-07,13.2500006),.PIECEWISE_BEZIER_KNOTS.);
#6106 = CARTESIAN_POINT('',(4.185299546282,-5.999999915163E-07));
#6107 = CARTESIAN_POINT('',(4.185299546282,13.2500006));
#6108 = ( GEOMETRIC_REPRESENTATION_CONTEXT(2) 
PARAMETRIC_REPRESENTATION_CONTEXT() REPRESENTATION_CONTEXT('2D SPACE',''
  ) );
#6109 = PCURVE('',#5379,#6110);
#6110 = DEFINITIONAL_REPRESENTATION('',(#6111),#6114);
#6111 = B_SPLINE_CURVE_WITH_KNOTS('',1,(#6112,#6113),.UNSPECIFIED.,.F.,
  .F.,(2,2),(-5.999999928008E-07,13.2500006),.PIECEWISE_BEZIER_KNOTS.);
#6112 = CARTESIAN_POINT('',(11.5,5.999999928008E-07));
#6113 = CARTESIAN_POINT('',(11.5,-13.2500006));
#6114 = ( GEOMETRIC_REPRESENTATION_CONTEXT(2) 
PARAMETRIC_REPRESENTATION_CONTEXT() REPRESENTATION_CONTEXT('2D SPACE',''
  ) );
#6115 = ORIENTED_EDGE('',*,*,#5330,.T.);
#6116 = ORIENTED_EDGE('',*,*,#6073,.F.);
#6117 = ORIENTED_EDGE('',*,*,#5782,.T.);
#6118 = FACE_BOUND('',#6119,.T.);
#6119 = EDGE_LOOP('',(#6120,#6151,#6177,#6206));
#6120 = ORIENTED_EDGE('',*,*,#6121,.F.);
#6121 = EDGE_CURVE('',#6122,#6124,#6126,.T.);
#6122 = VERTEX_POINT('',#6123);
#6123 = CARTESIAN_POINT('',(145.375,-32.,11.224972160322));
#6124 = VERTEX_POINT('',#6125);
#6125 = CARTESIAN_POINT('',(145.375,-37.,11.224972160322));
#6126 = SURFACE_CURVE('',#6127,(#6132,#6139),.PCURVE_S1.);
#6127 = CIRCLE('',#6128,11.5);
#6128 = AXIS2_PLACEMENT_3D('',#6129,#6130,#6131);
#6129 = CARTESIAN_POINT('',(145.375,-34.5,-8.881784197001E-16));
#6130 = DIRECTION('',(1.,0.,2.22044604925E-16));
#6131 = DIRECTION('',(2.22044604925E-16,0.,-1.));
#6132 = PCURVE('',#5351,#6133);
#6133 = DEFINITIONAL_REPRESENTATION('',(#6134),#6138);
#6134 = LINE('',#6135,#6136);
#6135 = CARTESIAN_POINT('',(0.,2.625));
#6136 = VECTOR('',#6137,1.);
#6137 = DIRECTION('',(1.,0.));
#6138 = ( GEOMETRIC_REPRESENTATION_CONTEXT(2) 
PARAMETRIC_REPRESENTATION_CONTEXT() REPRESENTATION_CONTEXT('2D SPACE',''
  ) );
#6139 = PCURVE('',#6140,#6145);
#6140 = PLANE('',#6141);
#6141 = AXIS2_PLACEMENT_3D('',#6142,#6143,#6144);
#6142 = CARTESIAN_POINT('',(145.375,-37.,11.));
#6143 = DIRECTION('',(1.,0.,-0.));
#6144 = DIRECTION('',(0.,0.,1.));
#6145 = DEFINITIONAL_REPRESENTATION('',(#6146),#6150);
#6146 = CIRCLE('',#6147,11.5);
#6147 = AXIS2_PLACEMENT_2D('',#6148,#6149);
#6148 = CARTESIAN_POINT('',(-11.,-2.5));
#6149 = DIRECTION('',(-1.,0.));
#6150 = ( GEOMETRIC_REPRESENTATION_CONTEXT(2) 
PARAMETRIC_REPRESENTATION_CONTEXT() REPRESENTATION_CONTEXT('2D SPACE',''
  ) );
#6151 = ORIENTED_EDGE('',*,*,#6152,.T.);
#6152 = EDGE_CURVE('',#6122,#6153,#6155,.T.);
#6153 = VERTEX_POINT('',#6154);
#6154 = CARTESIAN_POINT('',(153.375,-32.,11.224972160322));
#6155 = SURFACE_CURVE('',#6156,(#6160,#6166),.PCURVE_S1.);
#6156 = LINE('',#6157,#6158);
#6157 = CARTESIAN_POINT('',(142.75,-32.,11.224972160322));
#6158 = VECTOR('',#6159,1.);
#6159 = DIRECTION('',(1.,0.,2.22044604925E-16));
#6160 = PCURVE('',#5351,#6161);
#6161 = DEFINITIONAL_REPRESENTATION('',(#6162),#6165);
#6162 = B_SPLINE_CURVE_WITH_KNOTS('',1,(#6163,#6164),.UNSPECIFIED.,.F.,
  .F.,(2,2),(1.825,11.425),.PIECEWISE_BEZIER_KNOTS.);
#6163 = CARTESIAN_POINT('',(2.922451594592,1.825));
#6164 = CARTESIAN_POINT('',(2.922451594592,11.425));
#6165 = ( GEOMETRIC_REPRESENTATION_CONTEXT(2) 
PARAMETRIC_REPRESENTATION_CONTEXT() REPRESENTATION_CONTEXT('2D SPACE',''
  ) );
#6166 = PCURVE('',#6167,#6172);
#6167 = PLANE('',#6168);
#6168 = AXIS2_PLACEMENT_3D('',#6169,#6170,#6171);
#6169 = CARTESIAN_POINT('',(145.375,-32.,11.));
#6170 = DIRECTION('',(-0.,1.,0.));
#6171 = DIRECTION('',(0.,0.,1.));
#6172 = DEFINITIONAL_REPRESENTATION('',(#6173),#6176);
#6173 = B_SPLINE_CURVE_WITH_KNOTS('',1,(#6174,#6175),.UNSPECIFIED.,.F.,
  .F.,(2,2),(1.825,11.425),.PIECEWISE_BEZIER_KNOTS.);
#6174 = CARTESIAN_POINT('',(0.224972160322,-0.8));
#6175 = CARTESIAN_POINT('',(0.224972160322,8.8));
#6176 = ( GEOMETRIC_REPRESENTATION_CONTEXT(2) 
PARAMETRIC_REPRESENTATION_CONTEXT() REPRESENTATION_CONTEXT('2D SPACE',''
  ) );
#6177 = ORIENTED_EDGE('',*,*,#6178,.T.);
#6178 = EDGE_CURVE('',#6153,#6179,#6181,.T.);
#6179 = VERTEX_POINT('',#6180);
#6180 = CARTESIAN_POINT('',(153.375,-37.,11.224972160322));
#6181 = SURFACE_CURVE('',#6182,(#6187,#6194),.PCURVE_S1.);
#6182 = CIRCLE('',#6183,11.5);
#6183 = AXIS2_PLACEMENT_3D('',#6184,#6185,#6186);
#6184 = CARTESIAN_POINT('',(153.375,-34.5,8.881784197001E-16));
#6185 = DIRECTION('',(1.,0.,2.22044604925E-16));
#6186 = DIRECTION('',(2.22044604925E-16,0.,-1.));
#6187 = PCURVE('',#5351,#6188);
#6188 = DEFINITIONAL_REPRESENTATION('',(#6189),#6193);
#6189 = LINE('',#6190,#6191);
#6190 = CARTESIAN_POINT('',(0.,10.625));
#6191 = VECTOR('',#6192,1.);
#6192 = DIRECTION('',(1.,0.));
#6193 = ( GEOMETRIC_REPRESENTATION_CONTEXT(2) 
PARAMETRIC_REPRESENTATION_CONTEXT() REPRESENTATION_CONTEXT('2D SPACE',''
  ) );
#6194 = PCURVE('',#6195,#6200);
#6195 = PLANE('',#6196);
#6196 = AXIS2_PLACEMENT_3D('',#6197,#6198,#6199);
#6197 = CARTESIAN_POINT('',(153.375,-37.,11.));
#6198 = DIRECTION('',(1.,0.,-0.));
#6199 = DIRECTION('',(0.,0.,1.));
#6200 = DEFINITIONAL_REPRESENTATION('',(#6201),#6205);
#6201 = CIRCLE('',#6202,11.5);
#6202 = AXIS2_PLACEMENT_2D('',#6203,#6204);
#6203 = CARTESIAN_POINT('',(-11.,-2.5));
#6204 = DIRECTION('',(-1.,0.));
#6205 = ( GEOMETRIC_REPRESENTATION_CONTEXT(2) 
PARAMETRIC_REPRESENTATION_CONTEXT() REPRESENTATION_CONTEXT('2D SPACE',''
  ) );
#6206 = ORIENTED_EDGE('',*,*,#6207,.F.);
#6207 = EDGE_CURVE('',#6124,#6179,#6208,.T.);
#6208 = SURFACE_CURVE('',#6209,(#6213,#6219),.PCURVE_S1.);
#6209 = LINE('',#6210,#6211);
#6210 = CARTESIAN_POINT('',(142.75,-37.,11.224972160322));
#6211 = VECTOR('',#6212,1.);
#6212 = DIRECTION('',(1.,0.,2.22044604925E-16));
#6213 = PCURVE('',#5351,#6214);
#6214 = DEFINITIONAL_REPRESENTATION('',(#6215),#6218);
#6215 = B_SPLINE_CURVE_WITH_KNOTS('',1,(#6216,#6217),.UNSPECIFIED.,.F.,
  .F.,(2,2),(1.825,11.425),.PIECEWISE_BEZIER_KNOTS.);
#6216 = CARTESIAN_POINT('',(3.360733712587,1.825));
#6217 = CARTESIAN_POINT('',(3.360733712587,11.425));
#6218 = ( GEOMETRIC_REPRESENTATION_CONTEXT(2) 
PARAMETRIC_REPRESENTATION_CONTEXT() REPRESENTATION_CONTEXT('2D SPACE',''
  ) );
#6219 = PCURVE('',#6220,#6225);
#6220 = PLANE('',#6221);
#6221 = AXIS2_PLACEMENT_3D('',#6222,#6223,#6224);
#6222 = CARTESIAN_POINT('',(145.375,-37.,11.));
#6223 = DIRECTION('',(-0.,1.,0.));
#6224 = DIRECTION('',(0.,0.,1.));
#6225 = DEFINITIONAL_REPRESENTATION('',(#6226),#6229);
#6226 = B_SPLINE_CURVE_WITH_KNOTS('',1,(#6227,#6228),.UNSPECIFIED.,.F.,
  .F.,(2,2),(1.825,11.425),.PIECEWISE_BEZIER_KNOTS.);
#6227 = CARTESIAN_POINT('',(0.224972160322,-0.8));
#6228 = CARTESIAN_POINT('',(0.224972160322,8.8));
#6229 = ( GEOMETRIC_REPRESENTATION_CONTEXT(2) 
PARAMETRIC_REPRESENTATION_CONTEXT() REPRESENTATION_CONTEXT('2D SPACE',''
  ) );
#6230 = ADVANCED_FACE('',(#6231),#5379,.T.);
#6231 = FACE_BOUND('',#6232,.T.);
#6232 = EDGE_LOOP('',(#6233,#6234,#6254,#6255));
#6233 = ORIENTED_EDGE('',*,*,#5806,.F.);
#6234 = ORIENTED_EDGE('',*,*,#6235,.T.);
#6235 = EDGE_CURVE('',#5807,#5364,#6236,.T.);
#6236 = SURFACE_CURVE('',#6237,(#6241,#6248),.PCURVE_S1.);
#6237 = LINE('',#6238,#6239);
#6238 = CARTESIAN_POINT('',(142.75,-41.8463358166,4.275669546357));
#6239 = VECTOR('',#6240,1.);
#6240 = DIRECTION('',(1.,0.,2.22044604925E-16));
#6241 = PCURVE('',#5379,#6242);
#6242 = DEFINITIONAL_REPRESENTATION('',(#6243),#6247);
#6243 = LINE('',#6244,#6245);
#6244 = CARTESIAN_POINT('',(8.5,0.));
#6245 = VECTOR('',#6246,1.);
#6246 = DIRECTION('',(1.116928653189E-16,-1.));
#6247 = ( GEOMETRIC_REPRESENTATION_CONTEXT(2) 
PARAMETRIC_REPRESENTATION_CONTEXT() REPRESENTATION_CONTEXT('2D SPACE',''
  ) );
#6248 = PCURVE('',#5408,#6249);
#6249 = DEFINITIONAL_REPRESENTATION('',(#6250),#6253);
#6250 = B_SPLINE_CURVE_WITH_KNOTS('',1,(#6251,#6252),.UNSPECIFIED.,.F.,
  .F.,(2,2),(-5.999999928008E-07,13.2500006),.PIECEWISE_BEZIER_KNOTS.);
#6251 = CARTESIAN_POINT('',(4.185299546282,-5.999999918514E-07));
#6252 = CARTESIAN_POINT('',(4.185299546282,13.2500006));
#6253 = ( GEOMETRIC_REPRESENTATION_CONTEXT(2) 
PARAMETRIC_REPRESENTATION_CONTEXT() REPRESENTATION_CONTEXT('2D SPACE',''
  ) );
#6254 = ORIENTED_EDGE('',*,*,#5363,.T.);
#6255 = ORIENTED_EDGE('',*,*,#6097,.F.);
#6256 = ADVANCED_FACE('',(#6257),#5408,.T.);
#6257 = FACE_BOUND('',#6258,.T.);
#6258 = EDGE_LOOP('',(#6259,#6260,#6261,#6262));
#6259 = ORIENTED_EDGE('',*,*,#5391,.F.);
#6260 = ORIENTED_EDGE('',*,*,#6235,.F.);
#6261 = ORIENTED_EDGE('',*,*,#5829,.T.);
#6262 = ORIENTED_EDGE('',*,*,#5711,.T.);
#6263 = ADVANCED_FACE('',(#6264),#5461,.T.);
#6264 = FACE_BOUND('',#6265,.T.);
#6265 = EDGE_LOOP('',(#6266,#6267,#6287,#6288));
#6266 = ORIENTED_EDGE('',*,*,#5881,.F.);
#6267 = ORIENTED_EDGE('',*,*,#6268,.T.);
#6268 = EDGE_CURVE('',#5882,#5444,#6269,.T.);
#6269 = SURFACE_CURVE('',#6270,(#6274,#6281),.PCURVE_S1.);
#6270 = LINE('',#6271,#6272);
#6271 = CARTESIAN_POINT('',(141.75,-42.3572654556,5.339792089595));
#6272 = VECTOR('',#6273,1.);
#6273 = DIRECTION('',(1.,0.,2.22044604925E-16));
#6274 = PCURVE('',#5461,#6275);
#6275 = DEFINITIONAL_REPRESENTATION('',(#6276),#6280);
#6276 = LINE('',#6277,#6278);
#6277 = CARTESIAN_POINT('',(7.002513412724,1.));
#6278 = VECTOR('',#6279,1.);
#6279 = DIRECTION('',(-1.248075815701E-16,-1.));
#6280 = ( GEOMETRIC_REPRESENTATION_CONTEXT(2) 
PARAMETRIC_REPRESENTATION_CONTEXT() REPRESENTATION_CONTEXT('2D SPACE',''
  ) );
#6281 = PCURVE('',#5490,#6282);
#6282 = DEFINITIONAL_REPRESENTATION('',(#6283),#6286);
#6283 = B_SPLINE_CURVE_WITH_KNOTS('',1,(#6284,#6285),.UNSPECIFIED.,.F.,
  .F.,(2,2),(0.9999994,14.2500006),.PIECEWISE_BEZIER_KNOTS.);
#6284 = CARTESIAN_POINT('',(4.115486376203,0.9999994));
#6285 = CARTESIAN_POINT('',(4.115486376203,14.2500006));
#6286 = ( GEOMETRIC_REPRESENTATION_CONTEXT(2) 
PARAMETRIC_REPRESENTATION_CONTEXT() REPRESENTATION_CONTEXT('2D SPACE',''
  ) );
#6287 = ORIENTED_EDGE('',*,*,#5443,.T.);
#6288 = ORIENTED_EDGE('',*,*,#6289,.F.);
#6289 = EDGE_CURVE('',#5856,#5446,#6290,.T.);
#6290 = SURFACE_CURVE('',#6291,(#6295,#6301),.PCURVE_S1.);
#6291 = LINE('',#6292,#6293);
#6292 = CARTESIAN_POINT('',(141.75,-40.70310430705,4.215625333891));
#6293 = VECTOR('',#6294,1.);
#6294 = DIRECTION('',(1.,0.,2.22044604925E-16));
#6295 = PCURVE('',#5461,#6296);
#6296 = DEFINITIONAL_REPRESENTATION('',(#6297),#6300);
#6297 = B_SPLINE_CURVE_WITH_KNOTS('',1,(#6298,#6299),.UNSPECIFIED.,.F.,
  .F.,(2,2),(0.9999994,14.2500006),.PIECEWISE_BEZIER_KNOTS.);
#6298 = CARTESIAN_POINT('',(9.002513412724,5.999999928008E-07));
#6299 = CARTESIAN_POINT('',(9.002513412724,-13.2500006));
#6300 = ( GEOMETRIC_REPRESENTATION_CONTEXT(2) 
PARAMETRIC_REPRESENTATION_CONTEXT() REPRESENTATION_CONTEXT('2D SPACE',''
  ) );
#6301 = PCURVE('',#5671,#6302);
#6302 = DEFINITIONAL_REPRESENTATION('',(#6303),#6306);
#6303 = B_SPLINE_CURVE_WITH_KNOTS('',1,(#6304,#6305),.UNSPECIFIED.,.F.,
  .F.,(2,2),(0.9999994,14.2500006),.PIECEWISE_BEZIER_KNOTS.);
#6304 = CARTESIAN_POINT('',(4.115486376203,0.9999994));
#6305 = CARTESIAN_POINT('',(4.115486376203,14.2500006));
#6306 = ( GEOMETRIC_REPRESENTATION_CONTEXT(2) 
PARAMETRIC_REPRESENTATION_CONTEXT() REPRESENTATION_CONTEXT('2D SPACE',''
  ) );
#6307 = ADVANCED_FACE('',(#6308),#5490,.F.);
#6308 = FACE_BOUND('',#6309,.F.);
#6309 = EDGE_LOOP('',(#6310,#6311,#6331,#6332));
#6310 = ORIENTED_EDGE('',*,*,#5473,.F.);
#6311 = ORIENTED_EDGE('',*,*,#6312,.F.);
#6312 = EDGE_CURVE('',#5905,#5474,#6313,.T.);
#6313 = SURFACE_CURVE('',#6314,(#6318,#6324),.PCURVE_S1.);
#6314 = LINE('',#6315,#6316);
#6315 = CARTESIAN_POINT('',(141.75,-26.64273454439,5.339792089595));
#6316 = VECTOR('',#6317,1.);
#6317 = DIRECTION('',(1.,0.,2.22044604925E-16));
#6318 = PCURVE('',#5490,#6319);
#6319 = DEFINITIONAL_REPRESENTATION('',(#6320),#6323);
#6320 = B_SPLINE_CURVE_WITH_KNOTS('',1,(#6321,#6322),.UNSPECIFIED.,.F.,
  .F.,(2,2),(0.9999994,14.2500006),.PIECEWISE_BEZIER_KNOTS.);
#6321 = CARTESIAN_POINT('',(2.167698930977,0.9999994));
#6322 = CARTESIAN_POINT('',(2.167698930977,14.2500006));
#6323 = ( GEOMETRIC_REPRESENTATION_CONTEXT(2) 
PARAMETRIC_REPRESENTATION_CONTEXT() REPRESENTATION_CONTEXT('2D SPACE',''
  ) );
#6324 = PCURVE('',#5518,#6325);
#6325 = DEFINITIONAL_REPRESENTATION('',(#6326),#6330);
#6326 = LINE('',#6327,#6328);
#6327 = CARTESIAN_POINT('',(9.5,1.));
#6328 = VECTOR('',#6329,1.);
#6329 = DIRECTION('',(1.248075815701E-16,-1.));
#6330 = ( GEOMETRIC_REPRESENTATION_CONTEXT(2) 
PARAMETRIC_REPRESENTATION_CONTEXT() REPRESENTATION_CONTEXT('2D SPACE',''
  ) );
#6331 = ORIENTED_EDGE('',*,*,#5904,.T.);
#6332 = ORIENTED_EDGE('',*,*,#6268,.T.);
#6333 = ADVANCED_FACE('',(#6334),#5518,.T.);
#6334 = FACE_BOUND('',#6335,.T.);
#6335 = EDGE_LOOP('',(#6336,#6337,#6356,#6357));
#6336 = ORIENTED_EDGE('',*,*,#5928,.F.);
#6337 = ORIENTED_EDGE('',*,*,#6338,.T.);
#6338 = EDGE_CURVE('',#5929,#5503,#6339,.T.);
#6339 = SURFACE_CURVE('',#6340,(#6344,#6350),.PCURVE_S1.);
#6340 = LINE('',#6341,#6342);
#6341 = CARTESIAN_POINT('',(141.75,-28.29689569294,4.215625333891));
#6342 = VECTOR('',#6343,1.);
#6343 = DIRECTION('',(1.,0.,2.22044604925E-16));
#6344 = PCURVE('',#5518,#6345);
#6345 = DEFINITIONAL_REPRESENTATION('',(#6346),#6349);
#6346 = B_SPLINE_CURVE_WITH_KNOTS('',1,(#6347,#6348),.UNSPECIFIED.,.F.,
  .F.,(2,2),(0.9999994,14.2500006),.PIECEWISE_BEZIER_KNOTS.);
#6347 = CARTESIAN_POINT('',(7.5,5.999999928008E-07));
#6348 = CARTESIAN_POINT('',(7.5,-13.2500006));
#6349 = ( GEOMETRIC_REPRESENTATION_CONTEXT(2) 
PARAMETRIC_REPRESENTATION_CONTEXT() REPRESENTATION_CONTEXT('2D SPACE',''
  ) );
#6350 = PCURVE('',#5551,#6351);
#6351 = DEFINITIONAL_REPRESENTATION('',(#6352),#6355);
#6352 = B_SPLINE_CURVE_WITH_KNOTS('',1,(#6353,#6354),.UNSPECIFIED.,.F.,
  .F.,(2,2),(0.9999994,14.2500006),.PIECEWISE_BEZIER_KNOTS.);
#6353 = CARTESIAN_POINT('',(2.167698930977,0.9999994));
#6354 = CARTESIAN_POINT('',(2.167698930977,14.2500006));
#6355 = ( GEOMETRIC_REPRESENTATION_CONTEXT(2) 
PARAMETRIC_REPRESENTATION_CONTEXT() REPRESENTATION_CONTEXT('2D SPACE',''
  ) );
#6356 = ORIENTED_EDGE('',*,*,#5502,.T.);
#6357 = ORIENTED_EDGE('',*,*,#6312,.F.);
#6358 = ADVANCED_FACE('',(#6359),#5551,.F.);
#6359 = FACE_BOUND('',#6360,.F.);
#6360 = EDGE_LOOP('',(#6361,#6380,#6381,#6382));
#6361 = ORIENTED_EDGE('',*,*,#6362,.F.);
#6362 = EDGE_CURVE('',#5952,#5531,#6363,.T.);
#6363 = SURFACE_CURVE('',#6364,(#6368,#6374),.PCURVE_S1.);
#6364 = LINE('',#6365,#6366);
#6365 = CARTESIAN_POINT('',(141.75,-28.29689569294,-4.215625333891));
#6366 = VECTOR('',#6367,1.);
#6367 = DIRECTION('',(1.,0.,2.22044604925E-16));
#6368 = PCURVE('',#5551,#6369);
#6369 = DEFINITIONAL_REPRESENTATION('',(#6370),#6373);
#6370 = B_SPLINE_CURVE_WITH_KNOTS('',1,(#6371,#6372),.UNSPECIFIED.,.F.,
  .F.,(2,2),(0.9999994,14.2500006),.PIECEWISE_BEZIER_KNOTS.);
#6371 = CARTESIAN_POINT('',(0.973893722613,0.9999994));
#6372 = CARTESIAN_POINT('',(0.973893722613,14.2500006));
#6373 = ( GEOMETRIC_REPRESENTATION_CONTEXT(2) 
PARAMETRIC_REPRESENTATION_CONTEXT() REPRESENTATION_CONTEXT('2D SPACE',''
  ) );
#6374 = PCURVE('',#5579,#6375);
#6375 = DEFINITIONAL_REPRESENTATION('',(#6376),#6379);
#6376 = B_SPLINE_CURVE_WITH_KNOTS('',1,(#6377,#6378),.UNSPECIFIED.,.F.,
  .F.,(2,2),(0.9999994,14.2500006),.PIECEWISE_BEZIER_KNOTS.);
#6377 = CARTESIAN_POINT('',(9.002513412724,5.999999928008E-07));
#6378 = CARTESIAN_POINT('',(9.002513412724,-13.2500006));
#6379 = ( GEOMETRIC_REPRESENTATION_CONTEXT(2) 
PARAMETRIC_REPRESENTATION_CONTEXT() REPRESENTATION_CONTEXT('2D SPACE',''
  ) );
#6380 = ORIENTED_EDGE('',*,*,#5951,.T.);
#6381 = ORIENTED_EDGE('',*,*,#6338,.T.);
#6382 = ORIENTED_EDGE('',*,*,#5530,.T.);
#6383 = ADVANCED_FACE('',(#6384),#5579,.T.);
#6384 = FACE_BOUND('',#6385,.T.);
#6385 = EDGE_LOOP('',(#6386,#6387,#6407,#6408));
#6386 = ORIENTED_EDGE('',*,*,#5975,.F.);
#6387 = ORIENTED_EDGE('',*,*,#6388,.T.);
#6388 = EDGE_CURVE('',#5976,#5564,#6389,.T.);
#6389 = SURFACE_CURVE('',#6390,(#6394,#6401),.PCURVE_S1.);
#6390 = LINE('',#6391,#6392);
#6391 = CARTESIAN_POINT('',(141.75,-26.64273454439,-5.339792089595));
#6392 = VECTOR('',#6393,1.);
#6393 = DIRECTION('',(1.,0.,2.22044604925E-16));
#6394 = PCURVE('',#5579,#6395);
#6395 = DEFINITIONAL_REPRESENTATION('',(#6396),#6400);
#6396 = LINE('',#6397,#6398);
#6397 = CARTESIAN_POINT('',(7.002513412724,1.));
#6398 = VECTOR('',#6399,1.);
#6399 = DIRECTION('',(1.248075815701E-16,-1.));
#6400 = ( GEOMETRIC_REPRESENTATION_CONTEXT(2) 
PARAMETRIC_REPRESENTATION_CONTEXT() REPRESENTATION_CONTEXT('2D SPACE',''
  ) );
#6401 = PCURVE('',#5612,#6402);
#6402 = DEFINITIONAL_REPRESENTATION('',(#6403),#6406);
#6403 = B_SPLINE_CURVE_WITH_KNOTS('',1,(#6404,#6405),.UNSPECIFIED.,.F.,
  .F.,(2,2),(1.,14.25),.PIECEWISE_BEZIER_KNOTS.);
#6404 = CARTESIAN_POINT('',(7.257079029792,1.));
#6405 = CARTESIAN_POINT('',(7.257079029792,14.25));
#6406 = ( GEOMETRIC_REPRESENTATION_CONTEXT(2) 
PARAMETRIC_REPRESENTATION_CONTEXT() REPRESENTATION_CONTEXT('2D SPACE',''
  ) );
#6407 = ORIENTED_EDGE('',*,*,#5563,.T.);
#6408 = ORIENTED_EDGE('',*,*,#6362,.F.);
#6409 = ADVANCED_FACE('',(#6410),#5612,.F.);
#6410 = FACE_BOUND('',#6411,.F.);
#6411 = EDGE_LOOP('',(#6412,#6413,#6414,#6415));
#6412 = ORIENTED_EDGE('',*,*,#5998,.T.);
#6413 = ORIENTED_EDGE('',*,*,#6388,.T.);
#6414 = ORIENTED_EDGE('',*,*,#5591,.T.);
#6415 = ORIENTED_EDGE('',*,*,#6416,.F.);
#6416 = EDGE_CURVE('',#5999,#5592,#6417,.T.);
#6417 = SURFACE_CURVE('',#6418,(#6422,#6428),.PCURVE_S1.);
#6418 = LINE('',#6419,#6420);
#6419 = CARTESIAN_POINT('',(141.75,-42.3572654556,-5.339792089595));
#6420 = VECTOR('',#6421,1.);
#6421 = DIRECTION('',(1.,0.,2.22044604925E-16));
#6422 = PCURVE('',#5612,#6423);
#6423 = DEFINITIONAL_REPRESENTATION('',(#6424),#6427);
#6424 = B_SPLINE_CURVE_WITH_KNOTS('',1,(#6425,#6426),.UNSPECIFIED.,.F.,
  .F.,(2,2),(1.,14.25),.PIECEWISE_BEZIER_KNOTS.);
#6425 = CARTESIAN_POINT('',(5.309291584567,1.));
#6426 = CARTESIAN_POINT('',(5.309291584567,14.25));
#6427 = ( GEOMETRIC_REPRESENTATION_CONTEXT(2) 
PARAMETRIC_REPRESENTATION_CONTEXT() REPRESENTATION_CONTEXT('2D SPACE',''
  ) );
#6428 = PCURVE('',#5640,#6429);
#6429 = DEFINITIONAL_REPRESENTATION('',(#6430),#6434);
#6430 = LINE('',#6431,#6432);
#6431 = CARTESIAN_POINT('',(9.5,1.));
#6432 = VECTOR('',#6433,1.);
#6433 = DIRECTION('',(-1.248075815701E-16,-1.));
#6434 = ( GEOMETRIC_REPRESENTATION_CONTEXT(2) 
PARAMETRIC_REPRESENTATION_CONTEXT() REPRESENTATION_CONTEXT('2D SPACE',''
  ) );
#6435 = ADVANCED_FACE('',(#6436),#5640,.T.);
#6436 = FACE_BOUND('',#6437,.T.);
#6437 = EDGE_LOOP('',(#6438,#6439,#6458,#6459));
#6438 = ORIENTED_EDGE('',*,*,#6022,.F.);
#6439 = ORIENTED_EDGE('',*,*,#6440,.T.);
#6440 = EDGE_CURVE('',#5858,#5625,#6441,.T.);
#6441 = SURFACE_CURVE('',#6442,(#6446,#6452),.PCURVE_S1.);
#6442 = LINE('',#6443,#6444);
#6443 = CARTESIAN_POINT('',(141.75,-40.70310430705,-4.215625333891));
#6444 = VECTOR('',#6445,1.);
#6445 = DIRECTION('',(1.,0.,2.22044604925E-16));
#6446 = PCURVE('',#5640,#6447);
#6447 = DEFINITIONAL_REPRESENTATION('',(#6448),#6451);
#6448 = B_SPLINE_CURVE_WITH_KNOTS('',1,(#6449,#6450),.UNSPECIFIED.,.F.,
  .F.,(2,2),(0.9999994,14.2500006),.PIECEWISE_BEZIER_KNOTS.);
#6449 = CARTESIAN_POINT('',(7.5,5.999999928008E-07));
#6450 = CARTESIAN_POINT('',(7.5,-13.2500006));
#6451 = ( GEOMETRIC_REPRESENTATION_CONTEXT(2) 
PARAMETRIC_REPRESENTATION_CONTEXT() REPRESENTATION_CONTEXT('2D SPACE',''
  ) );
#6452 = PCURVE('',#5671,#6453);
#6453 = DEFINITIONAL_REPRESENTATION('',(#6454),#6457);
#6454 = B_SPLINE_CURVE_WITH_KNOTS('',1,(#6455,#6456),.UNSPECIFIED.,.F.,
  .F.,(2,2),(0.9999994,14.2500006),.PIECEWISE_BEZIER_KNOTS.);
#6455 = CARTESIAN_POINT('',(5.309291584567,0.9999994));
#6456 = CARTESIAN_POINT('',(5.309291584567,14.2500006));
#6457 = ( GEOMETRIC_REPRESENTATION_CONTEXT(2) 
PARAMETRIC_REPRESENTATION_CONTEXT() REPRESENTATION_CONTEXT('2D SPACE',''
  ) );
#6458 = ORIENTED_EDGE('',*,*,#5624,.T.);
#6459 = ORIENTED_EDGE('',*,*,#6416,.F.);
#6460 = ADVANCED_FACE('',(#6461),#5671,.F.);
#6461 = FACE_BOUND('',#6462,.F.);
#6462 = EDGE_LOOP('',(#6463,#6464,#6465,#6466));
#6463 = ORIENTED_EDGE('',*,*,#6289,.F.);
#6464 = ORIENTED_EDGE('',*,*,#5855,.T.);
#6465 = ORIENTED_EDGE('',*,*,#6440,.T.);
#6466 = ORIENTED_EDGE('',*,*,#5652,.T.);
#6467 = ADVANCED_FACE('',(#6468,#6543),#6140,.F.);
#6468 = FACE_BOUND('',#6469,.F.);
#6469 = EDGE_LOOP('',(#6470,#6493,#6494,#6517));
#6470 = ORIENTED_EDGE('',*,*,#6471,.F.);
#6471 = EDGE_CURVE('',#6124,#6472,#6474,.T.);
#6472 = VERTEX_POINT('',#6473);
#6473 = CARTESIAN_POINT('',(145.375,-37.,14.5));
#6474 = SURFACE_CURVE('',#6475,(#6479,#6486),.PCURVE_S1.);
#6475 = LINE('',#6476,#6477);
#6476 = CARTESIAN_POINT('',(145.375,-37.,11.));
#6477 = VECTOR('',#6478,1.);
#6478 = DIRECTION('',(0.,0.,1.));
#6479 = PCURVE('',#6140,#6480);
#6480 = DEFINITIONAL_REPRESENTATION('',(#6481),#6485);
#6481 = LINE('',#6482,#6483);
#6482 = CARTESIAN_POINT('',(0.,0.));
#6483 = VECTOR('',#6484,1.);
#6484 = DIRECTION('',(1.,0.));
#6485 = ( GEOMETRIC_REPRESENTATION_CONTEXT(2) 
PARAMETRIC_REPRESENTATION_CONTEXT() REPRESENTATION_CONTEXT('2D SPACE',''
  ) );
#6486 = PCURVE('',#6220,#6487);
#6487 = DEFINITIONAL_REPRESENTATION('',(#6488),#6492);
#6488 = LINE('',#6489,#6490);
#6489 = CARTESIAN_POINT('',(0.,0.));
#6490 = VECTOR('',#6491,1.);
#6491 = DIRECTION('',(1.,0.));
#6492 = ( GEOMETRIC_REPRESENTATION_CONTEXT(2) 
PARAMETRIC_REPRESENTATION_CONTEXT() REPRESENTATION_CONTEXT('2D SPACE',''
  ) );
#6493 = ORIENTED_EDGE('',*,*,#6121,.F.);
#6494 = ORIENTED_EDGE('',*,*,#6495,.T.);
#6495 = EDGE_CURVE('',#6122,#6496,#6498,.T.);
#6496 = VERTEX_POINT('',#6497);
#6497 = CARTESIAN_POINT('',(145.375,-32.,14.5));
#6498 = SURFACE_CURVE('',#6499,(#6503,#6510),.PCURVE_S1.);
#6499 = LINE('',#6500,#6501);
#6500 = CARTESIAN_POINT('',(145.375,-32.,11.));
#6501 = VECTOR('',#6502,1.);
#6502 = DIRECTION('',(0.,0.,1.));
#6503 = PCURVE('',#6140,#6504);
#6504 = DEFINITIONAL_REPRESENTATION('',(#6505),#6509);
#6505 = LINE('',#6506,#6507);
#6506 = CARTESIAN_POINT('',(0.,-5.));
#6507 = VECTOR('',#6508,1.);
#6508 = DIRECTION('',(1.,0.));
#6509 = ( GEOMETRIC_REPRESENTATION_CONTEXT(2) 
PARAMETRIC_REPRESENTATION_CONTEXT() REPRESENTATION_CONTEXT('2D SPACE',''
  ) );
#6510 = PCURVE('',#6167,#6511);
#6511 = DEFINITIONAL_REPRESENTATION('',(#6512),#6516);
#6512 = LINE('',#6513,#6514);
#6513 = CARTESIAN_POINT('',(0.,0.));
#6514 = VECTOR('',#6515,1.);
#6515 = DIRECTION('',(1.,0.));
#6516 = ( GEOMETRIC_REPRESENTATION_CONTEXT(2) 
PARAMETRIC_REPRESENTATION_CONTEXT() REPRESENTATION_CONTEXT('2D SPACE',''
  ) );
#6517 = ORIENTED_EDGE('',*,*,#6518,.F.);
#6518 = EDGE_CURVE('',#6472,#6496,#6519,.T.);
#6519 = SURFACE_CURVE('',#6520,(#6524,#6531),.PCURVE_S1.);
#6520 = LINE('',#6521,#6522);
#6521 = CARTESIAN_POINT('',(145.375,-37.,14.5));
#6522 = VECTOR('',#6523,1.);
#6523 = DIRECTION('',(-0.,1.,0.));
#6524 = PCURVE('',#6140,#6525);
#6525 = DEFINITIONAL_REPRESENTATION('',(#6526),#6530);
#6526 = LINE('',#6527,#6528);
#6527 = CARTESIAN_POINT('',(3.5,0.));
#6528 = VECTOR('',#6529,1.);
#6529 = DIRECTION('',(0.,-1.));
#6530 = ( GEOMETRIC_REPRESENTATION_CONTEXT(2) 
PARAMETRIC_REPRESENTATION_CONTEXT() REPRESENTATION_CONTEXT('2D SPACE',''
  ) );
#6531 = PCURVE('',#6532,#6537);
#6532 = PLANE('',#6533);
#6533 = AXIS2_PLACEMENT_3D('',#6534,#6535,#6536);
#6534 = CARTESIAN_POINT('',(145.375,-37.,14.5));
#6535 = DIRECTION('',(0.,0.,1.));
#6536 = DIRECTION('',(1.,0.,-0.));
#6537 = DEFINITIONAL_REPRESENTATION('',(#6538),#6542);
#6538 = LINE('',#6539,#6540);
#6539 = CARTESIAN_POINT('',(0.,0.));
#6540 = VECTOR('',#6541,1.);
#6541 = DIRECTION('',(0.,1.));
#6542 = ( GEOMETRIC_REPRESENTATION_CONTEXT(2) 
PARAMETRIC_REPRESENTATION_CONTEXT() REPRESENTATION_CONTEXT('2D SPACE',''
  ) );
#6543 = FACE_BOUND('',#6544,.F.);
#6544 = EDGE_LOOP('',(#6545));
#6545 = ORIENTED_EDGE('',*,*,#6546,.F.);
#6546 = EDGE_CURVE('',#6547,#6547,#6549,.T.);
#6547 = VERTEX_POINT('',#6548);
#6548 = CARTESIAN_POINT('',(145.375,-34.5,12.));
#6549 = SURFACE_CURVE('',#6550,(#6555,#6562),.PCURVE_S1.);
#6550 = CIRCLE('',#6551,1.);
#6551 = AXIS2_PLACEMENT_3D('',#6552,#6553,#6554);
#6552 = CARTESIAN_POINT('',(145.375,-34.5,13.));
#6553 = DIRECTION('',(1.,0.,2.22044604925E-16));
#6554 = DIRECTION('',(2.22044604925E-16,0.,-1.));
#6555 = PCURVE('',#6140,#6556);
#6556 = DEFINITIONAL_REPRESENTATION('',(#6557),#6561);
#6557 = CIRCLE('',#6558,1.);
#6558 = AXIS2_PLACEMENT_2D('',#6559,#6560);
#6559 = CARTESIAN_POINT('',(2.,-2.5));
#6560 = DIRECTION('',(-1.,0.));
#6561 = ( GEOMETRIC_REPRESENTATION_CONTEXT(2) 
PARAMETRIC_REPRESENTATION_CONTEXT() REPRESENTATION_CONTEXT('2D SPACE',''
  ) );
#6562 = PCURVE('',#6563,#6568);
#6563 = CYLINDRICAL_SURFACE('',#6564,1.);
#6564 = AXIS2_PLACEMENT_3D('',#6565,#6566,#6567);
#6565 = CARTESIAN_POINT('',(141.375,-34.5,13.));
#6566 = DIRECTION('',(1.,0.,2.22044604925E-16));
#6567 = DIRECTION('',(2.22044604925E-16,0.,-1.));
#6568 = DEFINITIONAL_REPRESENTATION('',(#6569),#6573);
#6569 = LINE('',#6570,#6571);
#6570 = CARTESIAN_POINT('',(0.,4.));
#6571 = VECTOR('',#6572,1.);
#6572 = DIRECTION('',(1.,0.));
#6573 = ( GEOMETRIC_REPRESENTATION_CONTEXT(2) 
PARAMETRIC_REPRESENTATION_CONTEXT() REPRESENTATION_CONTEXT('2D SPACE',''
  ) );
#6574 = ADVANCED_FACE('',(#6575),#6220,.F.);
#6575 = FACE_BOUND('',#6576,.F.);
#6576 = EDGE_LOOP('',(#6577,#6600,#6601,#6602));
#6577 = ORIENTED_EDGE('',*,*,#6578,.F.);
#6578 = EDGE_CURVE('',#6179,#6579,#6581,.T.);
#6579 = VERTEX_POINT('',#6580);
#6580 = CARTESIAN_POINT('',(153.375,-37.,14.5));
#6581 = SURFACE_CURVE('',#6582,(#6586,#6593),.PCURVE_S1.);
#6582 = LINE('',#6583,#6584);
#6583 = CARTESIAN_POINT('',(153.375,-37.,11.));
#6584 = VECTOR('',#6585,1.);
#6585 = DIRECTION('',(0.,0.,1.));
#6586 = PCURVE('',#6220,#6587);
#6587 = DEFINITIONAL_REPRESENTATION('',(#6588),#6592);
#6588 = LINE('',#6589,#6590);
#6589 = CARTESIAN_POINT('',(0.,8.));
#6590 = VECTOR('',#6591,1.);
#6591 = DIRECTION('',(1.,0.));
#6592 = ( GEOMETRIC_REPRESENTATION_CONTEXT(2) 
PARAMETRIC_REPRESENTATION_CONTEXT() REPRESENTATION_CONTEXT('2D SPACE',''
  ) );
#6593 = PCURVE('',#6195,#6594);
#6594 = DEFINITIONAL_REPRESENTATION('',(#6595),#6599);
#6595 = LINE('',#6596,#6597);
#6596 = CARTESIAN_POINT('',(0.,0.));
#6597 = VECTOR('',#6598,1.);
#6598 = DIRECTION('',(1.,0.));
#6599 = ( GEOMETRIC_REPRESENTATION_CONTEXT(2) 
PARAMETRIC_REPRESENTATION_CONTEXT() REPRESENTATION_CONTEXT('2D SPACE',''
  ) );
#6600 = ORIENTED_EDGE('',*,*,#6207,.F.);
#6601 = ORIENTED_EDGE('',*,*,#6471,.T.);
#6602 = ORIENTED_EDGE('',*,*,#6603,.T.);
#6603 = EDGE_CURVE('',#6472,#6579,#6604,.T.);
#6604 = SURFACE_CURVE('',#6605,(#6609,#6616),.PCURVE_S1.);
#6605 = LINE('',#6606,#6607);
#6606 = CARTESIAN_POINT('',(145.375,-37.,14.5));
#6607 = VECTOR('',#6608,1.);
#6608 = DIRECTION('',(1.,0.,-0.));
#6609 = PCURVE('',#6220,#6610);
#6610 = DEFINITIONAL_REPRESENTATION('',(#6611),#6615);
#6611 = LINE('',#6612,#6613);
#6612 = CARTESIAN_POINT('',(3.5,0.));
#6613 = VECTOR('',#6614,1.);
#6614 = DIRECTION('',(0.,1.));
#6615 = ( GEOMETRIC_REPRESENTATION_CONTEXT(2) 
PARAMETRIC_REPRESENTATION_CONTEXT() REPRESENTATION_CONTEXT('2D SPACE',''
  ) );
#6616 = PCURVE('',#6532,#6617);
#6617 = DEFINITIONAL_REPRESENTATION('',(#6618),#6622);
#6618 = LINE('',#6619,#6620);
#6619 = CARTESIAN_POINT('',(0.,0.));
#6620 = VECTOR('',#6621,1.);
#6621 = DIRECTION('',(1.,0.));
#6622 = ( GEOMETRIC_REPRESENTATION_CONTEXT(2) 
PARAMETRIC_REPRESENTATION_CONTEXT() REPRESENTATION_CONTEXT('2D SPACE',''
  ) );
#6623 = ADVANCED_FACE('',(#6624,#6672),#6195,.T.);
#6624 = FACE_BOUND('',#6625,.T.);
#6625 = EDGE_LOOP('',(#6626,#6627,#6628,#6651));
#6626 = ORIENTED_EDGE('',*,*,#6578,.F.);
#6627 = ORIENTED_EDGE('',*,*,#6178,.F.);
#6628 = ORIENTED_EDGE('',*,*,#6629,.T.);
#6629 = EDGE_CURVE('',#6153,#6630,#6632,.T.);
#6630 = VERTEX_POINT('',#6631);
#6631 = CARTESIAN_POINT('',(153.375,-32.,14.5));
#6632 = SURFACE_CURVE('',#6633,(#6637,#6644),.PCURVE_S1.);
#6633 = LINE('',#6634,#6635);
#6634 = CARTESIAN_POINT('',(153.375,-32.,11.));
#6635 = VECTOR('',#6636,1.);
#6636 = DIRECTION('',(0.,0.,1.));
#6637 = PCURVE('',#6195,#6638);
#6638 = DEFINITIONAL_REPRESENTATION('',(#6639),#6643);
#6639 = LINE('',#6640,#6641);
#6640 = CARTESIAN_POINT('',(0.,-5.));
#6641 = VECTOR('',#6642,1.);
#6642 = DIRECTION('',(1.,0.));
#6643 = ( GEOMETRIC_REPRESENTATION_CONTEXT(2) 
PARAMETRIC_REPRESENTATION_CONTEXT() REPRESENTATION_CONTEXT('2D SPACE',''
  ) );
#6644 = PCURVE('',#6167,#6645);
#6645 = DEFINITIONAL_REPRESENTATION('',(#6646),#6650);
#6646 = LINE('',#6647,#6648);
#6647 = CARTESIAN_POINT('',(0.,8.));
#6648 = VECTOR('',#6649,1.);
#6649 = DIRECTION('',(1.,0.));
#6650 = ( GEOMETRIC_REPRESENTATION_CONTEXT(2) 
PARAMETRIC_REPRESENTATION_CONTEXT() REPRESENTATION_CONTEXT('2D SPACE',''
  ) );
#6651 = ORIENTED_EDGE('',*,*,#6652,.F.);
#6652 = EDGE_CURVE('',#6579,#6630,#6653,.T.);
#6653 = SURFACE_CURVE('',#6654,(#6658,#6665),.PCURVE_S1.);
#6654 = LINE('',#6655,#6656);
#6655 = CARTESIAN_POINT('',(153.375,-37.,14.5));
#6656 = VECTOR('',#6657,1.);
#6657 = DIRECTION('',(-0.,1.,0.));
#6658 = PCURVE('',#6195,#6659);
#6659 = DEFINITIONAL_REPRESENTATION('',(#6660),#6664);
#6660 = LINE('',#6661,#6662);
#6661 = CARTESIAN_POINT('',(3.5,0.));
#6662 = VECTOR('',#6663,1.);
#6663 = DIRECTION('',(0.,-1.));
#6664 = ( GEOMETRIC_REPRESENTATION_CONTEXT(2) 
PARAMETRIC_REPRESENTATION_CONTEXT() REPRESENTATION_CONTEXT('2D SPACE',''
  ) );
#6665 = PCURVE('',#6532,#6666);
#6666 = DEFINITIONAL_REPRESENTATION('',(#6667),#6671);
#6667 = LINE('',#6668,#6669);
#6668 = CARTESIAN_POINT('',(8.,0.));
#6669 = VECTOR('',#6670,1.);
#6670 = DIRECTION('',(0.,1.));
#6671 = ( GEOMETRIC_REPRESENTATION_CONTEXT(2) 
PARAMETRIC_REPRESENTATION_CONTEXT() REPRESENTATION_CONTEXT('2D SPACE',''
  ) );
#6672 = FACE_BOUND('',#6673,.T.);
#6673 = EDGE_LOOP('',(#6674));
#6674 = ORIENTED_EDGE('',*,*,#6675,.F.);
#6675 = EDGE_CURVE('',#6676,#6676,#6678,.T.);
#6676 = VERTEX_POINT('',#6677);
#6677 = CARTESIAN_POINT('',(153.375,-34.5,12.));
#6678 = SURFACE_CURVE('',#6679,(#6684,#6691),.PCURVE_S1.);
#6679 = CIRCLE('',#6680,1.);
#6680 = AXIS2_PLACEMENT_3D('',#6681,#6682,#6683);
#6681 = CARTESIAN_POINT('',(153.375,-34.5,13.));
#6682 = DIRECTION('',(1.,0.,2.22044604925E-16));
#6683 = DIRECTION('',(2.22044604925E-16,0.,-1.));
#6684 = PCURVE('',#6195,#6685);
#6685 = DEFINITIONAL_REPRESENTATION('',(#6686),#6690);
#6686 = CIRCLE('',#6687,1.);
#6687 = AXIS2_PLACEMENT_2D('',#6688,#6689);
#6688 = CARTESIAN_POINT('',(2.,-2.5));
#6689 = DIRECTION('',(-1.,0.));
#6690 = ( GEOMETRIC_REPRESENTATION_CONTEXT(2) 
PARAMETRIC_REPRESENTATION_CONTEXT() REPRESENTATION_CONTEXT('2D SPACE',''
  ) );
#6691 = PCURVE('',#6563,#6692);
#6692 = DEFINITIONAL_REPRESENTATION('',(#6693),#6697);
#6693 = LINE('',#6694,#6695);
#6694 = CARTESIAN_POINT('',(0.,12.));
#6695 = VECTOR('',#6696,1.);
#6696 = DIRECTION('',(1.,0.));
#6697 = ( GEOMETRIC_REPRESENTATION_CONTEXT(2) 
PARAMETRIC_REPRESENTATION_CONTEXT() REPRESENTATION_CONTEXT('2D SPACE',''
  ) );
#6698 = ADVANCED_FACE('',(#6699),#6167,.T.);
#6699 = FACE_BOUND('',#6700,.T.);
#6700 = EDGE_LOOP('',(#6701,#6702,#6703,#6704));
#6701 = ORIENTED_EDGE('',*,*,#6629,.F.);
#6702 = ORIENTED_EDGE('',*,*,#6152,.F.);
#6703 = ORIENTED_EDGE('',*,*,#6495,.T.);
#6704 = ORIENTED_EDGE('',*,*,#6705,.T.);
#6705 = EDGE_CURVE('',#6496,#6630,#6706,.T.);
#6706 = SURFACE_CURVE('',#6707,(#6711,#6718),.PCURVE_S1.);
#6707 = LINE('',#6708,#6709);
#6708 = CARTESIAN_POINT('',(145.375,-32.,14.5));
#6709 = VECTOR('',#6710,1.);
#6710 = DIRECTION('',(1.,0.,-0.));
#6711 = PCURVE('',#6167,#6712);
#6712 = DEFINITIONAL_REPRESENTATION('',(#6713),#6717);
#6713 = LINE('',#6714,#6715);
#6714 = CARTESIAN_POINT('',(3.5,0.));
#6715 = VECTOR('',#6716,1.);
#6716 = DIRECTION('',(0.,1.));
#6717 = ( GEOMETRIC_REPRESENTATION_CONTEXT(2) 
PARAMETRIC_REPRESENTATION_CONTEXT() REPRESENTATION_CONTEXT('2D SPACE',''
  ) );
#6718 = PCURVE('',#6532,#6719);
#6719 = DEFINITIONAL_REPRESENTATION('',(#6720),#6724);
#6720 = LINE('',#6721,#6722);
#6721 = CARTESIAN_POINT('',(0.,5.));
#6722 = VECTOR('',#6723,1.);
#6723 = DIRECTION('',(1.,0.));
#6724 = ( GEOMETRIC_REPRESENTATION_CONTEXT(2) 
PARAMETRIC_REPRESENTATION_CONTEXT() REPRESENTATION_CONTEXT('2D SPACE',''
  ) );
#6725 = ADVANCED_FACE('',(#6726),#6532,.T.);
#6726 = FACE_BOUND('',#6727,.T.);
#6727 = EDGE_LOOP('',(#6728,#6729,#6730,#6731));
#6728 = ORIENTED_EDGE('',*,*,#6518,.F.);
#6729 = ORIENTED_EDGE('',*,*,#6603,.T.);
#6730 = ORIENTED_EDGE('',*,*,#6652,.T.);
#6731 = ORIENTED_EDGE('',*,*,#6705,.F.);
#6732 = ADVANCED_FACE('',(#6733),#6563,.F.);
#6733 = FACE_BOUND('',#6734,.F.);
#6734 = EDGE_LOOP('',(#6735,#6736,#6757,#6758));
#6735 = ORIENTED_EDGE('',*,*,#6675,.F.);
#6736 = ORIENTED_EDGE('',*,*,#6737,.F.);
#6737 = EDGE_CURVE('',#6547,#6676,#6738,.T.);
#6738 = SEAM_CURVE('',#6739,(#6743,#6750),.PCURVE_S1.);
#6739 = LINE('',#6740,#6741);
#6740 = CARTESIAN_POINT('',(141.375,-34.5,12.));
#6741 = VECTOR('',#6742,1.);
#6742 = DIRECTION('',(1.,0.,2.22044604925E-16));
#6743 = PCURVE('',#6563,#6744);
#6744 = DEFINITIONAL_REPRESENTATION('',(#6745),#6749);
#6745 = LINE('',#6746,#6747);
#6746 = CARTESIAN_POINT('',(6.28318530718,-0.));
#6747 = VECTOR('',#6748,1.);
#6748 = DIRECTION('',(0.,1.));
#6749 = ( GEOMETRIC_REPRESENTATION_CONTEXT(2) 
PARAMETRIC_REPRESENTATION_CONTEXT() REPRESENTATION_CONTEXT('2D SPACE',''
  ) );
#6750 = PCURVE('',#6563,#6751);
#6751 = DEFINITIONAL_REPRESENTATION('',(#6752),#6756);
#6752 = LINE('',#6753,#6754);
#6753 = CARTESIAN_POINT('',(0.,-0.));
#6754 = VECTOR('',#6755,1.);
#6755 = DIRECTION('',(0.,1.));
#6756 = ( GEOMETRIC_REPRESENTATION_CONTEXT(2) 
PARAMETRIC_REPRESENTATION_CONTEXT() REPRESENTATION_CONTEXT('2D SPACE',''
  ) );
#6757 = ORIENTED_EDGE('',*,*,#6546,.T.);
#6758 = ORIENTED_EDGE('',*,*,#6737,.T.);
#6759 = ( GEOMETRIC_REPRESENTATION_CONTEXT(3) 
GLOBAL_UNCERTAINTY_ASSIGNED_CONTEXT((#6763)) 
GLOBAL_UNIT_ASSIGNED_CONTEXT((#6760,#6761,#6762)) REPRESENTATION_CONTEXT
('Context #1','3D Context with UNIT and UNCERTAINTY') );
#6760 = ( LENGTH_UNIT() NAMED_UNIT(*) SI_UNIT(.MILLI.,.METRE.) );
#6761 = ( NAMED_UNIT(*) PLANE_ANGLE_UNIT() SI_UNIT($,.RADIAN.) );
#6762 = ( NAMED_UNIT(*) SI_UNIT($,.STERADIAN.) SOLID_ANGLE_UNIT() );
#6763 = UNCERTAINTY_MEASURE_WITH_UNIT(LENGTH_MEASURE(1.E-07),#6760,
  'distance_accuracy_value','confusion accuracy');
#6764 = PRODUCT_RELATED_PRODUCT_CATEGORY('part',$,(#7));
ENDSEC;
END-ISO-10303-21;
